run_id,dataset,series_id,model,family,context_length,horizon,window_index,mae,rmse,mase,smape,latency_ms,peak_mem_mb,train_seconds,params,zero_shot,git_sha,config_hash,measured,timestamp
20260920T143808Z-gpu_h96,electricity_hourly,T1,lstm,deep,168,96,0,18.434100163863135,28.523580508036066,3.8194394584119298,83.71021302380205,328.42609299996184,16.14599609375,0.29416567899988877,4513,false,dcb2c10e4ac97b1d1289825869826fdec84593f7,41e5a8930cdcae89,true,2026-09-20T14:38:22+00:00
20260920T143808Z-gpu_h96,electricity_hourly,T1,lstm,deep,168,96,1,3.0637754209599777,4.091592659650263,0.39042801824622725,44.38127540243962,328.8548769996851,16.10986328125,0.2963496799998211,4513,false,dcb2c10e4ac97b1d1289825869826fdec84593f7,41e5a8930cdcae89,true,2026-09-20T14:38:22+00:00
20260920T143808Z-gpu_h96,electricity_hourly,T1,lstm,deep,168,96,2,3.9512086839555507,8.097264662700887,0.3327333628594148,41.77342361209666,342.5592379999216,16.10986328125,0.31116081599975587,4513,false,dcb2c10e4ac97b1d1289825869826fdec84593f7,41e5a8930cdcae89,true,2026-09-20T14:38:22+00:00
20260920T143808Z-gpu_h96,electricity_hourly,T1,lstm,deep,168,96,3,5.582914055045491,6.717791077251774,1.6175847563914503,86.36853524917632,326.8856770000639,16.10986328125,0.29481056099984926,4513,false,dcb2c10e4ac97b1d1289825869826fdec84593f7,41e5a8930cdcae89,true,2026-09-20T14:38:22+00:00
20260920T143808Z-gpu_h96,electricity_hourly,T1,lstm,deep,168,96,4,7.011896612584697,11.06696121053347,0.3992538996489507,71.92157639385542,319.22008600031404,16.10986328125,0.28803554000023723,4513,false,dcb2c10e4ac97b1d1289825869826fdec84593f7,41e5a8930cdcae89,true,2026-09-20T14:38:22+00:00
20260920T143808Z-gpu_h96,electricity_hourly,T1,lstm,deep,168,96,5,4.890230725206194,8.388030897862325,1.5079084034897043,56.89064272672939,315.6814610001675,16.10986328125,0.28409907800005385,4513,false,dcb2c10e4ac97b1d1289825869826fdec84593f7,41e5a8930cdcae89,true,2026-09-20T14:38:22+00:00
20260920T143808Z-gpu_h96,electricity_hourly,T1,lstm,deep,168,96,6,38.629537927966346,44.70932377538656,2.62018533284369,101.88868024139038,318.69035999989137,16.10986328125,0.28655963799974415,4513,false,dcb2c10e4ac97b1d1289825869826fdec84593f7,41e5a8930cdcae89,true,2026-09-20T14:38:22+00:00
20260920T143808Z-gpu_h96,electricity_hourly,T1,lstm,deep,168,96,7,6.624668420850621,10.02165715388677,0.4601795719259476,9.939159694377848,337.4764029999824,16.10986328125,0.3023146609998548,4513,false,dcb2c10e4ac97b1d1289825869826fdec84593f7,41e5a8930cdcae89,true,2026-09-20T14:38:22+00:00
20260920T143808Z-gpu_h96,electricity_hourly,T1,lstm,deep,168,96,8,6.94656376715889,8.601947340391376,1.0698451149421178,10.012311132435785,322.9306869998254,16.10986328125,0.2901764829998683,4513,false,dcb2c10e4ac97b1d1289825869826fdec84593f7,41e5a8930cdcae89,true,2026-09-20T14:38:22+00:00
20260920T143808Z-gpu_h96,electricity_hourly,T1,lstm,deep,168,96,9,14.03278522816612,21.759393702323226,3.016001601277494,26.627095470110657,333.680435000133,16.10986328125,0.3020319450001807,4513,false,dcb2c10e4ac97b1d1289825869826fdec84593f7,41e5a8930cdcae89,true,2026-09-20T14:38:22+00:00
20260920T143808Z-gpu_h96,electricity_hourly,T1,lstm,deep,168,96,10,8.872594546527464,15.299195938519082,0.7153715647816097,15.754454366512178,330.5464209997808,16.10986328125,0.29845887400006177,4513,false,dcb2c10e4ac97b1d1289825869826fdec84593f7,41e5a8930cdcae89,true,2026-09-20T14:38:22+00:00
20260920T143808Z-gpu_h96,electricity_hourly,T1,lstm,deep,168,96,11,3.7232321596047826,6.107946148743893,0.24902249465076112,40.02713892412322,341.0271059997285,16.10986328125,0.30865827500019805,4513,false,dcb2c10e4ac97b1d1289825869826fdec84593f7,41e5a8930cdcae89,true,2026-09-20T14:38:22+00:00
20260920T143808Z-gpu_h96,electricity_hourly,T1,lstm,deep,168,96,12,2.7520739745650373,3.3387453273123042,1.3079163443477406,41.82699034418382,345.46748499997193,16.10986328125,0.31151482799987207,4513,false,dcb2c10e4ac97b1d1289825869826fdec84593f7,41e5a8930cdcae89,true,2026-09-20T14:38:22+00:00
20260920T143808Z-gpu_h96,electricity_hourly,T1,lstm,deep,168,96,13,3.424824591205313,5.0135314477613235,0.9393804593020286,37.6143952810249,345.92054900031144,16.10986328125,0.30885190600019996,4513,false,dcb2c10e4ac97b1d1289825869826fdec84593f7,41e5a8930cdcae89,true,2026-09-20T14:38:22+00:00
20260920T143808Z-gpu_h96,electricity_hourly,T1,lstm,deep,168,96,14,2.5132778419659734,3.435541084830791,0.8096465531165552,31.887889204409127,341.4669829999184,16.10986328125,0.3095892219998859,4513,false,dcb2c10e4ac97b1d1289825869826fdec84593f7,41e5a8930cdcae89,true,2026-09-20T14:38:22+00:00
20260920T143808Z-gpu_h96,electricity_hourly,T1,lstm,deep,168,96,15,1.3224916799291166,2.0274627950260964,0.6612458399645583,17.87400806731876,365.76169699992533,16.10986328125,0.330608581999968,4513,false,dcb2c10e4ac97b1d1289825869826fdec84593f7,41e5a8930cdcae89,true,2026-09-20T14:38:22+00:00
20260920T143808Z-gpu_h96,electricity_hourly,T1,lstm,deep,168,96,16,3.562018660805254,12.403651654750245,2.2696048104245867,25.911841489591197,362.3901470000419,16.10986328125,0.3296057360003033,4513,false,dcb2c10e4ac97b1d1289825869826fdec84593f7,41e5a8930cdcae89,true,2026-09-20T14:38:22+00:00
20260920T143808Z-gpu_h96,electricity_hourly,T1,lstm,deep,168,96,17,1.7363111831940985,2.3480960947508325,0.759965988996809,18.724083163159037,335.9874180000588,16.10986328125,0.3043278689997351,4513,false,dcb2c10e4ac97b1d1289825869826fdec84593f7,41e5a8930cdcae89,true,2026-09-20T14:38:22+00:00
20260920T143808Z-gpu_h96,electricity_hourly,T1,lstm,deep,168,96,18,2.473596710840917,3.801259612065043,1.3390899487259098,22.699719381168823,337.0337129999825,16.10986328125,0.30507152100017265,4513,false,dcb2c10e4ac97b1d1289825869826fdec84593f7,41e5a8930cdcae89,true,2026-09-20T14:38:22+00:00
20260920T143808Z-gpu_h96,electricity_hourly,T1,lstm,deep,168,96,19,3.278935694554074,3.736965452426387,1.4755210625493331,36.37838647469261,368.23024300019824,16.10986328125,0.33333634200016604,4513,false,dcb2c10e4ac97b1d1289825869826fdec84593f7,41e5a8930cdcae89,true,2026-09-20T14:38:22+00:00
20260920T143808Z-gpu_h96,electricity_hourly,T1,lstm,deep,168,96,20,5.216872024408527,6.560097744868168,2.673414845248498,54.38669979830845,348.1190250004147,16.10986328125,0.31268054700012726,4513,false,dcb2c10e4ac97b1d1289825869826fdec84593f7,41e5a8930cdcae89,true,2026-09-20T14:38:22+00:00
20260920T143808Z-gpu_h96,electricity_hourly,T1,transformer,deep,168,96,0,18.157750309972105,27.81370138924041,3.7621813591884647,88.22825739330288,525.2037159998508,10.4384765625,0.5222263329997077,19232,false,dcb2c10e4ac97b1d1289825869826fdec84593f7,41e5a8930cdcae89,true,2026-09-20T14:38:36+00:00
20260920T143808Z-gpu_h96,electricity_hourly,T1,transformer,deep,168,96,1,3.3851826764165587,4.093585144196499,0.4313861109769774,52.794746947824414,535.3846120001435,10.279296875,0.532444594000026,19232,false,dcb2c10e4ac97b1d1289825869826fdec84593f7,41e5a8930cdcae89,true,2026-09-20T14:38:36+00:00
20260920T143808Z-gpu_h96,electricity_hourly,T1,transformer,deep,168,96,2,20.171485617562745,29.232165478817333,1.6986514204263363,95.69541352967191,528.6633230002735,10.279296875,0.5258665420001307,19232,false,dcb2c10e4ac97b1d1289825869826fdec84593f7,41e5a8930cdcae89,true,2026-09-20T14:38:36+00:00
20260920T143808Z-gpu_h96,electricity_hourly,T1,transformer,deep,168,96,3,4.888388695908216,7.484838229077225,1.4163540688345737,53.97022306950552,527.4953269999969,10.279296875,0.5246950110004036,19232,false,dcb2c10e4ac97b1d1289825869826fdec84593f7,41e5a8930cdcae89,true,2026-09-20T14:38:36+00:00
20260920T143808Z-gpu_h96,electricity_hourly,T1,transformer,deep,168,96,4,5.836088542838854,11.31534814628269,0.3323039739694721,63.57362370611755,531.3328349998301,10.279296875,0.5282345240002542,19232,false,dcb2c10e4ac97b1d1289825869826fdec84593f7,41e5a8930cdcae89,true,2026-09-20T14:38:36+00:00
20260920T143808Z-gpu_h96,electricity_hourly,T1,transformer,deep,168,96,5,4.999610500255394,9.059404021613833,1.5416357859459888,54.22498113891535,531.8053070000133,10.279296875,0.5290671220000149,19232,false,dcb2c10e4ac97b1d1289825869826fdec84593f7,41e5a8930cdcae89,true,2026-09-20T14:38:36+00:00
20260920T143808Z-gpu_h96,electricity_hourly,T1,transformer,deep,168,96,6,39.56266829389515,46.286281761466334,2.6834782074050407,109.64352483068842,516.5131710000423,10.279296875,0.5137604410001586,19232,false,dcb2c10e4ac97b1d1289825869826fdec84593f7,41e5a8930cdcae89,true,2026-09-20T14:38:36+00:00
20260920T143808Z-gpu_h96,electricity_hourly,T1,transformer,deep,168,96,7,6.255826713282833,8.838860639976428,0.434558150850327,9.163943903043519,519.0706099997442,10.279296875,0.5163404380000429,19232,false,dcb2c10e4ac97b1d1289825869826fdec84593f7,41e5a8930cdcae89,true,2026-09-20T14:38:36+00:00
20260920T143808Z-gpu_h96,electricity_hourly,T1,transformer,deep,168,96,8,7.744677215836471,10.89463394472772,1.1927631220111785,11.570610795437426,526.7915930003255,10.279296875,0.5239838800002872,19232,false,dcb2c10e4ac97b1d1289825869826fdec84593f7,41e5a8930cdcae89,true,2026-09-20T14:38:36+00:00
20260920T143808Z-gpu_h96,electricity_hourly,T1,transformer,deep,168,96,9,13.831724719494483,21.430675775315564,2.972788596428665,26.50691873916191,514.8798279997209,10.279296875,0.5121319899999435,19232,false,dcb2c10e4ac97b1d1289825869826fdec84593f7,41e5a8930cdcae89,true,2026-09-20T14:38:36+00:00
20260920T143808Z-gpu_h96,electricity_hourly,T1,transformer,deep,168,96,10,14.644324357320846,19.63571898160805,1.1807293994704378,24.53546096720214,523.5609649998878,10.279296875,0.520799655999781,19232,false,dcb2c10e4ac97b1d1289825869826fdec84593f7,41e5a8930cdcae89,true,2026-09-20T14:38:36+00:00
20260920T143808Z-gpu_h96,electricity_hourly,T1,transformer,deep,168,96,11,2.9161413865419186,5.633698870959347,0.19504150471994253,33.381683206248994,514.1013269999348,10.279296875,0.5112180229998557,19232,false,dcb2c10e4ac97b1d1289825869826fdec84593f7,41e5a8930cdcae89,true,2026-09-20T14:38:36+00:00
20260920T143808Z-gpu_h96,electricity_hourly,T1,transformer,deep,168,96,12,4.079842965237899,4.654921622125342,1.9389352706081104,60.68008983650343,529.7434539997994,10.279296875,0.5269704860002093,19232,false,dcb2c10e4ac97b1d1289825869826fdec84593f7,41e5a8930cdcae89,true,2026-09-20T14:38:36+00:00
20260920T143808Z-gpu_h96,electricity_hourly,T1,transformer,deep,168,96,13,2.8206098773148676,4.432327110027804,0.7736529949206493,36.27846623396422,528.3299920001809,10.279296875,0.5255386280000494,19232,false,dcb2c10e4ac97b1d1289825869826fdec84593f7,41e5a8930cdcae89,true,2026-09-20T14:38:36+00:00
20260920T143808Z-gpu_h96,electricity_hourly,T1,transformer,deep,168,96,14,2.459360731761509,3.4569450553317718,0.792277282715117,31.602240113031538,518.1064700000206,10.279296875,0.5153218089999427,19232,false,dcb2c10e4ac97b1d1289825869826fdec84593f7,41e5a8930cdcae89,true,2026-09-20T14:38:36+00:00
20260920T143808Z-gpu_h96,electricity_hourly,T1,transformer,deep,168,96,15,1.6873072610561672,2.365954334304593,0.8436536305280836,24.99155978708519,567.6242829999865,10.279296875,0.5646505380000235,19232,false,dcb2c10e4ac97b1d1289825869826fdec84593f7,41e5a8930cdcae89,true,2026-09-20T14:38:36+00:00
20260920T143808Z-gpu_h96,electricity_hourly,T1,transformer,deep,168,96,16,3.494016501205447,12.751422349674204,2.2262760007680726,25.731291498959347,544.4848999995884,10.279296875,0.5417917029999444,19232,false,dcb2c10e4ac97b1d1289825869826fdec84593f7,41e5a8930cdcae89,true,2026-09-20T14:38:36+00:00
20260920T143808Z-gpu_h96,electricity_hourly,T1,transformer,deep,168,96,17,2.7765950376622697,3.549200094226729,1.2152877976394127,29.491539929464388,535.1605760001803,10.279296875,0.5324939460001588,19232,false,dcb2c10e4ac97b1d1289825869826fdec84593f7,41e5a8930cdcae89,true,2026-09-20T14:38:36+00:00
20260920T143808Z-gpu_h96,electricity_hourly,T1,transformer,deep,168,96,18,2.5489983021649993,3.9111584619080357,1.379908855307368,23.35003236598775,581.5074150000328,10.279296875,0.5783006980000209,19232,false,dcb2c10e4ac97b1d1289825869826fdec84593f7,41e5a8930cdcae89,true,2026-09-20T14:38:36+00:00
20260920T143808Z-gpu_h96,electricity_hourly,T1,transformer,deep,168,96,19,3.3228056856813772,4.392997366461074,1.4952625585566197,37.84862128352389,564.824986000076,10.279296875,0.561940813000092,19232,false,dcb2c10e4ac97b1d1289825869826fdec84593f7,41e5a8930cdcae89,true,2026-09-20T14:38:36+00:00
20260920T143808Z-gpu_h96,electricity_hourly,T1,transformer,deep,168,96,20,4.303464317267788,5.677339551884384,2.2053340273543114,49.51885844444104,550.5254309996417,10.279296875,0.547659183000178,19232,false,dcb2c10e4ac97b1d1289825869826fdec84593f7,41e5a8930cdcae89,true,2026-09-20T14:38:36+00:00
20260920T143808Z-gpu_h96,electricity_hourly,T1,timesfm25,tsfm,168,96,0,17.21399211138487,28.026360225719408,3.5666400921430514,72.50531920380318,110.48038799981441,11.94287109375,,231289280,true,dcb2c10e4ac97b1d1289825869826fdec84593f7,41e5a8930cdcae89,true,2026-09-20T14:38:44+00:00
20260920T143808Z-gpu_h96,electricity_hourly,T1,timesfm25,tsfm,168,96,1,1.9287258113423984,2.8714739484253413,0.2457845281710667,33.20508139459143,113.3797960001175,11.94287109375,,231289280,true,dcb2c10e4ac97b1d1289825869826fdec84593f7,41e5a8930cdcae89,true,2026-09-20T14:38:44+00:00
20260920T143808Z-gpu_h96,electricity_hourly,T1,timesfm25,tsfm,168,96,2,3.812948487699032,7.855577327183619,0.321090398964129,39.04242227259374,113.56239499991716,11.94287109375,,231289280,true,dcb2c10e4ac97b1d1289825869826fdec84593f7,41e5a8930cdcae89,true,2026-09-20T14:38:44+00:00
20260920T143808Z-gpu_h96,electricity_hourly,T1,timesfm25,tsfm,168,96,3,2.303816631436348,4.0652520631696625,0.6675042151445354,23.364172988703935,110.1385219999429,11.94287109375,,231289280,true,dcb2c10e4ac97b1d1289825869826fdec84593f7,41e5a8930cdcae89,true,2026-09-20T14:38:44+00:00
20260920T143808Z-gpu_h96,electricity_hourly,T1,timesfm25,tsfm,168,96,4,5.333231593171756,11.147266893195257,0.30367154978913913,59.61902825463519,105.62345199969059,11.94287109375,,231289280,true,dcb2c10e4ac97b1d1289825869826fdec84593f7,41e5a8930cdcae89,true,2026-09-20T14:38:44+00:00
20260920T143808Z-gpu_h96,electricity_hourly,T1,timesfm25,tsfm,168,96,5,2.811823492248853,6.966342042780198,0.8670290854043573,32.713122799203106,108.7196519997633,11.94287109375,,231289280,true,dcb2c10e4ac97b1d1289825869826fdec84593f7,41e5a8930cdcae89,true,2026-09-20T14:38:44+00:00
20260920T143808Z-gpu_h96,electricity_hourly,T1,timesfm25,tsfm,168,96,6,32.82605135937532,39.92939230710311,2.2265432857984204,81.44612509927121,115.76115500020023,11.94287109375,,231289280,true,dcb2c10e4ac97b1d1289825869826fdec84593f7,41e5a8930cdcae89,true,2026-09-20T14:38:44+00:00
20260920T143808Z-gpu_h96,electricity_hourly,T1,timesfm25,tsfm,168,96,7,27.254801988601685,28.573665244646943,1.893242395734994,50.85207983536414,118.63443799984452,11.94287109375,,231289280,true,dcb2c10e4ac97b1d1289825869826fdec84593f7,41e5a8930cdcae89,true,2026-09-20T14:38:44+00:00
20260920T143808Z-gpu_h96,electricity_hourly,T1,timesfm25,tsfm,168,96,8,5.371111194292705,8.597697146259176,0.8272085689605877,7.815730790452813,111.49309199981872,11.94287109375,,231289280,true,dcb2c10e4ac97b1d1289825869826fdec84593f7,41e5a8930cdcae89,true,2026-09-20T14:38:44+00:00
20260920T143808Z-gpu_h96,electricity_hourly,T1,timesfm25,tsfm,168,96,9,11.431784987449646,20.3341141484924,2.4569806540190284,23.056553447753387,112.4439780001012,11.94287109375,,231289280,true,dcb2c10e4ac97b1d1289825869826fdec84593f7,41e5a8930cdcae89,true,2026-09-20T14:38:44+00:00
20260920T143808Z-gpu_h96,electricity_hourly,T1,timesfm25,tsfm,168,96,10,9.044512748718262,14.865961459177724,0.729232830803712,16.06335421155802,112.4602920003781,11.94287109375,,231289280,true,dcb2c10e4ac97b1d1289825869826fdec84593f7,41e5a8930cdcae89,true,2026-09-20T14:38:44+00:00
20260920T143808Z-gpu_h96,electricity_hourly,T1,timesfm25,tsfm,168,96,11,3.0006460547447205,5.678943924237564,0.20069346580735706,35.88686777986591,115.38569799995457,11.94287109375,,231289280,true,dcb2c10e4ac97b1d1289825869826fdec84593f7,41e5a8930cdcae89,true,2026-09-20T14:38:44+00:00
20260920T143808Z-gpu_h96,electricity_hourly,T1,timesfm25,tsfm,168,96,12,1.5983239437143009,2.1541105883462968,0.7595994980028361,26.74732477991684,110.7698559999335,11.94287109375,,231289280,true,dcb2c10e4ac97b1d1289825869826fdec84593f7,41e5a8930cdcae89,true,2026-09-20T14:38:44+00:00
20260920T143808Z-gpu_h96,electricity_hourly,T1,timesfm25,tsfm,168,96,13,2.2637846370538077,4.009795811403519,0.6209237861633301,28.354568954298564,121.68887699999686,11.94287109375,,231289280,true,dcb2c10e4ac97b1d1289825869826fdec84593f7,41e5a8930cdcae89,true,2026-09-20T14:38:44+00:00
20260920T143808Z-gpu_h96,electricity_hourly,T1,timesfm25,tsfm,168,96,14,1.9392668555180232,3.094047498208284,0.6247302621803028,24.78441996320212,143.79663500039896,11.94287109375,,231289280,true,dcb2c10e4ac97b1d1289825869826fdec84593f7,41e5a8930cdcae89,true,2026-09-20T14:38:44+00:00
20260920T143808Z-gpu_h96,electricity_hourly,T1,timesfm25,tsfm,168,96,15,1.08726916462183,1.9348992251732882,0.543634582310915,16.469422566977496,115.39025499996569,11.94287109375,,231289280,true,dcb2c10e4ac97b1d1289825869826fdec84593f7,41e5a8930cdcae89,true,2026-09-20T14:38:44+00:00
20260920T143808Z-gpu_h96,electricity_hourly,T1,timesfm25,tsfm,168,96,16,3.1930140455563865,12.417620860832082,2.0344868254872552,21.97064442757688,107.86219100009475,11.94287109375,,231289280,true,dcb2c10e4ac97b1d1289825869826fdec84593f7,41e5a8930cdcae89,true,2026-09-20T14:38:44+00:00
20260920T143808Z-gpu_h96,electricity_hourly,T1,timesfm25,tsfm,168,96,17,1.4697092672189076,2.25636871744071,0.6432770044970294,15.801874697455274,113.69990499997584,11.94287109375,,231289280,true,dcb2c10e4ac97b1d1289825869826fdec84593f7,41e5a8930cdcae89,true,2026-09-20T14:38:44+00:00
20260920T143808Z-gpu_h96,electricity_hourly,T1,timesfm25,tsfm,168,96,18,2.079065511624018,3.5150618989879967,1.1255091491498443,19.659429710973587,110.57109400007903,11.94287109375,,231289280,true,dcb2c10e4ac97b1d1289825869826fdec84593f7,41e5a8930cdcae89,true,2026-09-20T14:38:44+00:00
20260920T143808Z-gpu_h96,electricity_hourly,T1,timesfm25,tsfm,168,96,19,2.131209559738636,3.445139540822212,0.9590443018823862,23.84701676597928,113.04869600007805,11.94287109375,,231289280,true,dcb2c10e4ac97b1d1289825869826fdec84593f7,41e5a8930cdcae89,true,2026-09-20T14:38:44+00:00
20260920T143808Z-gpu_h96,electricity_hourly,T1,timesfm25,tsfm,168,96,20,4.239621107776959,5.473326254172415,2.172617222490684,49.148187120609045,111.64042300015353,11.94287109375,,231289280,true,dcb2c10e4ac97b1d1289825869826fdec84593f7,41e5a8930cdcae89,true,2026-09-20T14:38:44+00:00
20260920T143808Z-gpu_h96,electricity_hourly,T1,chronos_bolt,tsfm,168,96,0,17.19530463218689,28.179456129062388,3.5627681540070677,73.35647581340622,73.48530299987033,12.59375,,205292928,true,dcb2c10e4ac97b1d1289825869826fdec84593f7,41e5a8930cdcae89,true,2026-09-20T14:38:54+00:00
20260920T143808Z-gpu_h96,electricity_hourly,T1,chronos_bolt,tsfm,168,96,1,1.9956732243299484,2.984852433628908,0.2543158799146129,33.45495651258079,71.62100699997609,12.59375,,205292928,true,dcb2c10e4ac97b1d1289825869826fdec84593f7,41e5a8930cdcae89,true,2026-09-20T14:38:54+00:00
20260920T143808Z-gpu_h96,electricity_hourly,T1,chronos_bolt,tsfm,168,96,2,3.454596479733785,8.224691849901864,0.2909133877670556,34.0273491789895,75.91562600009638,12.59375,,205292928,true,dcb2c10e4ac97b1d1289825869826fdec84593f7,41e5a8930cdcae89,true,2026-09-20T14:38:54+00:00
20260920T143808Z-gpu_h96,electricity_hourly,T1,chronos_bolt,tsfm,168,96,3,2.19982702533404,3.796782881384671,0.6373744298754563,24.745989341930997,72.5751219997619,12.59375,,205292928,true,dcb2c10e4ac97b1d1289825869826fdec84593f7,41e5a8930cdcae89,true,2026-09-20T14:38:54+00:00
20260920T143808Z-gpu_h96,electricity_hourly,T1,chronos_bolt,tsfm,168,96,4,4.636569966872533,10.946613049737069,0.2640039838788631,50.371898352636016,71.97659999974348,12.59375,,205292928,true,dcb2c10e4ac97b1d1289825869826fdec84593f7,41e5a8930cdcae89,true,2026-09-20T14:38:54+00:00
20260920T143808Z-gpu_h96,electricity_hourly,T1,chronos_bolt,tsfm,168,96,5,2.717298964659373,6.981902698781881,0.837882335997751,30.600078449052226,77.71045300023616,12.59375,,205292928,true,dcb2c10e4ac97b1d1289825869826fdec84593f7,41e5a8930cdcae89,true,2026-09-20T14:38:54+00:00
20260920T143808Z-gpu_h96,electricity_hourly,T1,chronos_bolt,tsfm,168,96,6,32.191079527139664,38.28177948262788,2.1834740706114517,83.01268704209261,73.6747920000198,12.59375,,205292928,true,dcb2c10e4ac97b1d1289825869826fdec84593f7,41e5a8930cdcae89,true,2026-09-20T14:38:54+00:00
20260920T143808Z-gpu_h96,electricity_hourly,T1,chronos_bolt,tsfm,168,96,7,24.982948184013367,26.910640158787036,1.7354291068489747,46.88436492857364,72.41644999976415,12.59375,,205292928,true,dcb2c10e4ac97b1d1289825869826fdec84593f7,41e5a8930cdcae89,true,2026-09-20T14:38:54+00:00
20260920T143808Z-gpu_h96,electricity_hourly,T1,chronos_bolt,tsfm,168,96,8,4.901461720466614,8.590532478002862,0.7548775270023448,7.145119950149198,75.04705700011982,12.59375,,205292928,true,dcb2c10e4ac97b1d1289825869826fdec84593f7,41e5a8930cdcae89,true,2026-09-20T14:38:54+00:00
20260920T143808Z-gpu_h96,electricity_hourly,T1,chronos_bolt,tsfm,168,96,9,11.460016449292501,20.9843085111589,2.463048311489732,22.922432099760247,76.71265099997981,12.59375,,205292928,true,dcb2c10e4ac97b1d1289825869826fdec84593f7,41e5a8930cdcae89,true,2026-09-20T14:38:54+00:00
20260920T143808Z-gpu_h96,electricity_hourly,T1,chronos_bolt,tsfm,168,96,10,8.994694908459982,15.40434004960754,0.7252161628321597,15.850624892309284,71.34040399978403,12.59375,,205292928,true,dcb2c10e4ac97b1d1289825869826fdec84593f7,41e5a8930cdcae89,true,2026-09-20T14:38:54+00:00
20260920T143808Z-gpu_h96,electricity_hourly,T1,chronos_bolt,tsfm,168,96,11,3.7191740771134696,6.115120046641321,0.2487510762212446,39.21156692614256,76.19116999967446,12.59375,,205292928,true,dcb2c10e4ac97b1d1289825869826fdec84593f7,41e5a8930cdcae89,true,2026-09-20T14:38:54+00:00
20260920T143808Z-gpu_h96,electricity_hourly,T1,chronos_bolt,tsfm,168,96,12,1.86701895793279,2.4367825649927,0.8872961384235042,30.446016287144566,70.985587999985,12.59375,,205292928,true,dcb2c10e4ac97b1d1289825869826fdec84593f7,41e5a8930cdcae89,true,2026-09-20T14:38:54+00:00
20260920T143808Z-gpu_h96,electricity_hourly,T1,chronos_bolt,tsfm,168,96,13,2.385608732700348,4.00087506098862,0.6543383952549525,29.349320563545582,72.58216199988965,12.59375,,205292928,true,dcb2c10e4ac97b1d1289825869826fdec84593f7,41e5a8930cdcae89,true,2026-09-20T14:38:54+00:00
20260920T143808Z-gpu_h96,electricity_hourly,T1,chronos_bolt,tsfm,168,96,14,2.129549279808998,3.4840195492342576,0.6860292981935028,25.517563444232323,74.07305699962308,12.59375,,205292928,true,dcb2c10e4ac97b1d1289825869826fdec84593f7,41e5a8930cdcae89,true,2026-09-20T14:38:54+00:00
20260920T143808Z-gpu_h96,electricity_hourly,T1,chronos_bolt,tsfm,168,96,15,1.0589882259567578,1.893676092895343,0.5294941129783789,15.618190562026454,72.72388199999114,12.59375,,205292928,true,dcb2c10e4ac97b1d1289825869826fdec84593f7,41e5a8930cdcae89,true,2026-09-20T14:38:54+00:00
20260920T143808Z-gpu_h96,electricity_hourly,T1,chronos_bolt,tsfm,168,96,16,3.1841630985339484,12.581800122015474,2.028847284021631,22.126364509484223,75.06101999979364,12.59375,,205292928,true,dcb2c10e4ac97b1d1289825869826fdec84593f7,41e5a8930cdcae89,true,2026-09-20T14:38:54+00:00
20260920T143808Z-gpu_h96,electricity_hourly,T1,chronos_bolt,tsfm,168,96,17,1.7303384045759838,2.3895026574695652,0.7573517637049898,18.13555358663049,78.58652599998095,12.59375,,205292928,true,dcb2c10e4ac97b1d1289825869826fdec84593f7,41e5a8930cdcae89,true,2026-09-20T14:38:54+00:00
20260920T143808Z-gpu_h96,electricity_hourly,T1,chronos_bolt,tsfm,168,96,18,1.927854652206103,3.4347948488204336,1.0436506387882662,18.218571683134186,75.77514200011137,12.59375,,205292928,true,dcb2c10e4ac97b1d1289825869826fdec84593f7,41e5a8930cdcae89,true,2026-09-20T14:38:54+00:00
20260920T143808Z-gpu_h96,electricity_hourly,T1,chronos_bolt,tsfm,168,96,19,2.2650756388902664,3.7463521651072678,1.0192840375006198,25.581128702353382,74.2556870000044,12.59375,,205292928,true,dcb2c10e4ac97b1d1289825869826fdec84593f7,41e5a8930cdcae89,true,2026-09-20T14:38:54+00:00
20260920T143808Z-gpu_h96,electricity_hourly,T1,chronos_bolt,tsfm,168,96,20,3.9188461850086846,5.072260998326559,2.008234343919041,47.333253016472824,76.45620499988581,12.59375,,205292928,true,dcb2c10e4ac97b1d1289825869826fdec84593f7,41e5a8930cdcae89,true,2026-09-20T14:38:54+00:00
20260920T143808Z-gpu_h96,electricity_hourly,T14,lstm,deep,168,96,10000,32.94332532040085,40.855112950152076,3.420215462247817,29.358719283731887,376.99620099965614,16.14599609375,0.3414147330004198,4513,false,dcb2c10e4ac97b1d1289825869826fdec84593f7,41e5a8930cdcae89,true,2026-09-20T14:39:06+00:00
20260920T143808Z-gpu_h96,electricity_hourly,T14,lstm,deep,168,96,10001,11.838700226109992,16.014297544422266,1.216825719171905,10.282270843033947,350.5457779997414,16.10986328125,0.3150998510000136,4513,false,dcb2c10e4ac97b1d1289825869826fdec84593f7,41e5a8930cdcae89,true,2026-09-20T14:39:06+00:00
20260920T143808Z-gpu_h96,electricity_hourly,T14,lstm,deep,168,96,10002,31.76293348970364,39.99015984020675,3.80521000209428,28.606907029665425,338.00474200006647,16.10986328125,0.3043047370001659,4513,false,dcb2c10e4ac97b1d1289825869826fdec84593f7,41e5a8930cdcae89,true,2026-09-20T14:39:06+00:00
20260920T143808Z-gpu_h96,electricity_hourly,T14,lstm,deep,168,96,10003,16.27803252847757,22.102367224089804,1.5451790930130325,14.029937686699265,353.13670400000774,16.10986328125,0.3169706559997394,4513,false,dcb2c10e4ac97b1d1289825869826fdec84593f7,41e5a8930cdcae89,true,2026-09-20T14:39:06+00:00
20260920T143808Z-gpu_h96,electricity_hourly,T14,lstm,deep,168,96,10004,27.284774169352087,31.326308235318695,2.6333830297497993,22.04388202255815,349.12277900002664,16.10986328125,0.31408289699993475,4513,false,dcb2c10e4ac97b1d1289825869826fdec84593f7,41e5a8930cdcae89,true,2026-09-20T14:39:06+00:00
20260920T143808Z-gpu_h96,electricity_hourly,T14,lstm,deep,168,96,10005,33.53360421327679,42.58815204586829,2.458675665331903,24.551953252367586,340.8681539999634,16.10986328125,0.30654180800001996,4513,false,dcb2c10e4ac97b1d1289825869826fdec84593f7,41e5a8930cdcae89,true,2026-09-20T14:39:06+00:00
20260920T143808Z-gpu_h96,electricity_hourly,T14,lstm,deep,168,96,10006,40.28407235561608,47.88903069766274,1.6456472111230398,31.16515521783268,348.35226599989255,16.10986328125,0.3136024680002265,4513,false,dcb2c10e4ac97b1d1289825869826fdec84593f7,41e5a8930cdcae89,true,2026-09-20T14:39:06+00:00
20260920T143808Z-gpu_h96,electricity_hourly,T14,lstm,deep,168,96,10007,33.269270230277876,38.53475581365797,2.4122733701712056,27.22333864326853,345.54247200003374,16.10986328125,0.3118094429996745,4513,false,dcb2c10e4ac97b1d1289825869826fdec84593f7,41e5a8930cdcae89,true,2026-09-20T14:39:06+00:00
20260920T143808Z-gpu_h96,electricity_hourly,T14,lstm,deep,168,96,10008,31.91337114026202,43.8481298156113,2.105142209893601,22.649803212849104,343.39174999968236,16.10986328125,0.3076334659999702,4513,false,dcb2c10e4ac97b1d1289825869826fdec84593f7,41e5a8930cdcae89,true,2026-09-20T14:39:06+00:00
20260920T143808Z-gpu_h96,electricity_hourly,T14,lstm,deep,168,96,10009,30.076481729084467,37.31259167852795,3.3809628173209703,24.228584156333653,341.90563600031965,16.10986328125,0.3100113099999362,4513,false,dcb2c10e4ac97b1d1289825869826fdec84593f7,41e5a8930cdcae89,true,2026-09-20T14:39:06+00:00
20260920T143808Z-gpu_h96,electricity_hourly,T14,lstm,deep,168,96,10010,29.686778077185725,38.26307224407945,2.781324686476737,22.798617512161755,347.8688840000359,16.10986328125,0.3154556650001723,4513,false,dcb2c10e4ac97b1d1289825869826fdec84593f7,41e5a8930cdcae89,true,2026-09-20T14:39:06+00:00
20260920T143808Z-gpu_h96,electricity_hourly,T14,lstm,deep,168,96,10011,38.509841566395,51.317047932445675,3.6244556768371763,29.005481151772887,356.1811580002541,16.10986328125,0.3227107980001165,4513,false,dcb2c10e4ac97b1d1289825869826fdec84593f7,41e5a8930cdcae89,true,2026-09-20T14:39:06+00:00
20260920T143808Z-gpu_h96,electricity_hourly,T14,lstm,deep,168,96,10012,8.66585970610276,12.039318321483266,0.8308147787475348,7.567612889073078,356.2942940002358,16.10986328125,0.3209782619996986,4513,false,dcb2c10e4ac97b1d1289825869826fdec84593f7,41e5a8930cdcae89,true,2026-09-20T14:39:06+00:00
20260920T143808Z-gpu_h96,electricity_hourly,T14,lstm,deep,168,96,10013,30.484556651712627,41.161431060830296,2.8691347436906,22.542910498966386,392.39589299995714,16.10986328125,0.3577889889998005,4513,false,dcb2c10e4ac97b1d1289825869826fdec84593f7,41e5a8930cdcae89,true,2026-09-20T14:39:06+00:00
20260920T143808Z-gpu_h96,electricity_hourly,T14,lstm,deep,168,96,10014,25.502237783407267,31.979523627118866,2.0972714110854636,18.900702459949624,361.5940340000634,16.10986328125,0.3265014539997537,4513,false,dcb2c10e4ac97b1d1289825869826fdec84593f7,41e5a8930cdcae89,true,2026-09-20T14:39:06+00:00
20260920T143808Z-gpu_h96,electricity_hourly,T14,lstm,deep,168,96,10015,29.831125876519934,39.958326973096696,2.487366604643237,22.06452436902304,357.7447520001442,16.10986328125,0.3236900940000851,4513,false,dcb2c10e4ac97b1d1289825869826fdec84593f7,41e5a8930cdcae89,true,2026-09-20T14:39:06+00:00
20260920T143808Z-gpu_h96,electricity_hourly,T14,lstm,deep,168,96,10016,28.228825781625172,36.952239336246585,2.131594605429483,20.11218366048322,374.1257729998324,16.10986328125,0.3397696380002344,4513,false,dcb2c10e4ac97b1d1289825869826fdec84593f7,41e5a8930cdcae89,true,2026-09-20T14:39:06+00:00
20260920T143808Z-gpu_h96,electricity_hourly,T14,lstm,deep,168,96,10017,49.25558254064027,61.21294715598976,2.7259046448317448,31.588446316814476,356.9351630003439,16.10986328125,0.32359724399975676,4513,false,dcb2c10e4ac97b1d1289825869826fdec84593f7,41e5a8930cdcae89,true,2026-09-20T14:39:06+00:00
20260920T143808Z-gpu_h96,electricity_hourly,T14,lstm,deep,168,96,10018,57.14988204917245,73.0996831131978,3.8618409268328637,36.7509626093528,370.2432349996343,16.10986328125,0.3343471339999269,4513,false,dcb2c10e4ac97b1d1289825869826fdec84593f7,41e5a8930cdcae89,true,2026-09-20T14:39:06+00:00
20260920T143808Z-gpu_h96,electricity_hourly,T14,lstm,deep,168,96,10019,44.20554843140102,59.859078246233715,3.2778573502171717,27.729752007016213,354.909552999743,16.10986328125,0.32082049799964807,4513,false,dcb2c10e4ac97b1d1289825869826fdec84593f7,41e5a8930cdcae89,true,2026-09-20T14:39:06+00:00
20260920T143808Z-gpu_h96,electricity_hourly,T14,lstm,deep,168,96,10020,65.43997730098982,79.29758795033723,3.3345211363561695,36.78558560204478,356.05465599974195,16.10986328125,0.32119725000029575,4513,false,dcb2c10e4ac97b1d1289825869826fdec84593f7,41e5a8930cdcae89,true,2026-09-20T14:39:06+00:00
20260920T143808Z-gpu_h96,electricity_hourly,T14,transformer,deep,168,96,10000,15.792325993423091,19.17706084182341,1.639578185330155,14.565545893324241,576.8341890002375,10.6845703125,0.5738470250003047,19232,false,dcb2c10e4ac97b1d1289825869826fdec84593f7,41e5a8930cdcae89,true,2026-09-20T14:39:23+00:00
20260920T143808Z-gpu_h96,electricity_hourly,T14,transformer,deep,168,96,10001,32.440561938146175,40.427878494045835,3.334361826618879,27.955077388040795,579.9572720002288,10.525390625,0.5769028670001717,19232,false,dcb2c10e4ac97b1d1289825869826fdec84593f7,41e5a8930cdcae89,true,2026-09-20T14:39:23+00:00
20260920T143808Z-gpu_h96,electricity_hourly,T14,transformer,deep,168,96,10002,29.98024657671526,36.20877935769648,3.591643516678035,26.766382371878134,620.5298510003558,10.525390625,0.6175825760001317,19232,false,dcb2c10e4ac97b1d1289825869826fdec84593f7,41e5a8930cdcae89,true,2026-09-20T14:39:23+00:00
20260920T143808Z-gpu_h96,electricity_hourly,T14,transformer,deep,168,96,10003,31.076059481190608,38.70576431868184,2.9498698518730704,27.256986815223684,572.8854449998835,10.525390625,0.5699362350001138,19232,false,dcb2c10e4ac97b1d1289825869826fdec84593f7,41e5a8930cdcae89,true,2026-09-20T14:39:23+00:00
20260920T143808Z-gpu_h96,electricity_hourly,T14,transformer,deep,168,96,10004,43.582832982826154,53.930006000170145,4.206386025152122,34.16860125724339,572.6633959998253,10.525390625,0.5698260970002593,19232,false,dcb2c10e4ac97b1d1289825869826fdec84593f7,41e5a8930cdcae89,true,2026-09-20T14:39:23+00:00
20260920T143808Z-gpu_h96,electricity_hourly,T14,transformer,deep,168,96,10005,39.8432681351562,49.50875621132899,2.921298682007379,31.21199238701669,589.693370999612,10.525390625,0.5867866420003338,19232,false,dcb2c10e4ac97b1d1289825869826fdec84593f7,41e5a8930cdcae89,true,2026-09-20T14:39:23+00:00
20260920T143808Z-gpu_h96,electricity_hourly,T14,transformer,deep,168,96,10006,54.0505273532897,61.187473685499604,2.208021542942898,37.9825158567579,592.7372289997948,10.525390625,0.5897661409999273,19232,false,dcb2c10e4ac97b1d1289825869826fdec84593f7,41e5a8930cdcae89,true,2026-09-20T14:39:23+00:00
20260920T143808Z-gpu_h96,electricity_hourly,T14,transformer,deep,168,96,10007,31.416948266413797,37.86854449194687,2.277966037443901,25.589029604222286,630.805189000057,10.525390625,0.6276232079999318,19232,false,dcb2c10e4ac97b1d1289825869826fdec84593f7,41e5a8930cdcae89,true,2026-09-20T14:39:23+00:00
20260920T143808Z-gpu_h96,electricity_hourly,T14,transformer,deep,168,96,10008,26.432475710243153,34.92412976590364,1.7435989474461815,19.760628170033094,640.022098999907,10.525390625,0.6367441930001405,19232,false,dcb2c10e4ac97b1d1289825869826fdec84593f7,41e5a8930cdcae89,true,2026-09-20T14:39:23+00:00
20260920T143808Z-gpu_h96,electricity_hourly,T14,transformer,deep,168,96,10009,12.013066688433886,15.158177524050954,1.3504149907372986,10.095182149128416,631.38895100019,10.525390625,0.6284100029997717,19232,false,dcb2c10e4ac97b1d1289825869826fdec84593f7,41e5a8930cdcae89,true,2026-09-20T14:39:23+00:00
20260920T143808Z-gpu_h96,electricity_hourly,T14,transformer,deep,168,96,10010,9.621402301644446,13.59492599791102,0.9014196040577751,7.949385499826487,558.541754000089,10.525390625,0.5556207859999631,19232,false,dcb2c10e4ac97b1d1289825869826fdec84593f7,41e5a8930cdcae89,true,2026-09-20T14:39:23+00:00
20260920T143808Z-gpu_h96,electricity_hourly,T14,transformer,deep,168,96,10011,25.020388967283292,33.26163089058842,2.354860138097251,19.653277110852272,570.973813999899,10.525390625,0.568121581000014,19232,false,dcb2c10e4ac97b1d1289825869826fdec84593f7,41e5a8930cdcae89,true,2026-09-20T14:39:23+00:00
20260920T143808Z-gpu_h96,electricity_hourly,T14,transformer,deep,168,96,10012,11.182957697217509,14.852944467998139,1.072134426364395,9.713672852891069,567.0731770001112,10.525390625,0.564049581999825,19232,false,dcb2c10e4ac97b1d1289825869826fdec84593f7,41e5a8930cdcae89,true,2026-09-20T14:39:23+00:00
20260920T143808Z-gpu_h96,electricity_hourly,T14,transformer,deep,168,96,10013,14.069870623049754,19.441815898572976,1.3242231174635062,11.467404038634744,559.0856369999528,10.525390625,0.5559961969997858,19232,false,dcb2c10e4ac97b1d1289825869826fdec84593f7,41e5a8930cdcae89,true,2026-09-20T14:39:23+00:00
20260920T143808Z-gpu_h96,electricity_hourly,T14,transformer,deep,168,96,10014,41.727872340129814,54.33762289100923,3.431646840079208,30.974384046687298,567.4021800000446,10.525390625,0.5644302049995531,19232,false,dcb2c10e4ac97b1d1289825869826fdec84593f7,41e5a8930cdcae89,true,2026-09-20T14:39:23+00:00
20260920T143808Z-gpu_h96,electricity_hourly,T14,transformer,deep,168,96,10015,23.38746873591572,29.87247278119935,1.9500842489703902,18.091391508168297,574.7166480000487,10.525390625,0.5719191240000328,19232,false,dcb2c10e4ac97b1d1289825869826fdec84593f7,41e5a8930cdcae89,true,2026-09-20T14:39:23+00:00
20260920T143808Z-gpu_h96,electricity_hourly,T14,transformer,deep,168,96,10016,46.97009685399289,58.935107491458794,3.546771865220229,32.06125155580066,567.4758929999371,10.525390625,0.5646680189997824,19232,false,dcb2c10e4ac97b1d1289825869826fdec84593f7,41e5a8930cdcae89,true,2026-09-20T14:39:23+00:00
20260920T143808Z-gpu_h96,electricity_hourly,T14,transformer,deep,168,96,10017,30.071840059121147,39.6642611991423,1.664237113187335,19.97237749918189,576.8292140000995,10.525390625,0.5737874640003611,19232,false,dcb2c10e4ac97b1d1289825869826fdec84593f7,41e5a8930cdcae89,true,2026-09-20T14:39:23+00:00
20260920T143808Z-gpu_h96,electricity_hourly,T14,transformer,deep,168,96,10018,22.562900726710364,30.618158872446106,1.5246633996463128,16.74787890534407,577.1940560002804,10.525390625,0.5744238730003417,19232,false,dcb2c10e4ac97b1d1289825869826fdec84593f7,41e5a8930cdcae89,true,2026-09-20T14:39:23+00:00
20260920T143808Z-gpu_h96,electricity_hourly,T14,transformer,deep,168,96,10019,29.088330125795718,37.53494952583376,2.1569101638077153,19.438724024595004,578.4732600000098,10.525390625,0.5754201039999316,19232,false,dcb2c10e4ac97b1d1289825869826fdec84593f7,41e5a8930cdcae89,true,2026-09-20T14:39:23+00:00
20260920T143808Z-gpu_h96,electricity_hourly,T14,transformer,deep,168,96,10020,30.961192365622196,43.17419985560998,1.5776403753183286,17.507753977428575,574.3532070000583,10.525390625,0.571460094000031,19232,false,dcb2c10e4ac97b1d1289825869826fdec84593f7,41e5a8930cdcae89,true,2026-09-20T14:39:23+00:00
20260920T143808Z-gpu_h96,electricity_hourly,T14,timesfm25,tsfm,168,96,10000,5.997737407684326,7.696410593207233,0.6226922759239675,5.498509954859743,116.01963300017815,11.94287109375,,231289280,true,dcb2c10e4ac97b1d1289825869826fdec84593f7,41e5a8930cdcae89,true,2026-09-20T14:39:29+00:00
20260920T143808Z-gpu_h96,electricity_hourly,T14,timesfm25,tsfm,168,96,10001,11.386091470718384,14.633917572548265,1.1703049049132386,9.842235367572536,115.55871099972137,11.94287109375,,231289280,true,dcb2c10e4ac97b1d1289825869826fdec84593f7,41e5a8930cdcae89,true,2026-09-20T14:39:29+00:00
20260920T143808Z-gpu_h96,electricity_hourly,T14,timesfm25,tsfm,168,96,10002,6.466630379358928,8.53261313177943,0.7747044714040646,5.99056936739463,109.615216000293,11.94287109375,,231289280,true,dcb2c10e4ac97b1d1289825869826fdec84593f7,41e5a8930cdcae89,true,2026-09-20T14:39:29+00:00
20260920T143808Z-gpu_h96,electricity_hourly,T14,timesfm25,tsfm,168,96,10003,8.145802974700928,10.809454195183351,0.7732337695167658,7.1633906880439415,118.98248900024555,11.94287109375,,231289280,true,dcb2c10e4ac97b1d1289825869826fdec84593f7,41e5a8930cdcae89,true,2026-09-20T14:39:29+00:00
20260920T143808Z-gpu_h96,electricity_hourly,T14,timesfm25,tsfm,168,96,10004,27.14139159520467,29.845298774306915,2.6195444971243114,22.524113478176886,114.66066599996338,11.94287109375,,231289280,true,dcb2c10e4ac97b1d1289825869826fdec84593f7,41e5a8930cdcae89,true,2026-09-20T14:39:29+00:00
20260920T143808Z-gpu_h96,electricity_hourly,T14,timesfm25,tsfm,168,96,10005,21.826347589492798,29.12199837166143,1.6003024709200422,16.759110824954206,116.20471500009444,11.94287109375,,231289280,true,dcb2c10e4ac97b1d1289825869826fdec84593f7,41e5a8930cdcae89,true,2026-09-20T14:39:29+00:00
20260920T143808Z-gpu_h96,electricity_hourly,T14,timesfm25,tsfm,168,96,10006,40.57210222880045,43.43112385962488,1.6574135378573802,30.983569227243724,117.10533799987388,11.94287109375,,231289280,true,dcb2c10e4ac97b1d1289825869826fdec84593f7,41e5a8930cdcae89,true,2026-09-20T14:39:29+00:00
20260920T143808Z-gpu_h96,electricity_hourly,T14,timesfm25,tsfm,168,96,10007,11.848319053649902,14.444654717936306,0.8590926202042226,10.253221949407259,116.64623399974516,11.94287109375,,231289280,true,dcb2c10e4ac97b1d1289825869826fdec84593f7,41e5a8930cdcae89,true,2026-09-20T14:39:29+00:00
20260920T143808Z-gpu_h96,electricity_hourly,T14,timesfm25,tsfm,168,96,10008,21.987854480743408,30.88656318540095,1.4504127554865098,15.744760797827592,114.581041999827,11.94287109375,,231289280,true,dcb2c10e4ac97b1d1289825869826fdec84593f7,41e5a8930cdcae89,true,2026-09-20T14:39:29+00:00
20260920T143808Z-gpu_h96,electricity_hourly,T14,timesfm25,tsfm,168,96,10009,7.778095165888469,10.305142502748488,0.8743526181794999,6.4478051026993235,117.09108000013657,11.94287109375,,231289280,true,dcb2c10e4ac97b1d1289825869826fdec84593f7,41e5a8930cdcae89,true,2026-09-20T14:39:29+00:00
20260920T143808Z-gpu_h96,electricity_hourly,T14,timesfm25,tsfm,168,96,10010,6.028402328491211,8.732475212467438,0.5647950132093262,5.002165783247152,120.68576700039557,11.94287109375,,231289280,true,dcb2c10e4ac97b1d1289825869826fdec84593f7,41e5a8930cdcae89,true,2026-09-20T14:39:29+00:00
20260920T143808Z-gpu_h96,electricity_hourly,T14,timesfm25,tsfm,168,96,10011,9.841817696889242,12.703108140266888,0.9262887244131052,8.431918520083698,117.34494799975437,11.94287109375,,231289280,true,dcb2c10e4ac97b1d1289825869826fdec84593f7,41e5a8930cdcae89,true,2026-09-20T14:39:29+00:00
20260920T143808Z-gpu_h96,electricity_hourly,T14,timesfm25,tsfm,168,96,10012,5.714856227238973,7.695776581286501,0.547895670254602,4.784715656989932,113.32909600014318,11.94287109375,,231289280,true,dcb2c10e4ac97b1d1289825869826fdec84593f7,41e5a8930cdcae89,true,2026-09-20T14:39:29+00:00
20260920T143808Z-gpu_h96,electricity_hourly,T14,timesfm25,tsfm,168,96,10013,11.929929415384928,16.07252440867875,1.1228168861538756,9.148565947682485,117.37154200000077,11.94287109375,,231289280,true,dcb2c10e4ac97b1d1289825869826fdec84593f7,41e5a8930cdcae89,true,2026-09-20T14:39:29+00:00
20260920T143808Z-gpu_h96,electricity_hourly,T14,timesfm25,tsfm,168,96,10014,10.75963830947876,14.003305079718116,0.8848588900999095,9.084277385834651,119.51498100006575,11.94287109375,,231289280,true,dcb2c10e4ac97b1d1289825869826fdec84593f7,41e5a8930cdcae89,true,2026-09-20T14:39:29+00:00
20260920T143808Z-gpu_h96,electricity_hourly,T14,timesfm25,tsfm,168,96,10015,11.452935059865316,16.22052167077647,0.9549638961323715,9.211296217524778,116.4222070001415,11.94287109375,,231289280,true,dcb2c10e4ac97b1d1289825869826fdec84593f7,41e5a8930cdcae89,true,2026-09-20T14:39:29+00:00
20260920T143808Z-gpu_h96,electricity_hourly,T14,timesfm25,tsfm,168,96,10016,8.031062046686808,10.774152898772916,0.6064357287482435,5.803317128389464,114.97913299990614,11.94287109375,,231289280,true,dcb2c10e4ac97b1d1289825869826fdec84593f7,41e5a8930cdcae89,true,2026-09-20T14:39:29+00:00
20260920T143808Z-gpu_h96,electricity_hourly,T14,timesfm25,tsfm,168,96,10017,11.192541678746542,15.80205995674405,0.6194181405609155,7.1907940706468265,115.78525300001274,11.94287109375,,231289280,true,dcb2c10e4ac97b1d1289825869826fdec84593f7,41e5a8930cdcae89,true,2026-09-20T14:39:29+00:00
20260920T143808Z-gpu_h96,electricity_hourly,T14,timesfm25,tsfm,168,96,10018,10.907958507537842,15.307565385801114,0.7370933951597604,7.695733025420967,115.92706600004021,11.94287109375,,231289280,true,dcb2c10e4ac97b1d1289825869826fdec84593f7,41e5a8930cdcae89,true,2026-09-20T14:39:29+00:00
20260920T143808Z-gpu_h96,electricity_hourly,T14,timesfm25,tsfm,168,96,10019,15.462656100591024,25.51587918426693,1.1465615234217856,9.951121216617247,112.6381610001772,11.94287109375,,231289280,true,dcb2c10e4ac97b1d1289825869826fdec84593f7,41e5a8930cdcae89,true,2026-09-20T14:39:29+00:00
20260920T143808Z-gpu_h96,electricity_hourly,T14,timesfm25,tsfm,168,96,10020,22.344577074050903,30.981148241983387,1.1385771757478167,11.789359714564222,116.20860899984109,11.94287109375,,231289280,true,dcb2c10e4ac97b1d1289825869826fdec84593f7,41e5a8930cdcae89,true,2026-09-20T14:39:29+00:00
20260920T143808Z-gpu_h96,electricity_hourly,T14,chronos_bolt,tsfm,168,96,10000,5.444553375244141,7.050045907278696,0.5652600476100622,5.023888455119874,70.754869999746,12.59375,,205292928,true,dcb2c10e4ac97b1d1289825869826fdec84593f7,41e5a8930cdcae89,true,2026-09-20T14:39:35+00:00
20260920T143808Z-gpu_h96,electricity_hourly,T14,chronos_bolt,tsfm,168,96,10001,10.065377712249756,12.635709896828905,1.0345570239571484,8.567584412934988,72.99283300017123,12.59375,,205292928,true,dcb2c10e4ac97b1d1289825869826fdec84593f7,41e5a8930cdcae89,true,2026-09-20T14:39:35+00:00
20260920T143808Z-gpu_h96,electricity_hourly,T14,chronos_bolt,tsfm,168,96,10002,5.9924633502960205,7.885113725255426,0.7178991035296398,5.5988534212254,71.16708900002777,12.59375,,205292928,true,dcb2c10e4ac97b1d1289825869826fdec84593f7,41e5a8930cdcae89,true,2026-09-20T14:39:35+00:00
20260920T143808Z-gpu_h96,electricity_hourly,T14,chronos_bolt,tsfm,168,96,10003,6.657065232594808,8.58440312871076,0.6319165415251499,5.811822050957162,72.39645600020594,12.59375,,205292928,true,dcb2c10e4ac97b1d1289825869826fdec84593f7,41e5a8930cdcae89,true,2026-09-20T14:39:35+00:00
20260920T143808Z-gpu_h96,electricity_hourly,T14,chronos_bolt,tsfm,168,96,10004,25.944352785746258,28.26784288259951,2.504012601305269,21.38984383488923,72.75851599979433,12.59375,,205292928,true,dcb2c10e4ac97b1d1289825869826fdec84593f7,41e5a8930cdcae89,true,2026-09-20T14:39:35+00:00
20260920T143808Z-gpu_h96,electricity_hourly,T14,chronos_bolt,tsfm,168,96,10005,20.325313409169514,28.25203202692201,1.4902470116702697,15.458870435012026,76.13639199962563,12.59375,,205292928,true,dcb2c10e4ac97b1d1289825869826fdec84593f7,41e5a8930cdcae89,true,2026-09-20T14:39:35+00:00
20260920T143808Z-gpu_h96,electricity_hourly,T14,chronos_bolt,tsfm,168,96,10006,46.6918732325236,49.178769080036034,1.9074126937541553,34.10075342954255,76.21435999999449,12.59375,,205292928,true,dcb2c10e4ac97b1d1289825869826fdec84593f7,41e5a8930cdcae89,true,2026-09-20T14:39:35+00:00
20260920T143808Z-gpu_h96,electricity_hourly,T14,chronos_bolt,tsfm,168,96,10007,12.771553754806519,15.478679518066231,0.9260341091098382,10.919793785930816,70.45439500006978,12.59375,,205292928,true,dcb2c10e4ac97b1d1289825869826fdec84593f7,41e5a8930cdcae89,true,2026-09-20T14:39:35+00:00
20260920T143808Z-gpu_h96,electricity_hourly,T14,chronos_bolt,tsfm,168,96,10008,20.73550820350647,29.344300432500837,1.3678026483302481,14.798834373729127,76.01329299995996,12.59375,,205292928,true,dcb2c10e4ac97b1d1289825869826fdec84593f7,41e5a8930cdcae89,true,2026-09-20T14:39:35+00:00
20260920T143808Z-gpu_h96,electricity_hourly,T14,chronos_bolt,tsfm,168,96,10009,7.995214780171712,10.830614147341521,0.8987595069045483,6.589728318483521,74.69841700003599,12.59375,,205292928,true,dcb2c10e4ac97b1d1289825869826fdec84593f7,41e5a8930cdcae89,true,2026-09-20T14:39:35+00:00
20260920T143808Z-gpu_h96,electricity_hourly,T14,chronos_bolt,tsfm,168,96,10010,6.004504442214966,8.648990433111102,0.5625560440331523,4.932749146826452,70.11104000002888,12.59375,,205292928,true,dcb2c10e4ac97b1d1289825869826fdec84593f7,41e5a8930cdcae89,true,2026-09-20T14:39:35+00:00
20260920T143808Z-gpu_h96,electricity_hourly,T14,chronos_bolt,tsfm,168,96,10011,8.157751242319742,10.48778589882732,0.7677883522183286,7.157401839645108,77.19153700008974,12.59375,,205292928,true,dcb2c10e4ac97b1d1289825869826fdec84593f7,41e5a8930cdcae89,true,2026-09-20T14:39:35+00:00
20260920T143808Z-gpu_h96,electricity_hourly,T14,chronos_bolt,tsfm,168,96,10012,6.46772305170695,8.191964772499231,0.6200746467681764,5.440055434436553,73.26422100004493,12.59375,,205292928,true,dcb2c10e4ac97b1d1289825869826fdec84593f7,41e5a8930cdcae89,true,2026-09-20T14:39:35+00:00
20260920T143808Z-gpu_h96,electricity_hourly,T14,chronos_bolt,tsfm,168,96,10013,9.643046617507935,12.486899195289348,0.9075808581183938,7.29030904392715,74.04341399978875,12.59375,,205292928,true,dcb2c10e4ac97b1d1289825869826fdec84593f7,41e5a8930cdcae89,true,2026-09-20T14:39:35+00:00
20260920T143808Z-gpu_h96,electricity_hourly,T14,chronos_bolt,tsfm,168,96,10014,8.902629852294922,11.484600424727374,0.7321408901944425,7.4889907682180885,71.82453600034933,12.59375,,205292928,true,dcb2c10e4ac97b1d1289825869826fdec84593f7,41e5a8930cdcae89,true,2026-09-20T14:39:35+00:00
20260920T143808Z-gpu_h96,electricity_hourly,T14,chronos_bolt,tsfm,168,96,10015,9.737054347991943,13.198782661385316,0.8118910400178575,7.725816576417905,71.14777899960245,12.59375,,205292928,true,dcb2c10e4ac97b1d1289825869826fdec84593f7,41e5a8930cdcae89,true,2026-09-20T14:39:35+00:00
20260920T143808Z-gpu_h96,electricity_hourly,T14,chronos_bolt,tsfm,168,96,10016,6.995940208435059,10.212539546284946,0.5282723597350019,5.05944813182714,76.84175399981541,12.59375,,205292928,true,dcb2c10e4ac97b1d1289825869826fdec84593f7,41e5a8930cdcae89,true,2026-09-20T14:39:35+00:00
20260920T143808Z-gpu_h96,electricity_hourly,T14,chronos_bolt,tsfm,168,96,10017,11.270097096761068,15.876645566088698,0.6237102159621806,6.973477897369326,74.87488600008874,12.59375,,205292928,true,dcb2c10e4ac97b1d1289825869826fdec84593f7,41e5a8930cdcae89,true,2026-09-20T14:39:35+00:00
20260920T143808Z-gpu_h96,electricity_hourly,T14,chronos_bolt,tsfm,168,96,10018,9.926860094070435,13.867880568098055,0.6707967402844405,7.004819948736387,71.97449199975381,12.59375,,205292928,true,dcb2c10e4ac97b1d1289825869826fdec84593f7,41e5a8930cdcae89,true,2026-09-20T14:39:35+00:00
20260920T143808Z-gpu_h96,electricity_hourly,T14,chronos_bolt,tsfm,168,96,10019,13.681118726730347,24.335890896933705,1.0144598849892739,8.855026229058893,75.65282199993817,12.59375,,205292928,true,dcb2c10e4ac97b1d1289825869826fdec84593f7,41e5a8930cdcae89,true,2026-09-20T14:39:35+00:00
20260920T143808Z-gpu_h96,electricity_hourly,T14,chronos_bolt,tsfm,168,96,10020,17.545655171076458,23.853609994750027,0.8940461233669532,9.409291396187173,75.28634800019063,12.59375,,205292928,true,dcb2c10e4ac97b1d1289825869826fdec84593f7,41e5a8930cdcae89,true,2026-09-20T14:39:35+00:00
20260920T143808Z-gpu_h96,electricity_hourly,T27,lstm,deep,168,96,20000,47.63194063964084,57.410584583691325,1.4578107230835877,15.729058343341448,353.0471439999019,16.14599609375,0.31974625799966816,4513,false,dcb2c10e4ac97b1d1289825869826fdec84593f7,41e5a8930cdcae89,true,2026-09-20T14:39:47+00:00
20260920T143808Z-gpu_h96,electricity_hourly,T27,lstm,deep,168,96,20001,62.04274259976186,79.11967780351445,2.095252095301526,18.40051945650386,351.1224270000639,16.10986328125,0.31800092100002075,4513,false,dcb2c10e4ac97b1d1289825869826fdec84593f7,41e5a8930cdcae89,true,2026-09-20T14:39:47+00:00
20260920T143808Z-gpu_h96,electricity_hourly,T27,lstm,deep,168,96,20002,38.33330515697721,45.53752302084427,1.3149108962850686,11.9457581697659,360.3171499999007,16.10986328125,0.3259641620002185,4513,false,dcb2c10e4ac97b1d1289825869826fdec84593f7,41e5a8930cdcae89,true,2026-09-20T14:39:47+00:00
20260920T143808Z-gpu_h96,electricity_hourly,T27,lstm,deep,168,96,20003,59.02412232660843,73.68916473164313,2.08678458508019,18.97464606595786,361.08784799989735,16.10986328125,0.3279348609999033,4513,false,dcb2c10e4ac97b1d1289825869826fdec84593f7,41e5a8930cdcae89,true,2026-09-20T14:39:47+00:00
20260920T143808Z-gpu_h96,electricity_hourly,T27,lstm,deep,168,96,20004,41.4581255491666,54.36127064044958,1.606990600021532,12.393025808238063,353.4442889999809,16.10986328125,0.3189273950001734,4513,false,dcb2c10e4ac97b1d1289825869826fdec84593f7,41e5a8930cdcae89,true,2026-09-20T14:39:47+00:00
20260920T143808Z-gpu_h96,electricity_hourly,T27,lstm,deep,168,96,20005,25.21101677189161,33.48650196822787,0.7982379980546157,7.714225967979493,373.75503599969306,16.10986328125,0.3381978219999837,4513,false,dcb2c10e4ac97b1d1289825869826fdec84593f7,41e5a8930cdcae89,true,2026-09-20T14:39:47+00:00
20260920T143808Z-gpu_h96,electricity_hourly,T27,lstm,deep,168,96,20006,38.893291386772894,50.42899409057771,1.3357104602182917,12.012071650665666,368.99925199986683,16.10986328125,0.33433749899995746,4513,false,dcb2c10e4ac97b1d1289825869826fdec84593f7,41e5a8930cdcae89,true,2026-09-20T14:39:47+00:00
20260920T143808Z-gpu_h96,electricity_hourly,T27,lstm,deep,168,96,20007,50.980446412447954,63.62804436143306,1.9692017927555003,15.682045938456712,354.6476079995955,16.10986328125,0.32109314799981803,4513,false,dcb2c10e4ac97b1d1289825869826fdec84593f7,41e5a8930cdcae89,true,2026-09-20T14:39:47+00:00
20260920T143808Z-gpu_h96,electricity_hourly,T27,lstm,deep,168,96,20008,19.69460984138848,25.886546088873086,0.7143636819042674,6.26243982374456,392.7226040000278,16.10986328125,0.3587463240000943,4513,false,dcb2c10e4ac97b1d1289825869826fdec84593f7,41e5a8930cdcae89,true,2026-09-20T14:39:47+00:00
20260920T143808Z-gpu_h96,electricity_hourly,T27,lstm,deep,168,96,20009,27.441343218095554,33.7317365452771,0.9953535071551033,8.291239882577853,365.27810400002636,16.10986328125,0.3313249650000216,4513,false,dcb2c10e4ac97b1d1289825869826fdec84593f7,41e5a8930cdcae89,true,2026-09-20T14:39:47+00:00
20260920T143808Z-gpu_h96,electricity_hourly,T27,lstm,deep,168,96,20010,59.18677364897788,74.07682779550966,2.2499723879231297,17.718699673804906,360.1906600001712,16.10986328125,0.3240755150000041,4513,false,dcb2c10e4ac97b1d1289825869826fdec84593f7,41e5a8930cdcae89,true,2026-09-20T14:39:47+00:00
20260920T143808Z-gpu_h96,electricity_hourly,T27,lstm,deep,168,96,20011,30.783791379153865,39.95072050374212,1.1087708750870826,9.386397438595978,372.54596799994033,16.10986328125,0.33762268600003154,4513,false,dcb2c10e4ac97b1d1289825869826fdec84593f7,41e5a8930cdcae89,true,2026-09-20T14:39:47+00:00
20260920T143808Z-gpu_h96,electricity_hourly,T27,lstm,deep,168,96,20012,43.4254770391976,52.485991113543186,1.4892280766002512,13.629679883320087,358.5278730001846,16.10986328125,0.3226903320000929,4513,false,dcb2c10e4ac97b1d1289825869826fdec84593f7,41e5a8930cdcae89,true,2026-09-20T14:39:47+00:00
20260920T143808Z-gpu_h96,electricity_hourly,T27,lstm,deep,168,96,20013,41.10338562965604,53.51295694859865,1.555555198599335,12.49513458471661,351.3815510000313,16.10986328125,0.31683298699999796,4513,false,dcb2c10e4ac97b1d1289825869826fdec84593f7,41e5a8930cdcae89,true,2026-09-20T14:39:47+00:00
20260920T143808Z-gpu_h96,electricity_hourly,T27,lstm,deep,168,96,20014,91.28971625284662,124.79268514545596,2.810115250194509,26.634157104864144,352.68520399995396,16.10986328125,0.31770613600019715,4513,false,dcb2c10e4ac97b1d1289825869826fdec84593f7,41e5a8930cdcae89,true,2026-09-20T14:39:47+00:00
20260920T143808Z-gpu_h96,electricity_hourly,T27,lstm,deep,168,96,20015,81.52665991089721,98.57170152494511,2.7263908562863906,24.889115622540846,360.8188779999182,16.10986328125,0.3250691039997946,4513,false,dcb2c10e4ac97b1d1289825869826fdec84593f7,41e5a8930cdcae89,true,2026-09-20T14:39:47+00:00
20260920T143808Z-gpu_h96,electricity_hourly,T27,lstm,deep,168,96,20016,34.76449756514193,45.50231208717547,0.9526332348963725,9.420526685080803,361.4984160003587,16.10986328125,0.3286409749998711,4513,false,dcb2c10e4ac97b1d1289825869826fdec84593f7,41e5a8930cdcae89,true,2026-09-20T14:39:47+00:00
20260920T143808Z-gpu_h96,electricity_hourly,T27,lstm,deep,168,96,20017,36.31448566906741,47.56006122142909,0.8738779973839751,9.830264748718646,376.6773560000729,16.10986328125,0.34391217799975493,4513,false,dcb2c10e4ac97b1d1289825869826fdec84593f7,41e5a8930cdcae89,true,2026-09-20T14:39:47+00:00
20260920T143808Z-gpu_h96,electricity_hourly,T27,lstm,deep,168,96,20018,83.31598951778356,112.53882685745354,2.293977531655991,22.669501050178596,352.8294930001721,16.10986328125,0.31998467299990807,4513,false,dcb2c10e4ac97b1d1289825869826fdec84593f7,41e5a8930cdcae89,true,2026-09-20T14:39:47+00:00
20260920T143808Z-gpu_h96,electricity_hourly,T27,lstm,deep,168,96,20019,74.91628009596845,93.93007476579172,1.7837209546659154,17.355110494869955,366.2158610000006,16.10986328125,0.3318344569997862,4513,false,dcb2c10e4ac97b1d1289825869826fdec84593f7,41e5a8930cdcae89,true,2026-09-20T14:39:47+00:00
20260920T143808Z-gpu_h96,electricity_hourly,T27,lstm,deep,168,96,20020,103.10586075049919,130.48913466417085,2.271610151173789,23.073164862506253,368.9511349998611,16.10986328125,0.33463385899995046,4513,false,dcb2c10e4ac97b1d1289825869826fdec84593f7,41e5a8930cdcae89,true,2026-09-20T14:39:47+00:00
20260920T143808Z-gpu_h96,electricity_hourly,T27,transformer,deep,168,96,20000,64.50770036863905,76.86054988925342,1.9743058136204086,21.123131286986666,589.8459499999262,10.6845703125,0.5865976559998671,19232,false,dcb2c10e4ac97b1d1289825869826fdec84593f7,41e5a8930cdcae89,true,2026-09-20T14:40:03+00:00
20260920T143808Z-gpu_h96,electricity_hourly,T27,transformer,deep,168,96,20001,51.11104894082953,65.17846762801696,1.726076699690303,15.704693183335285,587.4629720001394,10.525390625,0.5843351399998937,19232,false,dcb2c10e4ac97b1d1289825869826fdec84593f7,41e5a8930cdcae89,true,2026-09-20T14:40:03+00:00
20260920T143808Z-gpu_h96,electricity_hourly,T27,transformer,deep,168,96,20002,58.10522607020772,72.00600491058073,1.9931282882586736,18.373758933195397,568.0912269999681,10.525390625,0.5652276239998173,19232,false,dcb2c10e4ac97b1d1289825869826fdec84593f7,41e5a8930cdcae89,true,2026-09-20T14:40:03+00:00
20260920T143808Z-gpu_h96,electricity_hourly,T27,transformer,deep,168,96,20003,30.06846479706593,37.35486206145607,1.063063818015589,9.439279335290092,590.492839000035,10.525390625,0.5872813589999168,19232,false,dcb2c10e4ac97b1d1289825869826fdec84593f7,41e5a8930cdcae89,true,2026-09-20T14:40:03+00:00
20260920T143808Z-gpu_h96,electricity_hourly,T27,transformer,deep,168,96,20004,49.636200101587626,62.04216607118467,1.9239872986887263,15.336025742782198,593.5280819999207,10.525390625,0.5906044200000906,19232,false,dcb2c10e4ac97b1d1289825869826fdec84593f7,41e5a8930cdcae89,true,2026-09-20T14:40:03+00:00
20260920T143808Z-gpu_h96,electricity_hourly,T27,transformer,deep,168,96,20005,26.297305557529018,34.30186832530271,0.8326323659375943,8.07442826577995,580.3866670003117,10.525390625,0.5774662929998158,19232,false,dcb2c10e4ac97b1d1289825869826fdec84593f7,41e5a8930cdcae89,true,2026-09-20T14:40:03+00:00
20260920T143808Z-gpu_h96,electricity_hourly,T27,transformer,deep,168,96,20006,36.03142567456619,44.10936928385194,1.2374255418882734,11.000327290226382,591.7675669998061,10.525390625,0.589024648999839,19232,false,dcb2c10e4ac97b1d1289825869826fdec84593f7,41e5a8930cdcae89,true,2026-09-20T14:40:03+00:00
20260920T143808Z-gpu_h96,electricity_hourly,T27,transformer,deep,168,96,20007,29.784418494526534,37.92544123097614,1.1504711006469477,9.161077789073136,577.4058230003902,10.525390625,0.5744952119998743,19232,false,dcb2c10e4ac97b1d1289825869826fdec84593f7,41e5a8930cdcae89,true,2026-09-20T14:40:03+00:00
20260920T143808Z-gpu_h96,electricity_hourly,T27,transformer,deep,168,96,20008,23.259099651642316,29.94241408669746,0.8436549999588145,7.266502010967156,577.6158280000345,10.525390625,0.574613121999846,19232,false,dcb2c10e4ac97b1d1289825869826fdec84593f7,41e5a8930cdcae89,true,2026-09-20T14:40:03+00:00
20260920T143808Z-gpu_h96,electricity_hourly,T27,transformer,deep,168,96,20009,34.13850923819509,41.22513802246565,1.2382733829471269,10.188359202127243,563.9700630003972,10.525390625,0.5609923870001694,19232,false,dcb2c10e4ac97b1d1289825869826fdec84593f7,41e5a8930cdcae89,true,2026-09-20T14:40:03+00:00
20260920T143808Z-gpu_h96,electricity_hourly,T27,transformer,deep,168,96,20010,30.86156712270508,37.06391470347437,1.173195793471365,9.6358604125152,567.6873380002689,10.525390625,0.5647585760002585,19232,false,dcb2c10e4ac97b1d1289825869826fdec84593f7,41e5a8930cdcae89,true,2026-09-20T14:40:03+00:00
20260920T143808Z-gpu_h96,electricity_hourly,T27,transformer,deep,168,96,20011,25.30017643634407,32.123292815528025,0.9112619826997364,7.776202669527153,565.8316100002594,10.525390625,0.5629069360002177,19232,false,dcb2c10e4ac97b1d1289825869826fdec84593f7,41e5a8930cdcae89,true,2026-09-20T14:40:03+00:00
20260920T143808Z-gpu_h96,electricity_hourly,T27,transformer,deep,168,96,20012,68.06390590205994,83.41307310503498,2.3341753869722868,21.04577070550277,571.8822980002187,10.525390625,0.5687019750002946,19232,false,dcb2c10e4ac97b1d1289825869826fdec84593f7,41e5a8930cdcae89,true,2026-09-20T14:40:03+00:00
20260920T143808Z-gpu_h96,electricity_hourly,T27,transformer,deep,168,96,20013,32.88867077775078,45.685456612206956,1.2446698007874146,9.573179614947662,572.0380339998883,10.525390625,0.5689956470000652,19232,false,dcb2c10e4ac97b1d1289825869826fdec84593f7,41e5a8930cdcae89,true,2026-09-20T14:40:03+00:00
20260920T143808Z-gpu_h96,electricity_hourly,T27,transformer,deep,168,96,20014,30.765719847163556,37.7041737011854,0.9470422526702761,9.219648923081959,583.2367680000061,10.525390625,0.5803660400001718,19232,false,dcb2c10e4ac97b1d1289825869826fdec84593f7,41e5a8930cdcae89,true,2026-09-20T14:40:03+00:00
20260920T143808Z-gpu_h96,electricity_hourly,T27,transformer,deep,168,96,20015,24.480598702162325,31.538646374663657,0.8186730638902403,7.77814326638243,581.2069710000287,10.525390625,0.578209144000084,19232,false,dcb2c10e4ac97b1d1289825869826fdec84593f7,41e5a8930cdcae89,true,2026-09-20T14:40:03+00:00
20260920T143808Z-gpu_h96,electricity_hourly,T27,transformer,deep,168,96,20016,124.80203590200199,154.3085487281926,3.419884523289874,33.58400883219547,582.9607439995925,10.525390625,0.5800442220001969,19232,false,dcb2c10e4ac97b1d1289825869826fdec84593f7,41e5a8930cdcae89,true,2026-09-20T14:40:03+00:00
20260920T143808Z-gpu_h96,electricity_hourly,T27,transformer,deep,168,96,20017,49.58057091087229,62.24349205106656,1.1931153427750016,13.1376843481365,566.6751320000003,10.525390625,0.5637166619999334,19232,false,dcb2c10e4ac97b1d1289825869826fdec84593f7,41e5a8930cdcae89,true,2026-09-20T14:40:03+00:00
20260920T143808Z-gpu_h96,electricity_hourly,T27,transformer,deep,168,96,20018,92.64351603326402,118.64916653877779,2.5507966173594685,24.926761484793722,567.5048570001309,10.525390625,0.5645819219998884,19232,false,dcb2c10e4ac97b1d1289825869826fdec84593f7,41e5a8930cdcae89,true,2026-09-20T14:40:03+00:00
20260920T143808Z-gpu_h96,electricity_hourly,T27,transformer,deep,168,96,20019,153.4731343722446,184.36004370308203,3.6541222469582046,34.63247794379843,615.2364439999474,10.525390625,0.6123104229995988,19232,false,dcb2c10e4ac97b1d1289825869826fdec84593f7,41e5a8930cdcae89,true,2026-09-20T14:40:03+00:00
20260920T143808Z-gpu_h96,electricity_hourly,T27,transformer,deep,168,96,20020,49.07184285265529,61.50708267084352,1.0811421925921607,11.890892519954962,558.7156670003424,10.525390625,0.5557663320000756,19232,false,dcb2c10e4ac97b1d1289825869826fdec84593f7,41e5a8930cdcae89,true,2026-09-20T14:40:03+00:00
20260920T143808Z-gpu_h96,electricity_hourly,T27,timesfm25,tsfm,168,96,20000,18.452624479929607,23.322861093807212,0.5647562008735098,6.092333480293222,122.92418900005941,11.94287109375,,231289280,true,dcb2c10e4ac97b1d1289825869826fdec84593f7,41e5a8930cdcae89,true,2026-09-20T14:40:09+00:00
20260920T143808Z-gpu_h96,electricity_hourly,T27,timesfm25,tsfm,168,96,20001,42.567347844441734,55.60735589569256,1.4375464562850868,12.990509757873145,117.87450000019817,11.94287109375,,231289280,true,dcb2c10e4ac97b1d1289825869826fdec84593f7,41e5a8930cdcae89,true,2026-09-20T14:40:09+00:00
20260920T143808Z-gpu_h96,electricity_hourly,T27,timesfm25,tsfm,168,96,20002,16.909252484639484,22.40448619633485,0.5800220004259375,5.432129177993561,118.22223599983772,11.94287109375,,231289280,true,dcb2c10e4ac97b1d1289825869826fdec84593f7,41e5a8930cdcae89,true,2026-09-20T14:40:09+00:00
20260920T143808Z-gpu_h96,electricity_hourly,T27,timesfm25,tsfm,168,96,20003,21.99449936548869,26.891512705068486,0.7776105839996001,6.8563946492677985,114.59582999987106,11.94287109375,,231289280,true,dcb2c10e4ac97b1d1289825869826fdec84593f7,41e5a8930cdcae89,true,2026-09-20T14:40:09+00:00
20260920T143808Z-gpu_h96,electricity_hourly,T27,timesfm25,tsfm,168,96,20004,23.387743790944416,29.44211581832827,0.9065504995682357,7.297161145316239,113.76894099976198,11.94287109375,,231289280,true,dcb2c10e4ac97b1d1289825869826fdec84593f7,41e5a8930cdcae89,true,2026-09-20T14:40:09+00:00
20260920T143808Z-gpu_h96,electricity_hourly,T27,timesfm25,tsfm,168,96,20005,22.81895367304484,28.50141305005905,0.7224998524446916,6.9304829626914195,114.98470900005486,11.94287109375,,231289280,true,dcb2c10e4ac97b1d1289825869826fdec84593f7,41e5a8930cdcae89,true,2026-09-20T14:40:09+00:00
20260920T143808Z-gpu_h96,electricity_hourly,T27,timesfm25,tsfm,168,96,20006,21.069696108500164,27.34675849283611,0.7235955734853383,6.57349130837208,114.65981199989983,11.94287109375,,231289280,true,dcb2c10e4ac97b1d1289825869826fdec84593f7,41e5a8930cdcae89,true,2026-09-20T14:40:09+00:00
20260920T143808Z-gpu_h96,electricity_hourly,T27,timesfm25,tsfm,168,96,20007,21.68661642074585,28.141270560931154,0.8376804626039169,6.712388033120699,119.81593399968915,11.94287109375,,231289280,true,dcb2c10e4ac97b1d1289825869826fdec84593f7,41e5a8930cdcae89,true,2026-09-20T14:40:09+00:00
20260920T143808Z-gpu_h96,electricity_hourly,T27,timesfm25,tsfm,168,96,20008,17.602703253428142,23.875883893003373,0.6384859618371921,5.63349437849632,112.5830030000543,11.94287109375,,231289280,true,dcb2c10e4ac97b1d1289825869826fdec84593f7,41e5a8930cdcae89,true,2026-09-20T14:40:09+00:00
20260920T143808Z-gpu_h96,electricity_hourly,T27,timesfm25,tsfm,168,96,20009,23.557352383931477,29.095421534358557,0.8544732350846682,6.991600632056562,120.12923600013892,11.94287109375,,231289280,true,dcb2c10e4ac97b1d1289825869826fdec84593f7,41e5a8930cdcae89,true,2026-09-20T14:40:09+00:00
20260920T143808Z-gpu_h96,electricity_hourly,T27,timesfm25,tsfm,168,96,20010,16.711002031962078,22.24792027717103,0.635265124763078,5.075698182324819,115.52123499996014,11.94287109375,,231289280,true,dcb2c10e4ac97b1d1289825869826fdec84593f7,41e5a8930cdcae89,true,2026-09-20T14:40:09+00:00
20260920T143808Z-gpu_h96,electricity_hourly,T27,timesfm25,tsfm,168,96,20011,19.684895197550457,24.587279770581446,0.7090107324780555,6.243544379486755,113.12051200002315,11.94287109375,,231289280,true,dcb2c10e4ac97b1d1289825869826fdec84593f7,41e5a8930cdcae89,true,2026-09-20T14:40:09+00:00
20260920T143808Z-gpu_h96,electricity_hourly,T27,timesfm25,tsfm,168,96,20012,23.792888641357422,31.734114508667993,0.8159504559074705,7.143870537649471,113.38467700034016,11.94287109375,,231289280,true,dcb2c10e4ac97b1d1289825869826fdec84593f7,41e5a8930cdcae89,true,2026-09-20T14:40:09+00:00
20260920T143808Z-gpu_h96,electricity_hourly,T27,timesfm25,tsfm,168,96,20013,25.59208917617798,35.132049097089094,0.9685311015426095,7.552441678048666,114.76340500030346,11.94287109375,,231289280,true,dcb2c10e4ac97b1d1289825869826fdec84593f7,41e5a8930cdcae89,true,2026-09-20T14:40:09+00:00
20260920T143808Z-gpu_h96,electricity_hourly,T27,timesfm25,tsfm,168,96,20014,13.168038527170816,16.489430290649967,0.40534363999841755,4.044804467056226,115.15301800000088,11.94287109375,,231289280,true,dcb2c10e4ac97b1d1289825869826fdec84593f7,41e5a8930cdcae89,true,2026-09-20T14:40:09+00:00
20260920T143808Z-gpu_h96,electricity_hourly,T27,timesfm25,tsfm,168,96,20015,19.91584062576294,25.401196332632757,0.6660197515350356,6.291612405992322,114.91330700027902,11.94287109375,,231289280,true,dcb2c10e4ac97b1d1289825869826fdec84593f7,41e5a8930cdcae89,true,2026-09-20T14:40:09+00:00
20260920T143808Z-gpu_h96,electricity_hourly,T27,timesfm25,tsfm,168,96,20016,27.813657760620117,36.49232995294298,0.762163029025556,7.669153231698488,115.09958300030121,11.94287109375,,231289280,true,dcb2c10e4ac97b1d1289825869826fdec84593f7,41e5a8930cdcae89,true,2026-09-20T14:40:09+00:00
20260920T143808Z-gpu_h96,electricity_hourly,T27,timesfm25,tsfm,168,96,20017,26.375399907430012,34.716032195144265,0.6347021368098131,6.9671090445479615,113.86763200016503,11.94287109375,,231289280,true,dcb2c10e4ac97b1d1289825869826fdec84593f7,41e5a8930cdcae89,true,2026-09-20T14:40:09+00:00
20260920T143808Z-gpu_h96,electricity_hourly,T27,timesfm25,tsfm,168,96,20018,24.037317911783855,33.013393096073415,0.6618305505347754,6.380570538308743,113.4640870000112,11.94287109375,,231289280,true,dcb2c10e4ac97b1d1289825869826fdec84593f7,41e5a8930cdcae89,true,2026-09-20T14:40:09+00:00
20260920T143808Z-gpu_h96,electricity_hourly,T27,timesfm25,tsfm,168,96,20019,52.493207136789955,60.64820871838607,1.2498382651616655,12.993871943766774,113.41193800035398,11.94287109375,,231289280,true,dcb2c10e4ac97b1d1289825869826fdec84593f7,41e5a8930cdcae89,true,2026-09-20T14:40:09+00:00
20260920T143808Z-gpu_h96,electricity_hourly,T27,timesfm25,tsfm,168,96,20020,32.11764272054037,41.351230788777706,0.7076102435369971,7.537231047430186,114.57367499997417,11.94287109375,,231289280,true,dcb2c10e4ac97b1d1289825869826fdec84593f7,41e5a8930cdcae89,true,2026-09-20T14:40:09+00:00
20260920T143808Z-gpu_h96,electricity_hourly,T27,chronos_bolt,tsfm,168,96,20000,17.21286424001058,22.012599860166873,0.52681242307365,5.641955705239819,74.788644000364,12.59375,,205292928,true,dcb2c10e4ac97b1d1289825869826fdec84593f7,41e5a8930cdcae89,true,2026-09-20T14:40:15+00:00
20260920T143808Z-gpu_h96,electricity_hourly,T27,chronos_bolt,tsfm,168,96,20001,37.658454736073814,48.34297708426776,1.271767702156339,11.298178726614294,75.93079500020394,12.59375,,205292928,true,dcb2c10e4ac97b1d1289825869826fdec84593f7,41e5a8930cdcae89,true,2026-09-20T14:40:15+00:00
20260920T143808Z-gpu_h96,electricity_hourly,T27,chronos_bolt,tsfm,168,96,20002,18.169929186503094,24.1131140331677,0.6232657939153038,5.725238492089685,72.57034500025838,12.59375,,205292928,true,dcb2c10e4ac97b1d1289825869826fdec84593f7,41e5a8930cdcae89,true,2026-09-20T14:40:15+00:00
20260920T143808Z-gpu_h96,electricity_hourly,T27,chronos_bolt,tsfm,168,96,20003,18.82174285252889,23.039254191726755,0.6654384902440854,5.879375082806012,70.70029299984526,12.59375,,205292928,true,dcb2c10e4ac97b1d1289825869826fdec84593f7,41e5a8930cdcae89,true,2026-09-20T14:40:15+00:00
20260920T143808Z-gpu_h96,electricity_hourly,T27,chronos_bolt,tsfm,168,96,20004,20.234197457631428,25.63233798720299,0.7843134411571805,6.342009632722616,75.81040900004155,12.59375,,205292928,true,dcb2c10e4ac97b1d1289825869826fdec84593f7,41e5a8930cdcae89,true,2026-09-20T14:40:15+00:00
20260920T143808Z-gpu_h96,electricity_hourly,T27,chronos_bolt,tsfm,168,96,20005,19.575480302174885,24.45677570598857,0.6198041256625294,6.080143651391626,75.86784499972055,12.59375,,205292928,true,dcb2c10e4ac97b1d1289825869826fdec84593f7,41e5a8930cdcae89,true,2026-09-20T14:40:15+00:00
20260920T143808Z-gpu_h96,electricity_hourly,T27,chronos_bolt,tsfm,168,96,20006,15.979581832885742,19.945978061198723,0.5487860204950028,4.961061177414598,79.76401299993086,12.59375,,205292928,true,dcb2c10e4ac97b1d1289825869826fdec84593f7,41e5a8930cdcae89,true,2026-09-20T14:40:15+00:00
20260920T143808Z-gpu_h96,electricity_hourly,T27,chronos_bolt,tsfm,168,96,20007,22.71705452601115,28.845185997528485,0.8774827928502161,7.00236270332365,77.02564900000652,12.59375,,205292928,true,dcb2c10e4ac97b1d1289825869826fdec84593f7,41e5a8930cdcae89,true,2026-09-20T14:40:15+00:00
20260920T143808Z-gpu_h96,electricity_hourly,T27,chronos_bolt,tsfm,168,96,20008,18.611009120941162,24.65695943105308,0.6750592729006366,5.9377569236079895,76.38294500020493,12.59375,,205292928,true,dcb2c10e4ac97b1d1289825869826fdec84593f7,41e5a8930cdcae89,true,2026-09-20T14:40:15+00:00
20260920T143808Z-gpu_h96,electricity_hourly,T27,chronos_bolt,tsfm,168,96,20009,20.03498140970866,24.22760231430075,0.7267096531481227,6.052339488857257,75.16015100009099,12.59375,,205292928,true,dcb2c10e4ac97b1d1289825869826fdec84593f7,41e5a8930cdcae89,true,2026-09-20T14:40:15+00:00
20260920T143808Z-gpu_h96,electricity_hourly,T27,chronos_bolt,tsfm,168,96,20010,17.416039148966473,22.480169712153184,0.6620669581444487,5.201563795604919,90.06606000002648,12.59375,,205292928,true,dcb2c10e4ac97b1d1289825869826fdec84593f7,41e5a8930cdcae89,true,2026-09-20T14:40:15+00:00
20260920T143808Z-gpu_h96,electricity_hourly,T27,chronos_bolt,tsfm,168,96,20011,19.565143585205078,24.9052722674508,0.704697517826296,6.30716897162062,76.71478099973683,12.59375,,205292928,true,dcb2c10e4ac97b1d1289825869826fdec84593f7,41e5a8930cdcae89,true,2026-09-20T14:40:15+00:00
20260920T143808Z-gpu_h96,electricity_hourly,T27,chronos_bolt,tsfm,168,96,20012,22.495696703592937,30.333366686842375,0.7714647119117368,6.922974871348873,74.48069900010523,12.59375,,205292928,true,dcb2c10e4ac97b1d1289825869826fdec84593f7,41e5a8930cdcae89,true,2026-09-20T14:40:15+00:00
20260920T143808Z-gpu_h96,electricity_hourly,T27,chronos_bolt,tsfm,168,96,20013,18.127963066101074,25.396648143959183,0.6860516902808291,5.312377656840076,71.4437149999867,12.59375,,205292928,true,dcb2c10e4ac97b1d1289825869826fdec84593f7,41e5a8930cdcae89,true,2026-09-20T14:40:15+00:00
20260920T143808Z-gpu_h96,electricity_hourly,T27,chronos_bolt,tsfm,168,96,20014,13.63600492477417,16.93949711402785,0.41974876211361273,4.186658718388403,76.68436899984954,12.59375,,205292928,true,dcb2c10e4ac97b1d1289825869826fdec84593f7,41e5a8930cdcae89,true,2026-09-20T14:40:15+00:00
20260920T143808Z-gpu_h96,electricity_hourly,T27,chronos_bolt,tsfm,168,96,20015,18.6831267674764,24.42774691144574,0.6247956931065028,5.820187109761773,76.83630399969843,12.59375,,205292928,true,dcb2c10e4ac97b1d1289825869826fdec84593f7,41e5a8930cdcae89,true,2026-09-20T14:40:15+00:00
20260920T143808Z-gpu_h96,electricity_hourly,T27,chronos_bolt,tsfm,168,96,20016,19.525864283243816,24.923582136644665,0.5350569851164814,5.52732445726111,74.01364599991211,12.59375,,205292928,true,dcb2c10e4ac97b1d1289825869826fdec84593f7,41e5a8930cdcae89,true,2026-09-20T14:40:15+00:00
20260920T143808Z-gpu_h96,electricity_hourly,T27,chronos_bolt,tsfm,168,96,20017,23.10080083211263,31.41314898592923,0.5559016243021755,6.008357572857894,74.2709900000591,12.59375,,205292928,true,dcb2c10e4ac97b1d1289825869826fdec84593f7,41e5a8930cdcae89,true,2026-09-20T14:40:15+00:00
20260920T143808Z-gpu_h96,electricity_hourly,T27,chronos_bolt,tsfm,168,96,20018,18.822737375895183,26.114174938184508,0.5182551017454888,5.023506263622844,72.37162599994917,12.59375,,205292928,true,dcb2c10e4ac97b1d1289825869826fdec84593f7,41e5a8930cdcae89,true,2026-09-20T14:40:15+00:00
20260920T143808Z-gpu_h96,electricity_hourly,T27,chronos_bolt,tsfm,168,96,20019,42.63667106628418,52.327546614271625,1.0151588349115281,10.617691885485439,77.11327099968912,12.59375,,205292928,true,dcb2c10e4ac97b1d1289825869826fdec84593f7,41e5a8930cdcae89,true,2026-09-20T14:40:15+00:00
20260920T143808Z-gpu_h96,electricity_hourly,T27,chronos_bolt,tsfm,168,96,20020,23.435333887736004,29.82090148794967,0.5163231456294346,5.584153414383805,73.44111600014003,12.59375,,205292928,true,dcb2c10e4ac97b1d1289825869826fdec84593f7,41e5a8930cdcae89,true,2026-09-20T14:40:15+00:00
20260920T143808Z-gpu_h96,electricity_hourly,T41,lstm,deep,168,96,30000,647.4927551442275,804.2376998499194,1.6668267857407981,19.734177728642088,341.2343510003666,16.14599609375,0.30717278300016915,4513,false,dcb2c10e4ac97b1d1289825869826fdec84593f7,41e5a8930cdcae89,true,2026-09-20T14:40:26+00:00
20260920T143808Z-gpu_h96,electricity_hourly,T41,lstm,deep,168,96,30001,685.2838097930521,826.4115624678851,1.766385075183466,19.958860994376735,348.72721500005355,16.10986328125,0.31637369999998555,4513,false,dcb2c10e4ac97b1d1289825869826fdec84593f7,41e5a8930cdcae89,true,2026-09-20T14:40:26+00:00
20260920T143808Z-gpu_h96,electricity_hourly,T41,lstm,deep,168,96,30002,598.6490251557149,755.4229988310366,2.2779161722445553,17.20957088348296,356.8427850000262,16.10986328125,0.3208395230003589,4513,false,dcb2c10e4ac97b1d1289825869826fdec84593f7,41e5a8930cdcae89,true,2026-09-20T14:40:26+00:00
20260920T143808Z-gpu_h96,electricity_hourly,T41,lstm,deep,168,96,30003,330.3043500078108,448.6647363830849,1.0005222322961096,9.590590502727386,358.8333079997028,16.10986328125,0.32695546900004047,4513,false,dcb2c10e4ac97b1d1289825869826fdec84593f7,41e5a8930cdcae89,true,2026-09-20T14:40:26+00:00
20260920T143808Z-gpu_h96,electricity_hourly,T41,lstm,deep,168,96,30004,610.8839308255708,755.955295253999,2.4409591553050167,17.315214824295133,361.49857199961843,16.10986328125,0.3261360319997948,4513,false,dcb2c10e4ac97b1d1289825869826fdec84593f7,41e5a8930cdcae89,true,2026-09-20T14:40:26+00:00
20260920T143808Z-gpu_h96,electricity_hourly,T41,lstm,deep,168,96,30005,475.2623072781837,576.8707783448062,1.5035981247925665,12.916798673781896,350.8391229997869,16.10986328125,0.31774805499981085,4513,false,dcb2c10e4ac97b1d1289825869826fdec84593f7,41e5a8930cdcae89,true,2026-09-20T14:40:26+00:00
20260920T143808Z-gpu_h96,electricity_hourly,T41,lstm,deep,168,96,30006,817.0310584845614,1050.8929564034693,2.218602157680121,22.825819234030575,339.4799669999884,16.10986328125,0.3066266999999243,4513,false,dcb2c10e4ac97b1d1289825869826fdec84593f7,41e5a8930cdcae89,true,2026-09-20T14:40:26+00:00
20260920T143808Z-gpu_h96,electricity_hourly,T41,lstm,deep,168,96,30007,625.6837544368724,816.5378991209869,2.334036076858961,18.018096087277865,345.29521600006774,16.10986328125,0.3117808540000624,4513,false,dcb2c10e4ac97b1d1289825869826fdec84593f7,41e5a8930cdcae89,true,2026-09-20T14:40:26+00:00
20260920T143808Z-gpu_h96,electricity_hourly,T41,lstm,deep,168,96,30008,225.39114854685803,298.2095618166139,0.7782358324121222,7.287910626976759,358.07751399988774,16.10986328125,0.32531082700006664,4513,false,dcb2c10e4ac97b1d1289825869826fdec84593f7,41e5a8930cdcae89,true,2026-09-20T14:40:26+00:00
20260920T143808Z-gpu_h96,electricity_hourly,T41,lstm,deep,168,96,30009,430.6622730164422,592.107025469227,2.0744394485488438,12.488969176602486,353.57410899996466,16.10986328125,0.3203385070000877,4513,false,dcb2c10e4ac97b1d1289825869826fdec84593f7,41e5a8930cdcae89,true,2026-09-20T14:40:26+00:00
20260920T143808Z-gpu_h96,electricity_hourly,T41,lstm,deep,168,96,30010,440.9093215846492,602.6625787956777,1.285710224539093,12.221438175541394,361.80219500010935,16.10986328125,0.32796705900000234,4513,false,dcb2c10e4ac97b1d1289825869826fdec84593f7,41e5a8930cdcae89,true,2026-09-20T14:40:26+00:00
20260920T143808Z-gpu_h96,electricity_hourly,T41,lstm,deep,168,96,30011,493.1333678911038,593.4812856638175,1.6728593129713054,13.609873446620183,391.36060200007705,16.10986328125,0.35529876700002205,4513,false,dcb2c10e4ac97b1d1289825869826fdec84593f7,41e5a8930cdcae89,true,2026-09-20T14:40:26+00:00
20260920T143808Z-gpu_h96,electricity_hourly,T41,lstm,deep,168,96,30012,280.14594137688204,360.68574104458105,0.8724456748258183,7.810849077619942,364.46068499981266,16.10986328125,0.3303860560004068,4513,false,dcb2c10e4ac97b1d1289825869826fdec84593f7,41e5a8930cdcae89,true,2026-09-20T14:40:26+00:00
20260920T143808Z-gpu_h96,electricity_hourly,T41,lstm,deep,168,96,30013,282.97530112252304,358.84226505794214,0.8563115908385517,8.221170007208316,338.70380200005457,16.10986328125,0.30595465400028843,4513,false,dcb2c10e4ac97b1d1289825869826fdec84593f7,41e5a8930cdcae89,true,2026-09-20T14:40:26+00:00
20260920T143808Z-gpu_h96,electricity_hourly,T41,lstm,deep,168,96,30014,311.93394938496994,397.66923263762703,1.0532131752546525,8.554538717159453,336.0565250000036,16.10986328125,0.3036126910001258,4513,false,dcb2c10e4ac97b1d1289825869826fdec84593f7,41e5a8930cdcae89,true,2026-09-20T14:40:26+00:00
20260920T143808Z-gpu_h96,electricity_hourly,T41,lstm,deep,168,96,30015,655.994530823324,895.2593124752185,1.8880558929996534,17.240344954883742,373.44098299990947,16.10986328125,0.33799296799998046,4513,false,dcb2c10e4ac97b1d1289825869826fdec84593f7,41e5a8930cdcae89,true,2026-09-20T14:40:26+00:00
20260920T143808Z-gpu_h96,electricity_hourly,T41,lstm,deep,168,96,30016,1169.3846520081863,1447.7880674385074,3.574278100891043,29.750166172293476,344.15088000014293,16.10986328125,0.3110183699996014,4513,false,dcb2c10e4ac97b1d1289825869826fdec84593f7,41e5a8930cdcae89,true,2026-09-20T14:40:26+00:00
20260920T143808Z-gpu_h96,electricity_hourly,T41,lstm,deep,168,96,30017,487.72118153252705,610.2686844918544,1.3858175998082816,12.102140462944899,379.4262669998716,16.10986328125,0.3452327059999334,4513,false,dcb2c10e4ac97b1d1289825869826fdec84593f7,41e5a8930cdcae89,true,2026-09-20T14:40:26+00:00
20260920T143808Z-gpu_h96,electricity_hourly,T41,lstm,deep,168,96,30018,1162.1865398285518,1439.909555714969,3.59400540610569,30.07157577236232,345.45590600009746,16.10986328125,0.3123705250000057,4513,false,dcb2c10e4ac97b1d1289825869826fdec84593f7,41e5a8930cdcae89,true,2026-09-20T14:40:26+00:00
20260920T143808Z-gpu_h96,electricity_hourly,T41,lstm,deep,168,96,30019,514.2017700440232,711.657204129564,1.2685464260123238,11.831376024202234,352.705220000189,16.10986328125,0.3175635769998735,4513,false,dcb2c10e4ac97b1d1289825869826fdec84593f7,41e5a8930cdcae89,true,2026-09-20T14:40:26+00:00
20260920T143808Z-gpu_h96,electricity_hourly,T41,lstm,deep,168,96,30020,1403.9797431247637,1717.5396278826677,4.05970046204751,31.699838761015197,345.14816099999734,16.10986328125,0.31278012700022373,4513,false,dcb2c10e4ac97b1d1289825869826fdec84593f7,41e5a8930cdcae89,true,2026-09-20T14:40:26+00:00
20260920T143808Z-gpu_h96,electricity_hourly,T41,transformer,deep,168,96,30000,685.0451082260265,866.6323590860717,1.7634970071248135,21.223892995657515,557.6075640001363,10.6845703125,0.5546180629999071,19232,false,dcb2c10e4ac97b1d1289825869826fdec84593f7,41e5a8930cdcae89,true,2026-09-20T14:40:43+00:00
20260920T143808Z-gpu_h96,electricity_hourly,T41,transformer,deep,168,96,30001,448.0138250023392,534.1115717503142,1.1547988186076836,13.652569237921075,562.3512629999823,10.525390625,0.5594756379996397,19232,false,dcb2c10e4ac97b1d1289825869826fdec84593f7,41e5a8930cdcae89,true,2026-09-20T14:40:43+00:00
20260920T143808Z-gpu_h96,electricity_hourly,T41,transformer,deep,168,96,30002,341.69598701806336,403.04562214541255,1.3001855546612706,9.886409476779589,565.958516000137,10.525390625,0.5630808350001644,19232,false,dcb2c10e4ac97b1d1289825869826fdec84593f7,41e5a8930cdcae89,true,2026-09-20T14:40:43+00:00
20260920T143808Z-gpu_h96,electricity_hourly,T41,transformer,deep,168,96,30003,415.63210381164305,501.8315345111111,1.258987840486266,12.318897586316785,564.0970800000105,10.525390625,0.5608808580000186,19232,false,dcb2c10e4ac97b1d1289825869826fdec84593f7,41e5a8930cdcae89,true,2026-09-20T14:40:43+00:00
20260920T143808Z-gpu_h96,electricity_hourly,T41,transformer,deep,168,96,30004,410.75403958257874,526.9865707577883,1.6412836922107592,11.656063777140178,564.1378210002586,10.525390625,0.561278757999844,19232,false,dcb2c10e4ac97b1d1289825869826fdec84593f7,41e5a8930cdcae89,true,2026-09-20T14:40:43+00:00
20260920T143808Z-gpu_h96,electricity_hourly,T41,transformer,deep,168,96,30005,432.71954613613343,539.5525304464832,1.369004627902347,11.927962482964567,559.7265360001984,10.525390625,0.5569143239999903,19232,false,dcb2c10e4ac97b1d1289825869826fdec84593f7,41e5a8930cdcae89,true,2026-09-20T14:40:43+00:00
20260920T143808Z-gpu_h96,electricity_hourly,T41,transformer,deep,168,96,30006,610.3656726084201,797.2105794647496,1.657413857356449,17.332720192235595,595.0805880002008,10.525390625,0.5902425439999206,19232,false,dcb2c10e4ac97b1d1289825869826fdec84593f7,41e5a8930cdcae89,true,2026-09-20T14:40:43+00:00
20260920T143808Z-gpu_h96,electricity_hourly,T41,transformer,deep,168,96,30007,320.6160689174605,415.49873034532243,1.1960187017282604,9.665834993135787,563.2072690000314,10.525390625,0.5603886750000129,19232,false,dcb2c10e4ac97b1d1289825869826fdec84593f7,41e5a8930cdcae89,true,2026-09-20T14:40:43+00:00
20260920T143808Z-gpu_h96,electricity_hourly,T41,transformer,deep,168,96,30008,250.39315808813998,329.76014440534425,0.864563356065032,8.149900587768858,554.7100620001402,10.525390625,0.5517397680000613,19232,false,dcb2c10e4ac97b1d1289825869826fdec84593f7,41e5a8930cdcae89,true,2026-09-20T14:40:43+00:00
20260920T143808Z-gpu_h96,electricity_hourly,T41,transformer,deep,168,96,30009,878.214346847965,1082.9135400469913,4.230234686272185,25.964887081599446,568.4602090000226,10.525390625,0.5656942279997565,19232,false,dcb2c10e4ac97b1d1289825869826fdec84593f7,41e5a8930cdcae89,true,2026-09-20T14:40:43+00:00
20260920T143808Z-gpu_h96,electricity_hourly,T41,transformer,deep,168,96,30010,744.9650296169656,910.0209997103924,2.1723495254311906,21.0439837030561,562.7527169999667,10.525390625,0.5598956409999118,19232,false,dcb2c10e4ac97b1d1289825869826fdec84593f7,41e5a8930cdcae89,true,2026-09-20T14:40:43+00:00
20260920T143808Z-gpu_h96,electricity_hourly,T41,transformer,deep,168,96,30011,750.6006314289484,904.1271306487546,2.546267071680571,20.86252525103844,570.232665000276,10.525390625,0.5672650360002081,19232,false,dcb2c10e4ac97b1d1289825869826fdec84593f7,41e5a8930cdcae89,true,2026-09-20T14:40:43+00:00
20260920T143808Z-gpu_h96,electricity_hourly,T41,transformer,deep,168,96,30012,576.6809325023664,784.3910424078254,1.7959310166816056,15.933778410163466,576.2330570000813,10.525390625,0.5735113530004128,19232,false,dcb2c10e4ac97b1d1289825869826fdec84593f7,41e5a8930cdcae89,true,2026-09-20T14:40:43+00:00
20260920T143808Z-gpu_h96,electricity_hourly,T41,transformer,deep,168,96,30013,306.5508584862303,398.0939814776946,0.9276535876521911,8.750384464182345,565.8207060000677,10.525390625,0.5630016860000069,19232,false,dcb2c10e4ac97b1d1289825869826fdec84593f7,41e5a8930cdcae89,true,2026-09-20T14:40:43+00:00
20260920T143808Z-gpu_h96,electricity_hourly,T41,transformer,deep,168,96,30014,685.1557147745234,829.1992558654323,2.3133584123316226,18.278652544689855,567.3951590001707,10.525390625,0.5645415439998942,19232,false,dcb2c10e4ac97b1d1289825869826fdec84593f7,41e5a8930cdcae89,true,2026-09-20T14:40:43+00:00
20260920T143808Z-gpu_h96,electricity_hourly,T41,transformer,deep,168,96,30015,255.54022458760383,368.6724402902744,0.735485136325051,6.878846306039989,555.4712260000088,10.525390625,0.5525839269998869,19232,false,dcb2c10e4ac97b1d1289825869826fdec84593f7,41e5a8930cdcae89,true,2026-09-20T14:40:43+00:00
20260920T143808Z-gpu_h96,electricity_hourly,T41,transformer,deep,168,96,30016,1162.9448995824293,1474.999012832553,3.554594700710431,28.54975934638455,554.2116829997212,10.525390625,0.5513089779997244,19232,false,dcb2c10e4ac97b1d1289825869826fdec84593f7,41e5a8930cdcae89,true,2026-09-20T14:40:43+00:00
20260920T143808Z-gpu_h96,electricity_hourly,T41,transformer,deep,168,96,30017,455.1481342757082,558.5418178641713,1.293264100232877,11.34564650038447,558.207030000176,10.525390625,0.5552868459999445,19232,false,dcb2c10e4ac97b1d1289825869826fdec84593f7,41e5a8930cdcae89,true,2026-09-20T14:40:43+00:00
20260920T143808Z-gpu_h96,electricity_hourly,T41,transformer,deep,168,96,30018,819.3460204680861,1051.7829152039076,2.533787757916985,21.328278473500017,555.9755000003861,10.525390625,0.553047948999847,19232,false,dcb2c10e4ac97b1d1289825869826fdec84593f7,41e5a8930cdcae89,true,2026-09-20T14:40:43+00:00
20260920T143808Z-gpu_h96,electricity_hourly,T41,transformer,deep,168,96,30019,504.3271995270447,652.1077974560708,1.2441856558487996,11.425939134768758,565.7167729996218,10.525390625,0.5620400259999769,19232,false,dcb2c10e4ac97b1d1289825869826fdec84593f7,41e5a8930cdcae89,true,2026-09-20T14:40:43+00:00
20260920T143808Z-gpu_h96,electricity_hourly,T41,transformer,deep,168,96,30020,512.1905773574914,638.0426033486158,1.48103299476865,11.938027803856157,597.9645329998675,10.525390625,0.5950720030000411,19232,false,dcb2c10e4ac97b1d1289825869826fdec84593f7,41e5a8930cdcae89,true,2026-09-20T14:40:43+00:00
20260920T143808Z-gpu_h96,electricity_hourly,T41,timesfm25,tsfm,168,96,30000,180.2450154622396,233.0597976583032,0.4640008978970021,5.277298848949749,110.73788100020465,11.94287109375,,231289280,true,dcb2c10e4ac97b1d1289825869826fdec84593f7,41e5a8930cdcae89,true,2026-09-20T14:40:49+00:00
20260920T143808Z-gpu_h96,electricity_hourly,T41,timesfm25,tsfm,168,96,30001,297.5693639119466,371.8353687382572,0.7670137186002275,8.738520543465366,114.3103389999851,11.94287109375,,231289280,true,dcb2c10e4ac97b1d1289825869826fdec84593f7,41e5a8930cdcae89,true,2026-09-20T14:40:49+00:00
20260920T143808Z-gpu_h96,electricity_hourly,T41,timesfm25,tsfm,168,96,30002,201.53025563557944,266.31119700569724,0.7668416872297706,5.774365245382734,108.42023699979109,11.94287109375,,231289280,true,dcb2c10e4ac97b1d1289825869826fdec84593f7,41e5a8930cdcae89,true,2026-09-20T14:40:49+00:00
20260920T143808Z-gpu_h96,electricity_hourly,T41,timesfm25,tsfm,168,96,30003,211.05676778157553,265.20776707847034,0.6393103464638902,6.045939626446672,117.13654699997278,11.94287109375,,231289280,true,dcb2c10e4ac97b1d1289825869826fdec84593f7,41e5a8930cdcae89,true,2026-09-20T14:40:49+00:00
20260920T143808Z-gpu_h96,electricity_hourly,T41,timesfm25,tsfm,168,96,30004,263.50257364908856,340.1575925607526,1.0528989013116363,7.381336849869646,128.63434399969265,11.94287109375,,231289280,true,dcb2c10e4ac97b1d1289825869826fdec84593f7,41e5a8930cdcae89,true,2026-09-20T14:40:49+00:00
20260920T143808Z-gpu_h96,electricity_hourly,T41,timesfm25,tsfm,168,96,30005,209.27310689290366,254.4573754574428,0.6620820676812138,5.664215035856312,117.40799900007914,11.94287109375,,231289280,true,dcb2c10e4ac97b1d1289825869826fdec84593f7,41e5a8930cdcae89,true,2026-09-20T14:40:49+00:00
20260920T143808Z-gpu_h96,electricity_hourly,T41,timesfm25,tsfm,168,96,30006,371.6927312215169,447.05679763224265,1.0093108296416826,11.282276075463093,111.66841900012514,11.94287109375,,231289280,true,dcb2c10e4ac97b1d1289825869826fdec84593f7,41e5a8930cdcae89,true,2026-09-20T14:40:49+00:00
20260920T143808Z-gpu_h96,electricity_hourly,T41,timesfm25,tsfm,168,96,30007,277.4443715413411,426.30908546997443,1.0349720092729164,8.03146891657464,113.66162000012991,11.94287109375,,231289280,true,dcb2c10e4ac97b1d1289825869826fdec84593f7,41e5a8930cdcae89,true,2026-09-20T14:40:49+00:00
20260920T143808Z-gpu_h96,electricity_hourly,T41,timesfm25,tsfm,168,96,30008,174.5885798136393,240.6406268753461,0.6028235341844878,5.571471437277175,111.75501000025179,11.94287109375,,231289280,true,dcb2c10e4ac97b1d1289825869826fdec84593f7,41e5a8930cdcae89,true,2026-09-20T14:40:49+00:00
20260920T143808Z-gpu_h96,electricity_hourly,T41,timesfm25,tsfm,168,96,30009,424.72869873046875,519.6546946457263,2.04585825780858,12.295177562324925,115.37304300009055,11.94287109375,,231289280,true,dcb2c10e4ac97b1d1289825869826fdec84593f7,41e5a8930cdcae89,true,2026-09-20T14:40:49+00:00
20260920T143808Z-gpu_h96,electricity_hourly,T41,timesfm25,tsfm,168,96,30010,227.38381958007812,267.7003486927299,0.6630608322775758,6.559153645736409,106.7006630000833,11.94287109375,,231289280,true,dcb2c10e4ac97b1d1289825869826fdec84593f7,41e5a8930cdcae89,true,2026-09-20T14:40:49+00:00
20260920T143808Z-gpu_h96,electricity_hourly,T41,timesfm25,tsfm,168,96,30011,204.5676727294922,271.6925074566176,0.6939561561649715,5.991610009590228,114.31687100002819,11.94287109375,,231289280,true,dcb2c10e4ac97b1d1289825869826fdec84593f7,41e5a8930cdcae89,true,2026-09-20T14:40:49+00:00
20260920T143808Z-gpu_h96,electricity_hourly,T41,timesfm25,tsfm,168,96,30012,224.43136342366537,298.65729647111164,0.6989363163781183,5.932155561542398,116.24380500006737,11.94287109375,,231289280,true,dcb2c10e4ac97b1d1289825869826fdec84593f7,41e5a8930cdcae89,true,2026-09-20T14:40:49+00:00
20260920T143808Z-gpu_h96,electricity_hourly,T41,timesfm25,tsfm,168,96,30013,254.13856252034506,304.3158705788964,0.7690487328821437,7.309506025267363,117.56139199997051,11.94287109375,,231289280,true,dcb2c10e4ac97b1d1289825869826fdec84593f7,41e5a8930cdcae89,true,2026-09-20T14:40:49+00:00
20260920T143808Z-gpu_h96,electricity_hourly,T41,timesfm25,tsfm,168,96,30014,201.09917449951172,261.3294183699798,0.6789908585882363,5.374736774854714,114.61163800004215,11.94287109375,,231289280,true,dcb2c10e4ac97b1d1289825869826fdec84593f7,41e5a8930cdcae89,true,2026-09-20T14:40:49+00:00
20260920T143808Z-gpu_h96,electricity_hourly,T41,timesfm25,tsfm,168,96,30015,259.5032501220703,353.99120061757037,0.7468913498876344,7.001600130036084,112.28691799988155,11.94287109375,,231289280,true,dcb2c10e4ac97b1d1289825869826fdec84593f7,41e5a8930cdcae89,true,2026-09-20T14:40:49+00:00
20260920T143808Z-gpu_h96,electricity_hourly,T41,timesfm25,tsfm,168,96,30016,434.79244740804035,550.5923026684228,1.3289631606970158,10.687718492769239,118.47261999992043,11.94287109375,,231289280,true,dcb2c10e4ac97b1d1289825869826fdec84593f7,41e5a8930cdcae89,true,2026-09-20T14:40:49+00:00
20260920T143808Z-gpu_h96,electricity_hourly,T41,timesfm25,tsfm,168,96,30017,332.35384368896484,412.38674289518593,0.9443547325561068,8.481604007617243,111.63096299969766,11.94287109375,,231289280,true,dcb2c10e4ac97b1d1289825869826fdec84593f7,41e5a8930cdcae89,true,2026-09-20T14:40:49+00:00
20260920T143808Z-gpu_h96,electricity_hourly,T41,timesfm25,tsfm,168,96,30018,215.49615987141928,284.2054640504106,0.6664114038759664,5.979866327137975,116.5611279998302,11.94287109375,,231289280,true,dcb2c10e4ac97b1d1289825869826fdec84593f7,41e5a8930cdcae89,true,2026-09-20T14:40:49+00:00
20260920T143808Z-gpu_h96,electricity_hourly,T41,timesfm25,tsfm,168,96,30019,375.77652740478516,460.9809626298013,0.9270484828899959,8.57921240433485,106.97856100023273,11.94287109375,,231289280,true,dcb2c10e4ac97b1d1289825869826fdec84593f7,41e5a8930cdcae89,true,2026-09-20T14:40:49+00:00
20260920T143808Z-gpu_h96,electricity_hourly,T41,timesfm25,tsfm,168,96,30020,470.7105967203776,561.7426256661821,1.3610908820830196,10.803149608132905,118.0946069998754,11.94287109375,,231289280,true,dcb2c10e4ac97b1d1289825869826fdec84593f7,41e5a8930cdcae89,true,2026-09-20T14:40:49+00:00
20260920T143808Z-gpu_h96,electricity_hourly,T41,chronos_bolt,tsfm,168,96,30000,167.59320576985678,217.7876755555257,0.4314316141238403,4.946680124611098,72.48080599993045,12.59375,,205292928,true,dcb2c10e4ac97b1d1289825869826fdec84593f7,41e5a8930cdcae89,true,2026-09-20T14:40:54+00:00
20260920T143808Z-gpu_h96,electricity_hourly,T41,chronos_bolt,tsfm,168,96,30001,244.7479451497396,302.9730228912673,0.6308614202119806,7.1502115867235245,75.18106699990312,12.59375,,205292928,true,dcb2c10e4ac97b1d1289825869826fdec84593f7,41e5a8930cdcae89,true,2026-09-20T14:40:54+00:00
20260920T143808Z-gpu_h96,electricity_hourly,T41,chronos_bolt,tsfm,168,96,30002,169.57494099934897,220.51938202641324,0.6452486921019515,4.719622043541061,73.7742139999682,12.59375,,205292928,true,dcb2c10e4ac97b1d1289825869826fdec84593f7,41e5a8930cdcae89,true,2026-09-20T14:40:54+00:00
20260920T143808Z-gpu_h96,electricity_hourly,T41,chronos_bolt,tsfm,168,96,30003,161.08761342366537,215.38846619570626,0.48794918557411415,4.632040049388303,73.5921010000311,12.59375,,205292928,true,dcb2c10e4ac97b1d1289825869826fdec84593f7,41e5a8930cdcae89,true,2026-09-20T14:40:54+00:00
20260920T143808Z-gpu_h96,electricity_hourly,T41,chronos_bolt,tsfm,168,96,30004,221.76541646321616,303.9464144965113,0.8861263103031003,6.225032333126971,74.41808700014008,12.59375,,205292928,true,dcb2c10e4ac97b1d1289825869826fdec84593f7,41e5a8930cdcae89,true,2026-09-20T14:40:54+00:00
20260920T143808Z-gpu_h96,electricity_hourly,T41,chronos_bolt,tsfm,168,96,30005,217.17391459147134,268.8879828804231,0.6870780319266164,5.850579708667271,74.36803399968994,12.59375,,205292928,true,dcb2c10e4ac97b1d1289825869826fdec84593f7,41e5a8930cdcae89,true,2026-09-20T14:40:54+00:00
20260920T143808Z-gpu_h96,electricity_hourly,T41,chronos_bolt,tsfm,168,96,30006,416.34211985270184,464.99036642434834,1.1305537480442969,12.465792707150365,76.72699299973829,12.59375,,205292928,true,dcb2c10e4ac97b1d1289825869826fdec84593f7,41e5a8930cdcae89,true,2026-09-20T14:40:54+00:00
20260920T143808Z-gpu_h96,electricity_hourly,T41,chronos_bolt,tsfm,168,96,30007,242.0611089070638,364.7439996463703,0.90297911203091,7.129725432431745,75.50768100009009,12.59375,,205292928,true,dcb2c10e4ac97b1d1289825869826fdec84593f7,41e5a8930cdcae89,true,2026-09-20T14:40:54+00:00
20260920T143808Z-gpu_h96,electricity_hourly,T41,chronos_bolt,tsfm,168,96,30008,165.4809087117513,212.12015605065307,0.5713763542618916,5.2244969949616396,74.63777000020855,12.59375,,205292928,true,dcb2c10e4ac97b1d1289825869826fdec84593f7,41e5a8930cdcae89,true,2026-09-20T14:40:54+00:00
20260920T143808Z-gpu_h96,electricity_hourly,T41,chronos_bolt,tsfm,168,96,30009,290.4447987874349,362.39179636527695,1.3990316449369669,8.344127664006722,73.95925399987391,12.59375,,205292928,true,dcb2c10e4ac97b1d1289825869826fdec84593f7,41e5a8930cdcae89,true,2026-09-20T14:40:54+00:00
20260920T143808Z-gpu_h96,electricity_hourly,T41,chronos_bolt,tsfm,168,96,30010,201.14950307210287,240.1281938468146,0.5865604560848652,5.908666056970115,73.62384099997143,12.59375,,205292928,true,dcb2c10e4ac97b1d1289825869826fdec84593f7,41e5a8930cdcae89,true,2026-09-20T14:40:54+00:00
20260920T143808Z-gpu_h96,electricity_hourly,T41,chronos_bolt,tsfm,168,96,30011,164.8998591105143,210.40329572389757,0.5593907915831718,4.905036445380267,76.27660600019226,12.59375,,205292928,true,dcb2c10e4ac97b1d1289825869826fdec84593f7,41e5a8930cdcae89,true,2026-09-20T14:40:54+00:00
20260920T143808Z-gpu_h96,electricity_hourly,T41,chronos_bolt,tsfm,168,96,30012,200.56895955403647,257.37648679699566,0.624622724881188,5.451084619540163,74.5676189999358,12.59375,,205292928,true,dcb2c10e4ac97b1d1289825869826fdec84593f7,41e5a8930cdcae89,true,2026-09-20T14:40:54+00:00
20260920T143808Z-gpu_h96,electricity_hourly,T41,chronos_bolt,tsfm,168,96,30013,210.9164047241211,263.76077258944173,0.6382541562701938,6.167606226326359,73.67312199994558,12.59375,,205292928,true,dcb2c10e4ac97b1d1289825869826fdec84593f7,41e5a8930cdcae89,true,2026-09-20T14:40:54+00:00
20260920T143808Z-gpu_h96,electricity_hourly,T41,chronos_bolt,tsfm,168,96,30014,168.29033660888672,219.6002211559221,0.5682151626457758,4.725604529432819,75.98787699998866,12.59375,,205292928,true,dcb2c10e4ac97b1d1289825869826fdec84593f7,41e5a8930cdcae89,true,2026-09-20T14:40:54+00:00
20260920T143808Z-gpu_h96,electricity_hourly,T41,chronos_bolt,tsfm,168,96,30015,235.09471893310547,322.9851722216628,0.6766397410930441,6.4310505449945765,74.87121899976046,12.59375,,205292928,true,dcb2c10e4ac97b1d1289825869826fdec84593f7,41e5a8930cdcae89,true,2026-09-20T14:40:54+00:00
20260920T143808Z-gpu_h96,electricity_hourly,T41,chronos_bolt,tsfm,168,96,30016,293.29010009765625,351.08820506881074,0.8964547124737328,7.643713453802723,70.1223089999985,12.59375,,205292928,true,dcb2c10e4ac97b1d1289825869826fdec84593f7,41e5a8930cdcae89,true,2026-09-20T14:40:54+00:00
20260920T143808Z-gpu_h96,electricity_hourly,T41,chronos_bolt,tsfm,168,96,30017,324.40625254313153,406.3993426616893,0.9217723389611268,8.158473654511553,73.71645000011995,12.59375,,205292928,true,dcb2c10e4ac97b1d1289825869826fdec84593f7,41e5a8930cdcae89,true,2026-09-20T14:40:54+00:00
20260920T143808Z-gpu_h96,electricity_hourly,T41,chronos_bolt,tsfm,168,96,30018,198.223025004069,255.04880457109343,0.6129950735656811,5.466195372369068,75.28868300005342,12.59375,,205292928,true,dcb2c10e4ac97b1d1289825869826fdec84593f7,41e5a8930cdcae89,true,2026-09-20T14:40:54+00:00
20260920T143808Z-gpu_h96,electricity_hourly,T41,chronos_bolt,tsfm,168,96,30019,364.55860646565753,450.5762199627025,0.8993736393876081,8.390381972065212,75.82188800006406,12.59375,,205292928,true,dcb2c10e4ac97b1d1289825869826fdec84593f7,41e5a8930cdcae89,true,2026-09-20T14:40:54+00:00
20260920T143808Z-gpu_h96,electricity_hourly,T41,chronos_bolt,tsfm,168,96,30020,405.54372151692706,482.5961153555329,1.1726565441453314,9.63114121246587,74.24722199993994,12.59375,,205292928,true,dcb2c10e4ac97b1d1289825869826fdec84593f7,41e5a8930cdcae89,true,2026-09-20T14:40:54+00:00
20260920T143808Z-gpu_h96,electricity_hourly,T54,lstm,deep,168,96,40000,20.796635624940674,25.37953563570231,1.3980931512565158,10.097566972215855,356.8858469998304,16.14599609375,0.323557529000027,4513,false,dcb2c10e4ac97b1d1289825869826fdec84593f7,41e5a8930cdcae89,true,2026-09-20T14:41:06+00:00
20260920T143808Z-gpu_h96,electricity_hourly,T54,lstm,deep,168,96,40001,47.09638383053584,61.216702275873565,2.0588583095316215,22.56518049128911,335.1405389998945,16.10986328125,0.3013053579998086,4513,false,dcb2c10e4ac97b1d1289825869826fdec84593f7,41e5a8930cdcae89,true,2026-09-20T14:41:06+00:00
20260920T143808Z-gpu_h96,electricity_hourly,T54,lstm,deep,168,96,40002,50.20847037199125,64.70682508018122,3.4023622275608187,23.62475491156306,346.3625869999305,16.10986328125,0.3114785220000158,4513,false,dcb2c10e4ac97b1d1289825869826fdec84593f7,41e5a8930cdcae89,true,2026-09-20T14:41:06+00:00
20260920T143808Z-gpu_h96,electricity_hourly,T54,lstm,deep,168,96,40003,14.804326012612732,19.809662024123305,0.6804414126448239,6.678727775379373,334.2768980000983,16.10986328125,0.3010406270000203,4513,false,dcb2c10e4ac97b1d1289825869826fdec84593f7,41e5a8930cdcae89,true,2026-09-20T14:41:06+00:00
20260920T143808Z-gpu_h96,electricity_hourly,T54,lstm,deep,168,96,40004,35.35963563331844,44.51136427730421,1.8522326413960915,15.394396691535746,348.52046000014525,16.10986328125,0.3130408419997366,4513,false,dcb2c10e4ac97b1d1289825869826fdec84593f7,41e5a8930cdcae89,true,2026-09-20T14:41:06+00:00
20260920T143808Z-gpu_h96,electricity_hourly,T54,lstm,deep,168,96,40005,32.669234834784135,40.81752984510037,0.9653949961438365,13.542414468470499,336.77172799980326,16.10986328125,0.30296623699996417,4513,false,dcb2c10e4ac97b1d1289825869826fdec84593f7,41e5a8930cdcae89,true,2026-09-20T14:41:06+00:00
20260920T143808Z-gpu_h96,electricity_hourly,T54,lstm,deep,168,96,40006,47.41290082596845,56.05998162675075,1.9017988075040269,19.930108494121317,359.9115970000639,16.10986328125,0.32331053600000814,4513,false,dcb2c10e4ac97b1d1289825869826fdec84593f7,41e5a8930cdcae89,true,2026-09-20T14:41:06+00:00
20260920T143808Z-gpu_h96,electricity_hourly,T54,lstm,deep,168,96,40007,60.48545111719918,69.12994151258967,2.3771574674881775,27.41209930948485,341.662327999984,16.10986328125,0.30684810999991896,4513,false,dcb2c10e4ac97b1d1289825869826fdec84593f7,41e5a8930cdcae89,true,2026-09-20T14:41:06+00:00
20260920T143808Z-gpu_h96,electricity_hourly,T54,lstm,deep,168,96,40008,36.276032519738756,45.172065384666595,1.8484602557828664,16.36121101937407,348.38194299982206,16.10986328125,0.31295585600037157,4513,false,dcb2c10e4ac97b1d1289825869826fdec84593f7,41e5a8930cdcae89,true,2026-09-20T14:41:06+00:00
20260920T143808Z-gpu_h96,electricity_hourly,T54,lstm,deep,168,96,40009,30.354329567917663,40.809161686039324,1.5941004587090237,12.965353447932507,343.28585100001874,16.10986328125,0.309525377999762,4513,false,dcb2c10e4ac97b1d1289825869826fdec84593f7,41e5a8930cdcae89,true,2026-09-20T14:41:06+00:00
20260920T143808Z-gpu_h96,electricity_hourly,T54,lstm,deep,168,96,40010,19.490006056841963,27.682421725216916,1.0034182596300474,8.528332872753607,341.3842420000037,16.10986328125,0.3085958639999262,4513,false,dcb2c10e4ac97b1d1289825869826fdec84593f7,41e5a8930cdcae89,true,2026-09-20T14:41:06+00:00
20260920T143808Z-gpu_h96,electricity_hourly,T54,lstm,deep,168,96,40011,34.977860647790365,47.13665440165915,2.157092905045744,15.726096306360684,354.5728019998933,16.10986328125,0.3193505849999383,4513,false,dcb2c10e4ac97b1d1289825869826fdec84593f7,41e5a8930cdcae89,true,2026-09-20T14:41:06+00:00
20260920T143808Z-gpu_h96,electricity_hourly,T54,lstm,deep,168,96,40012,49.73608977573062,62.26734376973299,2.7304601325601254,22.20141380690398,350.09260900005756,16.10986328125,0.31693685900017954,4513,false,dcb2c10e4ac97b1d1289825869826fdec84593f7,41e5a8930cdcae89,true,2026-09-20T14:41:06+00:00
20260920T143808Z-gpu_h96,electricity_hourly,T54,lstm,deep,168,96,40013,48.560011130446675,62.82058428082961,2.693621572721233,20.543587700147327,365.9105889996681,16.10986328125,0.3319032360000165,4513,false,dcb2c10e4ac97b1d1289825869826fdec84593f7,41e5a8930cdcae89,true,2026-09-20T14:41:06+00:00
20260920T143808Z-gpu_h96,electricity_hourly,T54,lstm,deep,168,96,40014,89.84247436337073,99.91895479317122,4.085038303860241,35.37852557049801,390.65297999968607,16.10986328125,0.35384758200007127,4513,false,dcb2c10e4ac97b1d1289825869826fdec84593f7,41e5a8930cdcae89,true,2026-09-20T14:41:06+00:00
20260920T143808Z-gpu_h96,electricity_hourly,T54,lstm,deep,168,96,40015,65.83667196293669,82.03846075285031,3.6874682079591143,28.75932447910674,355.121546999726,16.10986328125,0.32006001699983244,4513,false,dcb2c10e4ac97b1d1289825869826fdec84593f7,41e5a8930cdcae89,true,2026-09-20T14:41:06+00:00
20260920T143808Z-gpu_h96,electricity_hourly,T54,lstm,deep,168,96,40016,35.194006624688704,44.70439618491478,1.9758038806842781,13.515310095652792,351.98027699971135,16.10986328125,0.3157707959999243,4513,false,dcb2c10e4ac97b1d1289825869826fdec84593f7,41e5a8930cdcae89,true,2026-09-20T14:41:06+00:00
20260920T143808Z-gpu_h96,electricity_hourly,T54,lstm,deep,168,96,40017,52.61208720067304,69.15070358120096,2.5144840879179946,19.306793828284672,348.4781000001931,16.10986328125,0.31213996299993596,4513,false,dcb2c10e4ac97b1d1289825869826fdec84593f7,41e5a8930cdcae89,true,2026-09-20T14:41:06+00:00
20260920T143808Z-gpu_h96,electricity_hourly,T54,lstm,deep,168,96,40018,45.55870411037395,58.34210574904558,2.211140341049494,16.27456085377854,338.1228349999219,16.10986328125,0.30358489299987923,4513,false,dcb2c10e4ac97b1d1289825869826fdec84593f7,41e5a8930cdcae89,true,2026-09-20T14:41:06+00:00
20260920T143808Z-gpu_h96,electricity_hourly,T54,lstm,deep,168,96,40019,43.64849830417996,54.14960121379797,1.5701683127159416,13.165403484735453,347.7224960001877,16.10986328125,0.31120753699997294,4513,false,dcb2c10e4ac97b1d1289825869826fdec84593f7,41e5a8930cdcae89,true,2026-09-20T14:41:06+00:00
20260920T143808Z-gpu_h96,electricity_hourly,T54,lstm,deep,168,96,40020,91.05674857686063,109.35717250298413,3.5737726342512754,25.899164294158027,349.4821219996993,16.10986328125,0.3149712009999348,4513,false,dcb2c10e4ac97b1d1289825869826fdec84593f7,41e5a8930cdcae89,true,2026-09-20T14:41:06+00:00
20260920T143808Z-gpu_h96,electricity_hourly,T54,transformer,deep,168,96,40000,21.943412274869335,26.9880307119515,1.4751873798231485,10.790286645938751,564.460955999948,10.6845703125,0.5615641680001318,19232,false,dcb2c10e4ac97b1d1289825869826fdec84593f7,41e5a8930cdcae89,true,2026-09-20T14:41:22+00:00
20260920T143808Z-gpu_h96,electricity_hourly,T54,transformer,deep,168,96,40001,45.35863213333803,56.10705912905385,1.9828910222224274,22.099131695045674,557.4761749999197,10.525390625,0.5544709929999954,19232,false,dcb2c10e4ac97b1d1289825869826fdec84593f7,41e5a8930cdcae89,true,2026-09-20T14:41:22+00:00
20260920T143808Z-gpu_h96,electricity_hourly,T54,transformer,deep,168,96,40002,32.40473698332915,40.14721410233559,2.195897470870305,15.522984577935766,551.585963999969,10.525390625,0.5486121419999108,19232,false,dcb2c10e4ac97b1d1289825869826fdec84593f7,41e5a8930cdcae89,true,2026-09-20T14:41:22+00:00
20260920T143808Z-gpu_h96,electricity_hourly,T54,transformer,deep,168,96,40003,39.112851901307955,47.70503733818281,1.7977180573853642,18.317985284477803,559.2156679999789,10.525390625,0.5562537030000385,19232,false,dcb2c10e4ac97b1d1289825869826fdec84593f7,41e5a8930cdcae89,true,2026-09-20T14:41:22+00:00
20260920T143808Z-gpu_h96,electricity_hourly,T54,transformer,deep,168,96,40004,53.31054371381774,64.82019368285118,2.7925493978864147,23.500965463101895,569.8049490001722,10.525390625,0.566748113000358,19232,false,dcb2c10e4ac97b1d1289825869826fdec84593f7,41e5a8930cdcae89,true,2026-09-20T14:41:22+00:00
20260920T143808Z-gpu_h96,electricity_hourly,T54,transformer,deep,168,96,40005,26.355356154406696,36.20865171125844,0.778816188433114,11.383136836451602,568.0843459999778,10.525390625,0.5650192960001732,19232,false,dcb2c10e4ac97b1d1289825869826fdec84593f7,41e5a8930cdcae89,true,2026-09-20T14:41:22+00:00
20260920T143808Z-gpu_h96,electricity_hourly,T54,transformer,deep,168,96,40006,25.99871808718197,30.45475645342502,1.0428455165889146,11.125264716752696,565.5691950000801,10.525390625,0.5626133880000452,19232,false,dcb2c10e4ac97b1d1289825869826fdec84593f7,41e5a8930cdcae89,true,2026-09-20T14:41:22+00:00
20260920T143808Z-gpu_h96,electricity_hourly,T54,transformer,deep,168,96,40007,35.6357210408299,45.69971643218325,1.4005305212553236,16.896098681750757,594.8915429999033,10.525390625,0.5919983779999711,19232,false,dcb2c10e4ac97b1d1289825869826fdec84593f7,41e5a8930cdcae89,true,2026-09-20T14:41:22+00:00
20260920T143808Z-gpu_h96,electricity_hourly,T54,transformer,deep,168,96,40008,22.416180013470395,27.95896832884956,1.142225733170466,10.454235200889213,571.4142899996659,10.525390625,0.5684109659996466,19232,false,dcb2c10e4ac97b1d1289825869826fdec84593f7,41e5a8930cdcae89,true,2026-09-20T14:41:22+00:00
20260920T143808Z-gpu_h96,electricity_hourly,T54,transformer,deep,168,96,40009,32.98018857943601,44.23319074947927,1.7320011507800093,13.849286012507692,570.0886829999945,10.525390625,0.5656896129999041,19232,false,dcb2c10e4ac97b1d1289825869826fdec84593f7,41e5a8930cdcae89,true,2026-09-20T14:41:22+00:00
20260920T143808Z-gpu_h96,electricity_hourly,T54,transformer,deep,168,96,40010,21.057379958209722,28.627698047301912,1.084112518406221,9.202495947941857,569.1846190002252,10.525390625,0.5660425940000096,19232,false,dcb2c10e4ac97b1d1289825869826fdec84593f7,41e5a8930cdcae89,true,2026-09-20T14:41:22+00:00
20260920T143808Z-gpu_h96,electricity_hourly,T54,transformer,deep,168,96,40011,53.506231937029405,65.49820779267759,3.2997419267375734,24.49479222997605,574.2775389999224,10.525390625,0.5713716000000204,19232,false,dcb2c10e4ac97b1d1289825869826fdec84593f7,41e5a8930cdcae89,true,2026-09-20T14:41:22+00:00
20260920T143808Z-gpu_h96,electricity_hourly,T54,transformer,deep,168,96,40012,18.000142042629264,23.292231138933865,0.9881892695915417,8.426553745605231,577.5372319999406,10.525390625,0.5745121089998975,19232,false,dcb2c10e4ac97b1d1289825869826fdec84593f7,41e5a8930cdcae89,true,2026-09-20T14:41:22+00:00
20260920T143808Z-gpu_h96,electricity_hourly,T54,transformer,deep,168,96,40013,23.870711834717905,31.56880730333077,1.3241072820490671,10.286090726866226,585.0919630001954,10.525390625,0.5821849710000606,19232,false,dcb2c10e4ac97b1d1289825869826fdec84593f7,41e5a8930cdcae89,true,2026-09-20T14:41:22+00:00
20260920T143808Z-gpu_h96,electricity_hourly,T54,transformer,deep,168,96,40014,57.95348419684191,71.29895687858266,2.6350810623129886,24.706013121835017,578.1072429999767,10.525390625,0.5751254429997061,19232,false,dcb2c10e4ac97b1d1289825869826fdec84593f7,41e5a8930cdcae89,true,2026-09-20T14:41:22+00:00
20260920T143808Z-gpu_h96,electricity_hourly,T54,transformer,deep,168,96,40015,34.45448038930232,44.69209101915187,1.9297725305560225,15.154595884185952,575.2012550001382,10.525390625,0.5722383080001237,19232,false,dcb2c10e4ac97b1d1289825869826fdec84593f7,41e5a8930cdcae89,true,2026-09-20T14:41:22+00:00
20260920T143808Z-gpu_h96,electricity_hourly,T54,transformer,deep,168,96,40016,35.15438285023064,45.701102074146014,1.9735793880831236,12.545380234051706,564.645131999896,10.525390625,0.5613208029999441,19232,false,dcb2c10e4ac97b1d1289825869826fdec84593f7,41e5a8930cdcae89,true,2026-09-20T14:41:22+00:00
20260920T143808Z-gpu_h96,electricity_hourly,T54,transformer,deep,168,96,40017,25.392741359624495,33.12787989031443,1.2135926836328998,9.913255281079381,572.3891560000993,10.525390625,0.5694626620002055,19232,false,dcb2c10e4ac97b1d1289825869826fdec84593f7,41e5a8930cdcae89,true,2026-09-20T14:41:22+00:00
20260920T143808Z-gpu_h96,electricity_hourly,T54,transformer,deep,168,96,40018,25.22728612928077,31.872055331502995,1.224377891006549,9.516487714849902,554.760177999924,10.525390625,0.5519371579998733,19232,false,dcb2c10e4ac97b1d1289825869826fdec84593f7,41e5a8930cdcae89,true,2026-09-20T14:41:22+00:00
20260920T143808Z-gpu_h96,electricity_hourly,T54,transformer,deep,168,96,40019,45.94376420709875,58.04248416038601,1.6527359594859405,13.681384195679236,578.6023519999617,10.525390625,0.5756812310000896,19232,false,dcb2c10e4ac97b1d1289825869826fdec84593f7,41e5a8930cdcae89,true,2026-09-20T14:41:22+00:00
20260920T143808Z-gpu_h96,electricity_hourly,T54,transformer,deep,168,96,40020,48.29701656723222,63.10643671038398,1.8955493010851565,14.133741732383742,620.219485999769,10.525390625,0.6174285269999018,19232,false,dcb2c10e4ac97b1d1289825869826fdec84593f7,41e5a8930cdcae89,true,2026-09-20T14:41:22+00:00
20260920T143808Z-gpu_h96,electricity_hourly,T54,timesfm25,tsfm,168,96,40000,15.27562920252482,18.961988500125845,1.0269330556319207,7.376329603716374,112.07404499964468,11.94287109375,,231289280,true,dcb2c10e4ac97b1d1289825869826fdec84593f7,41e5a8930cdcae89,true,2026-09-20T14:41:29+00:00
20260920T143808Z-gpu_h96,electricity_hourly,T54,timesfm25,tsfm,168,96,40001,28.464028040568035,33.93468520819036,1.2443290946696408,13.609257697607328,119.61743300025773,11.94287109375,,231289280,true,dcb2c10e4ac97b1d1289825869826fdec84593f7,41e5a8930cdcae89,true,2026-09-20T14:41:29+00:00
20260920T143808Z-gpu_h96,electricity_hourly,T54,timesfm25,tsfm,168,96,40002,22.70052941640218,25.70372170194142,1.5382946992761948,11.278249723478185,114.63524800001323,11.94287109375,,231289280,true,dcb2c10e4ac97b1d1289825869826fdec84593f7,41e5a8930cdcae89,true,2026-09-20T14:41:29+00:00
20260920T143808Z-gpu_h96,electricity_hourly,T54,timesfm25,tsfm,168,96,40003,18.922496159871418,23.151841260170766,0.869722134382855,8.499065313354027,114.00385399974766,11.94287109375,,231289280,true,dcb2c10e4ac97b1d1289825869826fdec84593f7,41e5a8930cdcae89,true,2026-09-20T14:41:29+00:00
20260920T143808Z-gpu_h96,electricity_hourly,T54,timesfm25,tsfm,168,96,40004,17.669633388519287,22.243688904200656,0.925582833010832,7.858738209410987,116.45501599969066,11.94287109375,,231289280,true,dcb2c10e4ac97b1d1289825869826fdec84593f7,41e5a8930cdcae89,true,2026-09-20T14:41:29+00:00
20260920T143808Z-gpu_h96,electricity_hourly,T54,timesfm25,tsfm,168,96,40005,17.466902097066242,23.377515093754756,0.5161571725790147,7.17106948849882,113.94096499998341,11.94287109375,,231289280,true,dcb2c10e4ac97b1d1289825869826fdec84593f7,41e5a8930cdcae89,true,2026-09-20T14:41:29+00:00
20260920T143808Z-gpu_h96,electricity_hourly,T54,timesfm25,tsfm,168,96,40006,23.051984786987305,25.945119936453995,0.9246478577510228,10.013101228090115,112.98263299977407,11.94287109375,,231289280,true,dcb2c10e4ac97b1d1289825869826fdec84593f7,41e5a8930cdcae89,true,2026-09-20T14:41:29+00:00
20260920T143808Z-gpu_h96,electricity_hourly,T54,timesfm25,tsfm,168,96,40007,19.52690362930298,23.004805459715122,0.7674328937280647,9.760681790817465,105.60343399993144,11.94287109375,,231289280,true,dcb2c10e4ac97b1d1289825869826fdec84593f7,41e5a8930cdcae89,true,2026-09-20T14:41:29+00:00
20260920T143808Z-gpu_h96,electricity_hourly,T54,timesfm25,tsfm,168,96,40008,18.729477564493816,23.929852377788386,0.9543682835410862,8.673969607395653,115.11245299971051,11.94287109375,,231289280,true,dcb2c10e4ac97b1d1289825869826fdec84593f7,41e5a8930cdcae89,true,2026-09-20T14:41:29+00:00
20260920T143808Z-gpu_h96,electricity_hourly,T54,timesfm25,tsfm,168,96,40009,25.51773277918498,33.489025076445294,1.3400997520797362,10.793569362039172,111.14628400036963,11.94287109375,,231289280,true,dcb2c10e4ac97b1d1289825869826fdec84593f7,41e5a8930cdcae89,true,2026-09-20T14:41:29+00:00
20260920T143808Z-gpu_h96,electricity_hourly,T54,timesfm25,tsfm,168,96,40010,14.357727845509848,20.17828585318404,0.7391894207198492,6.263916938100224,112.6169240001218,11.94287109375,,231289280,true,dcb2c10e4ac97b1d1289825869826fdec84593f7,41e5a8930cdcae89,true,2026-09-20T14:41:29+00:00
20260920T143808Z-gpu_h96,electricity_hourly,T54,timesfm25,tsfm,168,96,40011,11.107660929361979,15.603420952156362,0.6850120658792825,5.136907137024297,113.01462799974615,11.94287109375,,231289280,true,dcb2c10e4ac97b1d1289825869826fdec84593f7,41e5a8930cdcae89,true,2026-09-20T14:41:29+00:00
20260920T143808Z-gpu_h96,electricity_hourly,T54,timesfm25,tsfm,168,96,40012,10.77612860997518,14.364217720541202,0.5915983682182332,5.071389589428202,114.99079200029882,11.94287109375,,231289280,true,dcb2c10e4ac97b1d1289825869826fdec84593f7,41e5a8930cdcae89,true,2026-09-20T14:41:29+00:00
20260920T143808Z-gpu_h96,electricity_hourly,T54,timesfm25,tsfm,168,96,40013,21.98323853810628,28.190487410353583,1.2194092255344007,9.242464060352416,114.07007399975555,11.94287109375,,231289280,true,dcb2c10e4ac97b1d1289825869826fdec84593f7,41e5a8930cdcae89,true,2026-09-20T14:41:29+00:00
20260920T143808Z-gpu_h96,electricity_hourly,T54,timesfm25,tsfm,168,96,40014,19.994155883789062,25.210780853940115,0.9091122346907562,8.974422896838007,110.57293799967738,11.94287109375,,231289280,true,dcb2c10e4ac97b1d1289825869826fdec84593f7,41e5a8930cdcae89,true,2026-09-20T14:41:29+00:00
20260920T143808Z-gpu_h96,electricity_hourly,T54,timesfm25,tsfm,168,96,40015,21.614379088083904,28.3408712127566,1.2106069967654929,9.647609502156257,112.7886250001211,11.94287109375,,231289280,true,dcb2c10e4ac97b1d1289825869826fdec84593f7,41e5a8930cdcae89,true,2026-09-20T14:41:29+00:00
20260920T143808Z-gpu_h96,electricity_hourly,T54,timesfm25,tsfm,168,96,40016,16.031615416208904,19.96995528019253,0.9000205145941841,6.319005581809832,112.92123799967158,11.94287109375,,231289280,true,dcb2c10e4ac97b1d1289825869826fdec84593f7,41e5a8930cdcae89,true,2026-09-20T14:41:29+00:00
20260920T143808Z-gpu_h96,electricity_hourly,T54,timesfm25,tsfm,168,96,40017,23.86458444595337,31.48884091563144,1.1405576369788535,9.379004440228407,112.24995599968679,11.94287109375,,231289280,true,dcb2c10e4ac97b1d1289825869826fdec84593f7,41e5a8930cdcae89,true,2026-09-20T14:41:29+00:00
20260920T143808Z-gpu_h96,electricity_hourly,T54,timesfm25,tsfm,168,96,40018,22.648304621378582,29.83401937464641,1.099209931067919,7.974001351419618,116.98106500034555,11.94287109375,,231289280,true,dcb2c10e4ac97b1d1289825869826fdec84593f7,41e5a8930cdcae89,true,2026-09-20T14:41:29+00:00
20260920T143808Z-gpu_h96,electricity_hourly,T54,timesfm25,tsfm,168,96,40019,32.38413095474243,38.66059010186736,1.1649549981221359,10.307542375781182,112.9044120002618,11.94287109375,,231289280,true,dcb2c10e4ac97b1d1289825869826fdec84593f7,41e5a8930cdcae89,true,2026-09-20T14:41:29+00:00
20260920T143808Z-gpu_h96,electricity_hourly,T54,timesfm25,tsfm,168,96,40020,26.431132316589355,34.00865124688728,1.037362511198928,7.652212986512998,114.95804500009399,11.94287109375,,231289280,true,dcb2c10e4ac97b1d1289825869826fdec84593f7,41e5a8930cdcae89,true,2026-09-20T14:41:29+00:00
20260920T143808Z-gpu_h96,electricity_hourly,T54,chronos_bolt,tsfm,168,96,40000,14.989475329717001,17.853210056994776,1.0076958204851765,7.534375266938547,72.33103899989146,12.59375,,205292928,true,dcb2c10e4ac97b1d1289825869826fdec84593f7,41e5a8930cdcae89,true,2026-09-20T14:41:34+00:00
20260920T143808Z-gpu_h96,electricity_hourly,T54,chronos_bolt,tsfm,168,96,40001,21.353554248809814,26.080901332248867,0.9334887103304836,10.070379635697922,68.84701799981485,12.59375,,205292928,true,dcb2c10e4ac97b1d1289825869826fdec84593f7,41e5a8930cdcae89,true,2026-09-20T14:41:34+00:00
20260920T143808Z-gpu_h96,electricity_hourly,T54,chronos_bolt,tsfm,168,96,40002,21.43808428446452,24.920689286791283,1.452745476217831,10.659428684751171,71.39211799994882,12.59375,,205292928,true,dcb2c10e4ac97b1d1289825869826fdec84593f7,41e5a8930cdcae89,true,2026-09-20T14:41:34+00:00
20260920T143808Z-gpu_h96,electricity_hourly,T54,chronos_bolt,tsfm,168,96,40003,14.790833155314127,18.99007754881735,0.679821249398415,6.656336820096263,67.85279699988678,12.59375,,205292928,true,dcb2c10e4ac97b1d1289825869826fdec84593f7,41e5a8930cdcae89,true,2026-09-20T14:41:34+00:00
20260920T143808Z-gpu_h96,electricity_hourly,T54,chronos_bolt,tsfm,168,96,40004,17.41453504562378,22.35967108323628,0.9122200969697433,7.711356046504032,75.00541099989277,12.59375,,205292928,true,dcb2c10e4ac97b1d1289825869826fdec84593f7,41e5a8930cdcae89,true,2026-09-20T14:41:34+00:00
20260920T143808Z-gpu_h96,electricity_hourly,T54,chronos_bolt,tsfm,168,96,40005,17.87151845296224,23.108525476659246,0.5281138225377718,7.5065937826899285,70.39681100013695,12.59375,,205292928,true,dcb2c10e4ac97b1d1289825869826fdec84593f7,41e5a8930cdcae89,true,2026-09-20T14:41:34+00:00
20260920T143808Z-gpu_h96,electricity_hourly,T54,chronos_bolt,tsfm,168,96,40006,30.55749781926473,34.07711726755635,1.2257046479036549,12.847999626710546,74.01751499992315,12.59375,,205292928,true,dcb2c10e4ac97b1d1289825869826fdec84593f7,41e5a8930cdcae89,true,2026-09-20T14:41:34+00:00
20260920T143808Z-gpu_h96,electricity_hourly,T54,chronos_bolt,tsfm,168,96,40007,18.42629639307658,21.510987533217982,0.7241775875008263,9.203266287962574,73.11035600014293,12.59375,,205292928,true,dcb2c10e4ac97b1d1289825869826fdec84593f7,41e5a8930cdcae89,true,2026-09-20T14:41:34+00:00
20260920T143808Z-gpu_h96,electricity_hourly,T54,chronos_bolt,tsfm,168,96,40008,18.91014877955119,24.34027262977386,0.9635744601045192,8.775521942854379,72.86815899988142,12.59375,,205292928,true,dcb2c10e4ac97b1d1289825869826fdec84593f7,41e5a8930cdcae89,true,2026-09-20T14:41:34+00:00
20260920T143808Z-gpu_h96,electricity_hourly,T54,chronos_bolt,tsfm,168,96,40009,23.239347139994305,31.2788527975008,1.220447114573005,9.818496824944082,72.46547100021417,12.59375,,205292928,true,dcb2c10e4ac97b1d1289825869826fdec84593f7,41e5a8930cdcae89,true,2026-09-20T14:41:34+00:00
20260920T143808Z-gpu_h96,electricity_hourly,T54,chronos_bolt,tsfm,168,96,40010,11.2817169825236,16.073761790011535,0.5808249000655696,4.949518159765437,73.61171499996999,12.59375,,205292928,true,dcb2c10e4ac97b1d1289825869826fdec84593f7,41e5a8930cdcae89,true,2026-09-20T14:41:34+00:00
20260920T143808Z-gpu_h96,electricity_hourly,T54,chronos_bolt,tsfm,168,96,40011,10.93726666768392,14.002411795806411,0.6745038116259033,5.14779877633117,73.73326200013253,12.59375,,205292928,true,dcb2c10e4ac97b1d1289825869826fdec84593f7,41e5a8930cdcae89,true,2026-09-20T14:41:34+00:00
20260920T143808Z-gpu_h96,electricity_hourly,T54,chronos_bolt,tsfm,168,96,40012,10.190383911132812,13.021022499739225,0.5594415871914316,4.782376199249077,71.27460099991367,12.59375,,205292928,true,dcb2c10e4ac97b1d1289825869826fdec84593f7,41e5a8930cdcae89,true,2026-09-20T14:41:34+00:00
20260920T143808Z-gpu_h96,electricity_hourly,T54,chronos_bolt,tsfm,168,96,40013,16.17357587814331,20.310993498161636,0.8971475063376875,6.896493321070553,88.54822700004661,12.59375,,205292928,true,dcb2c10e4ac97b1d1289825869826fdec84593f7,41e5a8930cdcae89,true,2026-09-20T14:41:34+00:00
20260920T143808Z-gpu_h96,electricity_hourly,T54,chronos_bolt,tsfm,168,96,40014,10.241626739501953,14.257314511693417,0.465675481682438,4.530558271646719,70.16702700002497,12.59375,,205292928,true,dcb2c10e4ac97b1d1289825869826fdec84593f7,41e5a8930cdcae89,true,2026-09-20T14:41:34+00:00
20260920T143808Z-gpu_h96,electricity_hourly,T54,chronos_bolt,tsfm,168,96,40015,15.445282777150473,19.678745176335305,0.8650800155230136,7.138763108934926,75.02749400009634,12.59375,,205292928,true,dcb2c10e4ac97b1d1289825869826fdec84593f7,41e5a8930cdcae89,true,2026-09-20T14:41:34+00:00
20260920T143808Z-gpu_h96,electricity_hourly,T54,chronos_bolt,tsfm,168,96,40016,20.331337292989094,24.2811412051578,1.1414084094309667,8.126340037792945,71.69593000025998,12.59375,,205292928,true,dcb2c10e4ac97b1d1289825869826fdec84593f7,41e5a8930cdcae89,true,2026-09-20T14:41:34+00:00
20260920T143808Z-gpu_h96,electricity_hourly,T54,chronos_bolt,tsfm,168,96,40017,26.48698155085246,33.09299836944678,1.2658895928718068,10.144306851492107,72.02623600005609,12.59375,,205292928,true,dcb2c10e4ac97b1d1289825869826fdec84593f7,41e5a8930cdcae89,true,2026-09-20T14:41:34+00:00
20260920T143808Z-gpu_h96,electricity_hourly,T54,chronos_bolt,tsfm,168,96,40018,22.476505756378174,29.658311449863714,1.0908718668414077,7.946599883736609,76.23306000004959,12.59375,,205292928,true,dcb2c10e4ac97b1d1289825869826fdec84593f7,41e5a8930cdcae89,true,2026-09-20T14:41:34+00:00
20260920T143808Z-gpu_h96,electricity_hourly,T54,chronos_bolt,tsfm,168,96,40019,25.694283803304035,31.7024909459049,0.9243009911755636,8.216264117961112,73.6046689999057,12.59375,,205292928,true,dcb2c10e4ac97b1d1289825869826fdec84593f7,41e5a8930cdcae89,true,2026-09-20T14:41:34+00:00
20260920T143808Z-gpu_h96,electricity_hourly,T54,chronos_bolt,tsfm,168,96,40020,26.229117552439373,34.0209798429183,1.0294338859501961,7.538053974057514,71.90745700017942,12.59375,,205292928,true,dcb2c10e4ac97b1d1289825869826fdec84593f7,41e5a8930cdcae89,true,2026-09-20T14:41:34+00:00
20260920T143808Z-gpu_h96,electricity_hourly,T67,lstm,deep,168,96,50000,13.588989319478868,17.047626170304422,0.8434545094848953,8.103508145047728,333.7145599998621,16.14599609375,0.3011954749999859,4513,false,dcb2c10e4ac97b1d1289825869826fdec84593f7,41e5a8930cdcae89,true,2026-09-20T14:41:45+00:00
20260920T143808Z-gpu_h96,electricity_hourly,T67,lstm,deep,168,96,50001,27.93721874757459,35.810455614280734,1.8277871420494054,15.59552865566308,342.69162600003256,16.10986328125,0.308294974999626,4513,false,dcb2c10e4ac97b1d1289825869826fdec84593f7,41e5a8930cdcae89,true,2026-09-20T14:41:45+00:00
20260920T143808Z-gpu_h96,electricity_hourly,T67,lstm,deep,168,96,50002,38.40849554957156,50.37493772400412,3.961907850385605,21.573485875293933,348.7435639999603,16.10986328125,0.31623530299975755,4513,false,dcb2c10e4ac97b1d1289825869826fdec84593f7,41e5a8930cdcae89,true,2026-09-20T14:41:45+00:00
20260920T143808Z-gpu_h96,electricity_hourly,T67,lstm,deep,168,96,50003,18.04791688948229,23.33762612774224,1.2962094923119452,9.98169008886009,348.27283300001,16.10986328125,0.31443982700011475,4513,false,dcb2c10e4ac97b1d1289825869826fdec84593f7,41e5a8930cdcae89,true,2026-09-20T14:41:45+00:00
20260920T143808Z-gpu_h96,electricity_hourly,T67,lstm,deep,168,96,50004,32.41418216901251,42.51384802424187,2.594576004634687,16.237438370820993,346.0081309999623,16.10986328125,0.31383114200025375,4513,false,dcb2c10e4ac97b1d1289825869826fdec84593f7,41e5a8930cdcae89,true,2026-09-20T14:41:45+00:00
20260920T143808Z-gpu_h96,electricity_hourly,T67,lstm,deep,168,96,50005,23.902758168370642,29.907969398559146,1.6099144884215961,13.105727366488292,347.3243119997278,16.10986328125,0.31271672100001524,4513,false,dcb2c10e4ac97b1d1289825869826fdec84593f7,41e5a8930cdcae89,true,2026-09-20T14:41:45+00:00
20260920T143808Z-gpu_h96,electricity_hourly,T67,lstm,deep,168,96,50006,38.1954962168033,47.54802126199635,2.8736423485996214,19.629917742500712,354.84964499983107,16.10986328125,0.3223069319997194,4513,false,dcb2c10e4ac97b1d1289825869826fdec84593f7,41e5a8930cdcae89,true,2026-09-20T14:41:45+00:00
20260920T143808Z-gpu_h96,electricity_hourly,T67,lstm,deep,168,96,50007,29.75437826862398,39.89372930008529,2.5936019798316305,15.239282887724794,353.42080499958684,16.10986328125,0.319277492999845,4513,false,dcb2c10e4ac97b1d1289825869826fdec84593f7,41e5a8930cdcae89,true,2026-09-20T14:41:45+00:00
20260920T143808Z-gpu_h96,electricity_hourly,T67,lstm,deep,168,96,50008,22.61320013481918,33.286955652302844,1.7563650590150819,11.871750690622875,349.34878399963054,16.10986328125,0.31705724399989776,4513,false,dcb2c10e4ac97b1d1289825869826fdec84593f7,41e5a8930cdcae89,true,2026-09-20T14:41:45+00:00
20260920T143808Z-gpu_h96,electricity_hourly,T67,lstm,deep,168,96,50009,16.24100956779658,19.875721491822556,1.4535148401259836,8.47482982450054,338.3291459999782,16.10986328125,0.3044296489997578,4513,false,dcb2c10e4ac97b1d1289825869826fdec84593f7,41e5a8930cdcae89,true,2026-09-20T14:41:45+00:00
20260920T143808Z-gpu_h96,electricity_hourly,T67,lstm,deep,168,96,50010,25.300471639338365,32.85622735859533,1.864517869019818,12.425702962320594,342.06543299978875,16.10986328125,0.3084007379998184,4513,false,dcb2c10e4ac97b1d1289825869826fdec84593f7,41e5a8930cdcae89,true,2026-09-20T14:41:45+00:00
20260920T143808Z-gpu_h96,electricity_hourly,T67,lstm,deep,168,96,50011,27.761068556531896,39.40221708983186,1.9274801697881354,13.189773727208962,339.09055300000546,16.10986328125,0.30628898700024365,4513,false,dcb2c10e4ac97b1d1289825869826fdec84593f7,41e5a8930cdcae89,true,2026-09-20T14:41:45+00:00
20260920T143808Z-gpu_h96,electricity_hourly,T67,lstm,deep,168,96,50012,37.63481682387063,55.74810752505691,2.387406882219106,18.156107896332674,340.32878800007893,16.10986328125,0.3079942489998757,4513,false,dcb2c10e4ac97b1d1289825869826fdec84593f7,41e5a8930cdcae89,true,2026-09-20T14:41:45+00:00
20260920T143808Z-gpu_h96,electricity_hourly,T67,lstm,deep,168,96,50013,24.672707342041537,35.326270895250865,1.0885017945018325,11.658919917871517,375.0428359999205,16.10986328125,0.33985777099996994,4513,false,dcb2c10e4ac97b1d1289825869826fdec84593f7,41e5a8930cdcae89,true,2026-09-20T14:41:45+00:00
20260920T143808Z-gpu_h96,electricity_hourly,T67,lstm,deep,168,96,50014,37.31050167630977,52.75946681031762,2.1085997807647594,17.900235012441875,371.24326699995436,16.10986328125,0.3200743679999505,4513,false,dcb2c10e4ac97b1d1289825869826fdec84593f7,41e5a8930cdcae89,true,2026-09-20T14:41:45+00:00
20260920T143808Z-gpu_h96,electricity_hourly,T67,lstm,deep,168,96,50015,29.00075048610798,35.980148302472195,1.687998411479203,13.874227889615796,341.74081699984526,16.10986328125,0.30937769799993475,4513,false,dcb2c10e4ac97b1d1289825869826fdec84593f7,41e5a8930cdcae89,true,2026-09-20T14:41:45+00:00
20260920T143808Z-gpu_h96,electricity_hourly,T67,lstm,deep,168,96,50016,25.44375686476845,39.856218133429195,1.590234804048028,11.00248414531899,339.3197519999376,16.10986328125,0.30637843200020143,4513,false,dcb2c10e4ac97b1d1289825869826fdec84593f7,41e5a8930cdcae89,true,2026-09-20T14:41:45+00:00
20260920T143808Z-gpu_h96,electricity_hourly,T67,lstm,deep,168,96,50017,60.72702187554222,77.14549175234458,2.675854085091212,26.68165183862857,349.02410899985625,16.10986328125,0.3160602079997261,4513,false,dcb2c10e4ac97b1d1289825869826fdec84593f7,41e5a8930cdcae89,true,2026-09-20T14:41:45+00:00
20260920T143808Z-gpu_h96,electricity_hourly,T67,lstm,deep,168,96,50018,64.0971095186752,82.66767474351111,3.878144441466062,28.870641420442176,363.0259439996735,16.10986328125,0.32710110700008954,4513,false,dcb2c10e4ac97b1d1289825869826fdec84593f7,41e5a8930cdcae89,true,2026-09-20T14:41:45+00:00
20260920T143808Z-gpu_h96,electricity_hourly,T67,lstm,deep,168,96,50019,50.4047981419209,70.45589308844221,2.5839412361824885,20.44236451989391,339.54366499983735,16.10986328125,0.30714431300020806,4513,false,dcb2c10e4ac97b1d1289825869826fdec84593f7,41e5a8930cdcae89,true,2026-09-20T14:41:45+00:00
20260920T143808Z-gpu_h96,electricity_hourly,T67,lstm,deep,168,96,50020,55.09596485865694,78.7111250907882,2.601252111359541,19.432036798602578,339.6307240000169,16.10986328125,0.30747043500014115,4513,false,dcb2c10e4ac97b1d1289825869826fdec84593f7,41e5a8930cdcae89,true,2026-09-20T14:41:45+00:00
20260920T143808Z-gpu_h96,electricity_hourly,T67,transformer,deep,168,96,50000,15.353665768191549,19.26581543740421,0.9529861511291307,8.971358482879934,564.4384030001675,10.6845703125,0.5615399920002346,19232,false,dcb2c10e4ac97b1d1289825869826fdec84593f7,41e5a8930cdcae89,true,2026-09-20T14:42:02+00:00
20260920T143808Z-gpu_h96,electricity_hourly,T67,transformer,deep,168,96,50001,17.624093015343576,22.01856620133008,1.153052882421388,9.743671214361232,573.5193210002762,10.525390625,0.5706502909997653,19232,false,dcb2c10e4ac97b1d1289825869826fdec84593f7,41e5a8930cdcae89,true,2026-09-20T14:42:02+00:00
20260920T143808Z-gpu_h96,electricity_hourly,T67,transformer,deep,168,96,50002,26.826028614557032,33.025545968564245,2.767154814109035,15.291723252708856,590.763657000025,10.525390625,0.5873482669999248,19232,false,dcb2c10e4ac97b1d1289825869826fdec84593f7,41e5a8930cdcae89,true,2026-09-20T14:42:02+00:00
20260920T143808Z-gpu_h96,electricity_hourly,T67,transformer,deep,168,96,50003,20.93927073413528,27.793689173160004,1.5038678232994915,11.735826575432416,561.6639659997418,10.525390625,0.5588141400003224,19232,false,dcb2c10e4ac97b1d1289825869826fdec84593f7,41e5a8930cdcae89,true,2026-09-20T14:42:02+00:00
20260920T143808Z-gpu_h96,electricity_hourly,T67,transformer,deep,168,96,50004,18.743390222837892,23.03223466680951,1.5003047204495032,9.883906962234606,552.5656589998107,10.525390625,0.5493487650001043,19232,false,dcb2c10e4ac97b1d1289825869826fdec84593f7,41e5a8930cdcae89,true,2026-09-20T14:42:02+00:00
20260920T143808Z-gpu_h96,electricity_hourly,T67,transformer,deep,168,96,50005,23.2173195101366,28.83240609753375,1.5637483673805757,12.615121370763251,581.6362559999106,10.525390625,0.5786881480003103,19232,false,dcb2c10e4ac97b1d1289825869826fdec84593f7,41e5a8930cdcae89,true,2026-09-20T14:42:02+00:00
20260920T143808Z-gpu_h96,electricity_hourly,T67,transformer,deep,168,96,50006,21.178286612412645,27.88608529937388,1.5933507169213277,11.310930126775085,573.0665900000531,10.525390625,0.5702860920000603,19232,false,dcb2c10e4ac97b1d1289825869826fdec84593f7,41e5a8930cdcae89,true,2026-09-20T14:42:02+00:00
20260920T143808Z-gpu_h96,electricity_hourly,T67,transformer,deep,168,96,50007,31.729492683077908,38.08103871105387,2.765766916684757,16.31950551576227,566.3787480002611,10.525390625,0.5635857090001082,19232,false,dcb2c10e4ac97b1d1289825869826fdec84593f7,41e5a8930cdcae89,true,2026-09-20T14:42:02+00:00
20260920T143808Z-gpu_h96,electricity_hourly,T67,transformer,deep,168,96,50008,15.405284686404402,19.994889500317065,1.1965269659343225,8.411511510999377,598.9947349999056,10.525390625,0.5960522949999358,19232,false,dcb2c10e4ac97b1d1289825869826fdec84593f7,41e5a8930cdcae89,true,2026-09-20T14:42:02+00:00
20260920T143808Z-gpu_h96,electricity_hourly,T67,transformer,deep,168,96,50009,20.70528808439806,27.52627292889399,1.8530525072425859,10.414212109573455,570.348795999962,10.525390625,0.5674827759999062,19232,false,dcb2c10e4ac97b1d1289825869826fdec84593f7,41e5a8930cdcae89,true,2026-09-20T14:42:02+00:00
20260920T143808Z-gpu_h96,electricity_hourly,T67,transformer,deep,168,96,50010,38.1270029196022,48.50818769116319,2.809768894791564,18.86578598803151,566.1609100002352,10.525390625,0.5633730469999136,19232,false,dcb2c10e4ac97b1d1289825869826fdec84593f7,41e5a8930cdcae89,true,2026-09-20T14:42:02+00:00
20260920T143808Z-gpu_h96,electricity_hourly,T67,transformer,deep,168,96,50011,19.773949584626937,25.787538951359064,1.372926104236393,9.762739982498935,557.0505999999114,10.525390625,0.5540680499998416,19232,false,dcb2c10e4ac97b1d1289825869826fdec84593f7,41e5a8930cdcae89,true,2026-09-20T14:42:02+00:00
20260920T143808Z-gpu_h96,electricity_hourly,T67,transformer,deep,168,96,50012,31.800817992861912,45.924470798611594,2.0173206127630463,14.985950524095959,551.1396009997043,10.525390625,0.5462647569997898,19232,false,dcb2c10e4ac97b1d1289825869826fdec84593f7,41e5a8930cdcae89,true,2026-09-20T14:42:02+00:00
20260920T143808Z-gpu_h96,electricity_hourly,T67,transformer,deep,168,96,50013,25.05910236959943,32.53530716961042,1.105548633952916,11.993981747522193,559.4722929999989,10.525390625,0.556633832999978,19232,false,dcb2c10e4ac97b1d1289825869826fdec84593f7,41e5a8930cdcae89,true,2026-09-20T14:42:02+00:00
20260920T143808Z-gpu_h96,electricity_hourly,T67,transformer,deep,168,96,50014,51.79281299291868,65.1005257198768,2.9270663543878688,24.373315331604054,566.4335440001196,10.525390625,0.5635775969999486,19232,false,dcb2c10e4ac97b1d1289825869826fdec84593f7,41e5a8930cdcae89,true,2026-09-20T14:42:02+00:00
20260920T143808Z-gpu_h96,electricity_hourly,T67,transformer,deep,168,96,50015,18.143238353024923,24.93072457113136,1.0560332751962767,9.337020668441735,598.7552169999617,10.525390625,0.5958192650000456,19232,false,dcb2c10e4ac97b1d1289825869826fdec84593f7,41e5a8930cdcae89,true,2026-09-20T14:42:02+00:00
20260920T143808Z-gpu_h96,electricity_hourly,T67,transformer,deep,168,96,50016,64.42227923189743,80.40547177978758,4.02639245199359,28.535498764157857,616.7733209999824,10.525390625,0.6136301379997349,19232,false,dcb2c10e4ac97b1d1289825869826fdec84593f7,41e5a8930cdcae89,true,2026-09-20T14:42:02+00:00
20260920T143808Z-gpu_h96,electricity_hourly,T67,transformer,deep,168,96,50017,27.545551552757164,36.7688172598647,1.2137574735609034,12.948697087362278,618.930569999975,10.525390625,0.6161605750003218,19232,false,dcb2c10e4ac97b1d1289825869826fdec84593f7,41e5a8930cdcae89,true,2026-09-20T14:42:02+00:00
20260920T143808Z-gpu_h96,electricity_hourly,T67,transformer,deep,168,96,50018,53.29222798585656,71.1445279920625,3.224403710068632,23.86929746857062,565.7829639999363,10.525390625,0.5630328070001269,19232,false,dcb2c10e4ac97b1d1289825869826fdec84593f7,41e5a8930cdcae89,true,2026-09-20T14:42:02+00:00
20260920T143808Z-gpu_h96,electricity_hourly,T67,transformer,deep,168,96,50019,23.064636256774026,30.608754777150846,1.1823807835441296,10.114677723866196,566.5428659999634,10.525390625,0.563801094000155,19232,false,dcb2c10e4ac97b1d1289825869826fdec84593f7,41e5a8930cdcae89,true,2026-09-20T14:42:02+00:00
20260920T143808Z-gpu_h96,electricity_hourly,T67,transformer,deep,168,96,50020,27.607229973717793,34.996072320391136,1.303423316791922,11.108231207800893,551.1263349999354,10.525390625,0.5482905930002744,19232,false,dcb2c10e4ac97b1d1289825869826fdec84593f7,41e5a8930cdcae89,true,2026-09-20T14:42:02+00:00
20260920T143808Z-gpu_h96,electricity_hourly,T67,timesfm25,tsfm,168,96,50000,10.0108429590861,12.429014386002068,0.6213626664260338,5.993248993988221,139.09209499979625,11.94287109375,,231289280,true,dcb2c10e4ac97b1d1289825869826fdec84593f7,41e5a8930cdcae89,true,2026-09-20T14:42:08+00:00
20260920T143808Z-gpu_h96,electricity_hourly,T67,timesfm25,tsfm,168,96,50001,17.201796690622967,20.67384743638889,1.125424226919449,9.477412341412801,110.89082499984215,11.94287109375,,231289280,true,dcb2c10e4ac97b1d1289825869826fdec84593f7,41e5a8930cdcae89,true,2026-09-20T14:42:08+00:00
20260920T143808Z-gpu_h96,electricity_hourly,T67,timesfm25,tsfm,168,96,50002,10.012869278589884,13.042628445424729,1.0328461146969508,5.851303394783023,109.40305000031003,11.94287109375,,231289280,true,dcb2c10e4ac97b1d1289825869826fdec84593f7,41e5a8930cdcae89,true,2026-09-20T14:42:08+00:00
20260920T143808Z-gpu_h96,electricity_hourly,T67,timesfm25,tsfm,168,96,50003,12.294838269551596,15.387312716379114,0.8830208033992168,6.7698670362434585,111.08392300002379,11.94287109375,,231289280,true,dcb2c10e4ac97b1d1289825869826fdec84593f7,41e5a8930cdcae89,true,2026-09-20T14:42:08+00:00
20260920T143808Z-gpu_h96,electricity_hourly,T67,timesfm25,tsfm,168,96,50004,11.218028545379639,14.126711699754587,0.8979411398191596,5.882435780765557,119.63938600001711,11.94287109375,,231289280,true,dcb2c10e4ac97b1d1289825869826fdec84593f7,41e5a8930cdcae89,true,2026-09-20T14:42:08+00:00
20260920T143808Z-gpu_h96,electricity_hourly,T67,timesfm25,tsfm,168,96,50005,10.2055877049764,13.9685615710543,0.6873735404661374,5.6017418090954365,110.20740200001455,11.94287109375,,231289280,true,dcb2c10e4ac97b1d1289825869826fdec84593f7,41e5a8930cdcae89,true,2026-09-20T14:42:08+00:00
20260920T143808Z-gpu_h96,electricity_hourly,T67,timesfm25,tsfm,168,96,50006,17.91078472137451,21.849816664684244,1.3475198536457313,9.808185706221613,116.72540100016704,11.94287109375,,231289280,true,dcb2c10e4ac97b1d1289825869826fdec84593f7,41e5a8930cdcae89,true,2026-09-20T14:42:08+00:00
20260920T143808Z-gpu_h96,electricity_hourly,T67,timesfm25,tsfm,168,96,50007,9.80939531326294,13.216602452505175,0.8550562500665032,5.2027726060451895,111.7603880002207,11.94287109375,,231289280,true,dcb2c10e4ac97b1d1289825869826fdec84593f7,41e5a8930cdcae89,true,2026-09-20T14:42:08+00:00
20260920T143808Z-gpu_h96,electricity_hourly,T67,timesfm25,tsfm,168,96,50008,11.487160364786783,15.675730091971422,0.8922066302747016,6.334879739734771,112.96700700040674,11.94287109375,,231289280,true,dcb2c10e4ac97b1d1289825869826fdec84593f7,41e5a8930cdcae89,true,2026-09-20T14:42:08+00:00
20260920T143808Z-gpu_h96,electricity_hourly,T67,timesfm25,tsfm,168,96,50009,13.935648918151855,18.700297043704648,1.2471929423330437,7.319334150808323,115.62258500043754,11.94287109375,,231289280,true,dcb2c10e4ac97b1d1289825869826fdec84593f7,41e5a8930cdcae89,true,2026-09-20T14:42:08+00:00
20260920T143808Z-gpu_h96,electricity_hourly,T67,timesfm25,tsfm,168,96,50010,13.089727719624838,17.27557013847246,0.9646472833295684,6.580246655463561,115.73487099985869,11.94287109375,,231289280,true,dcb2c10e4ac97b1d1289825869826fdec84593f7,41e5a8930cdcae89,true,2026-09-20T14:42:08+00:00
20260920T143808Z-gpu_h96,electricity_hourly,T67,timesfm25,tsfm,168,96,50011,10.276221752166748,13.8656873211372,0.7134888776817799,5.225661863959536,112.38190699987172,11.94287109375,,231289280,true,dcb2c10e4ac97b1d1289825869826fdec84593f7,41e5a8930cdcae89,true,2026-09-20T14:42:08+00:00
20260920T143808Z-gpu_h96,electricity_hourly,T67,timesfm25,tsfm,168,96,50012,15.903141816457113,26.315183984664692,1.0088336658897905,7.47130295925348,114.15177100025176,11.94287109375,,231289280,true,dcb2c10e4ac97b1d1289825869826fdec84593f7,41e5a8930cdcae89,true,2026-09-20T14:42:08+00:00
20260920T143808Z-gpu_h96,electricity_hourly,T67,timesfm25,tsfm,168,96,50013,13.399775505065918,16.793390503520673,0.5911665663999669,6.547286124272509,115.42536599972664,11.94287109375,,231289280,true,dcb2c10e4ac97b1d1289825869826fdec84593f7,41e5a8930cdcae89,true,2026-09-20T14:42:08+00:00
20260920T143808Z-gpu_h96,electricity_hourly,T67,timesfm25,tsfm,168,96,50014,11.890093644460043,17.05557967535841,0.6719676156994687,6.179662136671457,113.9045290001377,11.94287109375,,231289280,true,dcb2c10e4ac97b1d1289825869826fdec84593f7,41e5a8930cdcae89,true,2026-09-20T14:42:08+00:00
20260920T143808Z-gpu_h96,electricity_hourly,T67,timesfm25,tsfm,168,96,50015,12.702286879221598,17.453069750689025,0.7393408692837146,6.416555592325452,113.22650200008866,11.94287109375,,231289280,true,dcb2c10e4ac97b1d1289825869826fdec84593f7,41e5a8930cdcae89,true,2026-09-20T14:42:08+00:00
20260920T143808Z-gpu_h96,electricity_hourly,T67,timesfm25,tsfm,168,96,50016,16.60597515106201,21.586256396574473,1.0378734469413757,7.515851350983029,117.06401999981608,11.94287109375,,231289280,true,dcb2c10e4ac97b1d1289825869826fdec84593f7,41e5a8930cdcae89,true,2026-09-20T14:42:08+00:00
20260920T143808Z-gpu_h96,electricity_hourly,T67,timesfm25,tsfm,168,96,50017,15.499434312184652,19.774675539912273,0.6829616098392258,7.155564902560439,118.17831799999112,11.94287109375,,231289280,true,dcb2c10e4ac97b1d1289825869826fdec84593f7,41e5a8930cdcae89,true,2026-09-20T14:42:08+00:00
20260920T143808Z-gpu_h96,electricity_hourly,T67,timesfm25,tsfm,168,96,50018,15.770454247792562,19.157296634782632,0.9541787444042559,7.567850982112001,113.32332900019537,11.94287109375,,231289280,true,dcb2c10e4ac97b1d1289825869826fdec84593f7,41e5a8930cdcae89,true,2026-09-20T14:42:08+00:00
20260920T143808Z-gpu_h96,electricity_hourly,T67,timesfm25,tsfm,168,96,50019,14.980666478474935,21.23404585261657,0.7679658144892813,6.508480200899909,116.88335999997435,11.94287109375,,231289280,true,dcb2c10e4ac97b1d1289825869826fdec84593f7,41e5a8930cdcae89,true,2026-09-20T14:42:08+00:00
20260920T143808Z-gpu_h96,electricity_hourly,T67,timesfm25,tsfm,168,96,50020,22.64796193440755,28.56119206980865,1.0692808257556352,8.215875526021136,115.78587999974843,11.94287109375,,231289280,true,dcb2c10e4ac97b1d1289825869826fdec84593f7,41e5a8930cdcae89,true,2026-09-20T14:42:08+00:00
20260920T143808Z-gpu_h96,electricity_hourly,T67,chronos_bolt,tsfm,168,96,50000,10.393909613291422,12.822398399873002,0.645139217376709,6.325276179613313,74.90917199993419,12.59375,,205292928,true,dcb2c10e4ac97b1d1289825869826fdec84593f7,41e5a8930cdcae89,true,2026-09-20T14:42:14+00:00
20260920T143808Z-gpu_h96,electricity_hourly,T67,chronos_bolt,tsfm,168,96,50001,13.745943705240885,17.054889998238114,0.8993257126554691,7.5465273746427215,72.5637540003845,12.59375,,205292928,true,dcb2c10e4ac97b1d1289825869826fdec84593f7,41e5a8930cdcae89,true,2026-09-20T14:42:14+00:00
20260920T143808Z-gpu_h96,electricity_hourly,T67,chronos_bolt,tsfm,168,96,50002,10.092108647028605,13.272509451306062,1.0410198031318905,5.763149652127564,77.82476800002769,12.59375,,205292928,true,dcb2c10e4ac97b1d1289825869826fdec84593f7,41e5a8930cdcae89,true,2026-09-20T14:42:14+00:00
20260920T143808Z-gpu_h96,electricity_hourly,T67,chronos_bolt,tsfm,168,96,50003,9.487244049708048,12.242750633131037,0.6813781262633212,5.177084953637977,74.62157100007971,12.59375,,205292928,true,dcb2c10e4ac97b1d1289825869826fdec84593f7,41e5a8930cdcae89,true,2026-09-20T14:42:14+00:00
20260920T143808Z-gpu_h96,electricity_hourly,T67,chronos_bolt,tsfm,168,96,50004,10.549507300059,13.761060715729405,0.844429711622288,5.567294935073392,73.64730000017516,12.59375,,205292928,true,dcb2c10e4ac97b1d1289825869826fdec84593f7,41e5a8930cdcae89,true,2026-09-20T14:42:14+00:00
20260920T143808Z-gpu_h96,electricity_hourly,T67,chronos_bolt,tsfm,168,96,50005,9.211406071980795,12.046838620429792,0.6204127569528692,5.00216652857071,74.8504629996205,12.59375,,205292928,true,dcb2c10e4ac97b1d1289825869826fdec84593f7,41e5a8930cdcae89,true,2026-09-20T14:42:14+00:00
20260920T143808Z-gpu_h96,electricity_hourly,T67,chronos_bolt,tsfm,168,96,50006,17.70874007542928,22.29470339442878,1.332319002540134,9.7096309855149,75.8147779997671,12.59375,,205292928,true,dcb2c10e4ac97b1d1289825869826fdec84593f7,41e5a8930cdcae89,true,2026-09-20T14:42:14+00:00
20260920T143808Z-gpu_h96,electricity_hourly,T67,chronos_bolt,tsfm,168,96,50007,9.82252311706543,13.274741791970191,0.856200562262362,5.288366591302098,75.10278200015819,12.59375,,205292928,true,dcb2c10e4ac97b1d1289825869826fdec84593f7,41e5a8930cdcae89,true,2026-09-20T14:42:14+00:00
20260920T143808Z-gpu_h96,electricity_hourly,T67,chronos_bolt,tsfm,168,96,50008,11.009994188944498,15.13758540086893,0.8551451797238445,6.072133911763546,76.22212400019635,12.59375,,205292928,true,dcb2c10e4ac97b1d1289825869826fdec84593f7,41e5a8930cdcae89,true,2026-09-20T14:42:14+00:00
20260920T143808Z-gpu_h96,electricity_hourly,T67,chronos_bolt,tsfm,168,96,50009,10.960090001424154,15.875887982857003,0.9808905905562948,5.717044535116056,77.20974899984867,12.59375,,205292928,true,dcb2c10e4ac97b1d1289825869826fdec84593f7,41e5a8930cdcae89,true,2026-09-20T14:42:14+00:00
20260920T143808Z-gpu_h96,electricity_hourly,T67,chronos_bolt,tsfm,168,96,50010,11.486471811930338,15.648996401392688,0.8464953638270054,5.811384750074156,78.9262440002858,12.59375,,205292928,true,dcb2c10e4ac97b1d1289825869826fdec84593f7,41e5a8930cdcae89,true,2026-09-20T14:42:14+00:00
20260920T143808Z-gpu_h96,electricity_hourly,T67,chronos_bolt,tsfm,168,96,50011,10.55363416671753,14.31635070906918,0.7327499132147175,5.443968229681557,75.53072700011398,12.59375,,205292928,true,dcb2c10e4ac97b1d1289825869826fdec84593f7,41e5a8930cdcae89,true,2026-09-20T14:42:14+00:00
20260920T143808Z-gpu_h96,electricity_hourly,T67,chronos_bolt,tsfm,168,96,50012,14.199670950571695,23.849857065640613,0.9007720779217286,6.642117469789108,79.36515199980931,12.59375,,205292928,true,dcb2c10e4ac97b1d1289825869826fdec84593f7,41e5a8930cdcae89,true,2026-09-20T14:42:14+00:00
20260920T143808Z-gpu_h96,electricity_hourly,T67,chronos_bolt,tsfm,168,96,50013,15.15711784362793,21.0303643576386,0.6686963754541734,7.153819640967181,75.94742299988866,12.59375,,205292928,true,dcb2c10e4ac97b1d1289825869826fdec84593f7,41e5a8930cdcae89,true,2026-09-20T14:42:14+00:00
20260920T143808Z-gpu_h96,electricity_hourly,T67,chronos_bolt,tsfm,168,96,50014,11.429088274637857,17.737412456421012,0.6459139370281992,6.01891809586245,83.71281400013686,12.59375,,205292928,true,dcb2c10e4ac97b1d1289825869826fdec84593f7,41e5a8930cdcae89,true,2026-09-20T14:42:14+00:00
20260920T143808Z-gpu_h96,electricity_hourly,T67,chronos_bolt,tsfm,168,96,50015,13.071920235951742,18.157002521400873,0.7608555028201498,6.5375878868064135,78.4685339999669,12.59375,,205292928,true,dcb2c10e4ac97b1d1289825869826fdec84593f7,41e5a8930cdcae89,true,2026-09-20T14:42:14+00:00
20260920T143808Z-gpu_h96,electricity_hourly,T67,chronos_bolt,tsfm,168,96,50016,12.971969763437906,17.084250353522172,0.8107481102148691,6.075778153618203,76.40106700000615,12.59375,,205292928,true,dcb2c10e4ac97b1d1289825869826fdec84593f7,41e5a8930cdcae89,true,2026-09-20T14:42:14+00:00
20260920T143808Z-gpu_h96,electricity_hourly,T67,chronos_bolt,tsfm,168,96,50017,14.312688986460367,18.179003944349446,0.6306692821451325,6.51208995258203,78.04494299989528,12.59375,,205292928,true,dcb2c10e4ac97b1d1289825869826fdec84593f7,41e5a8930cdcae89,true,2026-09-20T14:42:14+00:00
20260920T143808Z-gpu_h96,electricity_hourly,T67,chronos_bolt,tsfm,168,96,50018,11.302417119344076,14.775589826172618,0.6838437248678768,5.449657475082911,76.95298799990269,12.59375,,205292928,true,dcb2c10e4ac97b1d1289825869826fdec84593f7,41e5a8930cdcae89,true,2026-09-20T14:42:14+00:00
20260920T143808Z-gpu_h96,electricity_hourly,T67,chronos_bolt,tsfm,168,96,50019,13.602406660715738,19.721134216667476,0.6973109858109884,5.821283427600321,75.75590999977067,12.59375,,205292928,true,dcb2c10e4ac97b1d1289825869826fdec84593f7,41e5a8930cdcae89,true,2026-09-20T14:42:14+00:00
20260920T143808Z-gpu_h96,electricity_hourly,T67,chronos_bolt,tsfm,168,96,50020,26.821420033772785,32.30035523568269,1.2663227819223872,9.969153675895875,76.58527700004925,12.59375,,205292928,true,dcb2c10e4ac97b1d1289825869826fdec84593f7,41e5a8930cdcae89,true,2026-09-20T14:42:14+00:00
20260920T143808Z-gpu_h96,electricity_hourly,T81,lstm,deep,168,96,60000,150.48666438944477,186.31502034245503,1.3630695478726913,22.873817510324322,345.4337499997564,16.14599609375,0.31270967499995095,4513,false,dcb2c10e4ac97b1d1289825869826fdec84593f7,41e5a8930cdcae89,true,2026-09-20T14:42:25+00:00
20260920T143808Z-gpu_h96,electricity_hourly,T81,lstm,deep,168,96,60001,228.21913276321865,282.8605144741598,2.0566715763128784,30.904413613975912,349.30464799981564,16.10986328125,0.317585187000077,4513,false,dcb2c10e4ac97b1d1289825869826fdec84593f7,41e5a8930cdcae89,true,2026-09-20T14:42:25+00:00
20260920T143808Z-gpu_h96,electricity_hourly,T81,lstm,deep,168,96,60002,152.28884049506576,186.28216553329648,2.0696105163542344,21.74164486002883,338.98871700012023,16.10986328125,0.3049798240003838,4513,false,dcb2c10e4ac97b1d1289825869826fdec84593f7,41e5a8930cdcae89,true,2026-09-20T14:42:25+00:00
20260920T143808Z-gpu_h96,electricity_hourly,T81,lstm,deep,168,96,60003,147.50642175932305,190.43916073291433,1.6447982602867057,20.336134379489955,340.5671249997795,16.10986328125,0.30679078399998616,4513,false,dcb2c10e4ac97b1d1289825869826fdec84593f7,41e5a8930cdcae89,true,2026-09-20T14:42:25+00:00
20260920T143808Z-gpu_h96,electricity_hourly,T81,lstm,deep,168,96,60004,251.74869499663873,328.31113168383314,2.5162637661911553,28.51579546389574,337.3381410001457,16.10986328125,0.30394217799994294,4513,false,dcb2c10e4ac97b1d1289825869826fdec84593f7,41e5a8930cdcae89,true,2026-09-20T14:42:25+00:00
20260920T143808Z-gpu_h96,electricity_hourly,T81,lstm,deep,168,96,60005,207.48922636726365,262.51824675577296,1.867403037305373,25.887255753660043,341.47242099970754,16.10986328125,0.30850044199996773,4513,false,dcb2c10e4ac97b1d1289825869826fdec84593f7,41e5a8930cdcae89,true,2026-09-20T14:42:25+00:00
20260920T143808Z-gpu_h96,electricity_hourly,T81,lstm,deep,168,96,60006,199.1304010743613,241.43125791525247,1.7295842785878537,26.69155203906793,336.14249499987636,16.10986328125,0.30346109399988563,4513,false,dcb2c10e4ac97b1d1289825869826fdec84593f7,41e5a8930cdcae89,true,2026-09-20T14:42:25+00:00
20260920T143808Z-gpu_h96,electricity_hourly,T81,lstm,deep,168,96,60007,199.05812952356519,246.7493962785569,2.3198746075909185,27.091888764431832,339.230778000001,16.10986328125,0.3061538769998151,4513,false,dcb2c10e4ac97b1d1289825869826fdec84593f7,41e5a8930cdcae89,true,2026-09-20T14:42:25+00:00
20260920T143808Z-gpu_h96,electricity_hourly,T81,lstm,deep,168,96,60008,185.20632326230793,224.14000464889222,2.0001282848186848,26.659415391851702,356.0385350001525,16.10986328125,0.32242014000030395,4513,false,dcb2c10e4ac97b1d1289825869826fdec84593f7,41e5a8930cdcae89,true,2026-09-20T14:42:25+00:00
20260920T143808Z-gpu_h96,electricity_hourly,T81,lstm,deep,168,96,60009,136.9897340309573,178.31619079404754,1.6578302126613875,20.92481064710893,358.8157559997853,16.10986328125,0.3254127260001951,4513,false,dcb2c10e4ac97b1d1289825869826fdec84593f7,41e5a8930cdcae89,true,2026-09-20T14:42:25+00:00
20260920T143808Z-gpu_h96,electricity_hourly,T81,lstm,deep,168,96,60010,167.7693739952402,218.3283602277716,1.7991353779650423,22.045938349221895,352.5128549999863,16.10986328125,0.31926075299998047,4513,false,dcb2c10e4ac97b1d1289825869826fdec84593f7,41e5a8930cdcae89,true,2026-09-20T14:42:25+00:00
20260920T143808Z-gpu_h96,electricity_hourly,T81,lstm,deep,168,96,60011,209.34284077313305,257.0765614727025,2.3558431596851483,29.765805371111554,349.18839600004503,16.10986328125,0.3156479170002058,4513,false,dcb2c10e4ac97b1d1289825869826fdec84593f7,41e5a8930cdcae89,true,2026-09-20T14:42:25+00:00
20260920T143808Z-gpu_h96,electricity_hourly,T81,lstm,deep,168,96,60012,146.81215985262452,195.22992548149182,1.6168987394858838,21.052509510847006,350.7463320001989,16.10986328125,0.31743737199985844,4513,false,dcb2c10e4ac97b1d1289825869826fdec84593f7,41e5a8930cdcae89,true,2026-09-20T14:42:25+00:00
20260920T143808Z-gpu_h96,electricity_hourly,T81,lstm,deep,168,96,60013,189.5972421536956,226.29052934750322,1.784444632034782,26.083268599870912,367.29909599989696,16.10986328125,0.3333924449998449,4513,false,dcb2c10e4ac97b1d1289825869826fdec84593f7,41e5a8930cdcae89,true,2026-09-20T14:42:25+00:00
20260920T143808Z-gpu_h96,electricity_hourly,T81,lstm,deep,168,96,60014,233.96225387219962,283.2265016101924,1.8611515057781873,32.24882621497133,354.6662409999044,16.10986328125,0.31952189100002215,4513,false,dcb2c10e4ac97b1d1289825869826fdec84593f7,41e5a8930cdcae89,true,2026-09-20T14:42:25+00:00
20260920T143808Z-gpu_h96,electricity_hourly,T81,lstm,deep,168,96,60015,198.41702114772752,242.27269504211992,2.040277852418792,28.43201514426709,389.7295449996818,16.10986328125,0.3554071930002465,4513,false,dcb2c10e4ac97b1d1289825869826fdec84593f7,41e5a8930cdcae89,true,2026-09-20T14:42:25+00:00
20260920T143808Z-gpu_h96,electricity_hourly,T81,lstm,deep,168,96,60016,179.3976735409809,244.65060367311185,1.751170349098512,24.065744139353903,362.3001609998937,16.10986328125,0.32866778100014926,4513,false,dcb2c10e4ac97b1d1289825869826fdec84593f7,41e5a8930cdcae89,true,2026-09-20T14:42:25+00:00
20260920T143808Z-gpu_h96,electricity_hourly,T81,lstm,deep,168,96,60017,131.3934877270433,166.76207598229402,1.229732369211896,16.138387826112417,372.8294820002702,16.10986328125,0.3378796809997766,4513,false,dcb2c10e4ac97b1d1289825869826fdec84593f7,41e5a8930cdcae89,true,2026-09-20T14:42:25+00:00
20260920T143808Z-gpu_h96,electricity_hourly,T81,lstm,deep,168,96,60018,260.14895360493716,308.43487754760866,2.57555512678659,33.59472952114049,348.5669289998441,16.10986328125,0.31526464399985343,4513,false,dcb2c10e4ac97b1d1289825869826fdec84593f7,41e5a8930cdcae89,true,2026-09-20T14:42:25+00:00
20260920T143808Z-gpu_h96,electricity_hourly,T81,lstm,deep,168,96,60019,202.8333191827049,263.7704973893088,1.6285474191418738,20.47652958490274,337.1243940000568,16.10986328125,0.3036712900002385,4513,false,dcb2c10e4ac97b1d1289825869826fdec84593f7,41e5a8930cdcae89,true,2026-09-20T14:42:25+00:00
20260920T143808Z-gpu_h96,electricity_hourly,T81,lstm,deep,168,96,60020,326.26475551607336,384.3305693389415,2.5659270777888894,31.453628653521054,354.951856000298,16.10986328125,0.3222284100002071,4513,false,dcb2c10e4ac97b1d1289825869826fdec84593f7,41e5a8930cdcae89,true,2026-09-20T14:42:25+00:00
20260920T143808Z-gpu_h96,electricity_hourly,T81,transformer,deep,168,96,60000,120.876443552563,155.46003419530828,1.0948677740325243,16.753871187943055,562.2784550000688,10.6845703125,0.5594979819998116,19232,false,dcb2c10e4ac97b1d1289825869826fdec84593f7,41e5a8930cdcae89,true,2026-09-20T14:42:41+00:00
20260920T143808Z-gpu_h96,electricity_hourly,T81,transformer,deep,168,96,60001,194.94647709783672,253.82886151766922,1.7568241255453088,26.294709509252854,563.1583409999621,10.525390625,0.5591437859998223,19232,false,dcb2c10e4ac97b1d1289825869826fdec84593f7,41e5a8930cdcae89,true,2026-09-20T14:42:41+00:00
20260920T143808Z-gpu_h96,electricity_hourly,T81,transformer,deep,168,96,60002,152.23798803521564,210.79495704102865,2.068919429697155,20.745730591917688,560.4450840000936,10.525390625,0.5575420529999064,19232,false,dcb2c10e4ac97b1d1289825869826fdec84593f7,41e5a8930cdcae89,true,2026-09-20T14:42:41+00:00
20260920T143808Z-gpu_h96,electricity_hourly,T81,transformer,deep,168,96,60003,121.17518629206988,160.75690462553052,1.3511868380097618,16.682859717288014,551.8850260000363,10.525390625,0.5489924610001253,19232,false,dcb2c10e4ac97b1d1289825869826fdec84593f7,41e5a8930cdcae89,true,2026-09-20T14:42:41+00:00
20260920T143808Z-gpu_h96,electricity_hourly,T81,transformer,deep,168,96,60004,259.7745529812499,315.0460576510129,2.5964833504060514,34.674695294987124,552.7503529997375,10.525390625,0.5498740929997439,19232,false,dcb2c10e4ac97b1d1289825869826fdec84593f7,41e5a8930cdcae89,true,2026-09-20T14:42:41+00:00
20260920T143808Z-gpu_h96,electricity_hourly,T81,transformer,deep,168,96,60005,191.66488965083434,239.51388727842493,1.724984006857509,24.77530724904999,561.9368249999752,10.525390625,0.559111939000104,19232,false,dcb2c10e4ac97b1d1289825869826fdec84593f7,41e5a8930cdcae89,true,2026-09-20T14:42:41+00:00
20260920T143808Z-gpu_h96,electricity_hourly,T81,transformer,deep,168,96,60006,190.35808758581462,241.6125044185166,1.6533907118859585,25.619009073923,563.1682549997095,10.525390625,0.560213807999844,19232,false,dcb2c10e4ac97b1d1289825869826fdec84593f7,41e5a8930cdcae89,true,2026-09-20T14:42:41+00:00
20260920T143808Z-gpu_h96,electricity_hourly,T81,transformer,deep,168,96,60007,172.23758775284387,217.0606439209668,2.007301119813007,23.19752505092014,569.2402710001261,10.525390625,0.5662113520002094,19232,false,dcb2c10e4ac97b1d1289825869826fdec84593f7,41e5a8930cdcae89,true,2026-09-20T14:42:41+00:00
20260920T143808Z-gpu_h96,electricity_hourly,T81,transformer,deep,168,96,60008,194.0158610981147,244.75216643274567,2.095266536532812,27.70801538900141,600.4713770003036,10.525390625,0.5974873560003289,19232,false,dcb2c10e4ac97b1d1289825869826fdec84593f7,41e5a8930cdcae89,true,2026-09-20T14:42:41+00:00
20260920T143808Z-gpu_h96,electricity_hourly,T81,transformer,deep,168,96,60009,135.10915092239932,178.37504028846973,1.6350716642428358,20.983986249107353,560.1401549997718,10.525390625,0.5573793240000668,19232,false,dcb2c10e4ac97b1d1289825869826fdec84593f7,41e5a8930cdcae89,true,2026-09-20T14:42:41+00:00
20260920T143808Z-gpu_h96,electricity_hourly,T81,transformer,deep,168,96,60010,143.3301707596913,186.92288080532776,1.5370527695409255,18.73837572921023,546.5016789999027,10.525390625,0.5436368139999104,19232,false,dcb2c10e4ac97b1d1289825869826fdec84593f7,41e5a8930cdcae89,true,2026-09-20T14:42:41+00:00
20260920T143808Z-gpu_h96,electricity_hourly,T81,transformer,deep,168,96,60011,110.35535984870198,145.06864422125236,1.241885887637784,15.471313149125262,555.2845270003672,10.525390625,0.5524700880000637,19232,false,dcb2c10e4ac97b1d1289825869826fdec84593f7,41e5a8930cdcae89,true,2026-09-20T14:42:41+00:00
20260920T143808Z-gpu_h96,electricity_hourly,T81,transformer,deep,168,96,60012,139.3853659012121,170.22126840847756,1.5351046034244393,20.13682188390914,570.1104199997644,10.525390625,0.5672170969996841,19232,false,dcb2c10e4ac97b1d1289825869826fdec84593f7,41e5a8930cdcae89,true,2026-09-20T14:42:41+00:00
20260920T143808Z-gpu_h96,electricity_hourly,T81,transformer,deep,168,96,60013,87.47125728309048,111.12193641018717,0.8232588920761457,12.148494778754097,583.7021500001356,10.525390625,0.5809152839997296,19232,false,dcb2c10e4ac97b1d1289825869826fdec84593f7,41e5a8930cdcae89,true,2026-09-20T14:42:41+00:00
20260920T143808Z-gpu_h96,electricity_hourly,T81,transformer,deep,168,96,60014,206.69791331551951,251.25788928993134,1.6442658003223296,27.46186317077632,567.707476999658,10.525390625,0.5647027179998076,19232,false,dcb2c10e4ac97b1d1289825869826fdec84593f7,41e5a8930cdcae89,true,2026-09-20T14:42:41+00:00
20260920T143808Z-gpu_h96,electricity_hourly,T81,transformer,deep,168,96,60015,111.63169147521448,142.85309473563348,1.1478837169687863,16.277405437903976,571.008367000104,10.525390625,0.5682491950001349,19232,false,dcb2c10e4ac97b1d1289825869826fdec84593f7,41e5a8930cdcae89,true,2026-09-20T14:42:41+00:00
20260920T143808Z-gpu_h96,electricity_hourly,T81,transformer,deep,168,96,60016,291.6144032648038,372.4340116999121,2.8465614201553517,35.23603441303624,557.9963200002567,10.525390625,0.5551765140003226,19232,false,dcb2c10e4ac97b1d1289825869826fdec84593f7,41e5a8930cdcae89,true,2026-09-20T14:42:41+00:00
20260920T143808Z-gpu_h96,electricity_hourly,T81,transformer,deep,168,96,60017,152.34210951588204,189.51215963868736,1.4257938236245296,17.571707049885674,561.0438800003976,10.525390625,0.5582817670001532,19232,false,dcb2c10e4ac97b1d1289825869826fdec84593f7,41e5a8930cdcae89,true,2026-09-20T14:42:41+00:00
20260920T143808Z-gpu_h96,electricity_hourly,T81,transformer,deep,168,96,60018,170.7780569041936,252.66791594748508,1.6907555994639998,20.93790874730177,548.2068430001164,10.525390625,0.5454641019996416,19232,false,dcb2c10e4ac97b1d1289825869826fdec84593f7,41e5a8930cdcae89,true,2026-09-20T14:42:41+00:00
20260920T143808Z-gpu_h96,electricity_hourly,T81,transformer,deep,168,96,60019,271.7316353451861,341.6840177253202,2.1817315578314354,27.938166569918394,559.4330939998144,10.525390625,0.5566800259998672,19232,false,dcb2c10e4ac97b1d1289825869826fdec84593f7,41e5a8930cdcae89,true,2026-09-20T14:42:41+00:00
20260920T143808Z-gpu_h96,electricity_hourly,T81,transformer,deep,168,96,60020,233.22585885395145,319.0118717453291,1.8342175682670132,23.486739917176113,577.6659130001462,10.525390625,0.5748728429998664,19232,false,dcb2c10e4ac97b1d1289825869826fdec84593f7,41e5a8930cdcae89,true,2026-09-20T14:42:41+00:00
20260920T143808Z-gpu_h96,electricity_hourly,T81,timesfm25,tsfm,168,96,60000,41.68692143758138,58.97979558829807,0.3775894255259605,6.179322552769801,110.89921699976912,11.94287109375,,231289280,true,dcb2c10e4ac97b1d1289825869826fdec84593f7,41e5a8930cdcae89,true,2026-09-20T14:42:48+00:00
20260920T143808Z-gpu_h96,electricity_hourly,T81,timesfm25,tsfm,168,96,60001,125.50699679056804,164.74147493044063,1.131047470920696,16.129751729067017,119.13795700002083,11.94287109375,,231289280,true,dcb2c10e4ac97b1d1289825869826fdec84593f7,41e5a8930cdcae89,true,2026-09-20T14:42:48+00:00
20260920T143808Z-gpu_h96,electricity_hourly,T81,timesfm25,tsfm,168,96,60002,61.0214630762736,77.98697393119078,0.8292837564159493,8.966583023876035,112.08290700005819,11.94287109375,,231289280,true,dcb2c10e4ac97b1d1289825869826fdec84593f7,41e5a8930cdcae89,true,2026-09-20T14:42:48+00:00
20260920T143808Z-gpu_h96,electricity_hourly,T81,timesfm25,tsfm,168,96,60003,53.58380254109701,72.1674202026178,0.5974963269256597,7.15960632215848,111.13831700004084,11.94287109375,,231289280,true,dcb2c10e4ac97b1d1289825869826fdec84593f7,41e5a8930cdcae89,true,2026-09-20T14:42:48+00:00
20260920T143808Z-gpu_h96,electricity_hourly,T81,timesfm25,tsfm,168,96,60004,114.03628222147624,131.14290462995294,1.1398087485175663,15.655906080416479,120.07306999976208,11.94287109375,,231289280,true,dcb2c10e4ac97b1d1289825869826fdec84593f7,41e5a8930cdcae89,true,2026-09-20T14:42:48+00:00
20260920T143808Z-gpu_h96,electricity_hourly,T81,timesfm25,tsfm,168,96,60005,79.20001284281413,99.21911254181586,0.7128001155853272,9.981970968396409,112.27681000036682,11.94287109375,,231289280,true,dcb2c10e4ac97b1d1289825869826fdec84593f7,41e5a8930cdcae89,true,2026-09-20T14:42:48+00:00
20260920T143808Z-gpu_h96,electricity_hourly,T81,timesfm25,tsfm,168,96,60006,119.9928773244222,137.85301771363604,1.0422205401240603,16.838858458036846,110.85814399984883,11.94287109375,,231289280,true,dcb2c10e4ac97b1d1289825869826fdec84593f7,41e5a8930cdcae89,true,2026-09-20T14:42:48+00:00
20260920T143808Z-gpu_h96,electricity_hourly,T81,timesfm25,tsfm,168,96,60007,93.76269721984863,131.81252666859262,1.0927345742682262,12.647606068110742,112.0229510001991,11.94287109375,,231289280,true,dcb2c10e4ac97b1d1289825869826fdec84593f7,41e5a8930cdcae89,true,2026-09-20T14:42:48+00:00
20260920T143808Z-gpu_h96,electricity_hourly,T81,timesfm25,tsfm,168,96,60008,101.45392354329427,124.83642553016874,1.0956475918879836,15.602284020362836,111.43298700017112,11.94287109375,,231289280,true,dcb2c10e4ac97b1d1289825869826fdec84593f7,41e5a8930cdcae89,true,2026-09-20T14:42:48+00:00
20260920T143808Z-gpu_h96,electricity_hourly,T81,timesfm25,tsfm,168,96,60009,91.94883060455322,117.90574658334451,1.1127516267800373,14.290039761643971,111.08777499975986,11.94287109375,,231289280,true,dcb2c10e4ac97b1d1289825869826fdec84593f7,41e5a8930cdcae89,true,2026-09-20T14:42:48+00:00
20260920T143808Z-gpu_h96,electricity_hourly,T81,timesfm25,tsfm,168,96,60010,62.624013900756836,85.11143284089134,0.6715711946461859,7.886978286599418,111.970045000362,11.94287109375,,231289280,true,dcb2c10e4ac97b1d1289825869826fdec84593f7,41e5a8930cdcae89,true,2026-09-20T14:42:48+00:00
20260920T143808Z-gpu_h96,electricity_hourly,T81,timesfm25,tsfm,168,96,60011,45.99686654408773,61.100994135874416,0.5176265069043946,6.640419832508676,120.78932500025985,11.94287109375,,231289280,true,dcb2c10e4ac97b1d1289825869826fdec84593f7,41e5a8930cdcae89,true,2026-09-20T14:42:48+00:00
20260920T143808Z-gpu_h96,electricity_hourly,T81,timesfm25,tsfm,168,96,60012,42.605889002482094,54.64355548981157,0.46923502993173394,6.266060601068359,116.59873000007792,11.94287109375,,231289280,true,dcb2c10e4ac97b1d1289825869826fdec84593f7,41e5a8930cdcae89,true,2026-09-20T14:42:48+00:00
20260920T143808Z-gpu_h96,electricity_hourly,T81,timesfm25,tsfm,168,96,60013,74.35552565256755,96.66481485102088,0.6998167120241652,10.258721051189019,106.3847089999399,11.94287109375,,231289280,true,dcb2c10e4ac97b1d1289825869826fdec84593f7,41e5a8930cdcae89,true,2026-09-20T14:42:48+00:00
20260920T143808Z-gpu_h96,electricity_hourly,T81,timesfm25,tsfm,168,96,60014,58.690598487854004,76.26455622085054,0.46687913944597154,8.11612972259857,112.25373099978242,11.94287109375,,231289280,true,dcb2c10e4ac97b1d1289825869826fdec84593f7,41e5a8930cdcae89,true,2026-09-20T14:42:48+00:00
20260920T143808Z-gpu_h96,electricity_hourly,T81,timesfm25,tsfm,168,96,60015,66.09810161590576,88.43965170395957,0.6796719960504448,9.299228182689516,115.38195499997528,11.94287109375,,231289280,true,dcb2c10e4ac97b1d1289825869826fdec84593f7,41e5a8930cdcae89,true,2026-09-20T14:42:48+00:00
20260920T143808Z-gpu_h96,electricity_hourly,T81,timesfm25,tsfm,168,96,60016,59.71733029683431,79.203836954743,0.5829240484506604,7.423351261357649,116.12458599984166,11.94287109375,,231289280,true,dcb2c10e4ac97b1d1289825869826fdec84593f7,41e5a8930cdcae89,true,2026-09-20T14:42:48+00:00
20260920T143808Z-gpu_h96,electricity_hourly,T81,timesfm25,tsfm,168,96,60017,70.11351331075032,92.57974502605687,0.6562034262802577,8.190759957445293,114.07092199988256,11.94287109375,,231289280,true,dcb2c10e4ac97b1d1289825869826fdec84593f7,41e5a8930cdcae89,true,2026-09-20T14:42:48+00:00
20260920T143808Z-gpu_h96,electricity_hourly,T81,timesfm25,tsfm,168,96,60018,59.07756392161051,74.88369622421759,0.5848861605164603,7.588391509531169,114.17920100029733,11.94287109375,,231289280,true,dcb2c10e4ac97b1d1289825869826fdec84593f7,41e5a8930cdcae89,true,2026-09-20T14:42:48+00:00
20260920T143808Z-gpu_h96,electricity_hourly,T81,timesfm25,tsfm,168,96,60019,117.54271570841472,155.14027175339,0.9437497107338566,12.113490474852828,116.5704340000957,11.94287109375,,231289280,true,dcb2c10e4ac97b1d1289825869826fdec84593f7,41e5a8930cdcae89,true,2026-09-20T14:42:48+00:00
20260920T143808Z-gpu_h96,electricity_hourly,T81,timesfm25,tsfm,168,96,60020,119.6396656036377,157.02163630572784,0.9409127169264789,11.180518472345343,116.70606699999553,11.94287109375,,231289280,true,dcb2c10e4ac97b1d1289825869826fdec84593f7,41e5a8930cdcae89,true,2026-09-20T14:42:48+00:00
20260920T143808Z-gpu_h96,electricity_hourly,T81,chronos_bolt,tsfm,168,96,60000,43.383562088012695,57.59112326239597,0.39295716069152276,6.4122065242834525,71.52808499995444,12.59375,,205292928,true,dcb2c10e4ac97b1d1289825869826fdec84593f7,41e5a8930cdcae89,true,2026-09-20T14:42:53+00:00
20260920T143808Z-gpu_h96,electricity_hourly,T81,chronos_bolt,tsfm,168,96,60001,105.35640970865886,133.60892272457022,0.9494538455502144,13.649091232799195,73.98406199990859,12.59375,,205292928,true,dcb2c10e4ac97b1d1289825869826fdec84593f7,41e5a8930cdcae89,true,2026-09-20T14:42:53+00:00
20260920T143808Z-gpu_h96,electricity_hourly,T81,chronos_bolt,tsfm,168,96,60002,72.30941772460938,91.7668004609839,0.9826874435960504,10.272124580737934,72.78888099972392,12.59375,,205292928,true,dcb2c10e4ac97b1d1289825869826fdec84593f7,41e5a8930cdcae89,true,2026-09-20T14:42:53+00:00
20260920T143808Z-gpu_h96,electricity_hourly,T81,chronos_bolt,tsfm,168,96,60003,53.51599311828613,74.3858922871838,0.5967402051287907,7.197494931984984,72.88347500025338,12.59375,,205292928,true,dcb2c10e4ac97b1d1289825869826fdec84593f7,41e5a8930cdcae89,true,2026-09-20T14:42:53+00:00
20260920T143808Z-gpu_h96,electricity_hourly,T81,chronos_bolt,tsfm,168,96,60004,80.13461716969807,98.0632400098942,0.8009568176883822,10.814468801478538,70.58197099968311,12.59375,,205292928,true,dcb2c10e4ac97b1d1289825869826fdec84593f7,41e5a8930cdcae89,true,2026-09-20T14:42:53+00:00
20260920T143808Z-gpu_h96,electricity_hourly,T81,chronos_bolt,tsfm,168,96,60005,78.85255718231201,99.75331255345512,0.7096730146408081,10.508387396710765,74.26620100022774,12.59375,,205292928,true,dcb2c10e4ac97b1d1289825869826fdec84593f7,41e5a8930cdcae89,true,2026-09-20T14:42:53+00:00
20260920T143808Z-gpu_h96,electricity_hourly,T81,chronos_bolt,tsfm,168,96,60006,111.23931948343913,126.33876785404468,0.9661898791009853,15.441196393343976,72.4791779998668,12.59375,,205292928,true,dcb2c10e4ac97b1d1289825869826fdec84593f7,41e5a8930cdcae89,true,2026-09-20T14:42:53+00:00
20260920T143808Z-gpu_h96,electricity_hourly,T81,chronos_bolt,tsfm,168,96,60007,88.17359447479248,119.79157141873526,1.027597734248148,12.064480294529794,71.47244499992667,12.59375,,205292928,true,dcb2c10e4ac97b1d1289825869826fdec84593f7,41e5a8930cdcae89,true,2026-09-20T14:42:53+00:00
20260920T143808Z-gpu_h96,electricity_hourly,T81,chronos_bolt,tsfm,168,96,60008,102.61147181193034,127.83687890422452,1.1081484881444403,15.519558758571176,71.55308900019008,12.59375,,205292928,true,dcb2c10e4ac97b1d1289825869826fdec84593f7,41e5a8930cdcae89,true,2026-09-20T14:42:53+00:00
20260920T143808Z-gpu_h96,electricity_hourly,T81,chronos_bolt,tsfm,168,96,60009,92.7134583791097,126.48118683171046,1.1220050429945203,14.38626126004621,77.87785599975905,12.59375,,205292928,true,dcb2c10e4ac97b1d1289825869826fdec84593f7,41e5a8930cdcae89,true,2026-09-20T14:42:53+00:00
20260920T143808Z-gpu_h96,electricity_hourly,T81,chronos_bolt,tsfm,168,96,60010,58.48689683278402,79.76787687164266,0.6272053279655123,7.330848385484797,76.113315999919,12.59375,,205292928,true,dcb2c10e4ac97b1d1289825869826fdec84593f7,41e5a8930cdcae89,true,2026-09-20T14:42:53+00:00
20260920T143808Z-gpu_h96,electricity_hourly,T81,chronos_bolt,tsfm,168,96,60011,48.619126319885254,62.88596821497621,0.5471361511459422,6.965486880168522,77.30034199994407,12.59375,,205292928,true,dcb2c10e4ac97b1d1289825869826fdec84593f7,41e5a8930cdcae89,true,2026-09-20T14:42:53+00:00
20260920T143808Z-gpu_h96,electricity_hourly,T81,chronos_bolt,tsfm,168,96,60012,42.90221754709879,58.69048054702004,0.47249861007894656,6.386547951349388,73.19239500020558,12.59375,,205292928,true,dcb2c10e4ac97b1d1289825869826fdec84593f7,41e5a8930cdcae89,true,2026-09-20T14:42:53+00:00
20260920T143808Z-gpu_h96,electricity_hourly,T81,chronos_bolt,tsfm,168,96,60013,64.71811199188232,86.3125922803315,0.6091116422765395,8.681347894748088,75.7278099999894,12.59375,,205292928,true,dcb2c10e4ac97b1d1289825869826fdec84593f7,41e5a8930cdcae89,true,2026-09-20T14:42:53+00:00
20260920T143808Z-gpu_h96,electricity_hourly,T81,chronos_bolt,tsfm,168,96,60014,50.030835469563804,63.1721448883826,0.3979913991612633,6.938312100622723,73.97944600006667,12.59375,,205292928,true,dcb2c10e4ac97b1d1289825869826fdec84593f7,41e5a8930cdcae89,true,2026-09-20T14:42:53+00:00
20260920T143808Z-gpu_h96,electricity_hourly,T81,chronos_bolt,tsfm,168,96,60015,69.4521074295044,89.60001542364013,0.714160487706986,9.746016567589033,74.58317699956751,12.59375,,205292928,true,dcb2c10e4ac97b1d1289825869826fdec84593f7,41e5a8930cdcae89,true,2026-09-20T14:42:53+00:00
20260920T143808Z-gpu_h96,electricity_hourly,T81,chronos_bolt,tsfm,168,96,60016,52.98445987701416,71.05485793645704,0.5172018860012229,6.680433918396307,74.86487799997121,12.59375,,205292928,true,dcb2c10e4ac97b1d1289825869826fdec84593f7,41e5a8930cdcae89,true,2026-09-20T14:42:53+00:00
20260920T143808Z-gpu_h96,electricity_hourly,T81,chronos_bolt,tsfm,168,96,60017,64.74250062306722,86.85500255292898,0.60593527165746,7.587554670372619,90.60419899969929,12.59375,,205292928,true,dcb2c10e4ac97b1d1289825869826fdec84593f7,41e5a8930cdcae89,true,2026-09-20T14:42:53+00:00
20260920T143808Z-gpu_h96,electricity_hourly,T81,chronos_bolt,tsfm,168,96,60018,49.63056723276774,65.74350820348572,0.49135797054098,6.378883639416734,75.4371819998596,12.59375,,205292928,true,dcb2c10e4ac97b1d1289825869826fdec84593f7,41e5a8930cdcae89,true,2026-09-20T14:42:53+00:00
20260920T143808Z-gpu_h96,electricity_hourly,T81,chronos_bolt,tsfm,168,96,60019,120.21904532114665,161.18441065397857,0.9652379440337395,12.29481094344335,75.0517100000252,12.59375,,205292928,true,dcb2c10e4ac97b1d1289825869826fdec84593f7,41e5a8930cdcae89,true,2026-09-20T14:42:53+00:00
20260920T143808Z-gpu_h96,electricity_hourly,T81,chronos_bolt,tsfm,168,96,60020,114.06030082702637,156.7207156785265,0.8970334964004258,10.544259082335312,70.89804999986882,12.59375,,205292928,true,dcb2c10e4ac97b1d1289825869826fdec84593f7,41e5a8930cdcae89,true,2026-09-20T14:42:53+00:00
20260920T143808Z-gpu_h96,electricity_hourly,T94,lstm,deep,168,96,70000,365.33302749272235,606.9165418337298,3.0360085387206843,11.560747867629328,337.87629799962815,16.14599609375,0.3053110000000743,4513,false,dcb2c10e4ac97b1d1289825869826fdec84593f7,41e5a8930cdcae89,true,2026-09-20T14:43:05+00:00
20260920T143808Z-gpu_h96,electricity_hourly,T94,lstm,deep,168,96,70001,3327.8390776758993,4013.892407715511,13.898570932606209,71.78392868782745,339.7656160000224,16.10986328125,0.30670546500005,4513,false,dcb2c10e4ac97b1d1289825869826fdec84593f7,41e5a8930cdcae89,true,2026-09-20T14:43:05+00:00
20260920T143808Z-gpu_h96,electricity_hourly,T94,lstm,deep,168,96,70002,707.9302157002212,1155.7338993852584,3.0892436455902255,19.749169236848743,342.06763599968326,16.10986328125,0.309222236000096,4513,false,dcb2c10e4ac97b1d1289825869826fdec84593f7,41e5a8930cdcae89,true,2026-09-20T14:43:05+00:00
20260920T143808Z-gpu_h96,electricity_hourly,T94,lstm,deep,168,96,70003,618.0373375233663,1040.509136930756,2.2967657643646224,18.552978712443025,357.1888820001732,16.10986328125,0.32229826100001446,4513,false,dcb2c10e4ac97b1d1289825869826fdec84593f7,41e5a8930cdcae89,true,2026-09-20T14:43:05+00:00
20260920T143808Z-gpu_h96,electricity_hourly,T94,lstm,deep,168,96,70004,920.7663573060296,1349.9865908559254,3.6699149008294794,21.859844481908706,337.9069249999702,16.10986328125,0.30414815899985115,4513,false,dcb2c10e4ac97b1d1289825869826fdec84593f7,41e5a8930cdcae89,true,2026-09-20T14:43:05+00:00
20260920T143808Z-gpu_h96,electricity_hourly,T94,lstm,deep,168,96,70005,591.11382450142,1003.0819641205858,2.5403005469799593,17.73365912755733,369.78945800001384,16.10986328125,0.3346602719998373,4513,false,dcb2c10e4ac97b1d1289825869826fdec84593f7,41e5a8930cdcae89,true,2026-09-20T14:43:05+00:00
20260920T143808Z-gpu_h96,electricity_hourly,T94,lstm,deep,168,96,70006,1019.9462111251823,1601.3388056366432,2.8886841004253454,27.95254647819822,343.49431400005415,16.10986328125,0.31020723200026623,4513,false,dcb2c10e4ac97b1d1289825869826fdec84593f7,41e5a8930cdcae89,true,2026-09-20T14:43:05+00:00
20260920T143808Z-gpu_h96,electricity_hourly,T94,lstm,deep,168,96,70007,1131.832472212718,1794.0570961720405,6.584941052831456,28.675723108854474,354.2527180002253,16.10986328125,0.3197980629997801,4513,false,dcb2c10e4ac97b1d1289825869826fdec84593f7,41e5a8930cdcae89,true,2026-09-20T14:43:05+00:00
20260920T143808Z-gpu_h96,electricity_hourly,T94,lstm,deep,168,96,70008,1475.2953698452504,2257.626250883325,12.235358708616948,38.66177651018286,335.95350800032975,16.10986328125,0.3034475449999263,4513,false,dcb2c10e4ac97b1d1289825869826fdec84593f7,41e5a8930cdcae89,true,2026-09-20T14:43:05+00:00
20260920T143808Z-gpu_h96,electricity_hourly,T94,lstm,deep,168,96,70009,1772.6648938921414,2678.492265528512,9.278943828443053,41.85416426714919,337.1239359998981,16.10986328125,0.303889098000127,4513,false,dcb2c10e4ac97b1d1289825869826fdec84593f7,41e5a8930cdcae89,true,2026-09-20T14:43:05+00:00
20260920T143808Z-gpu_h96,electricity_hourly,T94,lstm,deep,168,96,70010,1301.5214941703396,2070.7037763669664,7.303370554147334,33.337226258829276,353.26966299999185,16.10986328125,0.3193753730001845,4513,false,dcb2c10e4ac97b1d1289825869826fdec84593f7,41e5a8930cdcae89,true,2026-09-20T14:43:05+00:00
20260920T143808Z-gpu_h96,electricity_hourly,T94,lstm,deep,168,96,70011,519.4891522260363,716.8033287971098,1.5717949681791274,13.715474328571744,339.9872499999219,16.10986328125,0.305281923000166,4513,false,dcb2c10e4ac97b1d1289825869826fdec84593f7,41e5a8930cdcae89,true,2026-09-20T14:43:05+00:00
20260920T143808Z-gpu_h96,electricity_hourly,T94,lstm,deep,168,96,70012,617.7683355458588,812.2986966123923,3.862057841391146,11.247377051323749,362.5695209998412,16.10986328125,0.3278508379999039,4513,false,dcb2c10e4ac97b1d1289825869826fdec84593f7,41e5a8930cdcae89,true,2026-09-20T14:43:05+00:00
20260920T143808Z-gpu_h96,electricity_hourly,T94,lstm,deep,168,96,70013,991.7438589900718,1433.5982477293915,4.178818308546315,26.84663530928108,350.8343470002728,16.10986328125,0.3172940300000846,4513,false,dcb2c10e4ac97b1d1289825869826fdec84593f7,41e5a8930cdcae89,true,2026-09-20T14:43:05+00:00
20260920T143808Z-gpu_h96,electricity_hourly,T94,lstm,deep,168,96,70014,755.4653775415976,1045.0907590248105,4.6824350865574855,17.88183276382409,355.77555500003655,16.10986328125,0.3224217030001455,4513,false,dcb2c10e4ac97b1d1289825869826fdec84593f7,41e5a8930cdcae89,true,2026-09-20T14:43:05+00:00
20260920T143808Z-gpu_h96,electricity_hourly,T94,lstm,deep,168,96,70015,609.1676648008112,958.8779176842751,3.361440210427529,18.03193233902235,362.68715400001383,16.10986328125,0.32976693899991005,4513,false,dcb2c10e4ac97b1d1289825869826fdec84593f7,41e5a8930cdcae89,true,2026-09-20T14:43:05+00:00
20260920T143808Z-gpu_h96,electricity_hourly,T94,lstm,deep,168,96,70016,490.87748160839857,604.6508240347541,2.604700322485422,17.426034231645815,368.0380580003657,16.10986328125,0.3348678870002004,4513,false,dcb2c10e4ac97b1d1289825869826fdec84593f7,41e5a8930cdcae89,true,2026-09-20T14:43:05+00:00
20260920T143808Z-gpu_h96,electricity_hourly,T94,lstm,deep,168,96,70017,1078.2215829117786,1691.67094523544,4.672823545288353,30.902181772150723,336.67627499971786,16.10986328125,0.3036740480001754,4513,false,dcb2c10e4ac97b1d1289825869826fdec84593f7,41e5a8930cdcae89,true,2026-09-20T14:43:05+00:00
20260920T143808Z-gpu_h96,electricity_hourly,T94,lstm,deep,168,96,70018,361.3999359868969,608.352891033406,1.9933197020879867,11.145087205553272,337.43155499996647,16.10986328125,0.3061667080000916,4513,false,dcb2c10e4ac97b1d1289825869826fdec84593f7,41e5a8930cdcae89,true,2026-09-20T14:43:05+00:00
20260920T143808Z-gpu_h96,electricity_hourly,T94,lstm,deep,168,96,70019,494.08169200846925,731.9671176492708,5.164616989635567,14.071763783218213,334.3853040000795,16.10986328125,0.30139102900011494,4513,false,dcb2c10e4ac97b1d1289825869826fdec84593f7,41e5a8930cdcae89,true,2026-09-20T14:43:05+00:00
20260920T143808Z-gpu_h96,electricity_hourly,T94,lstm,deep,168,96,70020,338.2354656242589,492.3549909820089,1.8657692798273617,9.10695149450259,358.4115930002554,16.10986328125,0.3239411200001996,4513,false,dcb2c10e4ac97b1d1289825869826fdec84593f7,41e5a8930cdcae89,true,2026-09-20T14:43:05+00:00
20260920T143808Z-gpu_h96,electricity_hourly,T94,transformer,deep,168,96,70000,335.21268654803134,457.7481071599412,2.785700996244028,10.959839102318575,563.6514880002323,10.6845703125,0.5606890040003236,19232,false,dcb2c10e4ac97b1d1289825869826fdec84593f7,41e5a8930cdcae89,true,2026-09-20T14:43:21+00:00
20260920T143808Z-gpu_h96,electricity_hourly,T94,transformer,deep,168,96,70001,1191.4116198204856,1531.1964145854686,4.975877294995502,22.132949723891247,573.9738299998862,10.525390625,0.5710331300001599,19232,false,dcb2c10e4ac97b1d1289825869826fdec84593f7,41e5a8930cdcae89,true,2026-09-20T14:43:21+00:00
20260920T143808Z-gpu_h96,electricity_hourly,T94,transformer,deep,168,96,70002,485.0815661820045,603.2109630607607,2.1167837064822765,14.767506184157153,569.4045989998813,10.525390625,0.5662937189999866,19232,false,dcb2c10e4ac97b1d1289825869826fdec84593f7,41e5a8930cdcae89,true,2026-09-20T14:43:21+00:00
20260920T143808Z-gpu_h96,electricity_hourly,T94,transformer,deep,168,96,70003,425.4769431603366,550.4417097904332,1.5811680253706797,14.967199381590104,552.882352999859,10.525390625,0.5501118910001424,19232,false,dcb2c10e4ac97b1d1289825869826fdec84593f7,41e5a8930cdcae89,true,2026-09-20T14:43:21+00:00
20260920T143808Z-gpu_h96,electricity_hourly,T94,transformer,deep,168,96,70004,736.4648666902277,932.4876763541082,2.9353411609342297,17.75837189001197,560.3508379999766,10.525390625,0.5575022180000815,19232,false,dcb2c10e4ac97b1d1289825869826fdec84593f7,41e5a8930cdcae89,true,2026-09-20T14:43:21+00:00
20260920T143808Z-gpu_h96,electricity_hourly,T94,transformer,deep,168,96,70005,387.90393508576364,511.78428661841116,1.6670098678628973,12.642361764913046,615.3716850003548,10.525390625,0.6122805109998808,19232,false,dcb2c10e4ac97b1d1289825869826fdec84593f7,41e5a8930cdcae89,true,2026-09-20T14:43:21+00:00
20260920T143808Z-gpu_h96,electricity_hourly,T94,transformer,deep,168,96,70006,521.1976225337457,663.2590735555921,1.4761320439945596,14.42553093990965,609.8165309999786,10.525390625,0.6068118080002023,19232,false,dcb2c10e4ac97b1d1289825869826fdec84593f7,41e5a8930cdcae89,true,2026-09-20T14:43:21+00:00
20260920T143808Z-gpu_h96,electricity_hourly,T94,transformer,deep,168,96,70007,619.5414007877757,784.5218982908901,3.6044588789721503,17.101015310084026,557.0811759998833,10.525390625,0.554218708999997,19232,false,dcb2c10e4ac97b1d1289825869826fdec84593f7,41e5a8930cdcae89,true,2026-09-20T14:43:21+00:00
20260920T143808Z-gpu_h96,electricity_hourly,T94,transformer,deep,168,96,70008,403.191717029762,541.0041843132933,3.343869564723016,10.054112737224633,598.449520000031,10.525390625,0.5954390430001695,19232,false,dcb2c10e4ac97b1d1289825869826fdec84593f7,41e5a8930cdcae89,true,2026-09-20T14:43:21+00:00
20260920T143808Z-gpu_h96,electricity_hourly,T94,transformer,deep,168,96,70009,436.89813210209917,582.3643509447382,2.286925882322875,11.839101429714045,597.2812879999765,10.525390625,0.5944343180003671,19232,false,dcb2c10e4ac97b1d1289825869826fdec84593f7,41e5a8930cdcae89,true,2026-09-20T14:43:21+00:00
20260920T143808Z-gpu_h96,electricity_hourly,T94,transformer,deep,168,96,70010,408.21735730714,561.0420371850015,2.2906749065633294,10.536513821460874,571.401331999823,10.525390625,0.5685320789998514,19232,false,dcb2c10e4ac97b1d1289825869826fdec84593f7,41e5a8930cdcae89,true,2026-09-20T14:43:21+00:00
20260920T143808Z-gpu_h96,electricity_hourly,T94,transformer,deep,168,96,70011,594.1347935227469,783.5205405814137,1.7976469284826666,17.511895165796478,563.6782480000875,10.525390625,0.5607323039998846,19232,false,dcb2c10e4ac97b1d1289825869826fdec84593f7,41e5a8930cdcae89,true,2026-09-20T14:43:21+00:00
20260920T143808Z-gpu_h96,electricity_hourly,T94,transformer,deep,168,96,70012,799.1430816661219,965.7763602675656,4.995945287831968,19.69764874715354,561.4162820002093,10.525390625,0.55845508099992,19232,false,dcb2c10e4ac97b1d1289825869826fdec84593f7,41e5a8930cdcae89,true,2026-09-20T14:43:21+00:00
20260920T143808Z-gpu_h96,electricity_hourly,T94,transformer,deep,168,96,70013,564.6947265464056,713.629710677597,2.379401334972419,15.767735725911471,557.5449389998539,10.525390625,0.5546809800002848,19232,false,dcb2c10e4ac97b1d1289825869826fdec84593f7,41e5a8930cdcae89,true,2026-09-20T14:43:21+00:00
20260920T143808Z-gpu_h96,electricity_hourly,T94,transformer,deep,168,96,70014,604.2679272785122,746.6063888664393,3.745301146132904,14.667084666110878,563.1926790001671,10.525390625,0.560305234000225,19232,false,dcb2c10e4ac97b1d1289825869826fdec84593f7,41e5a8930cdcae89,true,2026-09-20T14:43:21+00:00
20260920T143808Z-gpu_h96,electricity_hourly,T94,transformer,deep,168,96,70015,324.42889234216847,414.93055594028635,1.7902268737458713,9.47636208248293,557.9498039996906,10.525390625,0.5549838400002045,19232,false,dcb2c10e4ac97b1d1289825869826fdec84593f7,41e5a8930cdcae89,true,2026-09-20T14:43:21+00:00
20260920T143808Z-gpu_h96,electricity_hourly,T94,transformer,deep,168,96,70016,542.0427571550687,667.3520416730285,2.8761941569139173,18.811440931355353,566.4771910001036,10.525390625,0.5633607059999122,19232,false,dcb2c10e4ac97b1d1289825869826fdec84593f7,41e5a8930cdcae89,true,2026-09-20T14:43:21+00:00
20260920T143808Z-gpu_h96,electricity_hourly,T94,transformer,deep,168,96,70017,390.44808122737885,516.7667927955124,1.6921336171409564,11.691252072269958,581.8437869997979,10.525390625,0.5789899339997646,19232,false,dcb2c10e4ac97b1d1289825869826fdec84593f7,41e5a8930cdcae89,true,2026-09-20T14:43:21+00:00
20260920T143808Z-gpu_h96,electricity_hourly,T94,transformer,deep,168,96,70018,298.94368999762276,380.2462736055833,1.6488391052419826,9.809479380415377,578.1733809999423,10.525390625,0.5752562299999227,19232,false,dcb2c10e4ac97b1d1289825869826fdec84593f7,41e5a8930cdcae89,true,2026-09-20T14:43:21+00:00
20260920T143808Z-gpu_h96,electricity_hourly,T94,transformer,deep,168,96,70019,400.27834684082245,514.6611480483173,4.184094217848318,10.560061485338036,576.511544999903,10.525390625,0.5736419930003649,19232,false,dcb2c10e4ac97b1d1289825869826fdec84593f7,41e5a8930cdcae89,true,2026-09-20T14:43:21+00:00
20260920T143808Z-gpu_h96,electricity_hourly,T94,transformer,deep,168,96,70020,331.5044281695762,473.09382909899716,1.82863963441559,9.513636307392222,570.338224000352,10.525390625,0.567007176000061,19232,false,dcb2c10e4ac97b1d1289825869826fdec84593f7,41e5a8930cdcae89,true,2026-09-20T14:43:21+00:00
20260920T143808Z-gpu_h96,electricity_hourly,T94,timesfm25,tsfm,168,96,70000,122.24516296386719,170.4215213740385,1.0158877808631623,3.4530702959221102,116.95307700028934,11.94287109375,,231289280,true,dcb2c10e4ac97b1d1289825869826fdec84593f7,41e5a8930cdcae89,true,2026-09-20T14:43:27+00:00
20260920T143808Z-gpu_h96,electricity_hourly,T94,timesfm25,tsfm,168,96,70001,685.2912343343099,935.440575900853,2.862088162189757,12.34623779169562,117.79140499993446,11.94287109375,,231289280,true,dcb2c10e4ac97b1d1289825869826fdec84593f7,41e5a8930cdcae89,true,2026-09-20T14:43:27+00:00
20260920T143808Z-gpu_h96,electricity_hourly,T94,timesfm25,tsfm,168,96,70002,189.88548151652017,270.970081000481,0.8286163016569867,5.13006926770847,115.93007400006172,11.94287109375,,231289280,true,dcb2c10e4ac97b1d1289825869826fdec84593f7,41e5a8930cdcae89,true,2026-09-20T14:43:27+00:00
20260920T143808Z-gpu_h96,electricity_hourly,T94,timesfm25,tsfm,168,96,70003,150.5473779042562,193.6835540172647,0.5594679196421299,5.538887899224335,128.57658500024627,11.94287109375,,231289280,true,dcb2c10e4ac97b1d1289825869826fdec84593f7,41e5a8930cdcae89,true,2026-09-20T14:43:27+00:00
20260920T143808Z-gpu_h96,electricity_hourly,T94,timesfm25,tsfm,168,96,70004,261.7773208618164,371.76343783378354,1.0433705390157924,5.666178812143795,114.2720080001709,11.94287109375,,231289280,true,dcb2c10e4ac97b1d1289825869826fdec84593f7,41e5a8930cdcae89,true,2026-09-20T14:43:27+00:00
20260920T143808Z-gpu_h96,electricity_hourly,T94,timesfm25,tsfm,168,96,70005,215.70735041300455,275.6536198693466,0.9269982827823998,6.096759194876135,116.50211599999238,11.94287109375,,231289280,true,dcb2c10e4ac97b1d1289825869826fdec84593f7,41e5a8930cdcae89,true,2026-09-20T14:43:27+00:00
20260920T143808Z-gpu_h96,electricity_hourly,T94,timesfm25,tsfm,168,96,70006,185.97702662150064,256.16982333682927,0.5267227565395345,4.9262865356575665,115.2648729998873,11.94287109375,,231289280,true,dcb2c10e4ac97b1d1289825869826fdec84593f7,41e5a8930cdcae89,true,2026-09-20T14:43:27+00:00
20260920T143808Z-gpu_h96,electricity_hourly,T94,timesfm25,tsfm,168,96,70007,222.31118138631186,296.6463551096268,1.2933946151520708,5.413264481132176,117.73661300003369,11.94287109375,,231289280,true,dcb2c10e4ac97b1d1289825869826fdec84593f7,41e5a8930cdcae89,true,2026-09-20T14:43:27+00:00
20260920T143808Z-gpu_h96,electricity_hourly,T94,timesfm25,tsfm,168,96,70008,151.21148173014322,219.65144835113023,1.2540720710211728,3.690222104036187,112.34996699977273,11.94287109375,,231289280,true,dcb2c10e4ac97b1d1289825869826fdec84593f7,41e5a8930cdcae89,true,2026-09-20T14:43:27+00:00
20260920T143808Z-gpu_h96,electricity_hourly,T94,timesfm25,tsfm,168,96,70009,280.8112157185872,369.5792636905909,1.4698951313513835,6.82331455555719,116.6711299997587,11.94287109375,,231289280,true,dcb2c10e4ac97b1d1289825869826fdec84593f7,41e5a8930cdcae89,true,2026-09-20T14:43:27+00:00
20260920T143808Z-gpu_h96,electricity_hourly,T94,timesfm25,tsfm,168,96,70010,263.6603266398112,374.3143143663457,1.4795061583716318,5.217714593738287,116.77052300001378,11.94287109375,,231289280,true,dcb2c10e4ac97b1d1289825869826fdec84593f7,41e5a8930cdcae89,true,2026-09-20T14:43:27+00:00
20260920T143808Z-gpu_h96,electricity_hourly,T94,timesfm25,tsfm,168,96,70011,304.5431594848633,425.31206514121976,0.9214425433534409,6.2695457768433505,113.09312799994586,11.94287109375,,231289280,true,dcb2c10e4ac97b1d1289825869826fdec84593f7,41e5a8930cdcae89,true,2026-09-20T14:43:27+00:00
20260920T143808Z-gpu_h96,electricity_hourly,T94,timesfm25,tsfm,168,96,70012,444.72362009684247,576.8606843301437,2.780246648169893,9.55656539896438,116.47880400005306,11.94287109375,,231289280,true,dcb2c10e4ac97b1d1289825869826fdec84593f7,41e5a8930cdcae89,true,2026-09-20T14:43:27+00:00
20260920T143808Z-gpu_h96,electricity_hourly,T94,timesfm25,tsfm,168,96,70013,349.96259180704754,437.1934996264784,1.4746046297063597,8.460503294073261,116.98978699996587,11.94287109375,,231289280,true,dcb2c10e4ac97b1d1289825869826fdec84593f7,41e5a8930cdcae89,true,2026-09-20T14:43:27+00:00
20260920T143808Z-gpu_h96,electricity_hourly,T94,timesfm25,tsfm,168,96,70014,326.7451171875,418.155080187607,2.025192479447338,6.539097708130439,114.9223190000157,11.94287109375,,231289280,true,dcb2c10e4ac97b1d1289825869826fdec84593f7,41e5a8930cdcae89,true,2026-09-20T14:43:27+00:00
20260920T143808Z-gpu_h96,electricity_hourly,T94,timesfm25,tsfm,168,96,70015,226.37761815388998,309.7351677895562,1.249171406122017,6.256242434464687,111.09810000016296,11.94287109375,,231289280,true,dcb2c10e4ac97b1d1289825869826fdec84593f7,41e5a8930cdcae89,true,2026-09-20T14:43:27+00:00
20260920T143808Z-gpu_h96,electricity_hourly,T94,timesfm25,tsfm,168,96,70016,395.7032279968262,542.7672243570904,2.099685490144556,15.397820939454398,118.15082099974461,11.94287109375,,231289280,true,dcb2c10e4ac97b1d1289825869826fdec84593f7,41e5a8930cdcae89,true,2026-09-20T14:43:27+00:00
20260920T143808Z-gpu_h96,electricity_hourly,T94,timesfm25,tsfm,168,96,70017,288.78710683186847,332.3154100240576,1.2515527548014886,11.251205538930325,118.20193399989876,11.94287109375,,231289280,true,dcb2c10e4ac97b1d1289825869826fdec84593f7,41e5a8930cdcae89,true,2026-09-20T14:43:27+00:00
20260920T143808Z-gpu_h96,electricity_hourly,T94,timesfm25,tsfm,168,96,70018,116.18467076619466,163.42745988942875,0.640822452517697,3.9827518345363666,112.72669100026178,11.94287109375,,231289280,true,dcb2c10e4ac97b1d1289825869826fdec84593f7,41e5a8930cdcae89,true,2026-09-20T14:43:27+00:00
20260920T143808Z-gpu_h96,electricity_hourly,T94,timesfm25,tsfm,168,96,70019,290.8632507324219,339.19471148215183,3.0403824118371623,8.242154089799982,108.43682099994112,11.94287109375,,231289280,true,dcb2c10e4ac97b1d1289825869826fdec84593f7,41e5a8930cdcae89,true,2026-09-20T14:43:27+00:00
20260920T143808Z-gpu_h96,electricity_hourly,T94,timesfm25,tsfm,168,96,70020,191.9275690714518,305.84756717893345,1.0587079083045035,4.556710382540297,115.43862000007721,11.94287109375,,231289280,true,dcb2c10e4ac97b1d1289825869826fdec84593f7,41e5a8930cdcae89,true,2026-09-20T14:43:27+00:00
20260920T143808Z-gpu_h96,electricity_hourly,T94,chronos_bolt,tsfm,168,96,70000,116.12698618570964,157.33203851652874,0.965044206529443,3.20599947258395,72.13215899992065,12.59375,,205292928,true,dcb2c10e4ac97b1d1289825869826fdec84593f7,41e5a8930cdcae89,true,2026-09-20T14:43:33+00:00
20260920T143808Z-gpu_h96,electricity_hourly,T94,chronos_bolt,tsfm,168,96,70001,370.8004659016927,496.97143710254795,1.548631546444031,7.9682070328943935,76.78729300005216,12.59375,,205292928,true,dcb2c10e4ac97b1d1289825869826fdec84593f7,41e5a8930cdcae89,true,2026-09-20T14:43:33+00:00
20260920T143808Z-gpu_h96,electricity_hourly,T94,chronos_bolt,tsfm,168,96,70002,184.06861623128256,256.44103471822285,0.8032328475803717,5.935865862457894,79.03865800017229,12.59375,,205292928,true,dcb2c10e4ac97b1d1289825869826fdec84593f7,41e5a8930cdcae89,true,2026-09-20T14:43:33+00:00
20260920T143808Z-gpu_h96,electricity_hourly,T94,chronos_bolt,tsfm,168,96,70003,149.27286783854166,195.84394219238325,0.5547315535562208,5.53773981137217,77.45988199985732,12.59375,,205292928,true,dcb2c10e4ac97b1d1289825869826fdec84593f7,41e5a8930cdcae89,true,2026-09-20T14:43:33+00:00
20260920T143808Z-gpu_h96,electricity_hourly,T94,chronos_bolt,tsfm,168,96,70004,258.5939687093099,366.675517515255,1.0306825955365668,5.247899607306461,76.44073199980994,12.59375,,205292928,true,dcb2c10e4ac97b1d1289825869826fdec84593f7,41e5a8930cdcae89,true,2026-09-20T14:43:33+00:00
20260920T143808Z-gpu_h96,electricity_hourly,T94,chronos_bolt,tsfm,168,96,70005,226.69241841634116,297.2580259209493,0.9742064059911999,6.348013264293264,78.02401800017833,12.59375,,205292928,true,dcb2c10e4ac97b1d1289825869826fdec84593f7,41e5a8930cdcae89,true,2026-09-20T14:43:33+00:00
20260920T143808Z-gpu_h96,electricity_hourly,T94,chronos_bolt,tsfm,168,96,70006,182.85418955485025,245.18170811739895,0.5178782805424128,4.531061229538195,76.1721439998837,12.59375,,205292928,true,dcb2c10e4ac97b1d1289825869826fdec84593f7,41e5a8930cdcae89,true,2026-09-20T14:43:33+00:00
20260920T143808Z-gpu_h96,electricity_hourly,T94,chronos_bolt,tsfm,168,96,70007,187.0366414388021,257.2523627105881,1.088169220119894,3.6876474421851677,82.99018299976524,12.59375,,205292928,true,dcb2c10e4ac97b1d1289825869826fdec84593f7,41e5a8930cdcae89,true,2026-09-20T14:43:33+00:00
20260920T143808Z-gpu_h96,electricity_hourly,T94,chronos_bolt,tsfm,168,96,70008,179.95409138997397,234.5130244106966,1.4924488371915137,4.709738254268911,75.61519899991254,12.59375,,205292928,true,dcb2c10e4ac97b1d1289825869826fdec84593f7,41e5a8930cdcae89,true,2026-09-20T14:43:33+00:00
20260920T143808Z-gpu_h96,electricity_hourly,T94,chronos_bolt,tsfm,168,96,70009,249.297732035319,338.53411137152807,1.3049390553648106,6.455794339661624,78.37795899968114,12.59375,,205292928,true,dcb2c10e4ac97b1d1289825869826fdec84593f7,41e5a8930cdcae89,true,2026-09-20T14:43:33+00:00
20260920T143808Z-gpu_h96,electricity_hourly,T94,chronos_bolt,tsfm,168,96,70010,231.2290242513021,338.20534387225257,1.2975208281578794,4.834506780890098,75.91114600018045,12.59375,,205292928,true,dcb2c10e4ac97b1d1289825869826fdec84593f7,41e5a8930cdcae89,true,2026-09-20T14:43:33+00:00
20260920T143808Z-gpu_h96,electricity_hourly,T94,chronos_bolt,tsfm,168,96,70011,285.46589914957684,384.1055859573478,0.8637213345983457,6.221550427658882,73.03969200029314,12.59375,,205292928,true,dcb2c10e4ac97b1d1289825869826fdec84593f7,41e5a8930cdcae89,true,2026-09-20T14:43:33+00:00
20260920T143808Z-gpu_h96,electricity_hourly,T94,chronos_bolt,tsfm,168,96,70012,398.92266845703125,547.3089161934868,2.4939161351833157,7.559545226854563,73.45601999986684,12.59375,,205292928,true,dcb2c10e4ac97b1d1289825869826fdec84593f7,41e5a8930cdcae89,true,2026-09-20T14:43:33+00:00
20260920T143808Z-gpu_h96,electricity_hourly,T94,chronos_bolt,tsfm,168,96,70013,301.4783681233724,372.290728797026,1.270311192677853,7.741146260204422,73.15759299990532,12.59375,,205292928,true,dcb2c10e4ac97b1d1289825869826fdec84593f7,41e5a8930cdcae89,true,2026-09-20T14:43:33+00:00
20260920T143808Z-gpu_h96,electricity_hourly,T94,chronos_bolt,tsfm,168,96,70014,277.52965291341144,357.82135539180763,1.7201510790483903,5.4379064709802,76.81229699983305,12.59375,,205292928,true,dcb2c10e4ac97b1d1289825869826fdec84593f7,41e5a8930cdcae89,true,2026-09-20T14:43:33+00:00
20260920T143808Z-gpu_h96,electricity_hourly,T94,chronos_bolt,tsfm,168,96,70015,250.0544891357422,339.88526103892667,1.3798224415828815,6.3433564224657495,76.97248199974638,12.59375,,205292928,true,dcb2c10e4ac97b1d1289825869826fdec84593f7,41e5a8930cdcae89,true,2026-09-20T14:43:33+00:00
20260920T143808Z-gpu_h96,electricity_hourly,T94,chronos_bolt,tsfm,168,96,70016,392.3395411173503,543.4273153907453,2.081837052137167,15.9343443091043,75.282795000021,12.59375,,205292928,true,dcb2c10e4ac97b1d1289825869826fdec84593f7,41e5a8930cdcae89,true,2026-09-20T14:43:33+00:00
20260920T143808Z-gpu_h96,electricity_hourly,T94,chronos_bolt,tsfm,168,96,70017,225.25975545247397,274.07297637372466,0.9762363374712207,7.620661205485331,72.96747800000958,12.59375,,205292928,true,dcb2c10e4ac97b1d1289825869826fdec84593f7,41e5a8930cdcae89,true,2026-09-20T14:43:33+00:00
20260920T143808Z-gpu_h96,electricity_hourly,T94,chronos_bolt,tsfm,168,96,70018,109.73150634765625,157.89161207030787,0.605229696417286,3.4847132740289193,101.10174500005087,12.59375,,205292928,true,dcb2c10e4ac97b1d1289825869826fdec84593f7,41e5a8930cdcae89,true,2026-09-20T14:43:33+00:00
20260920T143808Z-gpu_h96,electricity_hourly,T94,chronos_bolt,tsfm,168,96,70019,256.8538640340169,337.83936143618143,2.6848835961743927,5.789178083798391,75.21738800005551,12.59375,,205292928,true,dcb2c10e4ac97b1d1289825869826fdec84593f7,41e5a8930cdcae89,true,2026-09-20T14:43:33+00:00
20260920T143808Z-gpu_h96,electricity_hourly,T94,chronos_bolt,tsfm,168,96,70020,179.5779774983724,286.0186220084269,0.9905852809716769,4.405663664253837,71.81864600033805,12.59375,,205292928,true,dcb2c10e4ac97b1d1289825869826fdec84593f7,41e5a8930cdcae89,true,2026-09-20T14:43:33+00:00
20260920T143808Z-gpu_h96,electricity_hourly,T108,lstm,deep,168,96,80000,65.90680932975441,74.23047341604884,1.758491855379773,142.43196877341148,343.20287699983965,16.14599609375,0.309868916999676,4513,false,dcb2c10e4ac97b1d1289825869826fdec84593f7,41e5a8930cdcae89,true,2026-09-20T14:43:45+00:00
20260920T143808Z-gpu_h96,electricity_hourly,T108,lstm,deep,168,96,80001,34.99221589625652,52.35815591090651,0.6367849221611195,74.80815322839976,352.040739000131,16.10986328125,0.31771156400009204,4513,false,dcb2c10e4ac97b1d1289825869826fdec84593f7,41e5a8930cdcae89,true,2026-09-20T14:43:45+00:00
20260920T143808Z-gpu_h96,electricity_hourly,T108,lstm,deep,168,96,80002,64.00721732586051,78.42532308597396,2.9195563176825825,116.24794772849722,345.62649400004375,16.10986328125,0.31125861000009536,4513,false,dcb2c10e4ac97b1d1289825869826fdec84593f7,41e5a8930cdcae89,true,2026-09-20T14:43:45+00:00
20260920T143808Z-gpu_h96,electricity_hourly,T108,lstm,deep,168,96,80003,41.02976928400924,51.34492593981627,1.3752995290729355,126.0253253044613,351.37561000010464,16.10986328125,0.31900954399998227,4513,false,dcb2c10e4ac97b1d1289825869826fdec84593f7,41e5a8930cdcae89,true,2026-09-20T14:43:45+00:00
20260920T143808Z-gpu_h96,electricity_hourly,T108,lstm,deep,168,96,80004,54.57657085897671,69.67639765680421,2.1788262278050032,101.70685534227984,349.27393500038306,16.10986328125,0.3144670210003824,4513,false,dcb2c10e4ac97b1d1289825869826fdec84593f7,41e5a8930cdcae89,true,2026-09-20T14:43:45+00:00
20260920T143808Z-gpu_h96,electricity_hourly,T108,lstm,deep,168,96,80005,62.918013438677626,74.21756544266354,1.8707813204975383,124.79337028406118,360.06280500032517,16.10986328125,0.32727390199988804,4513,false,dcb2c10e4ac97b1d1289825869826fdec84593f7,41e5a8930cdcae89,true,2026-09-20T14:43:45+00:00
20260920T143808Z-gpu_h96,electricity_hourly,T108,lstm,deep,168,96,80006,81.13554222531845,98.89018406952997,3.3660380525629088,158.83497543454624,361.0064629997396,16.10986328125,0.32826234499998463,4513,false,dcb2c10e4ac97b1d1289825869826fdec84593f7,41e5a8930cdcae89,true,2026-09-20T14:43:45+00:00
20260920T143808Z-gpu_h96,electricity_hourly,T108,lstm,deep,168,96,80007,61.60005508259468,75.315681426048,2.3858009499444957,120.19859607464818,391.63248599970757,16.10986328125,0.352275333000307,4513,false,dcb2c10e4ac97b1d1289825869826fdec84593f7,41e5a8930cdcae89,true,2026-09-20T14:43:45+00:00
20260920T143808Z-gpu_h96,electricity_hourly,T108,lstm,deep,168,96,80008,51.195222009840826,65.21197014691904,1.9690470003784932,136.72335608744598,349.6446169997398,16.10986328125,0.3159903820001091,4513,false,dcb2c10e4ac97b1d1289825869826fdec84593f7,41e5a8930cdcae89,true,2026-09-20T14:43:45+00:00
20260920T143808Z-gpu_h96,electricity_hourly,T108,lstm,deep,168,96,80009,73.06622953868147,88.38767474599746,2.5934279155952997,116.57013610317233,356.8181230002665,16.10986328125,0.3214004420001402,4513,false,dcb2c10e4ac97b1d1289825869826fdec84593f7,41e5a8930cdcae89,true,2026-09-20T14:43:45+00:00
20260920T143808Z-gpu_h96,electricity_hourly,T108,lstm,deep,168,96,80010,48.851302411159104,60.05781496172074,1.4790974657710072,94.19567032160487,368.98531599990747,16.10986328125,0.3332264569999097,4513,false,dcb2c10e4ac97b1d1289825869826fdec84593f7,41e5a8930cdcae89,true,2026-09-20T14:43:45+00:00
20260920T143808Z-gpu_h96,electricity_hourly,T108,lstm,deep,168,96,80011,94.68989373838797,116.85072755777979,3.200033958772088,105.55761616657351,361.1273760002405,16.10986328125,0.32637124500024584,4513,false,dcb2c10e4ac97b1d1289825869826fdec84593f7,41e5a8930cdcae89,true,2026-09-20T14:43:45+00:00
20260920T143808Z-gpu_h96,electricity_hourly,T108,lstm,deep,168,96,80012,44.60639902883883,66.72085228492408,1.3891266133548423,133.35460732404937,348.88750700019955,16.10986328125,0.31183790100021724,4513,false,dcb2c10e4ac97b1d1289825869826fdec84593f7,41e5a8930cdcae89,true,2026-09-20T14:43:45+00:00
20260920T143808Z-gpu_h96,electricity_hourly,T108,lstm,deep,168,96,80013,41.90861760933559,57.76809973278022,1.9657462331414741,130.08232106207626,388.045582000359,16.10986328125,0.3508356749998711,4513,false,dcb2c10e4ac97b1d1289825869826fdec84593f7,41e5a8930cdcae89,true,2026-09-20T14:43:45+00:00
20260920T143808Z-gpu_h96,electricity_hourly,T108,lstm,deep,168,96,80014,27.67630736988073,41.33781462385476,1.1518463182840535,148.96732421944012,368.3586900001501,16.10986328125,0.3337472620000881,4513,false,dcb2c10e4ac97b1d1289825869826fdec84593f7,41e5a8930cdcae89,true,2026-09-20T14:43:45+00:00
20260920T143808Z-gpu_h96,electricity_hourly,T108,lstm,deep,168,96,80015,50.70897454434273,71.359628846442,1.3447683857063264,84.9475852694483,389.20524000013756,16.10986328125,0.3547131459999946,4513,false,dcb2c10e4ac97b1d1289825869826fdec84593f7,41e5a8930cdcae89,true,2026-09-20T14:43:45+00:00
20260920T143808Z-gpu_h96,electricity_hourly,T108,lstm,deep,168,96,80016,67.55305503321621,72.8933260367148,2.185986499951266,138.00876126848934,386.55138100011754,16.10986328125,0.3518380519999482,4513,false,dcb2c10e4ac97b1d1289825869826fdec84593f7,41e5a8930cdcae89,true,2026-09-20T14:43:45+00:00
20260920T143808Z-gpu_h96,electricity_hourly,T108,lstm,deep,168,96,80017,45.76008803745401,63.12064244454815,1.1039458330362504,127.63741247930757,372.5309520000337,16.10986328125,0.33848959999977524,4513,false,dcb2c10e4ac97b1d1289825869826fdec84593f7,41e5a8930cdcae89,true,2026-09-20T14:43:45+00:00
20260920T143808Z-gpu_h96,electricity_hourly,T108,lstm,deep,168,96,80018,73.8744285238402,87.11361907564402,2.3141000016169215,106.68101079093341,364.06951299977663,16.10986328125,0.33038562699994145,4513,false,dcb2c10e4ac97b1d1289825869826fdec84593f7,41e5a8930cdcae89,true,2026-09-20T14:43:45+00:00
20260920T143808Z-gpu_h96,electricity_hourly,T108,lstm,deep,168,96,80019,73.89204269710991,88.51186738086025,2.1370665090146272,152.27876296156364,342.7047269997274,16.10986328125,0.30833897100001195,4513,false,dcb2c10e4ac97b1d1289825869826fdec84593f7,41e5a8930cdcae89,true,2026-09-20T14:43:45+00:00
20260920T143808Z-gpu_h96,electricity_hourly,T108,lstm,deep,168,96,80020,51.024109192473496,70.99372420745823,1.7556682732894107,133.74482095767834,356.3636989997576,16.10986328125,0.3230359670001235,4513,false,dcb2c10e4ac97b1d1289825869826fdec84593f7,41e5a8930cdcae89,true,2026-09-20T14:43:45+00:00
20260920T143808Z-gpu_h96,electricity_hourly,T108,transformer,deep,168,96,80000,40.37953609871021,51.667075392512736,1.0773861771751474,141.05871826374056,557.7725800003464,10.6845703125,0.5549292599998807,19232,false,dcb2c10e4ac97b1d1289825869826fdec84593f7,41e5a8930cdcae89,true,2026-09-20T14:44:01+00:00
20260920T143808Z-gpu_h96,electricity_hourly,T108,transformer,deep,168,96,80001,49.41583200684843,62.86320678464806,0.8992644773140622,92.30385995723337,574.8934429998371,10.525390625,0.572114794999834,19232,false,dcb2c10e4ac97b1d1289825869826fdec84593f7,41e5a8930cdcae89,true,2026-09-20T14:44:01+00:00
20260920T143808Z-gpu_h96,electricity_hourly,T108,transformer,deep,168,96,80002,71.1403813021749,79.92873973886688,3.244920781600629,161.66376892976874,568.751673999941,10.525390625,0.5659140379998462,19232,false,dcb2c10e4ac97b1d1289825869826fdec84593f7,41e5a8930cdcae89,true,2026-09-20T14:44:01+00:00
20260920T143808Z-gpu_h96,electricity_hourly,T108,transformer,deep,168,96,80003,52.24553335081962,62.95750670963189,1.7512469279604344,108.07032462187453,565.3901750001751,10.525390625,0.562604145000023,19232,false,dcb2c10e4ac97b1d1289825869826fdec84593f7,41e5a8930cdcae89,true,2026-09-20T14:44:01+00:00
20260920T143808Z-gpu_h96,electricity_hourly,T108,transformer,deep,168,96,80004,73.51624658844075,86.66628076149247,2.9349430298684416,171.4286290158064,578.718783000113,10.525390625,0.5759170939995784,19232,false,dcb2c10e4ac97b1d1289825869826fdec84593f7,41e5a8930cdcae89,true,2026-09-20T14:44:01+00:00
20260920T143808Z-gpu_h96,electricity_hourly,T108,transformer,deep,168,96,80005,66.67709504399805,76.97419666676346,1.9825524853057443,135.79828960412615,581.7422139998598,10.525390625,0.5789505259999714,19232,false,dcb2c10e4ac97b1d1289825869826fdec84593f7,41e5a8930cdcae89,true,2026-09-20T14:44:01+00:00
20260920T143808Z-gpu_h96,electricity_hourly,T108,transformer,deep,168,96,80006,54.78291886760204,73.6924956985911,2.272757221819272,140.48531717450376,569.3897129999641,10.525390625,0.5664452840001104,19232,false,dcb2c10e4ac97b1d1289825869826fdec84593f7,41e5a8930cdcae89,true,2026-09-20T14:44:01+00:00
20260920T143808Z-gpu_h96,electricity_hourly,T108,transformer,deep,168,96,80007,71.54408996736434,83.12452981706681,2.7709383957236327,144.85008746919596,577.8304489999755,10.525390625,0.5749252619998515,19232,false,dcb2c10e4ac97b1d1289825869826fdec84593f7,41e5a8930cdcae89,true,2026-09-20T14:44:01+00:00
20260920T143808Z-gpu_h96,electricity_hourly,T108,transformer,deep,168,96,80008,44.53753472428641,60.49664782182697,1.7129821047802465,130.0325850768206,571.3358100001642,10.525390625,0.5683216099996571,19232,false,dcb2c10e4ac97b1d1289825869826fdec84593f7,41e5a8930cdcae89,true,2026-09-20T14:44:01+00:00
20260920T143808Z-gpu_h96,electricity_hourly,T108,transformer,deep,168,96,80009,65.78198739348369,78.75124591878001,2.3348795131036852,145.21009575718466,611.8197659998259,10.525390625,0.6089710569999625,19232,false,dcb2c10e4ac97b1d1289825869826fdec84593f7,41e5a8930cdcae89,true,2026-09-20T14:44:01+00:00
20260920T143808Z-gpu_h96,electricity_hourly,T108,transformer,deep,168,96,80010,78.58531692367059,90.56792809923873,2.3793704030716074,131.37507591879637,580.2640140000221,10.525390625,0.5772399760003282,19232,false,dcb2c10e4ac97b1d1289825869826fdec84593f7,41e5a8930cdcae89,true,2026-09-20T14:44:01+00:00
20260920T143808Z-gpu_h96,electricity_hourly,T108,transformer,deep,168,96,80011,90.0838626630491,104.40622512138775,3.044373673663241,176.1045020953735,576.0194780000347,10.525390625,0.5729391419999956,19232,false,dcb2c10e4ac97b1d1289825869826fdec84593f7,41e5a8930cdcae89,true,2026-09-20T14:44:01+00:00
20260920T143808Z-gpu_h96,electricity_hourly,T108,transformer,deep,168,96,80012,42.72390499842785,54.50995235067103,1.3305022317849502,119.21610663985349,604.1950549997637,10.525390625,0.6012969849998626,19232,false,dcb2c10e4ac97b1d1289825869826fdec84593f7,41e5a8930cdcae89,true,2026-09-20T14:44:01+00:00
20260920T143808Z-gpu_h96,electricity_hourly,T108,transformer,deep,168,96,80013,55.15509692639605,70.63557656193585,2.587079464951476,140.71865920560526,580.1580530001047,10.525390625,0.57679029000019,19232,false,dcb2c10e4ac97b1d1289825869826fdec84593f7,41e5a8930cdcae89,true,2026-09-20T14:44:01+00:00
20260920T143808Z-gpu_h96,electricity_hourly,T108,transformer,deep,168,96,80014,73.69237190266803,82.70861205214139,3.0669657670474555,171.04211004990825,587.5631359999716,10.525390625,0.584645030000047,19232,false,dcb2c10e4ac97b1d1289825869826fdec84593f7,41e5a8930cdcae89,true,2026-09-20T14:44:01+00:00
20260920T143808Z-gpu_h96,electricity_hourly,T108,transformer,deep,168,96,80015,69.59369057400347,83.78301340519971,1.845578534559208,134.64846561549965,592.8418339999553,10.525390625,0.5899557620000451,19232,false,dcb2c10e4ac97b1d1289825869826fdec84593f7,41e5a8930cdcae89,true,2026-09-20T14:44:01+00:00
20260920T143808Z-gpu_h96,electricity_hourly,T108,transformer,deep,168,96,80016,82.54714096862189,94.61232385613935,2.6711883819059667,172.76314508271625,563.4316790001321,10.525390625,0.5605745359998764,19232,false,dcb2c10e4ac97b1d1289825869826fdec84593f7,41e5a8930cdcae89,true,2026-09-20T14:44:01+00:00
20260920T143808Z-gpu_h96,electricity_hourly,T108,transformer,deep,168,96,80017,72.59495837956044,83.14056516572903,1.7513275266638808,124.5334545598756,556.6198100000292,10.525390625,0.5537153790000957,19232,false,dcb2c10e4ac97b1d1289825869826fdec84593f7,41e5a8930cdcae89,true,2026-09-20T14:44:01+00:00
20260920T143808Z-gpu_h96,electricity_hourly,T108,transformer,deep,168,96,80018,85.22511260472037,100.35451709264747,2.6696576495714015,159.32689644814252,569.5284479998008,10.525390625,0.5666721499997038,19232,false,dcb2c10e4ac97b1d1289825869826fdec84593f7,41e5a8930cdcae89,true,2026-09-20T14:44:01+00:00
20260920T143808Z-gpu_h96,electricity_hourly,T108,transformer,deep,168,96,80019,71.02673454234115,87.00859495964797,2.0541975846750606,122.09598622395083,561.1831650003296,10.525390625,0.5583382029999484,19232,false,dcb2c10e4ac97b1d1289825869826fdec84593f7,41e5a8930cdcae89,true,2026-09-20T14:44:01+00:00
20260920T143808Z-gpu_h96,electricity_hourly,T108,transformer,deep,168,96,80020,52.44051018285049,71.29703346086742,1.80440465145292,133.3050315681269,557.8832900000634,10.525390625,0.5549456789999567,19232,false,dcb2c10e4ac97b1d1289825869826fdec84593f7,41e5a8930cdcae89,true,2026-09-20T14:44:01+00:00
20260920T143808Z-gpu_h96,electricity_hourly,T108,timesfm25,tsfm,168,96,80000,30.69863114754359,39.55662757440415,0.8190852112740925,154.4561085760661,114.73237799964409,11.94287109375,,231289280,true,dcb2c10e4ac97b1d1289825869826fdec84593f7,41e5a8930cdcae89,true,2026-09-20T14:44:08+00:00
20260920T143808Z-gpu_h96,electricity_hourly,T108,timesfm25,tsfm,168,96,80001,37.44109831253687,45.33930212436528,0.6813494448382801,102.17687308766281,117.07514799991259,11.94287109375,,231289280,true,dcb2c10e4ac97b1d1289825869826fdec84593f7,41e5a8930cdcae89,true,2026-09-20T14:44:08+00:00
20260920T143808Z-gpu_h96,electricity_hourly,T108,timesfm25,tsfm,168,96,80002,45.91098610560099,57.14493419593005,2.094134304468338,117.19874843954167,129.81968599979155,11.94287109375,,231289280,true,dcb2c10e4ac97b1d1289825869826fdec84593f7,41e5a8930cdcae89,true,2026-09-20T14:44:08+00:00
20260920T143808Z-gpu_h96,electricity_hourly,T108,timesfm25,tsfm,168,96,80003,14.841635753711065,20.50243244318341,0.4974849973310972,89.96135025822056,123.75371799998902,11.94287109375,,231289280,true,dcb2c10e4ac97b1d1289825869826fdec84593f7,41e5a8930cdcae89,true,2026-09-20T14:44:08+00:00
20260920T143808Z-gpu_h96,electricity_hourly,T108,timesfm25,tsfm,168,96,80004,15.922406534353891,24.51538524399077,0.6356602553221404,102.7649336816377,109.46790900015912,11.94287109375,,231289280,true,dcb2c10e4ac97b1d1289825869826fdec84593f7,41e5a8930cdcae89,true,2026-09-20T14:44:08+00:00
20260920T143808Z-gpu_h96,electricity_hourly,T108,timesfm25,tsfm,168,96,80005,16.068733523289364,22.59348005896223,0.4777818763893596,123.32790084707486,116.93534799996996,11.94287109375,,231289280,true,dcb2c10e4ac97b1d1289825869826fdec84593f7,41e5a8930cdcae89,true,2026-09-20T14:44:08+00:00
20260920T143808Z-gpu_h96,electricity_hourly,T108,timesfm25,tsfm,168,96,80006,35.393091847499214,52.457740999843246,1.4683391604839777,109.49130656727904,117.95016399992164,11.94287109375,,231289280,true,dcb2c10e4ac97b1d1289825869826fdec84593f7,41e5a8930cdcae89,true,2026-09-20T14:44:08+00:00
20260920T143808Z-gpu_h96,electricity_hourly,T108,timesfm25,tsfm,168,96,80007,20.91665092110634,32.97695337866618,0.8101123541256894,136.2272493295812,113.8369329996749,11.94287109375,,231289280,true,dcb2c10e4ac97b1d1289825869826fdec84593f7,41e5a8930cdcae89,true,2026-09-20T14:44:08+00:00
20260920T143808Z-gpu_h96,electricity_hourly,T108,timesfm25,tsfm,168,96,80008,38.18410340944926,53.10514948760748,1.4686193619018946,136.66934144004077,116.64466399997764,11.94287109375,,231289280,true,dcb2c10e4ac97b1d1289825869826fdec84593f7,41e5a8930cdcae89,true,2026-09-20T14:44:08+00:00
20260920T143808Z-gpu_h96,electricity_hourly,T108,timesfm25,tsfm,168,96,80009,69.50686407089233,84.29237449220815,2.4670910589619166,116.26136996077175,113.78509399992254,11.94287109375,,231289280,true,dcb2c10e4ac97b1d1289825869826fdec84593f7,41e5a8930cdcae89,true,2026-09-20T14:44:08+00:00
20260920T143808Z-gpu_h96,electricity_hourly,T108,timesfm25,tsfm,168,96,80010,19.962509989738464,26.119618571480146,0.6044157776539821,94.35073185912549,111.81709899983616,11.94287109375,,231289280,true,dcb2c10e4ac97b1d1289825869826fdec84593f7,41e5a8930cdcae89,true,2026-09-20T14:44:08+00:00
20260920T143808Z-gpu_h96,electricity_hourly,T108,timesfm25,tsfm,168,96,80011,19.475678871075313,29.211028477059816,0.6581783049600669,101.88753086121211,112.02043999992384,11.94287109375,,231289280,true,dcb2c10e4ac97b1d1289825869826fdec84593f7,41e5a8930cdcae89,true,2026-09-20T14:44:08+00:00
20260920T143808Z-gpu_h96,electricity_hourly,T108,timesfm25,tsfm,168,96,80012,17.469318320353825,45.97012558962869,0.5440272141286657,115.46729225145415,118.744224999773,11.94287109375,,231289280,true,dcb2c10e4ac97b1d1289825869826fdec84593f7,41e5a8930cdcae89,true,2026-09-20T14:44:08+00:00
20260920T143808Z-gpu_h96,electricity_hourly,T108,timesfm25,tsfm,168,96,80013,31.885103682676952,45.40506388268479,1.4955879251809385,111.38974123056971,105.99432600020009,11.94287109375,,231289280,true,dcb2c10e4ac97b1d1289825869826fdec84593f7,41e5a8930cdcae89,true,2026-09-20T14:44:08+00:00
20260920T143808Z-gpu_h96,electricity_hourly,T108,timesfm25,tsfm,168,96,80014,15.696002751588821,19.923722010916677,0.6532440451528295,141.31912358842814,113.13249900013034,11.94287109375,,231289280,true,dcb2c10e4ac97b1d1289825869826fdec84593f7,41e5a8930cdcae89,true,2026-09-20T14:44:08+00:00
20260920T143808Z-gpu_h96,electricity_hourly,T108,timesfm25,tsfm,168,96,80015,22.97597075502078,28.2232370434814,0.6093075117353576,84.74121816106407,118.66214800011221,11.94287109375,,231289280,true,dcb2c10e4ac97b1d1289825869826fdec84593f7,41e5a8930cdcae89,true,2026-09-20T14:44:08+00:00
20260920T143808Z-gpu_h96,electricity_hourly,T108,timesfm25,tsfm,168,96,80016,17.878906428813934,25.77420924498428,0.5785533765728554,129.06526655435954,113.4695579999061,11.94287109375,,231289280,true,dcb2c10e4ac97b1d1289825869826fdec84593f7,41e5a8930cdcae89,true,2026-09-20T14:44:08+00:00
20260920T143808Z-gpu_h96,electricity_hourly,T108,timesfm25,tsfm,168,96,80017,20.315850347280502,26.27362853976568,0.49011265706289037,92.34465624007288,119.28770899976371,11.94287109375,,231289280,true,dcb2c10e4ac97b1d1289825869826fdec84593f7,41e5a8930cdcae89,true,2026-09-20T14:44:08+00:00
20260920T143808Z-gpu_h96,electricity_hourly,T108,timesfm25,tsfm,168,96,80018,27.901594678560894,39.429503529037305,0.8740112320454141,105.76011357622616,110.53219699988404,11.94287109375,,231289280,true,dcb2c10e4ac97b1d1289825869826fdec84593f7,41e5a8930cdcae89,true,2026-09-20T14:44:08+00:00
20260920T143808Z-gpu_h96,electricity_hourly,T108,timesfm25,tsfm,168,96,80019,32.30960378050804,39.12512731689324,0.9344412420954324,126.3695143829134,117.57281999962288,11.94287109375,,231289280,true,dcb2c10e4ac97b1d1289825869826fdec84593f7,41e5a8930cdcae89,true,2026-09-20T14:44:08+00:00
20260920T143808Z-gpu_h96,electricity_hourly,T108,timesfm25,tsfm,168,96,80020,30.39743334054947,44.088059682018816,1.045933190212455,100.28666388101396,118.81954399996175,11.94287109375,,231289280,true,dcb2c10e4ac97b1d1289825869826fdec84593f7,41e5a8930cdcae89,true,2026-09-20T14:44:08+00:00
20260920T143808Z-gpu_h96,electricity_hourly,T108,chronos_bolt,tsfm,168,96,80000,11.901726126670837,19.158442850276874,0.3175557832574765,137.6853968142304,72.12188799985597,12.59375,,205292928,true,dcb2c10e4ac97b1d1289825869826fdec84593f7,41e5a8930cdcae89,true,2026-09-20T14:44:13+00:00
20260920T143808Z-gpu_h96,electricity_hourly,T108,chronos_bolt,tsfm,168,96,80001,17.192490855852764,31.92208360023147,0.31286726693324884,84.50419881717431,69.74258100035513,12.59375,,205292928,true,dcb2c10e4ac97b1d1289825869826fdec84593f7,41e5a8930cdcae89,true,2026-09-20T14:44:13+00:00
20260920T143808Z-gpu_h96,electricity_hourly,T108,chronos_bolt,tsfm,168,96,80002,17.698009808858234,43.155717715875724,0.8072579703755419,129.71561955235828,73.6416529998678,12.59375,,205292928,true,dcb2c10e4ac97b1d1289825869826fdec84593f7,41e5a8930cdcae89,true,2026-09-20T14:44:13+00:00
20260920T143808Z-gpu_h96,electricity_hourly,T108,chronos_bolt,tsfm,168,96,80003,8.026151657104492,12.607700513749009,0.26903301643925676,86.58862842227467,76.28382199982298,12.59375,,205292928,true,dcb2c10e4ac97b1d1289825869826fdec84593f7,41e5a8930cdcae89,true,2026-09-20T14:44:13+00:00
20260920T143808Z-gpu_h96,electricity_hourly,T108,chronos_bolt,tsfm,168,96,80004,11.848238150278727,18.729849623547405,0.4730097847629988,102.39187874554621,72.86856900009298,12.59375,,205292928,true,dcb2c10e4ac97b1d1289825869826fdec84593f7,41e5a8930cdcae89,true,2026-09-20T14:44:13+00:00
20260920T143808Z-gpu_h96,electricity_hourly,T108,chronos_bolt,tsfm,168,96,80005,9.833832025527954,16.60702096709064,0.2923955836621981,119.9449536839739,74.52167500014184,12.59375,,205292928,true,dcb2c10e4ac97b1d1289825869826fdec84593f7,41e5a8930cdcae89,true,2026-09-20T14:44:13+00:00
20260920T143808Z-gpu_h96,electricity_hourly,T108,chronos_bolt,tsfm,168,96,80006,13.744192043940226,24.732683026655206,0.5701998427909514,80.33687305259404,76.4434610000535,12.59375,,205292928,true,dcb2c10e4ac97b1d1289825869826fdec84593f7,41e5a8930cdcae89,true,2026-09-20T14:44:13+00:00
20260920T143808Z-gpu_h96,electricity_hourly,T108,chronos_bolt,tsfm,168,96,80007,16.836714069048565,33.755342819718216,0.6520943587797186,137.7245409118555,77.1324470001673,12.59375,,205292928,true,dcb2c10e4ac97b1d1289825869826fdec84593f7,41e5a8930cdcae89,true,2026-09-20T14:44:13+00:00
20260920T143808Z-gpu_h96,electricity_hourly,T108,chronos_bolt,tsfm,168,96,80008,25.507848183314007,35.35163847387601,0.9810710839736156,84.15387197507958,77.01139699975101,12.59375,,205292928,true,dcb2c10e4ac97b1d1289825869826fdec84593f7,41e5a8930cdcae89,true,2026-09-20T14:44:13+00:00
20260920T143808Z-gpu_h96,electricity_hourly,T108,chronos_bolt,tsfm,168,96,80009,23.845280687014263,54.362900791835344,0.8463693416145067,130.70501693052861,78.03219900006297,12.59375,,205292928,true,dcb2c10e4ac97b1d1289825869826fdec84593f7,41e5a8930cdcae89,true,2026-09-20T14:44:13+00:00
20260920T143808Z-gpu_h96,electricity_hourly,T108,chronos_bolt,tsfm,168,96,80010,14.822799245516459,20.74609569025122,0.4487979586531476,91.55762591239208,75.66384999972797,12.59375,,205292928,true,dcb2c10e4ac97b1d1289825869826fdec84593f7,41e5a8930cdcae89,true,2026-09-20T14:44:13+00:00
20260920T143808Z-gpu_h96,electricity_hourly,T108,chronos_bolt,tsfm,168,96,80011,14.502976894378662,22.76886915131963,0.4901264193359604,101.5949485733319,76.86598300006153,12.59375,,205292928,true,dcb2c10e4ac97b1d1289825869826fdec84593f7,41e5a8930cdcae89,true,2026-09-20T14:44:13+00:00
20260920T143808Z-gpu_h96,electricity_hourly,T108,chronos_bolt,tsfm,168,96,80012,15.76874283949534,45.544713756809664,0.49106811610885137,116.09836251084293,74.35209100003703,12.59375,,205292928,true,dcb2c10e4ac97b1d1289825869826fdec84593f7,41e5a8930cdcae89,true,2026-09-20T14:44:13+00:00
20260920T143808Z-gpu_h96,electricity_hourly,T108,chronos_bolt,tsfm,168,96,80013,9.944083472092947,20.388281681200766,0.46643257979849656,78.51408821320133,81.11530199994377,12.59375,,205292928,true,dcb2c10e4ac97b1d1289825869826fdec84593f7,41e5a8930cdcae89,true,2026-09-20T14:44:13+00:00
20260920T143808Z-gpu_h96,electricity_hourly,T108,chronos_bolt,tsfm,168,96,80014,6.389469623565674,11.31361711548144,0.26592012306169277,138.08417894583442,76.51249599985022,12.59375,,205292928,true,dcb2c10e4ac97b1d1289825869826fdec84593f7,41e5a8930cdcae89,true,2026-09-20T14:44:13+00:00
20260920T143808Z-gpu_h96,electricity_hourly,T108,chronos_bolt,tsfm,168,96,80015,15.058353424072266,22.50531995031205,0.39933754936766225,80.12833832712323,72.29864000009911,12.59375,,205292928,true,dcb2c10e4ac97b1d1289825869826fdec84593f7,41e5a8930cdcae89,true,2026-09-20T14:44:13+00:00
20260920T143808Z-gpu_h96,electricity_hourly,T108,chronos_bolt,tsfm,168,96,80016,8.149148146311441,18.38483484665059,0.2637027714761455,129.7724956443922,71.89656300033676,12.59375,,205292928,true,dcb2c10e4ac97b1d1289825869826fdec84593f7,41e5a8930cdcae89,true,2026-09-20T14:44:13+00:00
20260920T143808Z-gpu_h96,electricity_hourly,T108,chronos_bolt,tsfm,168,96,80017,13.239532272020975,18.5923417394542,0.31939900270916743,89.0512777266344,78.63116199996512,12.59375,,205292928,true,dcb2c10e4ac97b1d1289825869826fdec84593f7,41e5a8930cdcae89,true,2026-09-20T14:44:13+00:00
20260920T143808Z-gpu_h96,electricity_hourly,T108,chronos_bolt,tsfm,168,96,80018,20.682216207186382,33.60408903782253,0.6478658111452772,106.27819195610617,76.92031700025836,12.59375,,205292928,true,dcb2c10e4ac97b1d1289825869826fdec84593f7,41e5a8930cdcae89,true,2026-09-20T14:44:13+00:00
20260920T143808Z-gpu_h96,electricity_hourly,T108,chronos_bolt,tsfm,168,96,80019,12.47882111867269,21.182674161087824,0.3609058527995315,121.67925927916959,77.73739599997498,12.59375,,205292928,true,dcb2c10e4ac97b1d1289825869826fdec84593f7,41e5a8930cdcae89,true,2026-09-20T14:44:13+00:00
20260920T143808Z-gpu_h96,electricity_hourly,T108,chronos_bolt,tsfm,168,96,80020,11.230505983034769,19.722449766927564,0.38642601231947593,77.46573381826488,78.64359599989257,12.59375,,205292928,true,dcb2c10e4ac97b1d1289825869826fdec84593f7,41e5a8930cdcae89,true,2026-09-20T14:44:13+00:00
20260920T143808Z-gpu_h96,electricity_hourly,T121,lstm,deep,168,96,90000,92.4950920416846,109.26413338830123,3.3074977039986546,7.0251361934167385,348.4747130000869,16.14599609375,0.31345666899960634,4513,false,dcb2c10e4ac97b1d1289825869826fdec84593f7,41e5a8930cdcae89,true,2026-09-20T14:44:25+00:00
20260920T143808Z-gpu_h96,electricity_hourly,T121,lstm,deep,168,96,90001,67.86129735176712,84.69113156217688,1.127498190683566,5.078287775016765,364.6207739998317,16.10986328125,0.32761298800005534,4513,false,dcb2c10e4ac97b1d1289825869826fdec84593f7,41e5a8930cdcae89,true,2026-09-20T14:44:25+00:00
20260920T143808Z-gpu_h96,electricity_hourly,T121,lstm,deep,168,96,90002,53.852066679678806,76.88331654618815,1.4355234361113938,4.093904340515756,352.81607500019163,16.10986328125,0.31793200499987506,4513,false,dcb2c10e4ac97b1d1289825869826fdec84593f7,41e5a8930cdcae89,true,2026-09-20T14:44:25+00:00
20260920T143808Z-gpu_h96,electricity_hourly,T121,lstm,deep,168,96,90003,54.6055726428867,66.24612942185283,1.7662179830583298,4.126334616297649,371.0067550000531,16.10986328125,0.3337940129999879,4513,false,dcb2c10e4ac97b1d1289825869826fdec84593f7,41e5a8930cdcae89,true,2026-09-20T14:44:25+00:00
20260920T143808Z-gpu_h96,electricity_hourly,T121,lstm,deep,168,96,90004,68.52313636494604,81.64561286416186,1.796019591654938,5.055299918333189,353.49440299978596,16.10986328125,0.31752600000027087,4513,false,dcb2c10e4ac97b1d1289825869826fdec84593f7,41e5a8930cdcae89,true,2026-09-20T14:44:25+00:00
20260920T143808Z-gpu_h96,electricity_hourly,T121,lstm,deep,168,96,90005,51.6917876171831,65.78763313250734,1.6420951724849695,3.8265807281107564,362.8622900000664,16.10986328125,0.3219325469999603,4513,false,dcb2c10e4ac97b1d1289825869826fdec84593f7,41e5a8930cdcae89,true,2026-09-20T14:44:25+00:00
20260920T143808Z-gpu_h96,electricity_hourly,T121,lstm,deep,168,96,90006,134.5650076801082,152.35308140024742,2.562804008191454,9.692666856787653,353.57482300014453,16.10986328125,0.3192373970000517,4513,false,dcb2c10e4ac97b1d1289825869826fdec84593f7,41e5a8930cdcae89,true,2026-09-20T14:44:25+00:00
20260920T143808Z-gpu_h96,electricity_hourly,T121,lstm,deep,168,96,90007,75.08404995547129,94.01346280732949,2.04464886414294,5.282871511460853,353.4252069998729,16.10986328125,0.3192796180001096,4513,false,dcb2c10e4ac97b1d1289825869826fdec84593f7,41e5a8930cdcae89,true,2026-09-20T14:44:25+00:00
20260920T143808Z-gpu_h96,electricity_hourly,T121,lstm,deep,168,96,90008,95.8277010955875,121.9741179282999,3.1584318969477225,6.989576167924875,350.9799150001527,16.10986328125,0.31801038000003246,4513,false,dcb2c10e4ac97b1d1289825869826fdec84593f7,41e5a8930cdcae89,true,2026-09-20T14:44:25+00:00
20260920T143808Z-gpu_h96,electricity_hourly,T121,lstm,deep,168,96,90009,76.8493182891375,90.11155042300312,2.6846923419786024,5.678367805287828,360.5340589997468,16.10986328125,0.32633011899997655,4513,false,dcb2c10e4ac97b1d1289825869826fdec84593f7,41e5a8930cdcae89,true,2026-09-20T14:44:25+00:00
20260920T143808Z-gpu_h96,electricity_hourly,T121,lstm,deep,168,96,90010,73.9256368474488,92.56973284109704,1.7303790159350825,5.431957670404305,352.83493199995064,16.10986328125,0.31594706299983955,4513,false,dcb2c10e4ac97b1d1289825869826fdec84593f7,41e5a8930cdcae89,true,2026-09-20T14:44:25+00:00
20260920T143808Z-gpu_h96,electricity_hourly,T121,lstm,deep,168,96,90011,82.46621894129335,96.54255605643488,2.060224761892131,6.228689178419185,358.8405989999046,16.10986328125,0.32482994699967094,4513,false,dcb2c10e4ac97b1d1289825869826fdec84593f7,41e5a8930cdcae89,true,2026-09-20T14:44:25+00:00
20260920T143808Z-gpu_h96,electricity_hourly,T121,lstm,deep,168,96,90012,82.81333778551429,101.31045026697444,1.9396747952365092,5.992864642204862,350.0480659999994,16.10986328125,0.31414211899982547,4513,false,dcb2c10e4ac97b1d1289825869826fdec84593f7,41e5a8930cdcae89,true,2026-09-20T14:44:25+00:00
20260920T143808Z-gpu_h96,electricity_hourly,T121,lstm,deep,168,96,90013,85.63421285683307,103.06296174781264,2.646207435919305,6.430064867611356,349.6068350000314,16.10986328125,0.3148535640002592,4513,false,dcb2c10e4ac97b1d1289825869826fdec84593f7,41e5a8930cdcae89,true,2026-09-20T14:44:25+00:00
20260920T143808Z-gpu_h96,electricity_hourly,T121,lstm,deep,168,96,90014,104.19030541857092,132.41776523895592,2.1534956193877153,7.635068476706051,350.39283600008275,16.10986328125,0.3151843519999602,4513,false,dcb2c10e4ac97b1d1289825869826fdec84593f7,41e5a8930cdcae89,true,2026-09-20T14:44:25+00:00
20260920T143808Z-gpu_h96,electricity_hourly,T121,lstm,deep,168,96,90015,78.09993270981694,98.13054484459049,1.1531211227533722,5.97961771576049,343.03514800012636,16.10986328125,0.30818417299997236,4513,false,dcb2c10e4ac97b1d1289825869826fdec84593f7,41e5a8930cdcae89,true,2026-09-20T14:44:25+00:00
20260920T143808Z-gpu_h96,electricity_hourly,T121,lstm,deep,168,96,90016,83.2847824755983,101.50772351703448,1.7608293461292255,6.506541660618996,369.4899990000522,16.10986328125,0.33478405300002123,4513,false,dcb2c10e4ac97b1d1289825869826fdec84593f7,41e5a8930cdcae89,true,2026-09-20T14:44:25+00:00
20260920T143808Z-gpu_h96,electricity_hourly,T121,lstm,deep,168,96,90017,65.1688539491784,79.54808658858163,1.6113178174247407,4.9531825710946356,359.57497999970656,16.10986328125,0.3227290200002244,4513,false,dcb2c10e4ac97b1d1289825869826fdec84593f7,41e5a8930cdcae89,true,2026-09-20T14:44:25+00:00
20260920T143808Z-gpu_h96,electricity_hourly,T121,lstm,deep,168,96,90018,79.27416628078755,92.04574073069217,1.2979511022664478,5.652238005895241,344.6794450001107,16.10986328125,0.3104807830000027,4513,false,dcb2c10e4ac97b1d1289825869826fdec84593f7,41e5a8930cdcae89,true,2026-09-20T14:44:25+00:00
20260920T143808Z-gpu_h96,electricity_hourly,T121,lstm,deep,168,96,90019,49.158954860672104,56.401632784656556,1.2489219301229326,3.4439827966555447,353.63091199997143,16.10986328125,0.3199124180000581,4513,false,dcb2c10e4ac97b1d1289825869826fdec84593f7,41e5a8930cdcae89,true,2026-09-20T14:44:25+00:00
20260920T143808Z-gpu_h96,electricity_hourly,T121,lstm,deep,168,96,90020,62.1364335464375,69.355507810145,1.6315912528605032,4.399016049512138,356.84817999981533,16.10986328125,0.32201197499989576,4513,false,dcb2c10e4ac97b1d1289825869826fdec84593f7,41e5a8930cdcae89,true,2026-09-20T14:44:25+00:00
20260920T143808Z-gpu_h96,electricity_hourly,T121,transformer,deep,168,96,90000,59.77230216292753,78.34596018440968,2.1373755926152382,4.5613981944206206,591.1986480000451,10.6845703125,0.5882893719999629,19232,false,dcb2c10e4ac97b1d1289825869826fdec84593f7,41e5a8930cdcae89,true,2026-09-20T14:44:42+00:00
20260920T143808Z-gpu_h96,electricity_hourly,T121,transformer,deep,168,96,90001,98.57754196060601,123.03259193988066,1.6378407802385215,7.48717736605111,593.956057000014,10.525390625,0.5909805890000825,19232,false,dcb2c10e4ac97b1d1289825869826fdec84593f7,41e5a8930cdcae89,true,2026-09-20T14:44:42+00:00
20260920T143808Z-gpu_h96,electricity_hourly,T121,transformer,deep,168,96,90002,65.7541996126147,79.0768527936597,1.7527961392477818,5.010801539508048,588.1399070003681,10.525390625,0.5851956050000808,19232,false,dcb2c10e4ac97b1d1289825869826fdec84593f7,41e5a8930cdcae89,true,2026-09-20T14:44:42+00:00
20260920T143808Z-gpu_h96,electricity_hourly,T121,transformer,deep,168,96,90003,50.57353647835896,64.6747312659704,1.6358017189765701,3.80595553703356,570.4954679999901,10.525390625,0.5675767259999702,19232,false,dcb2c10e4ac97b1d1289825869826fdec84593f7,41e5a8930cdcae89,true,2026-09-20T14:44:42+00:00
20260920T143808Z-gpu_h96,electricity_hourly,T121,transformer,deep,168,96,90004,113.2931704536481,129.8201395942677,2.969460601624559,8.239235642888655,577.2223280000617,10.525390625,0.5742192190000424,19232,false,dcb2c10e4ac97b1d1289825869826fdec84593f7,41e5a8930cdcae89,true,2026-09-20T14:44:42+00:00
20260920T143808Z-gpu_h96,electricity_hourly,T121,transformer,deep,168,96,90005,62.784324579198255,78.09572466339904,1.9944722566522277,4.6365572980006595,578.6538689999361,10.525390625,0.5757705000000897,19232,false,dcb2c10e4ac97b1d1289825869826fdec84593f7,41e5a8930cdcae89,true,2026-09-20T14:44:42+00:00
20260920T143808Z-gpu_h96,electricity_hourly,T121,transformer,deep,168,96,90006,28.675459029085857,37.11871521773538,0.5461269805830398,2.1334677504981134,580.6256430000758,10.525390625,0.5777746889998525,19232,false,dcb2c10e4ac97b1d1289825869826fdec84593f7,41e5a8930cdcae89,true,2026-09-20T14:44:42+00:00
20260920T143808Z-gpu_h96,electricity_hourly,T121,transformer,deep,168,96,90007,84.7539551821198,105.06087971972585,2.3079745737944877,6.0178193968701255,572.7714800000285,10.525390625,0.5697979060000762,19232,false,dcb2c10e4ac97b1d1289825869826fdec84593f7,41e5a8930cdcae89,true,2026-09-20T14:44:42+00:00
20260920T143808Z-gpu_h96,electricity_hourly,T121,transformer,deep,168,96,90008,90.82837152246843,114.30547917066897,2.9936565573896665,6.681621664107977,580.5047170001671,10.525390625,0.5775735420002093,19232,false,dcb2c10e4ac97b1d1289825869826fdec84593f7,41e5a8930cdcae89,true,2026-09-20T14:44:42+00:00
20260920T143808Z-gpu_h96,electricity_hourly,T121,transformer,deep,168,96,90009,86.19719427241716,103.57139328565948,3.0112556951062763,6.40021568068657,576.7628180001338,10.525390625,0.5737222749999091,19232,false,dcb2c10e4ac97b1d1289825869826fdec84593f7,41e5a8930cdcae89,true,2026-09-20T14:44:42+00:00
20260920T143808Z-gpu_h96,electricity_hourly,T121,transformer,deep,168,96,90010,83.22389846308222,102.9666076999343,1.9480236311254617,6.110801503201755,632.2831770003177,10.525390625,0.6290085949999593,19232,false,dcb2c10e4ac97b1d1289825869826fdec84593f7,41e5a8930cdcae89,true,2026-09-20T14:44:42+00:00
20260920T143808Z-gpu_h96,electricity_hourly,T121,transformer,deep,168,96,90011,106.05630960915123,116.20745711800588,2.649567762615853,7.985322525330783,578.7462329999471,10.525390625,0.5757261459998517,19232,false,dcb2c10e4ac97b1d1289825869826fdec84593f7,41e5a8930cdcae89,true,2026-09-20T14:44:42+00:00
20260920T143808Z-gpu_h96,electricity_hourly,T121,transformer,deep,168,96,90012,73.17096155701415,95.50295331484418,1.713828637639889,5.276397246171344,573.6972360000436,10.525390625,0.5705397060000905,19232,false,dcb2c10e4ac97b1d1289825869826fdec84593f7,41e5a8930cdcae89,true,2026-09-20T14:44:42+00:00
20260920T143808Z-gpu_h96,electricity_hourly,T121,transformer,deep,168,96,90013,79.59308738355126,94.71738905915048,2.4595288805217557,6.004307792842609,608.6446439999236,10.525390625,0.6057737619998989,19232,false,dcb2c10e4ac97b1d1289825869826fdec84593f7,41e5a8930cdcae89,true,2026-09-20T14:44:42+00:00
20260920T143808Z-gpu_h96,electricity_hourly,T121,transformer,deep,168,96,90014,108.1357643001936,139.71460360355277,2.235043786310877,7.958692934369378,592.5381010001729,10.525390625,0.5896540709995861,19232,false,dcb2c10e4ac97b1d1289825869826fdec84593f7,41e5a8930cdcae89,true,2026-09-20T14:44:42+00:00
20260920T143808Z-gpu_h96,electricity_hourly,T121,transformer,deep,168,96,90015,70.70885148577436,90.22796171236784,1.043994116061879,5.393820213081516,589.2118659999142,10.525390625,0.5862432889998672,19232,false,dcb2c10e4ac97b1d1289825869826fdec84593f7,41e5a8930cdcae89,true,2026-09-20T14:44:42+00:00
20260920T143808Z-gpu_h96,electricity_hourly,T121,transformer,deep,168,96,90016,92.3190920795269,102.82590447888434,1.9518351577524404,7.170721559209784,588.3401369997046,10.525390625,0.5853947319997133,19232,false,dcb2c10e4ac97b1d1289825869826fdec84593f7,41e5a8930cdcae89,true,2026-09-20T14:44:42+00:00
20260920T143808Z-gpu_h96,electricity_hourly,T121,transformer,deep,168,96,90017,79.65857602878621,106.6440359961635,1.9695801765359229,6.0591007380324875,593.7795900003948,10.525390625,0.5908746070003872,19232,false,dcb2c10e4ac97b1d1289825869826fdec84593f7,41e5a8930cdcae89,true,2026-09-20T14:44:42+00:00
20260920T143808Z-gpu_h96,electricity_hourly,T121,transformer,deep,168,96,90018,73.89707019983662,88.89770723904405,1.2099122352218845,5.235820852614665,600.6390829998054,10.525390625,0.5973458029998255,19232,false,dcb2c10e4ac97b1d1289825869826fdec84593f7,41e5a8930cdcae89,true,2026-09-20T14:44:42+00:00
20260920T143808Z-gpu_h96,electricity_hourly,T121,transformer,deep,168,96,90019,52.096675501743924,66.93963239712235,1.3235570346244045,3.6579116666922475,587.0436939999308,10.525390625,0.5840715939998518,19232,false,dcb2c10e4ac97b1d1289825869826fdec84593f7,41e5a8930cdcae89,true,2026-09-20T14:44:42+00:00
20260920T143808Z-gpu_h96,electricity_hourly,T121,transformer,deep,168,96,90020,61.44828395480716,81.10610611475589,1.613521679338481,4.306611495395463,583.4913690000576,10.525390625,0.5806267180000759,19232,false,dcb2c10e4ac97b1d1289825869826fdec84593f7,41e5a8930cdcae89,true,2026-09-20T14:44:42+00:00
20260920T143808Z-gpu_h96,electricity_hourly,T121,timesfm25,tsfm,168,96,90000,11.687918345133463,15.16975274341551,0.4179439388376505,0.876439588278218,109.02173600015885,11.94287109375,,231289280,true,dcb2c10e4ac97b1d1289825869826fdec84593f7,41e5a8930cdcae89,true,2026-09-20T14:44:48+00:00
20260920T143808Z-gpu_h96,electricity_hourly,T121,timesfm25,tsfm,168,96,90001,35.35133743286133,44.94779257653566,0.5873534775968653,2.6688075037567605,135.34381299996312,11.94287109375,,231289280,true,dcb2c10e4ac97b1d1289825869826fdec84593f7,41e5a8930cdcae89,true,2026-09-20T14:44:48+00:00
20260920T143808Z-gpu_h96,electricity_hourly,T121,timesfm25,tsfm,168,96,90002,33.681410471598305,44.45494577269231,0.8978384131636721,2.5381613004282895,117.31845899976179,11.94287109375,,231289280,true,dcb2c10e4ac97b1d1289825869826fdec84593f7,41e5a8930cdcae89,true,2026-09-20T14:44:48+00:00
20260920T143808Z-gpu_h96,electricity_hourly,T121,timesfm25,tsfm,168,96,90003,21.747809092203777,26.644483214068686,0.7034331781844887,1.6293190446419168,115.67447199968228,11.94287109375,,231289280,true,dcb2c10e4ac97b1d1289825869826fdec84593f7,41e5a8930cdcae89,true,2026-09-20T14:44:48+00:00
20260920T143808Z-gpu_h96,electricity_hourly,T121,timesfm25,tsfm,168,96,90004,16.277050018310547,20.893518830098706,0.42662817667213665,1.1823484240304925,113.94178499995178,11.94287109375,,231289280,true,dcb2c10e4ac97b1d1289825869826fdec84593f7,41e5a8930cdcae89,true,2026-09-20T14:44:48+00:00
20260920T143808Z-gpu_h96,electricity_hourly,T121,timesfm25,tsfm,168,96,90005,13.667011260986328,17.703293060508663,0.43416051656343063,1.0012808413529197,106.17747200012673,11.94287109375,,231289280,true,dcb2c10e4ac97b1d1289825869826fdec84593f7,41e5a8930cdcae89,true,2026-09-20T14:44:48+00:00
20260920T143808Z-gpu_h96,electricity_hourly,T121,timesfm25,tsfm,168,96,90006,26.459487915039062,30.42555749647315,0.5039235894412941,1.9679733968028776,116.40833199999179,11.94287109375,,231289280,true,dcb2c10e4ac97b1d1289825869826fdec84593f7,41e5a8930cdcae89,true,2026-09-20T14:44:48+00:00
20260920T143808Z-gpu_h96,electricity_hourly,T121,timesfm25,tsfm,168,96,90007,36.39900207519531,50.281487660885944,0.9911982410794488,2.590010220804918,117.04046599970752,11.94287109375,,231289280,true,dcb2c10e4ac97b1d1289825869826fdec84593f7,41e5a8930cdcae89,true,2026-09-20T14:44:48+00:00
20260920T143808Z-gpu_h96,electricity_hourly,T121,timesfm25,tsfm,168,96,90008,67.62677510579427,84.93017063643524,2.228943835027323,5.054424182247922,117.60691100016629,11.94287109375,,231289280,true,dcb2c10e4ac97b1d1289825869826fdec84593f7,41e5a8930cdcae89,true,2026-09-20T14:44:48+00:00
20260920T143808Z-gpu_h96,electricity_hourly,T121,timesfm25,tsfm,168,96,90009,43.59457651774088,55.36310777765079,1.522954638174354,3.2040197631411136,118.09375999973781,11.94287109375,,231289280,true,dcb2c10e4ac97b1d1289825869826fdec84593f7,41e5a8930cdcae89,true,2026-09-20T14:44:48+00:00
20260920T143808Z-gpu_h96,electricity_hourly,T121,timesfm25,tsfm,168,96,90010,18.66941960652669,27.246841260470056,0.436995517447959,1.3472023869367995,114.02834000000439,11.94287109375,,231289280,true,dcb2c10e4ac97b1d1289825869826fdec84593f7,41e5a8930cdcae89,true,2026-09-20T14:44:48+00:00
20260920T143808Z-gpu_h96,electricity_hourly,T121,timesfm25,tsfm,168,96,90011,18.626115163167317,25.619493931363984,0.46532973343096695,1.39699208670393,113.8773120001133,11.94287109375,,231289280,true,dcb2c10e4ac97b1d1289825869826fdec84593f7,41e5a8930cdcae89,true,2026-09-20T14:44:48+00:00
20260920T143808Z-gpu_h96,electricity_hourly,T121,timesfm25,tsfm,168,96,90012,30.12163798014323,38.10301177991885,0.7055165694763541,2.1466040178187584,118.3764729998984,11.94287109375,,231289280,true,dcb2c10e4ac97b1d1289825869826fdec84593f7,41e5a8930cdcae89,true,2026-09-20T14:44:48+00:00
20260920T143808Z-gpu_h96,electricity_hourly,T121,timesfm25,tsfm,168,96,90013,58.146261850992836,63.7012028010694,1.7967943576272463,4.4394556047491465,111.3855590001549,11.94287109375,,231289280,true,dcb2c10e4ac97b1d1289825869826fdec84593f7,41e5a8930cdcae89,true,2026-09-20T14:44:48+00:00
20260920T143808Z-gpu_h96,electricity_hourly,T121,timesfm25,tsfm,168,96,90014,49.616949717203774,64.99633596561246,1.0255261603670653,3.545885891711955,118.84696599963718,11.94287109375,,231289280,true,dcb2c10e4ac97b1d1289825869826fdec84593f7,41e5a8930cdcae89,true,2026-09-20T14:44:48+00:00
20260920T143808Z-gpu_h96,electricity_hourly,T121,timesfm25,tsfm,168,96,90015,17.401147206624348,21.340031016501666,0.2569225056653241,1.3355452924185043,119.02271799999653,11.94287109375,,231289280,true,dcb2c10e4ac97b1d1289825869826fdec84593f7,41e5a8930cdcae89,true,2026-09-20T14:44:48+00:00
20260920T143808Z-gpu_h96,electricity_hourly,T121,timesfm25,tsfm,168,96,90016,58.32500966389974,64.20172212618291,1.2331230937603233,4.530577591012895,119.92331300007208,11.94287109375,,231289280,true,dcb2c10e4ac97b1d1289825869826fdec84593f7,41e5a8930cdcae89,true,2026-09-20T14:44:48+00:00
20260920T143808Z-gpu_h96,electricity_hourly,T121,timesfm25,tsfm,168,96,90017,24.57374318440755,35.446574065803965,0.6075925512628241,1.8419595755973586,119.31069799993566,11.94287109375,,231289280,true,dcb2c10e4ac97b1d1289825869826fdec84593f7,41e5a8930cdcae89,true,2026-09-20T14:44:48+00:00
20260920T143808Z-gpu_h96,electricity_hourly,T121,timesfm25,tsfm,168,96,90018,63.745505015055336,72.62671636361101,1.0437012759713438,4.585448909886253,119.1891499997837,11.94287109375,,231289280,true,dcb2c10e4ac97b1d1289825869826fdec84593f7,41e5a8930cdcae89,true,2026-09-20T14:44:48+00:00
20260920T143808Z-gpu_h96,electricity_hourly,T121,timesfm25,tsfm,168,96,90019,36.536546071370445,44.963882515002524,0.9282397025895102,2.567275586011151,122.03103599995302,11.94287109375,,231289280,true,dcb2c10e4ac97b1d1289825869826fdec84593f7,41e5a8930cdcae89,true,2026-09-20T14:44:48+00:00
20260920T143808Z-gpu_h96,electricity_hourly,T121,timesfm25,tsfm,168,96,90020,16.7426274617513,21.612638878019325,0.43963135566961836,1.186217076377912,110.16403799976615,11.94287109375,,231289280,true,dcb2c10e4ac97b1d1289825869826fdec84593f7,41e5a8930cdcae89,true,2026-09-20T14:44:48+00:00
20260920T143808Z-gpu_h96,electricity_hourly,T121,chronos_bolt,tsfm,168,96,90000,14.122938791910807,16.62305274727387,0.5050169322163288,1.0803851301855067,74.93362399964099,12.59375,,205292928,true,dcb2c10e4ac97b1d1289825869826fdec84593f7,41e5a8930cdcae89,true,2026-09-20T14:44:53+00:00
20260920T143808Z-gpu_h96,electricity_hourly,T121,chronos_bolt,tsfm,168,96,90001,37.88460795084635,46.105934274718514,0.629443122755495,2.9045205145318382,72.62242099977811,12.59375,,205292928,true,dcb2c10e4ac97b1d1289825869826fdec84593f7,41e5a8930cdcae89,true,2026-09-20T14:44:53+00:00
20260920T143808Z-gpu_h96,electricity_hourly,T121,chronos_bolt,tsfm,168,96,90002,23.86553446451823,42.70982926801141,0.6361786306720891,1.8012508709930892,75.77316500010056,12.59375,,205292928,true,dcb2c10e4ac97b1d1289825869826fdec84593f7,41e5a8930cdcae89,true,2026-09-20T14:44:53+00:00
20260920T143808Z-gpu_h96,electricity_hourly,T121,chronos_bolt,tsfm,168,96,90003,16.959222157796223,21.858419337744326,0.5485462692548644,1.2667518052743847,72.95060199976433,12.59375,,205292928,true,dcb2c10e4ac97b1d1289825869826fdec84593f7,41e5a8930cdcae89,true,2026-09-20T14:44:53+00:00
20260920T143808Z-gpu_h96,electricity_hourly,T121,chronos_bolt,tsfm,168,96,90004,15.069071451822916,18.736119787558437,0.394966561533036,1.1094338133856143,74.61844099998416,12.59375,,205292928,true,dcb2c10e4ac97b1d1289825869826fdec84593f7,41e5a8930cdcae89,true,2026-09-20T14:44:53+00:00
20260920T143808Z-gpu_h96,electricity_hourly,T121,chronos_bolt,tsfm,168,96,90005,13.478902180989584,16.991825067018343,0.42818484757610853,0.9898393629198257,71.78982999994332,12.59375,,205292928,true,dcb2c10e4ac97b1d1289825869826fdec84593f7,41e5a8930cdcae89,true,2026-09-20T14:44:53+00:00
20260920T143808Z-gpu_h96,electricity_hourly,T121,chronos_bolt,tsfm,168,96,90006,24.658451080322266,31.529985323279774,0.46962266308245026,1.8032119047363115,71.91612499991606,12.59375,,205292928,true,dcb2c10e4ac97b1d1289825869826fdec84593f7,41e5a8930cdcae89,true,2026-09-20T14:44:53+00:00
20260920T143808Z-gpu_h96,electricity_hourly,T121,chronos_bolt,tsfm,168,96,90007,37.14351908365885,51.956355891925995,1.0114725317789097,2.623214429183211,75.29527099995903,12.59375,,205292928,true,dcb2c10e4ac97b1d1289825869826fdec84593f7,41e5a8930cdcae89,true,2026-09-20T14:44:53+00:00
20260920T143808Z-gpu_h96,electricity_hourly,T121,chronos_bolt,tsfm,168,96,90008,53.43716684977213,69.65020590049895,1.761261621965481,4.03691366195702,74.06608500014045,12.59375,,205292928,true,dcb2c10e4ac97b1d1289825869826fdec84593f7,41e5a8930cdcae89,true,2026-09-20T14:44:53+00:00
20260920T143808Z-gpu_h96,electricity_hourly,T121,chronos_bolt,tsfm,168,96,90009,28.77440007527669,36.6431602872574,1.0052192166035525,2.1119089661815806,74.12890999967203,12.59375,,205292928,true,dcb2c10e4ac97b1d1289825869826fdec84593f7,41e5a8930cdcae89,true,2026-09-20T14:44:53+00:00
20260920T143808Z-gpu_h96,electricity_hourly,T121,chronos_bolt,tsfm,168,96,90010,19.024869283040363,27.643887037070854,0.4453155358839097,1.3757558924514524,72.53068099998927,12.59375,,205292928,true,dcb2c10e4ac97b1d1289825869826fdec84593f7,41e5a8930cdcae89,true,2026-09-20T14:44:53+00:00
20260920T143808Z-gpu_h96,electricity_hourly,T121,chronos_bolt,tsfm,168,96,90011,16.912312825520832,24.593784914500386,0.4225144078547883,1.270788537220239,74.58358100029727,12.59375,,205292928,true,dcb2c10e4ac97b1d1289825869826fdec84593f7,41e5a8930cdcae89,true,2026-09-20T14:44:53+00:00
20260920T143808Z-gpu_h96,electricity_hourly,T121,chronos_bolt,tsfm,168,96,90012,44.469276428222656,52.543854251740484,1.0415705604528405,3.1931664607282273,79.54916500011677,12.59375,,205292928,true,dcb2c10e4ac97b1d1289825869826fdec84593f7,41e5a8930cdcae89,true,2026-09-20T14:44:53+00:00
20260920T143808Z-gpu_h96,electricity_hourly,T121,chronos_bolt,tsfm,168,96,90013,49.92304484049479,54.41615402639983,1.5426863641697959,3.8212423827020925,78.27135300021837,12.59375,,205292928,true,dcb2c10e4ac97b1d1289825869826fdec84593f7,41e5a8930cdcae89,true,2026-09-20T14:44:53+00:00
20260920T143808Z-gpu_h96,electricity_hourly,T121,chronos_bolt,tsfm,168,96,90014,25.75021489461263,35.13931819696516,0.5322277802245182,1.8197333847621482,76.27616299987494,12.59375,,205292928,true,dcb2c10e4ac97b1d1289825869826fdec84593f7,41e5a8930cdcae89,true,2026-09-20T14:44:53+00:00
20260920T143808Z-gpu_h96,electricity_hourly,T121,chronos_bolt,tsfm,168,96,90015,14.839937845865885,18.640169539098984,0.2191070490930675,1.139450330318364,81.25632000019323,12.59375,,205292928,true,dcb2c10e4ac97b1d1289825869826fdec84593f7,41e5a8930cdcae89,true,2026-09-20T14:44:53+00:00
20260920T143808Z-gpu_h96,electricity_hourly,T121,chronos_bolt,tsfm,168,96,90016,22.038431803385418,26.408691547724473,0.4659424724251211,1.6878256806690042,89.53100400003677,12.59375,,205292928,true,dcb2c10e4ac97b1d1289825869826fdec84593f7,41e5a8930cdcae89,true,2026-09-20T14:44:53+00:00
20260920T143808Z-gpu_h96,electricity_hourly,T121,chronos_bolt,tsfm,168,96,90017,22.66569646199544,32.958432043851694,0.5604155718625247,1.6941588539471197,72.92292400006772,12.59375,,205292928,true,dcb2c10e4ac97b1d1289825869826fdec84593f7,41e5a8930cdcae89,true,2026-09-20T14:44:53+00:00
20260920T143808Z-gpu_h96,electricity_hourly,T121,chronos_bolt,tsfm,168,96,90018,66.76248677571614,76.60893496909345,1.0930981348155913,4.858441199443709,73.22025999974358,12.59375,,205292928,true,dcb2c10e4ac97b1d1289825869826fdec84593f7,41e5a8930cdcae89,true,2026-09-20T14:44:53+00:00
20260920T143808Z-gpu_h96,electricity_hourly,T121,chronos_bolt,tsfm,168,96,90019,31.66481653849284,38.00872528297627,0.8044695803710248,2.2295706060022824,73.34377699999095,12.59375,,205292928,true,dcb2c10e4ac97b1d1289825869826fdec84593f7,41e5a8930cdcae89,true,2026-09-20T14:44:53+00:00
20260920T143808Z-gpu_h96,electricity_hourly,T121,chronos_bolt,tsfm,168,96,90020,22.4764887491862,27.564418589676368,0.5901922647488718,1.5961492941146804,73.01996200021676,12.59375,,205292928,true,dcb2c10e4ac97b1d1289825869826fdec84593f7,41e5a8930cdcae89,true,2026-09-20T14:44:53+00:00
20260920T143808Z-gpu_h96,electricity_hourly,T134,lstm,deep,168,96,100000,1166.5409411423932,1557.6173768317333,0.988873360674535,10.532932248991463,356.10638000025574,16.14599609375,0.3213529740000922,4513,false,dcb2c10e4ac97b1d1289825869826fdec84593f7,41e5a8930cdcae89,true,2026-09-20T14:45:05+00:00
20260920T143808Z-gpu_h96,electricity_hourly,T134,lstm,deep,168,96,100001,1460.9284193168926,1729.6391920162887,0.8131169866910137,13.261356807531557,360.73060199987594,16.10986328125,0.3250708380001015,4513,false,dcb2c10e4ac97b1d1289825869826fdec84593f7,41e5a8930cdcae89,true,2026-09-20T14:45:05+00:00
20260920T143808Z-gpu_h96,electricity_hourly,T134,lstm,deep,168,96,100002,2711.525725983062,2997.26777439124,2.88901988517873,26.801952318246713,376.32409500020003,16.10986328125,0.3385443050001413,4513,false,dcb2c10e4ac97b1d1289825869826fdec84593f7,41e5a8930cdcae89,true,2026-09-20T14:45:05+00:00
20260920T143808Z-gpu_h96,electricity_hourly,T134,lstm,deep,168,96,100003,1824.4697507872704,2177.162477621962,1.3551187317259417,15.867745709577552,377.37277999985963,16.10986328125,0.33900520099996356,4513,false,dcb2c10e4ac97b1d1289825869826fdec84593f7,41e5a8930cdcae89,true,2026-09-20T14:45:05+00:00
20260920T143808Z-gpu_h96,electricity_hourly,T134,lstm,deep,168,96,100004,1589.0550877276382,1980.5643566203669,1.4218406973795625,13.965769054422974,373.2291790001909,16.10986328125,0.33526602199981426,4513,false,dcb2c10e4ac97b1d1289825869826fdec84593f7,41e5a8930cdcae89,true,2026-09-20T14:45:05+00:00
20260920T143808Z-gpu_h96,electricity_hourly,T134,lstm,deep,168,96,100005,1046.8607777872676,1227.5018420545268,1.1277620408570848,9.757915836988982,396.8819110000368,16.10986328125,0.3609463540001343,4513,false,dcb2c10e4ac97b1d1289825869826fdec84593f7,41e5a8930cdcae89,true,2026-09-20T14:45:05+00:00
20260920T143808Z-gpu_h96,electricity_hourly,T134,lstm,deep,168,96,100006,795.3127491789097,1061.031686286216,1.1532423281517215,8.212965038539753,378.8238529996306,16.10986328125,0.34327700600033495,4513,false,dcb2c10e4ac97b1d1289825869826fdec84593f7,41e5a8930cdcae89,true,2026-09-20T14:45:05+00:00
20260920T143808Z-gpu_h96,electricity_hourly,T134,lstm,deep,168,96,100007,470.3164861815854,610.5000456027473,0.7710281883711867,4.66143644092525,356.6322639999271,16.10986328125,0.322838862000026,4513,false,dcb2c10e4ac97b1d1289825869826fdec84593f7,41e5a8930cdcae89,true,2026-09-20T14:45:05+00:00
20260920T143808Z-gpu_h96,electricity_hourly,T134,lstm,deep,168,96,100008,761.2874336194822,1006.391714465275,1.0040058471737319,8.288438285383593,367.31110399978206,16.10986328125,0.3306442660000357,4513,false,dcb2c10e4ac97b1d1289825869826fdec84593f7,41e5a8930cdcae89,true,2026-09-20T14:45:05+00:00
20260920T143808Z-gpu_h96,electricity_hourly,T134,lstm,deep,168,96,100009,1686.309282217979,1854.9878466998862,2.8325794281776915,17.432702088705454,350.9402009999576,16.10986328125,0.3161638229998971,4513,false,dcb2c10e4ac97b1d1289825869826fdec84593f7,41e5a8930cdcae89,true,2026-09-20T14:45:05+00:00
20260920T143808Z-gpu_h96,electricity_hourly,T134,lstm,deep,168,96,100010,736.3225802553375,1005.8030666776259,1.0905453377844487,7.487848808869892,352.70800199987207,16.10986328125,0.3199200149997523,4513,false,dcb2c10e4ac97b1d1289825869826fdec84593f7,41e5a8930cdcae89,true,2026-09-20T14:45:05+00:00
20260920T143808Z-gpu_h96,electricity_hourly,T134,lstm,deep,168,96,100011,1022.1012969952458,1255.718082367199,1.447991920659105,10.518351907895623,347.0241999998507,16.10986328125,0.31389946400031477,4513,false,dcb2c10e4ac97b1d1289825869826fdec84593f7,41e5a8930cdcae89,true,2026-09-20T14:45:05+00:00
20260920T143808Z-gpu_h96,electricity_hourly,T134,lstm,deep,168,96,100012,844.5538365743038,1132.398667779831,1.1104534598261466,8.563492385008828,359.04489999984435,16.10986328125,0.3242267229998106,4513,false,dcb2c10e4ac97b1d1289825869826fdec84593f7,41e5a8930cdcae89,true,2026-09-20T14:45:05+00:00
20260920T143808Z-gpu_h96,electricity_hourly,T134,lstm,deep,168,96,100013,795.6098851519788,937.8180651514416,1.0373010236662044,8.295829776729082,355.1126219999787,16.10986328125,0.32187738199991145,4513,false,dcb2c10e4ac97b1d1289825869826fdec84593f7,41e5a8930cdcae89,true,2026-09-20T14:45:05+00:00
20260920T143808Z-gpu_h96,electricity_hourly,T134,lstm,deep,168,96,100014,368.74940440860456,488.03342083468385,0.5171045432707068,3.730960783167905,348.2458140001654,16.10986328125,0.3138309779997144,4513,false,dcb2c10e4ac97b1d1289825869826fdec84593f7,41e5a8930cdcae89,true,2026-09-20T14:45:05+00:00
20260920T143808Z-gpu_h96,electricity_hourly,T134,lstm,deep,168,96,100015,1402.6904939161043,1605.8234219399503,1.6859542186862013,14.99144947255214,372.9556230000526,16.10986328125,0.3381676479998532,4513,false,dcb2c10e4ac97b1d1289825869826fdec84593f7,41e5a8930cdcae89,true,2026-09-20T14:45:05+00:00
20260920T143808Z-gpu_h96,electricity_hourly,T134,lstm,deep,168,96,100016,2307.3401399066715,2442.1112746873205,3.242132494282459,26.861065487729935,349.10908499978177,16.10986328125,0.31324374500036356,4513,false,dcb2c10e4ac97b1d1289825869826fdec84593f7,41e5a8930cdcae89,true,2026-09-20T14:45:05+00:00
20260920T143808Z-gpu_h96,electricity_hourly,T134,lstm,deep,168,96,100017,985.0470922027679,1175.4880386014095,1.2751877204969486,10.314648308328179,352.4366629999349,16.10986328125,0.317611369000133,4513,false,dcb2c10e4ac97b1d1289825869826fdec84593f7,41e5a8930cdcae89,true,2026-09-20T14:45:05+00:00
20260920T143808Z-gpu_h96,electricity_hourly,T134,lstm,deep,168,96,100018,1183.5816069403422,1460.7728943545305,1.6747808835898952,12.755955973277192,358.20772000033685,16.10986328125,0.3247067629999947,4513,false,dcb2c10e4ac97b1d1289825869826fdec84593f7,41e5a8930cdcae89,true,2026-09-20T14:45:05+00:00
20260920T143808Z-gpu_h96,electricity_hourly,T134,lstm,deep,168,96,100019,1580.990050041011,1880.610419208867,1.6370593321677567,17.80856770228596,374.6622900002876,16.10986328125,0.34115900999995574,4513,false,dcb2c10e4ac97b1d1289825869826fdec84593f7,41e5a8930cdcae89,true,2026-09-20T14:45:05+00:00
20260920T143808Z-gpu_h96,electricity_hourly,T134,lstm,deep,168,96,100020,1320.3573164111015,1566.437244411108,1.4089864798446639,13.901948430154729,348.7704549997943,16.10986328125,0.31565806800017526,4513,false,dcb2c10e4ac97b1d1289825869826fdec84593f7,41e5a8930cdcae89,true,2026-09-20T14:45:05+00:00
20260920T143808Z-gpu_h96,electricity_hourly,T134,transformer,deep,168,96,100000,1881.3359224410942,2176.5708811077843,1.5948029859630637,17.371395647552923,595.2340730000287,10.6845703125,0.5922728220002682,19232,false,dcb2c10e4ac97b1d1289825869826fdec84593f7,41e5a8930cdcae89,true,2026-09-20T14:45:22+00:00
20260920T143808Z-gpu_h96,electricity_hourly,T134,transformer,deep,168,96,100001,2312.8044359992055,2660.2320739427755,1.2872503190023599,22.063853494165826,594.66387700013,10.525390625,0.5916713099995832,19232,false,dcb2c10e4ac97b1d1289825869826fdec84593f7,41e5a8930cdcae89,true,2026-09-20T14:45:22+00:00
20260920T143808Z-gpu_h96,electricity_hourly,T134,transformer,deep,168,96,100002,1770.069649874091,2185.9885025944823,1.8859368980479094,16.643697599479708,625.8560050000597,10.525390625,0.622815176000131,19232,false,dcb2c10e4ac97b1d1289825869826fdec84593f7,41e5a8930cdcae89,true,2026-09-20T14:45:22+00:00
20260920T143808Z-gpu_h96,electricity_hourly,T134,transformer,deep,168,96,100003,2569.7073878692863,2926.2648260758456,1.9086414641040732,23.136891252907883,612.5365069997315,10.525390625,0.6096123760003138,19232,false,dcb2c10e4ac97b1d1289825869826fdec84593f7,41e5a8930cdcae89,true,2026-09-20T14:45:22+00:00
20260920T143808Z-gpu_h96,electricity_hourly,T134,transformer,deep,168,96,100004,1733.6591086773594,2013.2497629427526,1.5512282079693027,15.121351710712382,598.5261180003363,10.525390625,0.5954815889999736,19232,false,dcb2c10e4ac97b1d1289825869826fdec84593f7,41e5a8930cdcae89,true,2026-09-20T14:45:22+00:00
20260920T143808Z-gpu_h96,electricity_hourly,T134,transformer,deep,168,96,100005,1387.086564764195,1862.6600188479815,1.4942804318548968,13.11020368097761,576.7289620002884,10.525390625,0.5737672949999251,19232,false,dcb2c10e4ac97b1d1289825869826fdec84593f7,41e5a8930cdcae89,true,2026-09-20T14:45:22+00:00
20260920T143808Z-gpu_h96,electricity_hourly,T134,transformer,deep,168,96,100006,896.2495670750765,1141.0166860435709,1.2996056436989438,9.189765003032695,578.1363589999273,10.525390625,0.5751786739997442,19232,false,dcb2c10e4ac97b1d1289825869826fdec84593f7,41e5a8930cdcae89,true,2026-09-20T14:45:22+00:00
20260920T143808Z-gpu_h96,electricity_hourly,T134,transformer,deep,168,96,100007,688.6351485254863,833.8686990222099,1.1289357839166425,6.712836770437174,599.9432769999657,10.525390625,0.5968692980000014,19232,false,dcb2c10e4ac97b1d1289825869826fdec84593f7,41e5a8930cdcae89,true,2026-09-20T14:45:22+00:00
20260920T143808Z-gpu_h96,electricity_hourly,T134,transformer,deep,168,96,100008,916.4398517647932,1156.9242715273424,1.2086249281434793,9.943751821007263,641.2787489998664,10.525390625,0.638437821000025,19232,false,dcb2c10e4ac97b1d1289825869826fdec84593f7,41e5a8930cdcae89,true,2026-09-20T14:45:22+00:00
20260920T143808Z-gpu_h96,electricity_hourly,T134,transformer,deep,168,96,100009,1274.6538338551234,1475.3856782354817,2.1411008442513766,12.966865844209119,576.325070999701,10.525390625,0.5734374049998223,19232,false,dcb2c10e4ac97b1d1289825869826fdec84593f7,41e5a8930cdcae89,true,2026-09-20T14:45:22+00:00
20260920T143808Z-gpu_h96,electricity_hourly,T134,transformer,deep,168,96,100010,931.3377962534059,1199.1866103724353,1.3793765380037486,9.520958698991173,583.0237589998433,10.525390625,0.5801860380001926,19232,false,dcb2c10e4ac97b1d1289825869826fdec84593f7,41e5a8930cdcae89,true,2026-09-20T14:45:22+00:00
20260920T143808Z-gpu_h96,electricity_hourly,T134,transformer,deep,168,96,100011,1099.599540336163,1443.8155783448356,1.557782242374589,11.277776691458367,590.6133349999436,10.525390625,0.5876508790001935,19232,false,dcb2c10e4ac97b1d1289825869826fdec84593f7,41e5a8930cdcae89,true,2026-09-20T14:45:22+00:00
20260920T143808Z-gpu_h96,electricity_hourly,T134,transformer,deep,168,96,100012,1106.5945731149816,1583.636378315673,1.4549951928757325,11.558679204499688,582.6149680001436,10.525390625,0.5796283489999041,19232,false,dcb2c10e4ac97b1d1289825869826fdec84593f7,41e5a8930cdcae89,true,2026-09-20T14:45:22+00:00
20260920T143808Z-gpu_h96,electricity_hourly,T134,transformer,deep,168,96,100013,935.0549144615433,1145.5685587245503,1.2191067985157018,9.622909922229788,626.406102999681,10.525390625,0.6224224039997353,19232,false,dcb2c10e4ac97b1d1289825869826fdec84593f7,41e5a8930cdcae89,true,2026-09-20T14:45:22+00:00
20260920T143808Z-gpu_h96,electricity_hourly,T134,transformer,deep,168,96,100014,614.7184387219432,773.0635848103328,0.8620317584110923,6.325424238972049,581.4047829999254,10.525390625,0.5781863009997323,19232,false,dcb2c10e4ac97b1d1289825869826fdec84593f7,41e5a8930cdcae89,true,2026-09-20T14:45:22+00:00
20260920T143808Z-gpu_h96,electricity_hourly,T134,transformer,deep,168,96,100015,936.0008961617923,1153.3702966478359,1.1250198574971044,9.819414858381332,592.7392399999007,10.525390625,0.5897914520000995,19232,false,dcb2c10e4ac97b1d1289825869826fdec84593f7,41e5a8930cdcae89,true,2026-09-20T14:45:22+00:00
20260920T143808Z-gpu_h96,electricity_hourly,T134,transformer,deep,168,96,100016,963.4277873336305,1118.4530454479045,1.3537494889398307,10.014636383262783,593.4258959996441,10.525390625,0.5903271110000787,19232,false,dcb2c10e4ac97b1d1289825869826fdec84593f7,41e5a8930cdcae89,true,2026-09-20T14:45:22+00:00
20260920T143808Z-gpu_h96,electricity_hourly,T134,transformer,deep,168,96,100017,1440.6945453557453,1716.6528905915445,1.865043821525651,15.332678086408858,580.0044439997691,10.525390625,0.5770775800001502,19232,false,dcb2c10e4ac97b1d1289825869826fdec84593f7,41e5a8930cdcae89,true,2026-09-20T14:45:22+00:00
20260920T143808Z-gpu_h96,electricity_hourly,T134,transformer,deep,168,96,100018,1231.9986620295138,1564.3080383754798,1.743291544644085,13.242003962865631,585.1557669998328,10.525390625,0.5822237590000441,19232,false,dcb2c10e4ac97b1d1289825869826fdec84593f7,41e5a8930cdcae89,true,2026-09-20T14:45:22+00:00
20260920T143808Z-gpu_h96,electricity_hourly,T134,transformer,deep,168,96,100019,1207.5757637208017,1528.7566760631735,1.2504020333635015,13.281155059285998,592.245911000191,10.525390625,0.5892127300003267,19232,false,dcb2c10e4ac97b1d1289825869826fdec84593f7,41e5a8930cdcae89,true,2026-09-20T14:45:22+00:00
20260920T143808Z-gpu_h96,electricity_hourly,T134,transformer,deep,168,96,100020,902.5600574012051,1214.7628899692124,0.9631445233194523,9.732030887052577,590.7333539998945,10.525390625,0.5876548239998556,19232,false,dcb2c10e4ac97b1d1289825869826fdec84593f7,41e5a8930cdcae89,true,2026-09-20T14:45:22+00:00
20260920T143808Z-gpu_h96,electricity_hourly,T134,timesfm25,tsfm,168,96,100000,431.3843282063802,558.7163619320976,0.36568323950809284,3.7990305174519263,117.05890300027022,11.94287109375,,231289280,true,dcb2c10e4ac97b1d1289825869826fdec84593f7,41e5a8930cdcae89,true,2026-09-20T14:45:29+00:00
20260920T143808Z-gpu_h96,electricity_hourly,T134,timesfm25,tsfm,168,96,100001,1704.8995259602864,2073.4194602211032,0.948905330904556,15.197831843057442,116.47721499957697,11.94287109375,,231289280,true,dcb2c10e4ac97b1d1289825869826fdec84593f7,41e5a8930cdcae89,true,2026-09-20T14:45:29+00:00
20260920T143808Z-gpu_h96,electricity_hourly,T134,timesfm25,tsfm,168,96,100002,700.621571858724,968.1255684894489,0.746483661832562,6.302778732639687,115.8990719995927,11.94287109375,,231289280,true,dcb2c10e4ac97b1d1289825869826fdec84593f7,41e5a8930cdcae89,true,2026-09-20T14:45:29+00:00
20260920T143808Z-gpu_h96,electricity_hourly,T134,timesfm25,tsfm,168,96,100003,569.3118082682291,706.192954407579,0.4228544185203094,5.034879919492059,114.41728999989209,11.94287109375,,231289280,true,dcb2c10e4ac97b1d1289825869826fdec84593f7,41e5a8930cdcae89,true,2026-09-20T14:45:29+00:00
20260920T143808Z-gpu_h96,electricity_hourly,T134,timesfm25,tsfm,168,96,100004,1278.3864034016926,1611.5275219568866,1.1438633118329993,11.194560262800834,119.54646799995317,11.94287109375,,231289280,true,dcb2c10e4ac97b1d1289825869826fdec84593f7,41e5a8930cdcae89,true,2026-09-20T14:45:29+00:00
20260920T143808Z-gpu_h96,electricity_hourly,T134,timesfm25,tsfm,168,96,100005,830.4607543945312,1165.436650630973,0.8946386521494164,7.717246795499157,118.07141600002069,11.94287109375,,231289280,true,dcb2c10e4ac97b1d1289825869826fdec84593f7,41e5a8930cdcae89,true,2026-09-20T14:45:29+00:00
20260920T143808Z-gpu_h96,electricity_hourly,T134,timesfm25,tsfm,168,96,100006,675.8145243326823,880.7397661900768,0.9799640660165572,7.046163904039567,115.01022599986754,11.94287109375,,231289280,true,dcb2c10e4ac97b1d1289825869826fdec84593f7,41e5a8930cdcae89,true,2026-09-20T14:45:29+00:00
20260920T143808Z-gpu_h96,electricity_hourly,T134,timesfm25,tsfm,168,96,100007,380.25872802734375,513.8421743090546,0.6233891577214589,3.719719085565347,116.75249600011739,11.94287109375,,231289280,true,dcb2c10e4ac97b1d1289825869826fdec84593f7,41e5a8930cdcae89,true,2026-09-20T14:45:29+00:00
20260920T143808Z-gpu_h96,electricity_hourly,T134,timesfm25,tsfm,168,96,100008,706.6861267089844,939.1480028082476,0.9319962106284001,7.735726989963664,118.63890699987678,11.94287109375,,231289280,true,dcb2c10e4ac97b1d1289825869826fdec84593f7,41e5a8930cdcae89,true,2026-09-20T14:45:29+00:00
20260920T143808Z-gpu_h96,electricity_hourly,T134,timesfm25,tsfm,168,96,100009,589.9833170572916,777.186886990089,0.9910249706189415,5.788437074111949,118.19084700027815,11.94287109375,,231289280,true,dcb2c10e4ac97b1d1289825869826fdec84593f7,41e5a8930cdcae89,true,2026-09-20T14:45:29+00:00
20260920T143808Z-gpu_h96,electricity_hourly,T134,timesfm25,tsfm,168,96,100010,586.6680501302084,781.9033842499406,0.868896491908112,6.0431350887073,117.93431199976112,11.94287109375,,231289280,true,dcb2c10e4ac97b1d1289825869826fdec84593f7,41e5a8930cdcae89,true,2026-09-20T14:45:29+00:00
20260920T143808Z-gpu_h96,electricity_hourly,T134,timesfm25,tsfm,168,96,100011,562.1425272623698,705.3413492369458,0.7963768758808143,5.974574201931601,111.82976700001745,11.94287109375,,231289280,true,dcb2c10e4ac97b1d1289825869826fdec84593f7,41e5a8930cdcae89,true,2026-09-20T14:45:29+00:00
20260920T143808Z-gpu_h96,electricity_hourly,T134,timesfm25,tsfm,168,96,100012,523.7345631917318,775.1613914610678,0.6886273349794043,5.23880616158632,118.53228700010732,11.94287109375,,231289280,true,dcb2c10e4ac97b1d1289825869826fdec84593f7,41e5a8930cdcae89,true,2026-09-20T14:45:29+00:00
20260920T143808Z-gpu_h96,electricity_hourly,T134,timesfm25,tsfm,168,96,100013,481.3232930501302,581.5036076399622,0.6275401473926078,5.037430827362163,118.22361399981673,11.94287109375,,231289280,true,dcb2c10e4ac97b1d1289825869826fdec84593f7,41e5a8930cdcae89,true,2026-09-20T14:45:29+00:00
20260920T143808Z-gpu_h96,electricity_hourly,T134,timesfm25,tsfm,168,96,100014,273.6149495442708,348.78395011516807,0.3836956258764498,2.7607731382095055,114.33273200009353,11.94287109375,,231289280,true,dcb2c10e4ac97b1d1289825869826fdec84593f7,41e5a8930cdcae89,true,2026-09-20T14:45:29+00:00
20260920T143808Z-gpu_h96,electricity_hourly,T134,timesfm25,tsfm,168,96,100015,726.9613240559896,928.1646437350132,0.8737661775208463,7.710406348548214,122.52716800003327,11.94287109375,,231289280,true,dcb2c10e4ac97b1d1289825869826fdec84593f7,41e5a8930cdcae89,true,2026-09-20T14:45:29+00:00
20260920T143808Z-gpu_h96,electricity_hourly,T134,timesfm25,tsfm,168,96,100016,570.0594126383463,700.8756094553268,0.80101243567024,6.0950617535285,121.29765899999256,11.94287109375,,231289280,true,dcb2c10e4ac97b1d1289825869826fdec84593f7,41e5a8930cdcae89,true,2026-09-20T14:45:29+00:00
20260920T143808Z-gpu_h96,electricity_hourly,T134,timesfm25,tsfm,168,96,100017,413.45331319173175,537.0754225684599,0.535233891002997,4.424972587490724,117.28702600021279,11.94287109375,,231289280,true,dcb2c10e4ac97b1d1289825869826fdec84593f7,41e5a8930cdcae89,true,2026-09-20T14:45:29+00:00
20260920T143808Z-gpu_h96,electricity_hourly,T134,timesfm25,tsfm,168,96,100018,490.3748474121094,651.2113402951502,0.693885757790851,5.5395859864514625,115.36526399959257,11.94287109375,,231289280,true,dcb2c10e4ac97b1d1289825869826fdec84593f7,41e5a8930cdcae89,true,2026-09-20T14:45:29+00:00
20260920T143808Z-gpu_h96,electricity_hourly,T134,timesfm25,tsfm,168,96,100019,409.85167439778644,492.74143861876206,0.4243869266350364,4.331396810622089,118.99058600010903,11.94287109375,,231289280,true,dcb2c10e4ac97b1d1289825869826fdec84593f7,41e5a8930cdcae89,true,2026-09-20T14:45:29+00:00
20260920T143808Z-gpu_h96,electricity_hourly,T134,timesfm25,tsfm,168,96,100020,532.8532307942709,676.6432801762979,0.5686210759761602,5.959326895759602,118.88153099971532,11.94287109375,,231289280,true,dcb2c10e4ac97b1d1289825869826fdec84593f7,41e5a8930cdcae89,true,2026-09-20T14:45:29+00:00
20260920T143808Z-gpu_h96,electricity_hourly,T134,chronos_bolt,tsfm,168,96,100000,349.82445271809894,453.75075429037287,0.296545170430714,3.092097576727991,74.95437799980209,12.59375,,205292928,true,dcb2c10e4ac97b1d1289825869826fdec84593f7,41e5a8930cdcae89,true,2026-09-20T14:45:34+00:00
20260920T143808Z-gpu_h96,electricity_hourly,T134,chronos_bolt,tsfm,168,96,100001,541.9319864908854,668.7850640858109,0.30162607422818627,5.096132574393736,75.44923799969183,12.59375,,205292928,true,dcb2c10e4ac97b1d1289825869826fdec84593f7,41e5a8930cdcae89,true,2026-09-20T14:45:34+00:00
20260920T143808Z-gpu_h96,electricity_hourly,T134,chronos_bolt,tsfm,168,96,100002,964.1499277750651,1086.8221636584906,1.0272623589532557,8.790598488462475,77.6116130000446,12.59375,,205292928,true,dcb2c10e4ac97b1d1289825869826fdec84593f7,41e5a8930cdcae89,true,2026-09-20T14:45:34+00:00
20260920T143808Z-gpu_h96,electricity_hourly,T134,chronos_bolt,tsfm,168,96,100003,448.4208068847656,568.0095596639628,0.3330630364482592,4.012739692821022,77.18209399990883,12.59375,,205292928,true,dcb2c10e4ac97b1d1289825869826fdec84593f7,41e5a8930cdcae89,true,2026-09-20T14:45:34+00:00
20260920T143808Z-gpu_h96,electricity_hourly,T134,chronos_bolt,tsfm,168,96,100004,1235.4490814208984,1557.5544981287105,1.1054442335390646,11.021487372548448,70.53823700016437,12.59375,,205292928,true,dcb2c10e4ac97b1d1289825869826fdec84593f7,41e5a8930cdcae89,true,2026-09-20T14:45:34+00:00
20260920T143808Z-gpu_h96,electricity_hourly,T134,chronos_bolt,tsfm,168,96,100005,948.357432047526,1262.7293078007194,1.0216463695282691,8.789817564918216,77.45275999968726,12.59375,,205292928,true,dcb2c10e4ac97b1d1289825869826fdec84593f7,41e5a8930cdcae89,true,2026-09-20T14:45:34+00:00
20260920T143808Z-gpu_h96,electricity_hourly,T134,chronos_bolt,tsfm,168,96,100006,461.6617838541667,567.5417107534244,0.6694321334347025,4.835875393378905,72.81839899997067,12.59375,,205292928,true,dcb2c10e4ac97b1d1289825869826fdec84593f7,41e5a8930cdcae89,true,2026-09-20T14:45:34+00:00
20260920T143808Z-gpu_h96,electricity_hourly,T134,chronos_bolt,tsfm,168,96,100007,422.89491780598956,520.1749058969617,0.6932861422626028,4.221708958150239,73.40640799975517,12.59375,,205292928,true,dcb2c10e4ac97b1d1289825869826fdec84593f7,41e5a8930cdcae89,true,2026-09-20T14:45:34+00:00
20260920T143808Z-gpu_h96,electricity_hourly,T134,chronos_bolt,tsfm,168,96,100008,574.9978739420573,775.319732666228,0.7583222867682918,6.35368710955123,75.38553599988518,12.59375,,205292928,true,dcb2c10e4ac97b1d1289825869826fdec84593f7,41e5a8930cdcae89,true,2026-09-20T14:45:34+00:00
20260920T143808Z-gpu_h96,electricity_hourly,T134,chronos_bolt,tsfm,168,96,100009,618.1354166666666,761.7675214942891,1.0383134834999475,6.122587545991881,77.85668800033818,12.59375,,205292928,true,dcb2c10e4ac97b1d1289825869826fdec84593f7,41e5a8930cdcae89,true,2026-09-20T14:45:34+00:00
20260920T143808Z-gpu_h96,electricity_hourly,T134,chronos_bolt,tsfm,168,96,100010,529.5176391601562,725.5106331971722,0.7842527285534111,5.469000976407672,71.27474800017808,12.59375,,205292928,true,dcb2c10e4ac97b1d1289825869826fdec84593f7,41e5a8930cdcae89,true,2026-09-20T14:45:34+00:00
20260920T143808Z-gpu_h96,electricity_hourly,T134,chronos_bolt,tsfm,168,96,100011,347.4700419108073,433.8348151628419,0.49225435368982795,3.6787152753939067,76.66987399989011,12.59375,,205292928,true,dcb2c10e4ac97b1d1289825869826fdec84593f7,41e5a8930cdcae89,true,2026-09-20T14:45:34+00:00
20260920T143808Z-gpu_h96,electricity_hourly,T134,chronos_bolt,tsfm,168,96,100012,479.3815104166667,737.7913303716929,0.6303101516631818,4.736304081838263,79.81581800004278,12.59375,,205292928,true,dcb2c10e4ac97b1d1289825869826fdec84593f7,41e5a8930cdcae89,true,2026-09-20T14:45:34+00:00
20260920T143808Z-gpu_h96,electricity_hourly,T134,chronos_bolt,tsfm,168,96,100013,631.3249766031901,720.8600976232611,0.8231094870967276,6.811957156129685,101.32894300022599,12.59375,,205292928,true,dcb2c10e4ac97b1d1289825869826fdec84593f7,41e5a8930cdcae89,true,2026-09-20T14:45:34+00:00
20260920T143808Z-gpu_h96,electricity_hourly,T134,chronos_bolt,tsfm,168,96,100014,275.65297444661456,342.3137513598622,0.3865535882858833,2.791358324282005,75.1736020001772,12.59375,,205292928,true,dcb2c10e4ac97b1d1289825869826fdec84593f7,41e5a8930cdcae89,true,2026-09-20T14:45:34+00:00
20260920T143808Z-gpu_h96,electricity_hourly,T134,chronos_bolt,tsfm,168,96,100015,635.4566955566406,795.3630408185702,0.7637828168886054,6.768588370741213,78.14232300006552,12.59375,,205292928,true,dcb2c10e4ac97b1d1289825869826fdec84593f7,41e5a8930cdcae89,true,2026-09-20T14:45:34+00:00
20260920T143808Z-gpu_h96,electricity_hourly,T134,chronos_bolt,tsfm,168,96,100016,294.5737762451172,382.68192950961895,0.41391695806341544,3.1266557009541693,72.70157099992502,12.59375,,205292928,true,dcb2c10e4ac97b1d1289825869826fdec84593f7,41e5a8930cdcae89,true,2026-09-20T14:45:34+00:00
20260920T143808Z-gpu_h96,electricity_hourly,T134,chronos_bolt,tsfm,168,96,100017,395.5322774251302,504.4278372132558,0.5120343049841666,4.224286781336528,77.3719250000795,12.59375,,205292928,true,dcb2c10e4ac97b1d1289825869826fdec84593f7,41e5a8930cdcae89,true,2026-09-20T14:45:34+00:00
20260920T143808Z-gpu_h96,electricity_hourly,T134,chronos_bolt,tsfm,168,96,100018,475.54896036783856,621.6839685421936,0.6729069659116871,5.351945461393142,77.75959900027374,12.59375,,205292928,true,dcb2c10e4ac97b1d1289825869826fdec84593f7,41e5a8930cdcae89,true,2026-09-20T14:45:34+00:00
20260920T143808Z-gpu_h96,electricity_hourly,T134,chronos_bolt,tsfm,168,96,100019,336.0809631347656,407.44694480940603,0.34799996182735243,3.548721987580708,79.04580600006739,12.59375,,205292928,true,dcb2c10e4ac97b1d1289825869826fdec84593f7,41e5a8930cdcae89,true,2026-09-20T14:45:34+00:00
20260920T143808Z-gpu_h96,electricity_hourly,T134,chronos_bolt,tsfm,168,96,100020,532.1285502115885,671.0118256472117,0.5678477511113571,6.013023604214981,81.40976999993654,12.59375,,205292928,true,dcb2c10e4ac97b1d1289825869826fdec84593f7,41e5a8930cdcae89,true,2026-09-20T14:45:34+00:00
20260920T143808Z-gpu_h96,electricity_hourly,T148,lstm,deep,168,96,110000,31.672760203271764,44.35624227265428,2.9654599930241443,20.496256463211378,404.27795100004005,16.14599609375,0.3660310330001266,4513,false,dcb2c10e4ac97b1d1289825869826fdec84593f7,41e5a8930cdcae89,true,2026-09-20T14:45:46+00:00
20260920T143808Z-gpu_h96,electricity_hourly,T148,lstm,deep,168,96,110001,40.24069822280668,51.782861146534955,4.72262473030494,22.46169394610231,401.419788000112,16.10986328125,0.36248989000023357,4513,false,dcb2c10e4ac97b1d1289825869826fdec84593f7,41e5a8930cdcae89,true,2026-09-20T14:45:46+00:00
20260920T143808Z-gpu_h96,electricity_hourly,T148,lstm,deep,168,96,110002,9.812532957264937,12.90922579183444,1.3047135234036482,5.9756043669693835,363.6646329996438,16.10986328125,0.3295833400002266,4513,false,dcb2c10e4ac97b1d1289825869826fdec84593f7,41e5a8930cdcae89,true,2026-09-20T14:45:46+00:00
20260920T143808Z-gpu_h96,electricity_hourly,T148,lstm,deep,168,96,110003,15.479939995755283,22.527226870161897,2.59500740324652,9.28673442163166,358.69307200027833,16.10986328125,0.32525423700008105,4513,false,dcb2c10e4ac97b1d1289825869826fdec84593f7,41e5a8930cdcae89,true,2026-09-20T14:45:46+00:00
20260920T143808Z-gpu_h96,electricity_hourly,T148,lstm,deep,168,96,110004,31.714859089691952,43.66864492208222,4.44687410799965,17.846445104381193,361.1621080003715,16.10986328125,0.3268839160000425,4513,false,dcb2c10e4ac97b1d1289825869826fdec84593f7,41e5a8930cdcae89,true,2026-09-20T14:45:46+00:00
20260920T143808Z-gpu_h96,electricity_hourly,T148,lstm,deep,168,96,110005,23.161657651997732,33.182056708161,3.452669463651836,13.353962032197197,362.7603100003398,16.10986328125,0.3289809630000491,4513,false,dcb2c10e4ac97b1d1289825869826fdec84593f7,41e5a8930cdcae89,true,2026-09-20T14:45:46+00:00
20260920T143808Z-gpu_h96,electricity_hourly,T148,lstm,deep,168,96,110006,14.634865986774452,21.977379491080367,2.099024603680798,8.686018909232411,347.81006299999717,16.10986328125,0.3126636160000089,4513,false,dcb2c10e4ac97b1d1289825869826fdec84593f7,41e5a8930cdcae89,true,2026-09-20T14:45:46+00:00
20260920T143808Z-gpu_h96,electricity_hourly,T148,lstm,deep,168,96,110007,38.50858551902467,49.478467012382374,6.418097586504111,21.871117894191713,347.4751040002957,16.10986328125,0.31435874699991473,4513,false,dcb2c10e4ac97b1d1289825869826fdec84593f7,41e5a8930cdcae89,true,2026-09-20T14:45:46+00:00
20260920T143808Z-gpu_h96,electricity_hourly,T148,lstm,deep,168,96,110008,21.319379960000358,30.226761818156,2.858464352178819,12.746241399839592,341.7107519999263,16.10986328125,0.30729566800027897,4513,false,dcb2c10e4ac97b1d1289825869826fdec84593f7,41e5a8930cdcae89,true,2026-09-20T14:45:46+00:00
20260920T143808Z-gpu_h96,electricity_hourly,T148,lstm,deep,168,96,110009,25.664576751896032,35.85477733293747,3.3415000472631364,14.318004315986308,352.32294100023864,16.10986328125,0.3182788670001173,4513,false,dcb2c10e4ac97b1d1289825869826fdec84593f7,41e5a8930cdcae89,true,2026-09-20T14:45:46+00:00
20260920T143808Z-gpu_h96,electricity_hourly,T148,lstm,deep,168,96,110010,30.145834169195922,41.51176372477439,5.065344364485662,16.607478047662152,353.79932599971653,16.10986328125,0.318848135999815,4513,false,dcb2c10e4ac97b1d1289825869826fdec84593f7,41e5a8930cdcae89,true,2026-09-20T14:45:46+00:00
20260920T143808Z-gpu_h96,electricity_hourly,T148,lstm,deep,168,96,110011,27.94243194191925,35.69627793870691,3.3144235581848203,16.653004136244682,353.7375619998784,16.10986328125,0.31895079499963686,4513,false,dcb2c10e4ac97b1d1289825869826fdec84593f7,41e5a8930cdcae89,true,2026-09-20T14:45:46+00:00
20260920T143808Z-gpu_h96,electricity_hourly,T148,lstm,deep,168,96,110012,20.07543144116144,29.283895996513827,2.5470150903323767,11.836051372170497,403.8868379998348,16.10986328125,0.36400486100001217,4513,false,dcb2c10e4ac97b1d1289825869826fdec84593f7,41e5a8930cdcae89,true,2026-09-20T14:45:46+00:00
20260920T143808Z-gpu_h96,electricity_hourly,T148,lstm,deep,168,96,110013,32.876374334531896,42.07137904972971,4.204438636032498,20.04967894730254,378.7299969999367,16.10986328125,0.3359004570002071,4513,false,dcb2c10e4ac97b1d1289825869826fdec84593f7,41e5a8930cdcae89,true,2026-09-20T14:45:46+00:00
20260920T143808Z-gpu_h96,electricity_hourly,T148,lstm,deep,168,96,110014,14.454204333837877,21.387033009454537,1.7432206231764276,8.493634855825693,344.0990000003694,16.10986328125,0.3107898670000395,4513,false,dcb2c10e4ac97b1d1289825869826fdec84593f7,41e5a8930cdcae89,true,2026-09-20T14:45:46+00:00
20260920T143808Z-gpu_h96,electricity_hourly,T148,lstm,deep,168,96,110015,48.29550786604247,58.61780558213913,5.312874814904595,28.188406826410766,367.00896000002103,16.10986328125,0.33206395999968663,4513,false,dcb2c10e4ac97b1d1289825869826fdec84593f7,41e5a8930cdcae89,true,2026-09-20T14:45:46+00:00
20260920T143808Z-gpu_h96,electricity_hourly,T148,lstm,deep,168,96,110016,6.716153678548481,8.720503258414947,0.8938319128567294,4.342345239227144,361.4443350002148,16.10986328125,0.32657724599994253,4513,false,dcb2c10e4ac97b1d1289825869826fdec84593f7,41e5a8930cdcae89,true,2026-09-20T14:45:46+00:00
20260920T143808Z-gpu_h96,electricity_hourly,T148,lstm,deep,168,96,110017,12.005955185767831,16.696907453892564,1.4347365533199732,8.014237410747672,356.40351000029113,16.10986328125,0.3225796720003018,4513,false,dcb2c10e4ac97b1d1289825869826fdec84593f7,41e5a8930cdcae89,true,2026-09-20T14:45:46+00:00
20260920T143808Z-gpu_h96,electricity_hourly,T148,lstm,deep,168,96,110018,50.25568871544353,82.32191697065059,6.9517955571795085,57.794760893039246,351.4775489998101,16.10986328125,0.31651416499971674,4513,false,dcb2c10e4ac97b1d1289825869826fdec84593f7,41e5a8930cdcae89,true,2026-09-20T14:45:46+00:00
20260920T143808Z-gpu_h96,electricity_hourly,T148,lstm,deep,168,96,110019,36.78690642874475,48.52992713424032,3.189232104599184,26.806602731713657,365.99140899988925,16.10986328125,0.32949188900010995,4513,false,dcb2c10e4ac97b1d1289825869826fdec84593f7,41e5a8930cdcae89,true,2026-09-20T14:45:46+00:00
20260920T143808Z-gpu_h96,electricity_hourly,T148,lstm,deep,168,96,110020,11.824241819146257,16.721894821305735,1.539503455657379,8.676759760296775,357.4697969997942,16.10986328125,0.32257367900001555,4513,false,dcb2c10e4ac97b1d1289825869826fdec84593f7,41e5a8930cdcae89,true,2026-09-20T14:45:46+00:00
20260920T143808Z-gpu_h96,electricity_hourly,T148,transformer,deep,168,96,110000,8.083332876780192,10.433393930160253,0.7568270053682364,5.2333689217662105,579.7784179999326,10.6845703125,0.5766553489997932,19232,false,dcb2c10e4ac97b1d1289825869826fdec84593f7,41e5a8930cdcae89,true,2026-09-20T14:46:03+00:00
20260920T143808Z-gpu_h96,electricity_hourly,T148,transformer,deep,168,96,110001,26.383635784532288,30.535831532872585,3.09636801383264,15.244670596212254,584.9218549997204,10.525390625,0.5819766659997185,19232,false,dcb2c10e4ac97b1d1289825869826fdec84593f7,41e5a8930cdcae89,true,2026-09-20T14:46:03+00:00
20260920T143808Z-gpu_h96,electricity_hourly,T148,transformer,deep,168,96,110002,11.650538528940592,15.004327701807618,1.5491020758702172,7.207861692962704,581.101547000344,10.525390625,0.577684680999937,19232,false,dcb2c10e4ac97b1d1289825869826fdec84593f7,41e5a8930cdcae89,true,2026-09-20T14:46:03+00:00
20260920T143808Z-gpu_h96,electricity_hourly,T148,transformer,deep,168,96,110003,11.729099365116477,14.738407836729436,1.9662285315212722,6.8272338353887,562.970727999982,10.525390625,0.5601296189997811,19232,false,dcb2c10e4ac97b1d1289825869826fdec84593f7,41e5a8930cdcae89,true,2026-09-20T14:46:03+00:00
20260920T143808Z-gpu_h96,electricity_hourly,T148,transformer,deep,168,96,110004,10.91201354818952,13.974756216109855,1.5300194264257945,6.397371236374407,566.2090010000611,10.525390625,0.5633424289999311,19232,false,dcb2c10e4ac97b1d1289825869826fdec84593f7,41e5a8930cdcae89,true,2026-09-20T14:46:03+00:00
20260920T143808Z-gpu_h96,electricity_hourly,T148,transformer,deep,168,96,110005,13.462338255157713,17.794606938276104,2.0068081871042556,8.12637863514714,580.0508469997112,10.525390625,0.577222535999681,19232,false,dcb2c10e4ac97b1d1289825869826fdec84593f7,41e5a8930cdcae89,true,2026-09-20T14:46:03+00:00
20260920T143808Z-gpu_h96,electricity_hourly,T148,transformer,deep,168,96,110006,10.208159581475222,13.524969984542242,1.4641185057095936,5.888382316832373,572.8083180001704,10.525390625,0.5698461679999127,19232,false,dcb2c10e4ac97b1d1289825869826fdec84593f7,41e5a8930cdcae89,true,2026-09-20T14:46:03+00:00
20260920T143808Z-gpu_h96,electricity_hourly,T148,transformer,deep,168,96,110007,19.05608239033754,24.991445091442287,3.1760137317229233,10.788207344254637,595.6364779999603,10.525390625,0.5923671639998247,19232,false,dcb2c10e4ac97b1d1289825869826fdec84593f7,41e5a8930cdcae89,true,2026-09-20T14:46:03+00:00
20260920T143808Z-gpu_h96,electricity_hourly,T148,transformer,deep,168,96,110008,10.839633702885678,14.182965330839691,1.4533587087667947,6.4278381113333065,577.133732999755,10.525390625,0.574321288000192,19232,false,dcb2c10e4ac97b1d1289825869826fdec84593f7,41e5a8930cdcae89,true,2026-09-20T14:46:03+00:00
20260920T143808Z-gpu_h96,electricity_hourly,T148,transformer,deep,168,96,110009,13.941244975347601,17.97912520126696,1.8151349696655106,7.615777550701296,570.7655610003712,10.525390625,0.5680901350001477,19232,false,dcb2c10e4ac97b1d1289825869826fdec84593f7,41e5a8930cdcae89,true,2026-09-20T14:46:03+00:00
20260920T143808Z-gpu_h96,electricity_hourly,T148,transformer,deep,168,96,110010,12.21104815575162,15.110118945290832,2.0517980565090235,6.770775745925038,568.462479000118,10.525390625,0.5655835920001664,19232,false,dcb2c10e4ac97b1d1289825869826fdec84593f7,41e5a8930cdcae89,true,2026-09-20T14:46:03+00:00
20260920T143808Z-gpu_h96,electricity_hourly,T148,transformer,deep,168,96,110011,16.171809876211537,19.970183380331562,1.918237744789507,9.925947502082435,574.498339999991,10.525390625,0.5712500529998579,19232,false,dcb2c10e4ac97b1d1289825869826fdec84593f7,41e5a8930cdcae89,true,2026-09-20T14:46:03+00:00
20260920T143808Z-gpu_h96,electricity_hourly,T148,transformer,deep,168,96,110012,14.656983540447433,19.433037375642417,1.8595644315633748,8.538442673381748,582.7128140003879,10.525390625,0.5798754449997432,19232,false,dcb2c10e4ac97b1d1289825869826fdec84593f7,41e5a8930cdcae89,true,2026-09-20T14:46:03+00:00
20260920T143808Z-gpu_h96,electricity_hourly,T148,transformer,deep,168,96,110013,16.493971235939554,19.227508085797407,2.1093533374558575,10.131035825215497,587.4248969998916,10.525390625,0.5844938620002722,19232,false,dcb2c10e4ac97b1d1289825869826fdec84593f7,41e5a8930cdcae89,true,2026-09-20T14:46:03+00:00
20260920T143808Z-gpu_h96,electricity_hourly,T148,transformer,deep,168,96,110014,9.955978062112843,13.207276096757438,1.2007209723151169,5.858956558224909,583.0340000002252,10.525390625,0.5802049089998036,19232,false,dcb2c10e4ac97b1d1289825869826fdec84593f7,41e5a8930cdcae89,true,2026-09-20T14:46:03+00:00
20260920T143808Z-gpu_h96,electricity_hourly,T148,transformer,deep,168,96,110015,12.462539151127812,16.623738164154236,1.370974513187475,7.694704961202768,573.6864319997039,10.525390625,0.5705985210001927,19232,false,dcb2c10e4ac97b1d1289825869826fdec84593f7,41e5a8930cdcae89,true,2026-09-20T14:46:03+00:00
20260920T143808Z-gpu_h96,electricity_hourly,T148,transformer,deep,168,96,110016,12.241895077872433,16.85957885716808,1.6292355741345936,8.13616113259959,573.6488799998369,10.525390625,0.5708502099996622,19232,false,dcb2c10e4ac97b1d1289825869826fdec84593f7,41e5a8930cdcae89,true,2026-09-20T14:46:03+00:00
20260920T143808Z-gpu_h96,electricity_hourly,T148,transformer,deep,168,96,110017,9.575433566264588,11.724258505581622,1.1442841772133616,6.291062721114869,566.4189170001919,10.525390625,0.5634776010001588,19232,false,dcb2c10e4ac97b1d1289825869826fdec84593f7,41e5a8930cdcae89,true,2026-09-20T14:46:03+00:00
20260920T143808Z-gpu_h96,electricity_hourly,T148,transformer,deep,168,96,110018,46.652214993601625,81.3302013587556,6.45333233340887,54.40294080399867,579.612607999934,10.525390625,0.5767851949999567,19232,false,dcb2c10e4ac97b1d1289825869826fdec84593f7,41e5a8930cdcae89,true,2026-09-20T14:46:03+00:00
20260920T143808Z-gpu_h96,electricity_hourly,T148,transformer,deep,168,96,110019,10.387393922584867,13.61890129581948,0.9005326459074178,7.904872545031312,579.205968000224,10.525390625,0.5760937209997792,19232,false,dcb2c10e4ac97b1d1289825869826fdec84593f7,41e5a8930cdcae89,true,2026-09-20T14:46:03+00:00
20260920T143808Z-gpu_h96,electricity_hourly,T148,transformer,deep,168,96,110020,9.502886510829915,12.889000480667198,1.237265513164112,6.904257045762782,622.0998460003102,10.525390625,0.6190579070002968,19232,false,dcb2c10e4ac97b1d1289825869826fdec84593f7,41e5a8930cdcae89,true,2026-09-20T14:46:03+00:00
20260920T143808Z-gpu_h96,electricity_hourly,T148,timesfm25,tsfm,168,96,110000,7.260732412338257,9.217518140938486,0.679808496343764,4.814584777202657,117.95065700016494,11.94287109375,,231289280,true,dcb2c10e4ac97b1d1289825869826fdec84593f7,41e5a8930cdcae89,true,2026-09-20T14:46:09+00:00
20260920T143808Z-gpu_h96,electricity_hourly,T148,timesfm25,tsfm,168,96,110001,18.448008855183918,19.483250670920317,2.1650474940069144,10.69130144857112,118.05546699997649,11.94287109375,,231289280,true,dcb2c10e4ac97b1d1289825869826fdec84593f7,41e5a8930cdcae89,true,2026-09-20T14:46:09+00:00
20260920T143808Z-gpu_h96,electricity_hourly,T148,timesfm25,tsfm,168,96,110002,7.882350365320842,9.67839084032936,1.0480687466354581,4.72562809834942,117.30181599978096,11.94287109375,,231289280,true,dcb2c10e4ac97b1d1289825869826fdec84593f7,41e5a8930cdcae89,true,2026-09-20T14:46:09+00:00
20260920T143808Z-gpu_h96,electricity_hourly,T148,timesfm25,tsfm,168,96,110003,6.197605133056641,8.288427411373798,1.0389466113622308,3.351637518679259,120.37392199999886,11.94287109375,,231289280,true,dcb2c10e4ac97b1d1289825869826fdec84593f7,41e5a8930cdcae89,true,2026-09-20T14:46:09+00:00
20260920T143808Z-gpu_h96,electricity_hourly,T148,timesfm25,tsfm,168,96,110004,6.578930934270223,8.208837521468578,0.9224596441430497,3.621197312946789,117.96932300012486,11.94287109375,,231289280,true,dcb2c10e4ac97b1d1289825869826fdec84593f7,41e5a8930cdcae89,true,2026-09-20T14:46:09+00:00
20260920T143808Z-gpu_h96,electricity_hourly,T148,timesfm25,tsfm,168,96,110005,6.853619893391927,11.372393465824606,1.0216576238596662,3.831106794993967,116.8690540002899,11.94287109375,,231289280,true,dcb2c10e4ac97b1d1289825869826fdec84593f7,41e5a8930cdcae89,true,2026-09-20T14:46:09+00:00
20260920T143808Z-gpu_h96,electricity_hourly,T148,timesfm25,tsfm,168,96,110006,5.520570198694865,7.11458542621156,0.7917949288964746,3.0503916649240725,118.65283400038606,11.94287109375,,231289280,true,dcb2c10e4ac97b1d1289825869826fdec84593f7,41e5a8930cdcae89,true,2026-09-20T14:46:09+00:00
20260920T143808Z-gpu_h96,electricity_hourly,T148,timesfm25,tsfm,168,96,110007,6.950412193934123,8.766811161835856,1.1584020323223538,3.7676397104176744,117.88731699971322,11.94287109375,,231289280,true,dcb2c10e4ac97b1d1289825869826fdec84593f7,41e5a8930cdcae89,true,2026-09-20T14:46:09+00:00
20260920T143808Z-gpu_h96,electricity_hourly,T148,timesfm25,tsfm,168,96,110008,5.835060675938924,7.146707641775825,0.7823545040365038,3.4210927015281327,116.9307690001915,11.94287109375,,231289280,true,dcb2c10e4ac97b1d1289825869826fdec84593f7,41e5a8930cdcae89,true,2026-09-20T14:46:09+00:00
20260920T143808Z-gpu_h96,electricity_hourly,T148,timesfm25,tsfm,168,96,110009,5.584536552429199,7.5100618734016455,0.7271005999546155,2.9538651812704098,118.1550139999672,11.94287109375,,231289280,true,dcb2c10e4ac97b1d1289825869826fdec84593f7,41e5a8930cdcae89,true,2026-09-20T14:46:09+00:00
20260920T143808Z-gpu_h96,electricity_hourly,T148,timesfm25,tsfm,168,96,110010,8.151343743006388,10.60363073797178,1.3696540244958224,4.725920515238183,116.93577899995944,11.94287109375,,231289280,true,dcb2c10e4ac97b1d1289825869826fdec84593f7,41e5a8930cdcae89,true,2026-09-20T14:46:09+00:00
20260920T143808Z-gpu_h96,electricity_hourly,T148,timesfm25,tsfm,168,96,110011,13.797140916188559,16.257957068097216,1.6365636671591042,8.698765776105134,117.99552599995877,11.94287109375,,231289280,true,dcb2c10e4ac97b1d1289825869826fdec84593f7,41e5a8930cdcae89,true,2026-09-20T14:46:09+00:00
20260920T143808Z-gpu_h96,electricity_hourly,T148,timesfm25,tsfm,168,96,110012,6.834681908289592,8.666210680662749,0.867131449157446,3.8718523538097323,117.97485599981883,11.94287109375,,231289280,true,dcb2c10e4ac97b1d1289825869826fdec84593f7,41e5a8930cdcae89,true,2026-09-20T14:46:09+00:00
20260920T143808Z-gpu_h96,electricity_hourly,T148,timesfm25,tsfm,168,96,110013,12.082011540730795,13.882427195150012,1.5451240336280945,7.399168464375529,118.91424699979325,11.94287109375,,231289280,true,dcb2c10e4ac97b1d1289825869826fdec84593f7,41e5a8930cdcae89,true,2026-09-20T14:46:09+00:00
20260920T143808Z-gpu_h96,electricity_hourly,T148,timesfm25,tsfm,168,96,110014,10.630241632461548,13.632820938399796,1.2820391918546592,5.8939035558725115,116.49871400004486,11.94287109375,,231289280,true,dcb2c10e4ac97b1d1289825869826fdec84593f7,41e5a8930cdcae89,true,2026-09-20T14:46:09+00:00
20260920T143808Z-gpu_h96,electricity_hourly,T148,timesfm25,tsfm,168,96,110015,7.79035210609436,9.513511113729635,0.8569982454374239,4.581284604400668,118.09701099991798,11.94287109375,,231289280,true,dcb2c10e4ac97b1d1289825869826fdec84593f7,41e5a8930cdcae89,true,2026-09-20T14:46:09+00:00
20260920T143808Z-gpu_h96,electricity_hourly,T148,timesfm25,tsfm,168,96,110016,5.858710130055745,7.677686923013961,0.7797174295083431,3.506523982828754,115.20590200007064,11.94287109375,,231289280,true,dcb2c10e4ac97b1d1289825869826fdec84593f7,41e5a8930cdcae89,true,2026-09-20T14:46:09+00:00
20260920T143808Z-gpu_h96,electricity_hourly,T148,timesfm25,tsfm,168,96,110017,5.984077612559001,8.09744550944634,0.7151096897995819,3.588397166242163,118.07445500016911,11.94287109375,,231289280,true,dcb2c10e4ac97b1d1289825869826fdec84593f7,41e5a8930cdcae89,true,2026-09-20T14:46:09+00:00
20260920T143808Z-gpu_h96,electricity_hourly,T148,timesfm25,tsfm,168,96,110018,42.82634401321411,79.63787343892362,5.924105223729906,52.23210937348358,115.50144600005297,11.94287109375,,231289280,true,dcb2c10e4ac97b1d1289825869826fdec84593f7,41e5a8930cdcae89,true,2026-09-20T14:46:09+00:00
20260920T143808Z-gpu_h96,electricity_hourly,T148,timesfm25,tsfm,168,96,110019,8.647646109263102,11.665580841325022,0.7497056229583906,6.665943477438149,111.74932799985982,11.94287109375,,231289280,true,dcb2c10e4ac97b1d1289825869826fdec84593f7,41e5a8930cdcae89,true,2026-09-20T14:46:09+00:00
20260920T143808Z-gpu_h96,electricity_hourly,T148,timesfm25,tsfm,168,96,110020,4.956701993942261,6.5637697935223756,0.6453572216344354,3.295033863107508,117.15758799982723,11.94287109375,,231289280,true,dcb2c10e4ac97b1d1289825869826fdec84593f7,41e5a8930cdcae89,true,2026-09-20T14:46:09+00:00
20260920T143808Z-gpu_h96,electricity_hourly,T148,chronos_bolt,tsfm,168,96,110000,6.186570167541504,8.064530153379675,0.5792367387034958,3.797883780601922,75.18900800005213,12.59375,,205292928,true,dcb2c10e4ac97b1d1289825869826fdec84593f7,41e5a8930cdcae89,true,2026-09-20T14:46:14+00:00
20260920T143808Z-gpu_h96,electricity_hourly,T148,chronos_bolt,tsfm,168,96,110001,15.91621200243632,17.060991662072297,1.8679173010194212,9.255786597373602,75.6632850002461,12.59375,,205292928,true,dcb2c10e4ac97b1d1289825869826fdec84593f7,41e5a8930cdcae89,true,2026-09-20T14:46:14+00:00
20260920T143808Z-gpu_h96,electricity_hourly,T148,chronos_bolt,tsfm,168,96,110002,8.133154710133871,9.868002706652403,1.0814166927601823,4.886019682397347,71.85064699979193,12.59375,,205292928,true,dcb2c10e4ac97b1d1289825869826fdec84593f7,41e5a8930cdcae89,true,2026-09-20T14:46:14+00:00
20260920T143808Z-gpu_h96,electricity_hourly,T148,chronos_bolt,tsfm,168,96,110003,6.431328058242798,8.471585936829507,1.0781271715797007,3.463151741436378,70.83286700026292,12.59375,,205292928,true,dcb2c10e4ac97b1d1289825869826fdec84593f7,41e5a8930cdcae89,true,2026-09-20T14:46:14+00:00
20260920T143808Z-gpu_h96,electricity_hourly,T148,chronos_bolt,tsfm,168,96,110004,5.365198850631714,6.8914252690703615,0.7522771514030835,2.8610932072762414,74.18904199994358,12.59375,,205292928,true,dcb2c10e4ac97b1d1289825869826fdec84593f7,41e5a8930cdcae89,true,2026-09-20T14:46:14+00:00
20260920T143808Z-gpu_h96,electricity_hourly,T148,chronos_bolt,tsfm,168,96,110005,6.422379493713379,11.040221350662975,0.9573733406777708,3.5227834121771604,75.23042000002533,12.59375,,205292928,true,dcb2c10e4ac97b1d1289825869826fdec84593f7,41e5a8930cdcae89,true,2026-09-20T14:46:14+00:00
20260920T143808Z-gpu_h96,electricity_hourly,T148,chronos_bolt,tsfm,168,96,110006,5.679276863733928,7.144856525099539,0.81455763782638,3.12651166414569,71.22856199976013,12.59375,,205292928,true,dcb2c10e4ac97b1d1289825869826fdec84593f7,41e5a8930cdcae89,true,2026-09-20T14:46:14+00:00
20260920T143808Z-gpu_h96,electricity_hourly,T148,chronos_bolt,tsfm,168,96,110007,6.748979727427165,8.29818515617828,1.1248299545711942,3.7413443229574703,75.1455959998566,12.59375,,205292928,true,dcb2c10e4ac97b1d1289825869826fdec84593f7,41e5a8930cdcae89,true,2026-09-20T14:46:14+00:00
20260920T143808Z-gpu_h96,electricity_hourly,T148,chronos_bolt,tsfm,168,96,110008,5.996983925501506,7.407343228101377,0.8040648838661237,3.509970742118835,71.32377000016277,12.59375,,205292928,true,dcb2c10e4ac97b1d1289825869826fdec84593f7,41e5a8930cdcae89,true,2026-09-20T14:46:14+00:00
20260920T143808Z-gpu_h96,electricity_hourly,T148,chronos_bolt,tsfm,168,96,110009,5.8137398560841875,7.6028061529014455,0.7569426214069829,3.102573862938315,73.46101699977226,12.59375,,205292928,true,dcb2c10e4ac97b1d1289825869826fdec84593f7,41e5a8930cdcae89,true,2026-09-20T14:46:14+00:00
20260920T143808Z-gpu_h96,electricity_hourly,T148,chronos_bolt,tsfm,168,96,110010,8.2965194384257,10.711176603629252,1.3940476069233378,4.697294771174663,71.96990100010225,12.59375,,205292928,true,dcb2c10e4ac97b1d1289825869826fdec84593f7,41e5a8930cdcae89,true,2026-09-20T14:46:14+00:00
20260920T143808Z-gpu_h96,electricity_hourly,T148,chronos_bolt,tsfm,168,96,110011,13.086764971415201,15.434242484374337,1.5523016111069103,8.228919046142892,71.93495699993946,12.59375,,205292928,true,dcb2c10e4ac97b1d1289825869826fdec84593f7,41e5a8930cdcae89,true,2026-09-20T14:46:14+00:00
20260920T143808Z-gpu_h96,electricity_hourly,T148,chronos_bolt,tsfm,168,96,110012,7.629954973856608,9.315566606255883,0.9680295297227767,4.35170669647357,75.72597499984113,12.59375,,205292928,true,dcb2c10e4ac97b1d1289825869826fdec84593f7,41e5a8930cdcae89,true,2026-09-20T14:46:14+00:00
20260920T143808Z-gpu_h96,electricity_hourly,T148,chronos_bolt,tsfm,168,96,110013,11.01795736948649,12.854930123190133,1.4090460579094624,6.776331915543389,73.30789999969056,12.59375,,205292928,true,dcb2c10e4ac97b1d1289825869826fdec84593f7,41e5a8930cdcae89,true,2026-09-20T14:46:14+00:00
20260920T143808Z-gpu_h96,electricity_hourly,T148,chronos_bolt,tsfm,168,96,110014,8.143795410792032,10.776540478386671,0.9821662806985366,4.484831590764248,71.92001099974732,12.59375,,205292928,true,dcb2c10e4ac97b1d1289825869826fdec84593f7,41e5a8930cdcae89,true,2026-09-20T14:46:14+00:00
20260920T143808Z-gpu_h96,electricity_hourly,T148,chronos_bolt,tsfm,168,96,110015,6.702413161595662,8.667414801080257,0.7373166503206839,3.84767774278211,76.60610799985079,12.59375,,205292928,true,dcb2c10e4ac97b1d1289825869826fdec84593f7,41e5a8930cdcae89,true,2026-09-20T14:46:14+00:00
20260920T143808Z-gpu_h96,electricity_hourly,T148,chronos_bolt,tsfm,168,96,110016,5.860360383987427,7.698095312966662,0.7799370566489736,3.5363804479057883,76.10997400024644,12.59375,,205292928,true,dcb2c10e4ac97b1d1289825869826fdec84593f7,41e5a8930cdcae89,true,2026-09-20T14:46:14+00:00
20260920T143808Z-gpu_h96,electricity_hourly,T148,chronos_bolt,tsfm,168,96,110017,5.8767876625061035,8.22786795810038,0.7022883181750033,3.491349545906845,73.54369099994074,12.59375,,205292928,true,dcb2c10e4ac97b1d1289825869826fdec84593f7,41e5a8930cdcae89,true,2026-09-20T14:46:14+00:00
20260920T143808Z-gpu_h96,electricity_hourly,T148,chronos_bolt,tsfm,168,96,110018,42.616510470708214,79.00034403988192,5.895079258195949,52.33064069224144,72.30454499995176,12.59375,,205292928,true,dcb2c10e4ac97b1d1289825869826fdec84593f7,41e5a8930cdcae89,true,2026-09-20T14:46:14+00:00
20260920T143808Z-gpu_h96,electricity_hourly,T148,chronos_bolt,tsfm,168,96,110019,7.545060952504476,9.818535868927077,0.6541172649973778,5.593500725082923,77.01363100022718,12.59375,,205292928,true,dcb2c10e4ac97b1d1289825869826fdec84593f7,41e5a8930cdcae89,true,2026-09-20T14:46:14+00:00
20260920T143808Z-gpu_h96,electricity_hourly,T148,chronos_bolt,tsfm,168,96,110020,5.511198918024699,7.112677488653302,0.7175521195258198,3.7148254579127156,76.34368900016852,12.59375,,205292928,true,dcb2c10e4ac97b1d1289825869826fdec84593f7,41e5a8930cdcae89,true,2026-09-20T14:46:14+00:00
20260920T143808Z-gpu_h96,electricity_hourly,T161,lstm,deep,168,96,120000,109.23412731873877,135.28763588093364,1.8144785250776772,10.368507022628489,380.26275300035195,16.14599609375,0.34495055699972,4513,false,dcb2c10e4ac97b1d1289825869826fdec84593f7,41e5a8930cdcae89,true,2026-09-20T14:46:26+00:00
20260920T143808Z-gpu_h96,electricity_hourly,T161,lstm,deep,168,96,120001,418.31741606367973,520.0496921662674,6.954249355018458,31.972198487357563,368.4026910000284,16.10986328125,0.33368483499998547,4513,false,dcb2c10e4ac97b1d1289825869826fdec84593f7,41e5a8930cdcae89,true,2026-09-20T14:46:26+00:00
20260920T143808Z-gpu_h96,electricity_hourly,T161,lstm,deep,168,96,120002,231.68442631361756,276.8099636495887,2.445218219668787,19.24002749132781,353.5983270003271,16.10986328125,0.31721157599986327,4513,false,dcb2c10e4ac97b1d1289825869826fdec84593f7,41e5a8930cdcae89,true,2026-09-20T14:46:26+00:00
20260920T143808Z-gpu_h96,electricity_hourly,T161,lstm,deep,168,96,120003,165.0348812813637,213.5043160371066,2.3959091546039293,13.298027529613677,364.831740000227,16.10986328125,0.3284512810000706,4513,false,dcb2c10e4ac97b1d1289825869826fdec84593f7,41e5a8930cdcae89,true,2026-09-20T14:46:26+00:00
20260920T143808Z-gpu_h96,electricity_hourly,T161,lstm,deep,168,96,120004,178.18341649518902,231.89494726590502,2.2327194548648817,14.297265868298274,385.5043910002678,16.10986328125,0.35007106800003385,4513,false,dcb2c10e4ac97b1d1289825869826fdec84593f7,41e5a8930cdcae89,true,2026-09-20T14:46:26+00:00
20260920T143808Z-gpu_h96,electricity_hourly,T161,lstm,deep,168,96,120005,242.61627812050145,321.76016459351797,3.3005898960181588,19.67793009746909,361.05483900018953,16.10986328125,0.325930051999876,4513,false,dcb2c10e4ac97b1d1289825869826fdec84593f7,41e5a8930cdcae89,true,2026-09-20T14:46:26+00:00
20260920T143808Z-gpu_h96,electricity_hourly,T161,lstm,deep,168,96,120006,532.0214677665805,618.6433858358427,5.042193718467,39.699889353909306,358.2371470001817,16.10986328125,0.3223065439997299,4513,false,dcb2c10e4ac97b1d1289825869826fdec84593f7,41e5a8930cdcae89,true,2026-09-20T14:46:26+00:00
20260920T143808Z-gpu_h96,electricity_hourly,T161,lstm,deep,168,96,120007,278.37971662272423,358.84684521403494,3.468005813104273,21.732953647786104,365.62438900000416,16.10986328125,0.3305040549998921,4513,false,dcb2c10e4ac97b1d1289825869826fdec84593f7,41e5a8930cdcae89,true,2026-09-20T14:46:26+00:00
20260920T143808Z-gpu_h96,electricity_hourly,T161,lstm,deep,168,96,120008,235.21674017061324,295.90511915090985,2.9445545148716255,19.996175756911956,365.11245600013353,16.10986328125,0.3281435760000022,4513,false,dcb2c10e4ac97b1d1289825869826fdec84593f7,41e5a8930cdcae89,true,2026-09-20T14:46:26+00:00
20260920T143808Z-gpu_h96,electricity_hourly,T161,lstm,deep,168,96,120009,561.4945779427126,629.5597953488332,6.4201380993926165,41.49111537857535,339.67883600007553,16.10986328125,0.3067697129999942,4513,false,dcb2c10e4ac97b1d1289825869826fdec84593f7,41e5a8930cdcae89,true,2026-09-20T14:46:26+00:00
20260920T143808Z-gpu_h96,electricity_hourly,T161,lstm,deep,168,96,120010,441.40233026503785,509.99022627742164,3.397035730755462,34.08657218995463,347.40815400027714,16.10986328125,0.31094730199993137,4513,false,dcb2c10e4ac97b1d1289825869826fdec84593f7,41e5a8930cdcae89,true,2026-09-20T14:46:26+00:00
20260920T143808Z-gpu_h96,electricity_hourly,T161,lstm,deep,168,96,120011,326.5903821732391,391.32910646378747,2.7682038397166653,27.383521032490993,364.2884860000777,16.10986328125,0.3276581659997646,4513,false,dcb2c10e4ac97b1d1289825869826fdec84593f7,41e5a8930cdcae89,true,2026-09-20T14:46:26+00:00
20260920T143808Z-gpu_h96,electricity_hourly,T161,lstm,deep,168,96,120012,180.34242224322952,238.83625005715123,3.4346394396277016,17.02113575097893,342.90753599998425,16.10986328125,0.30904340799997954,4513,false,dcb2c10e4ac97b1d1289825869826fdec84593f7,41e5a8930cdcae89,true,2026-09-20T14:46:26+00:00
20260920T143808Z-gpu_h96,electricity_hourly,T161,lstm,deep,168,96,120013,306.92203537065404,375.76851475032754,3.648404580929023,27.052508132937575,376.36352300023646,16.10986328125,0.3435834590000013,4513,false,dcb2c10e4ac97b1d1289825869826fdec84593f7,41e5a8930cdcae89,true,2026-09-20T14:46:26+00:00
20260920T143808Z-gpu_h96,electricity_hourly,T161,lstm,deep,168,96,120014,109.54888934181209,137.92536687669104,1.5320035024979062,9.18751283572631,368.03713800009064,16.10986328125,0.3346789759998501,4513,false,dcb2c10e4ac97b1d1289825869826fdec84593f7,41e5a8930cdcae89,true,2026-09-20T14:46:26+00:00
20260920T143808Z-gpu_h96,electricity_hourly,T161,lstm,deep,168,96,120015,70.7003239482773,91.30893990990647,0.9542456320697283,6.061870399784451,337.5847459997203,16.10986328125,0.3031742729999678,4513,false,dcb2c10e4ac97b1d1289825869826fdec84593f7,41e5a8930cdcae89,true,2026-09-20T14:46:26+00:00
20260920T143808Z-gpu_h96,electricity_hourly,T161,lstm,deep,168,96,120016,250.76183513968718,305.0282029441209,3.6652156171452446,24.916780209362365,348.5909000000902,16.10986328125,0.31464103300004354,4513,false,dcb2c10e4ac97b1d1289825869826fdec84593f7,41e5a8930cdcae89,true,2026-09-20T14:46:26+00:00
20260920T143808Z-gpu_h96,electricity_hourly,T161,lstm,deep,168,96,120017,84.7744930337294,117.82476398956638,1.5061723623512688,7.839869811554216,361.8308509999224,16.10986328125,0.32554152300008354,4513,false,dcb2c10e4ac97b1d1289825869826fdec84593f7,41e5a8930cdcae89,true,2026-09-20T14:46:26+00:00
20260920T143808Z-gpu_h96,electricity_hourly,T161,lstm,deep,168,96,120018,72.49972302997628,92.78739257070127,1.580854045474952,7.1223623182592055,364.5158069998615,16.10986328125,0.32959640199987916,4513,false,dcb2c10e4ac97b1d1289825869826fdec84593f7,41e5a8930cdcae89,true,2026-09-20T14:46:26+00:00
20260920T143808Z-gpu_h96,electricity_hourly,T161,lstm,deep,168,96,120019,196.27365624441708,249.24684645655668,3.6577464085927347,20.254499253669312,356.16016900030445,16.10986328125,0.3221896810000544,4513,false,dcb2c10e4ac97b1d1289825869826fdec84593f7,41e5a8930cdcae89,true,2026-09-20T14:46:26+00:00
20260920T143808Z-gpu_h96,electricity_hourly,T161,lstm,deep,168,96,120020,138.98072327162922,168.1713346748849,1.9937461796288711,14.826300628208845,342.5215990000652,16.10986328125,0.3095083060002253,4513,false,dcb2c10e4ac97b1d1289825869826fdec84593f7,41e5a8930cdcae89,true,2026-09-20T14:46:26+00:00
20260920T143808Z-gpu_h96,electricity_hourly,T161,transformer,deep,168,96,120000,80.96306395270538,112.88408806306126,1.3448703667308313,8.4479074946423,558.9999379999426,10.6845703125,0.556142416000057,19232,false,dcb2c10e4ac97b1d1289825869826fdec84593f7,41e5a8930cdcae89,true,2026-09-20T14:46:43+00:00
20260920T143808Z-gpu_h96,electricity_hourly,T161,transformer,deep,168,96,120001,305.0860480800734,395.49344065552316,5.071853027422139,21.567229206974332,574.698274000184,10.525390625,0.5718713890000799,19232,false,dcb2c10e4ac97b1d1289825869826fdec84593f7,41e5a8930cdcae89,true,2026-09-20T14:46:43+00:00
20260920T143808Z-gpu_h96,electricity_hourly,T161,transformer,deep,168,96,120002,128.30500331671757,157.49239857693314,1.3541425152160167,10.02081820764276,573.9870610000253,10.525390625,0.5710575149996657,19232,false,dcb2c10e4ac97b1d1289825869826fdec84593f7,41e5a8930cdcae89,true,2026-09-20T14:46:43+00:00
20260920T143808Z-gpu_h96,electricity_hourly,T161,transformer,deep,168,96,120003,221.5347805288692,284.4733901692848,3.2161516681275497,18.0971062764802,570.915709000019,10.525390625,0.5681274570001733,19232,false,dcb2c10e4ac97b1d1289825869826fdec84593f7,41e5a8930cdcae89,true,2026-09-20T14:46:43+00:00
20260920T143808Z-gpu_h96,electricity_hourly,T161,transformer,deep,168,96,120004,111.97317559766816,143.4144312734201,1.4030749465771157,9.40685465019757,569.4829760000175,10.525390625,0.5665870190000533,19232,false,dcb2c10e4ac97b1d1289825869826fdec84593f7,41e5a8930cdcae89,true,2026-09-20T14:46:43+00:00
20260920T143808Z-gpu_h96,electricity_hourly,T161,transformer,deep,168,96,120005,83.72293492276357,109.02917222322243,1.138979936596878,6.669005291992519,573.8927850002256,10.525390625,0.5709297909997986,19232,false,dcb2c10e4ac97b1d1289825869826fdec84593f7,41e5a8930cdcae89,true,2026-09-20T14:46:43+00:00
20260920T143808Z-gpu_h96,electricity_hourly,T161,transformer,deep,168,96,120006,116.28541894443028,142.99344851898556,1.102086371462285,8.380368263593024,578.792913000143,10.525390625,0.5758003470000403,19232,false,dcb2c10e4ac97b1d1289825869826fdec84593f7,41e5a8930cdcae89,true,2026-09-20T14:46:43+00:00
20260920T143808Z-gpu_h96,electricity_hourly,T161,transformer,deep,168,96,120007,131.64850802683617,150.92687725798234,1.6400540839055635,10.460433752580025,564.8673730001974,10.525390625,0.5618498120002187,19232,false,dcb2c10e4ac97b1d1289825869826fdec84593f7,41e5a8930cdcae89,true,2026-09-20T14:46:43+00:00
20260920T143808Z-gpu_h96,electricity_hourly,T161,transformer,deep,168,96,120008,120.38296916794145,152.03431317785044,1.5070110023631722,10.792231957699693,573.6186640001506,10.525390625,0.5707863130000987,19232,false,dcb2c10e4ac97b1d1289825869826fdec84593f7,41e5a8930cdcae89,true,2026-09-20T14:46:43+00:00
20260920T143808Z-gpu_h96,electricity_hourly,T161,transformer,deep,168,96,120009,267.56627366838114,332.54534106303225,3.0593571072135055,18.32135908483404,578.5501020000083,10.525390625,0.5756786700003431,19232,false,dcb2c10e4ac97b1d1289825869826fdec84593f7,41e5a8930cdcae89,true,2026-09-20T14:46:43+00:00
20260920T143808Z-gpu_h96,electricity_hourly,T161,transformer,deep,168,96,120010,129.30374390056187,167.81996491248637,0.9951226081813324,9.918291778010795,571.077182999943,10.525390625,0.5680785469999137,19232,false,dcb2c10e4ac97b1d1289825869826fdec84593f7,41e5a8930cdcae89,true,2026-09-20T14:46:43+00:00
20260920T143808Z-gpu_h96,electricity_hourly,T161,transformer,deep,168,96,120011,146.0482280104079,172.94623969023598,1.237915406056786,11.881145943032095,573.6691080001037,10.525390625,0.5707287159998486,19232,false,dcb2c10e4ac97b1d1289825869826fdec84593f7,41e5a8930cdcae89,true,2026-09-20T14:46:43+00:00
20260920T143808Z-gpu_h96,electricity_hourly,T161,transformer,deep,168,96,120012,185.4517982417974,241.11665909409675,3.5319480157146974,17.454049892848523,567.7552960000867,10.525390625,0.56487630599986,19232,false,dcb2c10e4ac97b1d1289825869826fdec84593f7,41e5a8930cdcae89,true,2026-09-20T14:46:43+00:00
20260920T143808Z-gpu_h96,electricity_hourly,T161,transformer,deep,168,96,120013,96.79328560508058,133.59906311175303,1.1505888333441971,9.280332059036361,585.1105789997746,10.525390625,0.582063208999898,19232,false,dcb2c10e4ac97b1d1289825869826fdec84593f7,41e5a8930cdcae89,true,2026-09-20T14:46:43+00:00
20260920T143808Z-gpu_h96,electricity_hourly,T161,transformer,deep,168,96,120014,125.74507439126671,153.25703581296574,1.7585015744724102,11.360091368084209,581.2241030002951,10.525390625,0.5782501759999832,19232,false,dcb2c10e4ac97b1d1289825869826fdec84593f7,41e5a8930cdcae89,true,2026-09-20T14:46:43+00:00
20260920T143808Z-gpu_h96,electricity_hourly,T161,transformer,deep,168,96,120015,84.34482863076833,108.45505934853846,1.138406160167836,7.494042791135123,573.5012410000309,10.525390625,0.5706086299996969,19232,false,dcb2c10e4ac97b1d1289825869826fdec84593f7,41e5a8930cdcae89,true,2026-09-20T14:46:43+00:00
20260920T143808Z-gpu_h96,electricity_hourly,T161,transformer,deep,168,96,120016,66.35850778923532,91.519464719445,0.9699172880278,7.103366809253721,554.768895000052,10.525390625,0.5518181990000812,19232,false,dcb2c10e4ac97b1d1289825869826fdec84593f7,41e5a8930cdcae89,true,2026-09-20T14:46:43+00:00
20260920T143808Z-gpu_h96,electricity_hourly,T161,transformer,deep,168,96,120017,60.715183914355144,73.21716064217262,1.0787151738022382,5.384415295232307,561.4480889998958,10.525390625,0.5583444359999703,19232,false,dcb2c10e4ac97b1d1289825869826fdec84593f7,41e5a8930cdcae89,true,2026-09-20T14:46:43+00:00
20260920T143808Z-gpu_h96,electricity_hourly,T161,transformer,deep,168,96,120018,50.28985086177128,70.7928391142664,1.0965685227279018,5.010740035475953,572.3025140000573,10.525390625,0.5693002759999217,19232,false,dcb2c10e4ac97b1d1289825869826fdec84593f7,41e5a8930cdcae89,true,2026-09-20T14:46:43+00:00
20260920T143808Z-gpu_h96,electricity_hourly,T161,transformer,deep,168,96,120019,192.5648818865001,241.00235899342286,3.5886298682096562,19.86632685215259,561.7032720001589,10.525390625,0.5587253230000897,19232,false,dcb2c10e4ac97b1d1289825869826fdec84593f7,41e5a8930cdcae89,true,2026-09-20T14:46:43+00:00
20260920T143808Z-gpu_h96,electricity_hourly,T161,transformer,deep,168,96,120020,86.8111572582172,115.50478488079402,1.2453483408231996,9.055845638384111,598.6054100003457,10.525390625,0.595772345000114,19232,false,dcb2c10e4ac97b1d1289825869826fdec84593f7,41e5a8930cdcae89,true,2026-09-20T14:46:43+00:00
20260920T143808Z-gpu_h96,electricity_hourly,T161,timesfm25,tsfm,168,96,120000,38.64311981201172,51.84010840018874,0.6418974798626933,3.971406353643326,116.40344500028732,11.94287109375,,231289280,true,dcb2c10e4ac97b1d1289825869826fdec84593f7,41e5a8930cdcae89,true,2026-09-20T14:46:49+00:00
20260920T143808Z-gpu_h96,electricity_hourly,T161,timesfm25,tsfm,168,96,120001,287.89791615804035,381.9620590441394,4.786111744026531,20.128046932779064,114.0845149998313,11.94287109375,,231289280,true,dcb2c10e4ac97b1d1289825869826fdec84593f7,41e5a8930cdcae89,true,2026-09-20T14:46:49+00:00
20260920T143808Z-gpu_h96,electricity_hourly,T161,timesfm25,tsfm,168,96,120002,115.68555959065755,155.10803440673192,1.2209557740438792,8.824227434452103,113.55442100011715,11.94287109375,,231289280,true,dcb2c10e4ac97b1d1289825869826fdec84593f7,41e5a8930cdcae89,true,2026-09-20T14:46:49+00:00
20260920T143808Z-gpu_h96,electricity_hourly,T161,timesfm25,tsfm,168,96,120003,114.3573652903239,165.39087904980215,1.6601936285720982,8.71215644803934,118.81691899998259,11.94287109375,,231289280,true,dcb2c10e4ac97b1d1289825869826fdec84593f7,41e5a8930cdcae89,true,2026-09-20T14:46:49+00:00
20260920T143808Z-gpu_h96,electricity_hourly,T161,timesfm25,tsfm,168,96,120004,100.21587626139323,134.68537013848263,1.2557506249252197,7.816631413488808,113.03026499990665,11.94287109375,,231289280,true,dcb2c10e4ac97b1d1289825869826fdec84593f7,41e5a8930cdcae89,true,2026-09-20T14:46:49+00:00
20260920T143808Z-gpu_h96,electricity_hourly,T161,timesfm25,tsfm,168,96,120005,50.380574544270836,64.56871945036146,0.6853852370689656,3.903316826178961,114.63552899977003,11.94287109375,,231289280,true,dcb2c10e4ac97b1d1289825869826fdec84593f7,41e5a8930cdcae89,true,2026-09-20T14:46:49+00:00
20260920T143808Z-gpu_h96,electricity_hourly,T161,timesfm25,tsfm,168,96,120006,90.32074292500813,117.49943636544583,0.8560080940635232,6.353700754387807,108.58072100018035,11.94287109375,,231289280,true,dcb2c10e4ac97b1d1289825869826fdec84593f7,41e5a8930cdcae89,true,2026-09-20T14:46:49+00:00
20260920T143808Z-gpu_h96,electricity_hourly,T161,timesfm25,tsfm,168,96,120007,116.54154713948567,138.43620121596126,1.4518542078108778,8.759987331258845,108.79516900013186,11.94287109375,,231289280,true,dcb2c10e4ac97b1d1289825869826fdec84593f7,41e5a8930cdcae89,true,2026-09-20T14:46:49+00:00
20260920T143808Z-gpu_h96,electricity_hourly,T161,timesfm25,tsfm,168,96,120008,52.23095830281576,68.22740547720035,0.6538518643489063,4.562877435309907,114.56949500006886,11.94287109375,,231289280,true,dcb2c10e4ac97b1d1289825869826fdec84593f7,41e5a8930cdcae89,true,2026-09-20T14:46:49+00:00
20260920T143808Z-gpu_h96,electricity_hourly,T161,timesfm25,tsfm,168,96,120009,216.6794579823812,292.96385083672027,2.477516432385493,13.728044084399802,113.53257700011454,11.94287109375,,231289280,true,dcb2c10e4ac97b1d1289825869826fdec84593f7,41e5a8930cdcae89,true,2026-09-20T14:46:49+00:00
20260920T143808Z-gpu_h96,electricity_hourly,T161,timesfm25,tsfm,168,96,120010,137.6429360707601,189.02148478857427,1.059301095301665,9.51218101708435,119.27251099996283,11.94287109375,,231289280,true,dcb2c10e4ac97b1d1289825869826fdec84593f7,41e5a8930cdcae89,true,2026-09-20T14:46:49+00:00
20260920T143808Z-gpu_h96,electricity_hourly,T161,timesfm25,tsfm,168,96,120011,100.13084157307942,127.85763040551096,0.8487162979883122,7.7326827393854884,114.76394400006029,11.94287109375,,231289280,true,dcb2c10e4ac97b1d1289825869826fdec84593f7,41e5a8930cdcae89,true,2026-09-20T14:46:49+00:00
20260920T143808Z-gpu_h96,electricity_hourly,T161,timesfm25,tsfm,168,96,120012,42.2785275777181,53.25340905838015,0.8051987794195751,3.923927838716803,117.05423600005815,11.94287109375,,231289280,true,dcb2c10e4ac97b1d1289825869826fdec84593f7,41e5a8930cdcae89,true,2026-09-20T14:46:49+00:00
20260920T143808Z-gpu_h96,electricity_hourly,T161,timesfm25,tsfm,168,96,120013,67.52875010172527,81.56306045447508,0.802719169114119,6.244382478749133,115.38506399983817,11.94287109375,,231289280,true,dcb2c10e4ac97b1d1289825869826fdec84593f7,41e5a8930cdcae89,true,2026-09-20T14:46:49+00:00
20260920T143808Z-gpu_h96,electricity_hourly,T161,timesfm25,tsfm,168,96,120014,87.17707125345866,117.0110959886272,1.219141328590662,7.09657370080642,116.6671989999486,11.94287109375,,231289280,true,dcb2c10e4ac97b1d1289825869826fdec84593f7,41e5a8930cdcae89,true,2026-09-20T14:46:49+00:00
20260920T143808Z-gpu_h96,electricity_hourly,T161,timesfm25,tsfm,168,96,120015,70.8724594116211,92.11630063670849,0.9565689525985039,6.045358186354567,113.48264099979133,11.94287109375,,231289280,true,dcb2c10e4ac97b1d1289825869826fdec84593f7,41e5a8930cdcae89,true,2026-09-20T14:46:49+00:00
20260920T143808Z-gpu_h96,electricity_hourly,T161,timesfm25,tsfm,168,96,120016,58.80111122131348,78.10545023050105,0.8594559496416099,6.354191890603221,120.25600600009057,11.94287109375,,231289280,true,dcb2c10e4ac97b1d1289825869826fdec84593f7,41e5a8930cdcae89,true,2026-09-20T14:46:49+00:00
20260920T143808Z-gpu_h96,electricity_hourly,T161,timesfm25,tsfm,168,96,120017,43.400499979654946,57.667983751194754,0.7710884635496992,3.7774108924246033,124.33874199996353,11.94287109375,,231289280,true,dcb2c10e4ac97b1d1289825869826fdec84593f7,41e5a8930cdcae89,true,2026-09-20T14:46:49+00:00
20260920T143808Z-gpu_h96,electricity_hourly,T161,timesfm25,tsfm,168,96,120018,39.233985900878906,50.723722801365646,0.8554957555612601,3.862016840945364,120.26349600000685,11.94287109375,,231289280,true,dcb2c10e4ac97b1d1289825869826fdec84593f7,41e5a8930cdcae89,true,2026-09-20T14:46:49+00:00
20260920T143808Z-gpu_h96,electricity_hourly,T161,timesfm25,tsfm,168,96,120019,67.80365626017253,94.86562491502698,1.2635856738015847,7.040976037246461,110.9259199997723,11.94287109375,,231289280,true,dcb2c10e4ac97b1d1289825869826fdec84593f7,41e5a8930cdcae89,true,2026-09-20T14:46:49+00:00
20260920T143808Z-gpu_h96,electricity_hourly,T161,timesfm25,tsfm,168,96,120020,62.568040211995445,82.38905919178075,0.8975690167889365,6.767620572532208,118.48903699956281,11.94287109375,,231289280,true,dcb2c10e4ac97b1d1289825869826fdec84593f7,41e5a8930cdcae89,true,2026-09-20T14:46:49+00:00
20260920T143808Z-gpu_h96,electricity_hourly,T161,chronos_bolt,tsfm,168,96,120000,44.75488726298014,58.61184878900225,0.7434195138850087,4.32149572516496,74.50389800033008,12.59375,,205292928,true,dcb2c10e4ac97b1d1289825869826fdec84593f7,41e5a8930cdcae89,true,2026-09-20T14:46:55+00:00
20260920T143808Z-gpu_h96,electricity_hourly,T161,chronos_bolt,tsfm,168,96,120001,270.93853823343915,364.16071428179794,4.504173343986982,18.72137483867496,76.02076400007718,12.59375,,205292928,true,dcb2c10e4ac97b1d1289825869826fdec84593f7,41e5a8930cdcae89,true,2026-09-20T14:46:55+00:00
20260920T143808Z-gpu_h96,electricity_hourly,T161,chronos_bolt,tsfm,168,96,120002,111.16434669494629,146.71985359324606,1.1732384875456072,8.504108228987983,72.00154399970415,12.59375,,205292928,true,dcb2c10e4ac97b1d1289825869826fdec84593f7,41e5a8930cdcae89,true,2026-09-20T14:46:55+00:00
20260920T143808Z-gpu_h96,electricity_hourly,T161,chronos_bolt,tsfm,168,96,120003,125.87095769246419,185.39137511937358,1.8273432712687614,9.64303726076332,72.87097900007211,12.59375,,205292928,true,dcb2c10e4ac97b1d1289825869826fdec84593f7,41e5a8930cdcae89,true,2026-09-20T14:46:55+00:00
20260920T143808Z-gpu_h96,electricity_hourly,T161,chronos_bolt,tsfm,168,96,120004,78.7179724375407,111.49205601816962,0.9863720876266846,6.143689701696645,72.909059000267,12.59375,,205292928,true,dcb2c10e4ac97b1d1289825869826fdec84593f7,41e5a8930cdcae89,true,2026-09-20T14:46:55+00:00
20260920T143808Z-gpu_h96,electricity_hourly,T161,chronos_bolt,tsfm,168,96,120005,47.7517515818278,60.55492278339812,0.6496223172208978,3.715014047447528,77.28855999994266,12.59375,,205292928,true,dcb2c10e4ac97b1d1289825869826fdec84593f7,41e5a8930cdcae89,true,2026-09-20T14:46:55+00:00
20260920T143808Z-gpu_h96,electricity_hourly,T161,chronos_bolt,tsfm,168,96,120006,84.74853324890137,114.52873856411645,0.8031978931052913,5.852333246308379,74.33886399985568,12.59375,,205292928,true,dcb2c10e4ac97b1d1289825869826fdec84593f7,41e5a8930cdcae89,true,2026-09-20T14:46:55+00:00
20260920T143808Z-gpu_h96,electricity_hourly,T161,chronos_bolt,tsfm,168,96,120007,110.23007011413574,131.06128634075984,1.373226931087079,8.309386320761101,76.1171000003742,12.59375,,205292928,true,dcb2c10e4ac97b1d1289825869826fdec84593f7,41e5a8930cdcae89,true,2026-09-20T14:46:55+00:00
20260920T143808Z-gpu_h96,electricity_hourly,T161,chronos_bolt,tsfm,168,96,120008,57.37576039632162,79.43234857018845,0.7182569327193178,4.932627590516372,73.17929900000308,12.59375,,205292928,true,dcb2c10e4ac97b1d1289825869826fdec84593f7,41e5a8930cdcae89,true,2026-09-20T14:46:55+00:00
20260920T143808Z-gpu_h96,electricity_hourly,T161,chronos_bolt,tsfm,168,96,120009,229.12944666544595,315.69240845325925,2.6198698046549325,14.039149304526674,71.39810099988608,12.59375,,205292928,true,dcb2c10e4ac97b1d1289825869826fdec84593f7,41e5a8930cdcae89,true,2026-09-20T14:46:55+00:00
20260920T143808Z-gpu_h96,electricity_hourly,T161,chronos_bolt,tsfm,168,96,120010,132.1619332631429,171.81919923689742,1.0171192555124033,9.308908728440949,73.19276399994123,12.59375,,205292928,true,dcb2c10e4ac97b1d1289825869826fdec84593f7,41e5a8930cdcae89,true,2026-09-20T14:46:55+00:00
20260920T143808Z-gpu_h96,electricity_hourly,T161,chronos_bolt,tsfm,168,96,120011,88.43759981791179,109.5420682724793,0.7496035301535875,7.1883808822482225,86.1514790003639,12.59375,,205292928,true,dcb2c10e4ac97b1d1289825869826fdec84593f7,41e5a8930cdcae89,true,2026-09-20T14:46:55+00:00
20260920T143808Z-gpu_h96,electricity_hourly,T161,chronos_bolt,tsfm,168,96,120012,34.27373377482096,44.1494283354464,0.6527466821285833,3.074471727731105,71.71147799999744,12.59375,,205292928,true,dcb2c10e4ac97b1d1289825869826fdec84593f7,41e5a8930cdcae89,true,2026-09-20T14:46:55+00:00
20260920T143808Z-gpu_h96,electricity_hourly,T161,chronos_bolt,tsfm,168,96,120013,66.87024625142415,80.13668947204424,0.79489148590103,6.118626870205881,76.59720199990261,12.59375,,205292928,true,dcb2c10e4ac97b1d1289825869826fdec84593f7,41e5a8930cdcae89,true,2026-09-20T14:46:55+00:00
20260920T143808Z-gpu_h96,electricity_hourly,T161,chronos_bolt,tsfm,168,96,120014,78.58359464009602,106.41534500860199,1.098964516672218,6.485084209505378,77.08596800011946,12.59375,,205292928,true,dcb2c10e4ac97b1d1289825869826fdec84593f7,41e5a8930cdcae89,true,2026-09-20T14:46:55+00:00
20260920T143808Z-gpu_h96,electricity_hourly,T161,chronos_bolt,tsfm,168,96,120015,65.97600555419922,86.97315454906571,0.890481282201208,5.591848515248056,78.17399799978375,12.59375,,205292928,true,dcb2c10e4ac97b1d1289825869826fdec84593f7,41e5a8930cdcae89,true,2026-09-20T14:46:55+00:00
20260920T143808Z-gpu_h96,electricity_hourly,T161,chronos_bolt,tsfm,168,96,120016,51.41840171813965,68.55550213312533,0.7515478935659875,5.573818860392703,71.4968229999613,12.59375,,205292928,true,dcb2c10e4ac97b1d1289825869826fdec84593f7,41e5a8930cdcae89,true,2026-09-20T14:46:55+00:00
20260920T143808Z-gpu_h96,electricity_hourly,T161,chronos_bolt,tsfm,168,96,120017,35.63616498311361,48.63401615572823,0.6331409941478544,3.1070652884424437,72.55100299971673,12.59375,,205292928,true,dcb2c10e4ac97b1d1289825869826fdec84593f7,41e5a8930cdcae89,true,2026-09-20T14:46:55+00:00
20260920T143808Z-gpu_h96,electricity_hourly,T161,chronos_bolt,tsfm,168,96,120018,36.21126492818197,47.85930656287813,0.7895854254479411,3.606144176582432,72.77056299972173,12.59375,,205292928,true,dcb2c10e4ac97b1d1289825869826fdec84593f7,41e5a8930cdcae89,true,2026-09-20T14:46:55+00:00
20260920T143808Z-gpu_h96,electricity_hourly,T161,chronos_bolt,tsfm,168,96,120019,59.3456662495931,88.23555742841371,1.1059629791563876,5.960589429531069,76.40447099993253,12.59375,,205292928,true,dcb2c10e4ac97b1d1289825869826fdec84593f7,41e5a8930cdcae89,true,2026-09-20T14:46:55+00:00
20260920T143808Z-gpu_h96,electricity_hourly,T161,chronos_bolt,tsfm,168,96,120020,73.87268002827962,87.49098774173761,1.0597395819956432,7.676081642865512,75.55058000025383,12.59375,,205292928,true,dcb2c10e4ac97b1d1289825869826fdec84593f7,41e5a8930cdcae89,true,2026-09-20T14:46:55+00:00
20260920T143808Z-gpu_h96,electricity_hourly,T174,lstm,deep,168,96,130000,530.1709341090072,645.2774240446984,9.961458052152537,39.5792978747155,357.3467809997055,16.14599609375,0.32341123599962884,4513,false,dcb2c10e4ac97b1d1289825869826fdec84593f7,41e5a8930cdcae89,true,2026-09-20T14:47:06+00:00
20260920T143808Z-gpu_h96,electricity_hourly,T174,lstm,deep,168,96,130001,1058.6817050774468,1203.8658120711475,10.83204245638428,57.133146514679744,360.222387000249,16.10986328125,0.3253929449997486,4513,false,dcb2c10e4ac97b1d1289825869826fdec84593f7,41e5a8930cdcae89,true,2026-09-20T14:47:06+00:00
20260920T143808Z-gpu_h96,electricity_hourly,T174,lstm,deep,168,96,130002,390.14778029485905,513.5753002402821,2.7461765745654363,23.31172323985181,359.5860619998348,16.10986328125,0.32602054900007715,4513,false,dcb2c10e4ac97b1d1289825869826fdec84593f7,41e5a8930cdcae89,true,2026-09-20T14:47:06+00:00
20260920T143808Z-gpu_h96,electricity_hourly,T174,lstm,deep,168,96,130003,330.4061699824736,407.4906267369537,2.529828706198554,20.07535993402594,368.578109000282,16.10986328125,0.33481262500026787,4513,false,dcb2c10e4ac97b1d1289825869826fdec84593f7,41e5a8930cdcae89,true,2026-09-20T14:47:06+00:00
20260920T143808Z-gpu_h96,electricity_hourly,T174,lstm,deep,168,96,130004,592.260374396376,758.3583372411058,5.380788259500199,31.392962647210616,356.0278519998974,16.10986328125,0.320701943000131,4513,false,dcb2c10e4ac97b1d1289825869826fdec84593f7,41e5a8930cdcae89,true,2026-09-20T14:47:06+00:00
20260920T143808Z-gpu_h96,electricity_hourly,T174,lstm,deep,168,96,130005,327.08042474180326,482.3541509816085,2.0605294060206347,19.60202231596874,347.4321959997724,16.10986328125,0.3133127819996844,4513,false,dcb2c10e4ac97b1d1289825869826fdec84593f7,41e5a8930cdcae89,true,2026-09-20T14:47:06+00:00
20260920T143808Z-gpu_h96,electricity_hourly,T174,lstm,deep,168,96,130006,321.4325719972616,400.54649553016014,1.733049661809408,16.297740002917735,351.36155600002894,16.10986328125,0.318438125999819,4513,false,dcb2c10e4ac97b1d1289825869826fdec84593f7,41e5a8930cdcae89,true,2026-09-20T14:47:06+00:00
20260920T143808Z-gpu_h96,electricity_hourly,T174,lstm,deep,168,96,130007,370.74968011874694,475.72368738929816,3.8444555294231697,22.845646369395958,362.65409399993587,16.10986328125,0.3285283310001432,4513,false,dcb2c10e4ac97b1d1289825869826fdec84593f7,41e5a8930cdcae89,true,2026-09-20T14:47:06+00:00
20260920T143808Z-gpu_h96,electricity_hourly,T174,lstm,deep,168,96,130008,87.198394146851,117.34215175559233,0.8216036613980595,5.320872243342586,358.9736920002906,16.10986328125,0.32406875500009846,4513,false,dcb2c10e4ac97b1d1289825869826fdec84593f7,41e5a8930cdcae89,true,2026-09-20T14:47:06+00:00
20260920T143808Z-gpu_h96,electricity_hourly,T174,lstm,deep,168,96,130009,165.24741242358925,210.01702651859244,1.4259979258702495,8.898589877636988,354.6562400001676,16.10986328125,0.3215181340001436,4513,false,dcb2c10e4ac97b1d1289825869826fdec84593f7,41e5a8930cdcae89,true,2026-09-20T14:47:06+00:00
20260920T143808Z-gpu_h96,electricity_hourly,T174,lstm,deep,168,96,130010,496.43887069381816,632.1109637994525,4.996309573658779,31.30843245036086,346.3326579999375,16.10986328125,0.31064831399999093,4513,false,dcb2c10e4ac97b1d1289825869826fdec84593f7,41e5a8930cdcae89,true,2026-09-20T14:47:06+00:00
20260920T143808Z-gpu_h96,electricity_hourly,T174,lstm,deep,168,96,130011,331.32453584073704,436.52121477679236,3.103137116166903,24.398925260117025,357.0879409999179,16.10986328125,0.32097737999993114,4513,false,dcb2c10e4ac97b1d1289825869826fdec84593f7,41e5a8930cdcae89,true,2026-09-20T14:47:06+00:00
20260920T143808Z-gpu_h96,electricity_hourly,T174,lstm,deep,168,96,130012,529.9276514473597,637.1918615559753,8.372787119642286,37.624323295832966,339.6087860000989,16.10986328125,0.3049776140001086,4513,false,dcb2c10e4ac97b1d1289825869826fdec84593f7,41e5a8930cdcae89,true,2026-09-20T14:47:06+00:00
20260920T143808Z-gpu_h96,electricity_hourly,T174,lstm,deep,168,96,130013,190.75543252889338,239.3560152650082,2.1131458023048424,14.143346262103334,381.8280989999039,16.10986328125,0.3489644840001347,4513,false,dcb2c10e4ac97b1d1289825869826fdec84593f7,41e5a8930cdcae89,true,2026-09-20T14:47:06+00:00
20260920T143808Z-gpu_h96,electricity_hourly,T174,lstm,deep,168,96,130014,352.8076084345596,463.2397327805477,5.357407530800018,26.122974152082847,355.74762599981113,16.10986328125,0.32223439800009146,4513,false,dcb2c10e4ac97b1d1289825869826fdec84593f7,41e5a8930cdcae89,true,2026-09-20T14:47:06+00:00
20260920T143808Z-gpu_h96,electricity_hourly,T174,lstm,deep,168,96,130015,495.8819682189794,594.8153850170957,5.496228711786717,37.450418001810704,355.18408899997667,16.10986328125,0.3205480669998906,4513,false,dcb2c10e4ac97b1d1289825869826fdec84593f7,41e5a8930cdcae89,true,2026-09-20T14:47:06+00:00
20260920T143808Z-gpu_h96,electricity_hourly,T174,lstm,deep,168,96,130016,330.152918026889,428.2224198342059,5.042641089931269,27.739320699032515,364.23004600010245,16.10986328125,0.32817449100002705,4513,false,dcb2c10e4ac97b1d1289825869826fdec84593f7,41e5a8930cdcae89,true,2026-09-20T14:47:06+00:00
20260920T143808Z-gpu_h96,electricity_hourly,T174,lstm,deep,168,96,130017,343.532764219346,468.08899827088356,4.040901653944276,27.445544592421722,351.4604970000619,16.10986328125,0.3179425479997917,4513,false,dcb2c10e4ac97b1d1289825869826fdec84593f7,41e5a8930cdcae89,true,2026-09-20T14:47:06+00:00
20260920T143808Z-gpu_h96,electricity_hourly,T174,lstm,deep,168,96,130018,258.6836719688263,364.36169864829156,5.297276559088592,21.68701812920028,360.5434559999594,16.10986328125,0.32559604199968817,4513,false,dcb2c10e4ac97b1d1289825869826fdec84593f7,41e5a8930cdcae89,true,2026-09-20T14:47:06+00:00
20260920T143808Z-gpu_h96,electricity_hourly,T174,lstm,deep,168,96,130019,414.34591258638176,547.9088612456756,8.840689200242846,35.24566461535335,344.91693100017073,16.10986328125,0.31116303800035894,4513,false,dcb2c10e4ac97b1d1289825869826fdec84593f7,41e5a8930cdcae89,true,2026-09-20T14:47:06+00:00
20260920T143808Z-gpu_h96,electricity_hourly,T174,lstm,deep,168,96,130020,385.37933680916825,521.202040195153,6.9420345885064085,32.47656470097222,352.57570199974,16.10986328125,0.31920922800009066,4513,false,dcb2c10e4ac97b1d1289825869826fdec84593f7,41e5a8930cdcae89,true,2026-09-20T14:47:06+00:00
20260920T143808Z-gpu_h96,electricity_hourly,T174,transformer,deep,168,96,130000,89.61626918849487,111.9593909433783,1.6838129910155613,6.772968256236496,574.7510189999048,10.6845703125,0.5717537189998438,19232,false,dcb2c10e4ac97b1d1289825869826fdec84593f7,41e5a8930cdcae89,true,2026-09-20T14:47:23+00:00
20260920T143808Z-gpu_h96,electricity_hourly,T174,transformer,deep,168,96,130001,581.3488815378238,704.3160954197436,5.948148283462173,32.10812036353447,574.3071899996721,10.525390625,0.5712488730000587,19232,false,dcb2c10e4ac97b1d1289825869826fdec84593f7,41e5a8930cdcae89,true,2026-09-20T14:47:23+00:00
20260920T143808Z-gpu_h96,electricity_hourly,T174,transformer,deep,168,96,130002,154.31394987442192,188.15467984972065,1.0861867622405297,9.282505735981276,563.4748759998729,10.525390625,0.5597901430001002,19232,false,dcb2c10e4ac97b1d1289825869826fdec84593f7,41e5a8930cdcae89,true,2026-09-20T14:47:23+00:00
20260920T143808Z-gpu_h96,electricity_hourly,T174,transformer,deep,168,96,130003,163.4423133702744,200.52666283329893,1.251432611544612,9.227165368552148,567.7031180002814,10.525390625,0.5647334070004035,19232,false,dcb2c10e4ac97b1d1289825869826fdec84593f7,41e5a8930cdcae89,true,2026-09-20T14:47:23+00:00
20260920T143808Z-gpu_h96,electricity_hourly,T174,transformer,deep,168,96,130004,320.0647868309831,422.8899643227807,2.907844120104831,15.261634365288499,575.8988249999675,10.525390625,0.5727158079998844,19232,false,dcb2c10e4ac97b1d1289825869826fdec84593f7,41e5a8930cdcae89,true,2026-09-20T14:47:23+00:00
20260920T143808Z-gpu_h96,electricity_hourly,T174,transformer,deep,168,96,130005,276.99730584672386,343.138419712288,1.745017588674785,14.173663528071087,575.2976009998747,10.525390625,0.5722368390001975,19232,false,dcb2c10e4ac97b1d1289825869826fdec84593f7,41e5a8930cdcae89,true,2026-09-20T14:47:23+00:00
20260920T143808Z-gpu_h96,electricity_hourly,T174,transformer,deep,168,96,130006,418.44748986170436,492.221585403492,2.256119460090064,23.2334432317708,582.5783880000017,10.525390625,0.5796588270000029,19232,false,dcb2c10e4ac97b1d1289825869826fdec84593f7,41e5a8930cdcae89,true,2026-09-20T14:47:23+00:00
20260920T143808Z-gpu_h96,electricity_hourly,T174,transformer,deep,168,96,130007,179.05326051472426,224.04020068167063,1.8566767130496358,11.191020918422206,579.2242789998454,10.525390625,0.5762136019998252,19232,false,dcb2c10e4ac97b1d1289825869826fdec84593f7,41e5a8930cdcae89,true,2026-09-20T14:47:23+00:00
20260920T143808Z-gpu_h96,electricity_hourly,T174,transformer,deep,168,96,130008,115.48482930203772,159.09353138657445,1.0881250683434818,7.27649099881403,592.8730350001388,10.525390625,0.590001447999839,19232,false,dcb2c10e4ac97b1d1289825869826fdec84593f7,41e5a8930cdcae89,true,2026-09-20T14:47:23+00:00
20260920T143808Z-gpu_h96,electricity_hourly,T174,transformer,deep,168,96,130009,254.72420202742057,318.1043710768841,2.198135380352883,14.383860953710306,572.071957999924,10.525390625,0.56926429799978,19232,false,dcb2c10e4ac97b1d1289825869826fdec84593f7,41e5a8930cdcae89,true,2026-09-20T14:47:23+00:00
20260920T143808Z-gpu_h96,electricity_hourly,T174,transformer,deep,168,96,130010,108.93522898770625,144.1073048868759,1.0963567916011812,6.541686953829827,565.0613539996812,10.525390625,0.5620309979999547,19232,false,dcb2c10e4ac97b1d1289825869826fdec84593f7,41e5a8930cdcae89,true,2026-09-20T14:47:23+00:00
20260920T143808Z-gpu_h96,electricity_hourly,T174,transformer,deep,168,96,130011,92.32950893126353,121.42382978675558,0.8647446690147609,6.571096173680019,561.6928389999885,10.525390625,0.5587618550002844,19232,false,dcb2c10e4ac97b1d1289825869826fdec84593f7,41e5a8930cdcae89,true,2026-09-20T14:47:23+00:00
20260920T143808Z-gpu_h96,electricity_hourly,T174,transformer,deep,168,96,130012,117.47135871805033,151.7528498308303,1.8560320008118552,7.548207232149496,573.5952859999998,10.525390625,0.570709941000132,19232,false,dcb2c10e4ac97b1d1289825869826fdec84593f7,41e5a8930cdcae89,true,2026-09-20T14:47:23+00:00
20260920T143808Z-gpu_h96,electricity_hourly,T174,transformer,deep,168,96,130013,111.71526928140041,144.956170939578,1.2375566410125132,8.969769740357636,569.8088579997602,10.525390625,0.5669102689998908,19232,false,dcb2c10e4ac97b1d1289825869826fdec84593f7,41e5a8930cdcae89,true,2026-09-20T14:47:23+00:00
20260920T143808Z-gpu_h96,electricity_hourly,T174,transformer,deep,168,96,130014,110.77180745583887,136.4050051110369,1.6820774305220707,8.520717847973016,567.6185520001127,10.525390625,0.5645985109999856,19232,false,dcb2c10e4ac97b1d1289825869826fdec84593f7,41e5a8930cdcae89,true,2026-09-20T14:47:23+00:00
20260920T143808Z-gpu_h96,electricity_hourly,T174,transformer,deep,168,96,130015,102.69128950219067,131.66011055232164,1.1382039476843793,8.15583278747763,576.1102229998869,10.525390625,0.5732615649999389,19232,false,dcb2c10e4ac97b1d1289825869826fdec84593f7,41e5a8930cdcae89,true,2026-09-20T14:47:23+00:00
20260920T143808Z-gpu_h96,electricity_hourly,T174,transformer,deep,168,96,130016,98.74914613636629,132.746750512144,1.5082601870637191,8.076910613801385,598.7161089997244,10.525390625,0.5958293390003746,19232,false,dcb2c10e4ac97b1d1289825869826fdec84593f7,41e5a8930cdcae89,true,2026-09-20T14:47:23+00:00
20260920T143808Z-gpu_h96,electricity_hourly,T174,transformer,deep,168,96,130017,122.49082931688604,159.41378954562842,1.4408331499454003,9.28801462391597,567.7630879999924,10.525390625,0.5650628850003159,19232,false,dcb2c10e4ac97b1d1289825869826fdec84593f7,41e5a8930cdcae89,true,2026-09-20T14:47:23+00:00
20260920T143808Z-gpu_h96,electricity_hourly,T174,transformer,deep,168,96,130018,72.61338092106841,102.26507511974,1.4869634318307523,6.490547078624955,595.3669880000234,10.525390625,0.5924729040002603,19232,false,dcb2c10e4ac97b1d1289825869826fdec84593f7,41e5a8930cdcae89,true,2026-09-20T14:47:23+00:00
20260920T143808Z-gpu_h96,electricity_hourly,T174,transformer,deep,168,96,130019,77.6317213607466,106.59173164663235,1.656388779959625,6.440781603862429,588.6413920002269,10.525390625,0.5856216710003537,19232,false,dcb2c10e4ac97b1d1289825869826fdec84593f7,41e5a8930cdcae89,true,2026-09-20T14:47:23+00:00
20260920T143808Z-gpu_h96,electricity_hourly,T174,transformer,deep,168,96,130020,72.40512848900515,105.58265225839119,1.3042705156888594,5.868078153565651,582.1861169997646,10.525390625,0.5794325629999548,19232,false,dcb2c10e4ac97b1d1289825869826fdec84593f7,41e5a8930cdcae89,true,2026-09-20T14:47:23+00:00
20260920T143808Z-gpu_h96,electricity_hourly,T174,timesfm25,tsfm,168,96,130000,67.04206275939941,83.68165885072136,1.2596629746024943,5.211908754103422,108.30449199966097,11.94287109375,,231289280,true,dcb2c10e4ac97b1d1289825869826fdec84593f7,41e5a8930cdcae89,true,2026-09-20T14:47:29+00:00
20260920T143808Z-gpu_h96,electricity_hourly,T174,timesfm25,tsfm,168,96,130001,426.30482800801593,546.38508504369,4.3617944602212795,22.07201923618706,118.42453999997815,11.94287109375,,231289280,true,dcb2c10e4ac97b1d1289825869826fdec84593f7,41e5a8930cdcae89,true,2026-09-20T14:47:29+00:00
20260920T143808Z-gpu_h96,electricity_hourly,T174,timesfm25,tsfm,168,96,130002,117.40296045939128,156.97074540883887,0.8263772756942195,6.5722941724055906,117.1225959997173,11.94287109375,,231289280,true,dcb2c10e4ac97b1d1289825869826fdec84593f7,41e5a8930cdcae89,true,2026-09-20T14:47:29+00:00
20260920T143808Z-gpu_h96,electricity_hourly,T174,timesfm25,tsfm,168,96,130003,103.30520757039388,135.3663803029872,0.790979416713815,5.598973310164727,114.72943600028884,11.94287109375,,231289280,true,dcb2c10e4ac97b1d1289825869826fdec84593f7,41e5a8930cdcae89,true,2026-09-20T14:47:29+00:00
20260920T143808Z-gpu_h96,electricity_hourly,T174,timesfm25,tsfm,168,96,130004,306.9188925425212,417.3776211239899,2.78841138966076,14.159202797545836,111.72509300013189,11.94287109375,,231289280,true,dcb2c10e4ac97b1d1289825869826fdec84593f7,41e5a8930cdcae89,true,2026-09-20T14:47:29+00:00
20260920T143808Z-gpu_h96,electricity_hourly,T174,timesfm25,tsfm,168,96,130005,180.93560282389322,245.05941679868826,1.1398515533572764,9.405705962561141,118.72011200011912,11.94287109375,,231289280,true,dcb2c10e4ac97b1d1289825869826fdec84593f7,41e5a8930cdcae89,true,2026-09-20T14:47:29+00:00
20260920T143808Z-gpu_h96,electricity_hourly,T174,timesfm25,tsfm,168,96,130006,209.70787366231283,262.6565976180884,1.130669979308561,10.62658852988937,117.63349600005313,11.94287109375,,231289280,true,dcb2c10e4ac97b1d1289825869826fdec84593f7,41e5a8930cdcae89,true,2026-09-20T14:47:29+00:00
20260920T143808Z-gpu_h96,electricity_hourly,T174,timesfm25,tsfm,168,96,130007,162.49199676513672,203.1668907289407,1.6849461751407566,9.31771681348073,117.90311300001122,11.94287109375,,231289280,true,dcb2c10e4ac97b1d1289825869826fdec84593f7,41e5a8930cdcae89,true,2026-09-20T14:47:29+00:00
20260920T143808Z-gpu_h96,electricity_hourly,T174,timesfm25,tsfm,168,96,130008,72.0262622833252,97.95556725166144,0.6786482869069442,4.442243424284444,113.69257000023936,11.94287109375,,231289280,true,dcb2c10e4ac97b1d1289825869826fdec84593f7,41e5a8930cdcae89,true,2026-09-20T14:47:29+00:00
20260920T143808Z-gpu_h96,electricity_hourly,T174,timesfm25,tsfm,168,96,130009,146.23787943522134,184.38376026252934,1.2619556923756141,7.740498248058304,108.33675900039452,11.94287109375,,231289280,true,dcb2c10e4ac97b1d1289825869826fdec84593f7,41e5a8930cdcae89,true,2026-09-20T14:47:29+00:00
20260920T143808Z-gpu_h96,electricity_hourly,T174,timesfm25,tsfm,168,96,130010,78.2514419555664,102.35762206375782,0.7875459632095025,4.241939832300892,122.36905199961257,11.94287109375,,231289280,true,dcb2c10e4ac97b1d1289825869826fdec84593f7,41e5a8930cdcae89,true,2026-09-20T14:47:29+00:00
20260920T143808Z-gpu_h96,electricity_hourly,T174,timesfm25,tsfm,168,96,130011,111.53083165486653,139.19069884482016,1.0445814476943598,7.160516622858854,109.80729199991401,11.94287109375,,231289280,true,dcb2c10e4ac97b1d1289825869826fdec84593f7,41e5a8930cdcae89,true,2026-09-20T14:47:29+00:00
20260920T143808Z-gpu_h96,electricity_hourly,T174,timesfm25,tsfm,168,96,130012,86.80029551188152,116.41802764488868,1.3714332404773906,5.325472136047038,119.21716500000912,11.94287109375,,231289280,true,dcb2c10e4ac97b1d1289825869826fdec84593f7,41e5a8930cdcae89,true,2026-09-20T14:47:29+00:00
20260920T143808Z-gpu_h96,electricity_hourly,T174,timesfm25,tsfm,168,96,130013,74.28915023803711,94.08138995646406,0.8229585071372678,5.853396268404368,112.16850599976169,11.94287109375,,231289280,true,dcb2c10e4ac97b1d1289825869826fdec84593f7,41e5a8930cdcae89,true,2026-09-20T14:47:29+00:00
20260920T143808Z-gpu_h96,electricity_hourly,T174,timesfm25,tsfm,168,96,130014,84.42862319946289,113.00709555752235,1.2820543858191138,6.606218893142618,115.88824099999329,11.94287109375,,231289280,true,dcb2c10e4ac97b1d1289825869826fdec84593f7,41e5a8930cdcae89,true,2026-09-20T14:47:29+00:00
20260920T143808Z-gpu_h96,electricity_hourly,T174,timesfm25,tsfm,168,96,130015,70.92520014444987,94.15594321129345,0.7861167503695182,5.42665371442343,117.4461769996924,11.94287109375,,231289280,true,dcb2c10e4ac97b1d1289825869826fdec84593f7,41e5a8930cdcae89,true,2026-09-20T14:47:29+00:00
20260920T143808Z-gpu_h96,electricity_hourly,T174,timesfm25,tsfm,168,96,130016,78.30262629191081,108.89428070246373,1.1959671389515438,6.384639972501234,109.98226900028385,11.94287109375,,231289280,true,dcb2c10e4ac97b1d1289825869826fdec84593f7,41e5a8930cdcae89,true,2026-09-20T14:47:29+00:00
20260920T143808Z-gpu_h96,electricity_hourly,T174,timesfm25,tsfm,168,96,130017,59.793172200520836,71.02506636687012,0.7033341608295214,5.049913850042525,119.35774600033255,11.94287109375,,231289280,true,dcb2c10e4ac97b1d1289825869826fdec84593f7,41e5a8930cdcae89,true,2026-09-20T14:47:29+00:00
20260920T143808Z-gpu_h96,electricity_hourly,T174,timesfm25,tsfm,168,96,130018,40.53455607096354,56.94353676872429,0.8300591686886731,3.5428584038564503,116.29655199976696,11.94287109375,,231289280,true,dcb2c10e4ac97b1d1289825869826fdec84593f7,41e5a8930cdcae89,true,2026-09-20T14:47:29+00:00
20260920T143808Z-gpu_h96,electricity_hourly,T174,timesfm25,tsfm,168,96,130019,33.916836420694985,46.13565357085935,0.7236663868099092,2.6870766806938935,116.35075300000608,11.94287109375,,231289280,true,dcb2c10e4ac97b1d1289825869826fdec84593f7,41e5a8930cdcae89,true,2026-09-20T14:47:29+00:00
20260920T143808Z-gpu_h96,electricity_hourly,T174,timesfm25,tsfm,168,96,130020,56.998568852742515,100.64367843177664,1.0267442975725447,4.775765498132756,115.80588400011038,11.94287109375,,231289280,true,dcb2c10e4ac97b1d1289825869826fdec84593f7,41e5a8930cdcae89,true,2026-09-20T14:47:29+00:00
20260920T143808Z-gpu_h96,electricity_hourly,T174,chronos_bolt,tsfm,168,96,130000,91.79274304707845,110.3564442640031,1.7247070718657747,6.28877040818025,72.36683600012839,12.59375,,205292928,true,dcb2c10e4ac97b1d1289825869826fdec84593f7,41e5a8930cdcae89,true,2026-09-20T14:47:35+00:00
20260920T143808Z-gpu_h96,electricity_hourly,T174,chronos_bolt,tsfm,168,96,130001,269.05973688761395,348.12546446317504,2.7529204285786846,14.301618622762478,74.25017100013065,12.59375,,205292928,true,dcb2c10e4ac97b1d1289825869826fdec84593f7,41e5a8930cdcae89,true,2026-09-20T14:47:35+00:00
20260920T143808Z-gpu_h96,electricity_hourly,T174,chronos_bolt,tsfm,168,96,130002,98.07184410095215,135.46274614216185,0.6903091969174459,5.549429015592082,77.8334960000393,12.59375,,205292928,true,dcb2c10e4ac97b1d1289825869826fdec84593f7,41e5a8930cdcae89,true,2026-09-20T14:47:35+00:00
20260920T143808Z-gpu_h96,electricity_hourly,T174,chronos_bolt,tsfm,168,96,130003,102.34669876098633,144.22932146889661,0.7836403797299959,5.315499702564154,75.65722899971661,12.59375,,205292928,true,dcb2c10e4ac97b1d1289825869826fdec84593f7,41e5a8930cdcae89,true,2026-09-20T14:47:35+00:00
20260920T143808Z-gpu_h96,electricity_hourly,T174,chronos_bolt,tsfm,168,96,130004,299.2485656738281,416.09110588580114,2.718725139244874,13.641119280123245,74.59029100027692,12.59375,,205292928,true,dcb2c10e4ac97b1d1289825869826fdec84593f7,41e5a8930cdcae89,true,2026-09-20T14:47:35+00:00
20260920T143808Z-gpu_h96,electricity_hourly,T174,chronos_bolt,tsfm,168,96,130005,167.10984102884927,220.6192339430402,1.0527525202622405,8.69907016554715,78.60331700021561,12.59375,,205292928,true,dcb2c10e4ac97b1d1289825869826fdec84593f7,41e5a8930cdcae89,true,2026-09-20T14:47:35+00:00
20260920T143808Z-gpu_h96,electricity_hourly,T174,chronos_bolt,tsfm,168,96,130006,181.13274955749512,238.6509792499,0.9766031127856558,8.826407343215164,78.21925300004295,12.59375,,205292928,true,dcb2c10e4ac97b1d1289825869826fdec84593f7,41e5a8930cdcae89,true,2026-09-20T14:47:35+00:00
20260920T143808Z-gpu_h96,electricity_hourly,T174,chronos_bolt,tsfm,168,96,130007,145.68487739562988,181.08395769550228,1.5106662594491758,8.551686195481697,76.03178800036403,12.59375,,205292928,true,dcb2c10e4ac97b1d1289825869826fdec84593f7,41e5a8930cdcae89,true,2026-09-20T14:47:35+00:00
20260920T143808Z-gpu_h96,electricity_hourly,T174,chronos_bolt,tsfm,168,96,130008,63.0489813486735,88.29157550671444,0.5940622465621268,3.7278688815771392,77.06659200039212,12.59375,,205292928,true,dcb2c10e4ac97b1d1289825869826fdec84593f7,41e5a8930cdcae89,true,2026-09-20T14:47:35+00:00
20260920T143808Z-gpu_h96,electricity_hourly,T174,chronos_bolt,tsfm,168,96,130009,122.46570777893066,160.46268924113602,1.05681440163996,6.516540354448813,74.60175899996102,12.59375,,205292928,true,dcb2c10e4ac97b1d1289825869826fdec84593f7,41e5a8930cdcae89,true,2026-09-20T14:47:35+00:00
20260920T143808Z-gpu_h96,electricity_hourly,T174,chronos_bolt,tsfm,168,96,130010,73.54576873779297,99.2875414707897,0.7401866576909553,3.8287718725066546,80.19361900005606,12.59375,,205292928,true,dcb2c10e4ac97b1d1289825869826fdec84593f7,41e5a8930cdcae89,true,2026-09-20T14:47:35+00:00
20260920T143808Z-gpu_h96,electricity_hourly,T174,chronos_bolt,tsfm,168,96,130011,115.82202784220378,144.13271277272608,1.0847721632050307,7.397941647339416,78.36390300008134,12.59375,,205292928,true,dcb2c10e4ac97b1d1289825869826fdec84593f7,41e5a8930cdcae89,true,2026-09-20T14:47:35+00:00
20260920T143808Z-gpu_h96,electricity_hourly,T174,chronos_bolt,tsfm,168,96,130012,73.08469009399414,98.93726554770733,1.1547284807477678,4.590882178762609,78.42673100003594,12.59375,,205292928,true,dcb2c10e4ac97b1d1289825869826fdec84593f7,41e5a8930cdcae89,true,2026-09-20T14:47:35+00:00
20260920T143808Z-gpu_h96,electricity_hourly,T174,chronos_bolt,tsfm,168,96,130013,73.5916296641032,92.79024084496477,0.8152315310124518,5.404150035107139,77.02773700020771,12.59375,,205292928,true,dcb2c10e4ac97b1d1289825869826fdec84593f7,41e5a8930cdcae89,true,2026-09-20T14:47:35+00:00
20260920T143808Z-gpu_h96,electricity_hourly,T174,chronos_bolt,tsfm,168,96,130014,87.18977864583333,113.28855577718778,1.3239827190762414,6.667599878747897,76.35611399973641,12.59375,,205292928,true,dcb2c10e4ac97b1d1289825869826fdec84593f7,41e5a8930cdcae89,true,2026-09-20T14:47:35+00:00
20260920T143808Z-gpu_h96,electricity_hourly,T174,chronos_bolt,tsfm,168,96,130015,70.36964416503906,97.90934690826947,0.7799591102036348,5.338079208926652,74.49526199980028,12.59375,,205292928,true,dcb2c10e4ac97b1d1289825869826fdec84593f7,41e5a8930cdcae89,true,2026-09-20T14:47:35+00:00
20260920T143808Z-gpu_h96,electricity_hourly,T174,chronos_bolt,tsfm,168,96,130016,75.88362312316895,106.00482471156293,1.1590201240704632,6.046920804906811,77.08164599989686,12.59375,,205292928,true,dcb2c10e4ac97b1d1289825869826fdec84593f7,41e5a8930cdcae89,true,2026-09-20T14:47:35+00:00
20260920T143808Z-gpu_h96,electricity_hourly,T174,chronos_bolt,tsfm,168,96,130017,43.51377169291178,53.12098932222916,0.5118430913069185,3.222251158907774,76.76337400016564,12.59375,,205292928,true,dcb2c10e4ac97b1d1289825869826fdec84593f7,41e5a8930cdcae89,true,2026-09-20T14:47:35+00:00
20260920T143808Z-gpu_h96,electricity_hourly,T174,chronos_bolt,tsfm,168,96,130018,41.537479400634766,57.46241717639033,0.8505968477945686,3.517517891072014,77.28854800006957,12.59375,,205292928,true,dcb2c10e4ac97b1d1289825869826fdec84593f7,41e5a8930cdcae89,true,2026-09-20T14:47:35+00:00
20260920T143808Z-gpu_h96,electricity_hourly,T174,chronos_bolt,tsfm,168,96,130019,31.87354024251302,41.12681805731583,0.6800696095602126,2.581527997975343,75.69367799987958,12.59375,,205292928,true,dcb2c10e4ac97b1d1289825869826fdec84593f7,41e5a8930cdcae89,true,2026-09-20T14:47:35+00:00
20260920T143808Z-gpu_h96,electricity_hourly,T174,chronos_bolt,tsfm,168,96,130020,56.036328633626304,100.46894183010977,1.0094109736355001,4.749652074258633,76.06259300018792,12.59375,,205292928,true,dcb2c10e4ac97b1d1289825869826fdec84593f7,41e5a8930cdcae89,true,2026-09-20T14:47:35+00:00
20260920T143808Z-gpu_h96,electricity_hourly,T188,lstm,deep,168,96,140000,231.80582413364542,316.0380906214665,1.7662330639316866,7.4169193441931185,358.14773099991726,16.14599609375,0.32363807399997313,4513,false,dcb2c10e4ac97b1d1289825869826fdec84593f7,41e5a8930cdcae89,true,2026-09-20T14:47:46+00:00
20260920T143808Z-gpu_h96,electricity_hourly,T188,lstm,deep,168,96,140001,470.52289817802483,611.7081748823576,2.3803020318860204,12.480000414298603,367.7318089999062,16.10986328125,0.3326548790000743,4513,false,dcb2c10e4ac97b1d1289825869826fdec84593f7,41e5a8930cdcae89,true,2026-09-20T14:47:46+00:00
20260920T143808Z-gpu_h96,electricity_hourly,T188,lstm,deep,168,96,140002,170.6873524907471,213.40088144752994,0.9431687935022095,5.034605909305392,366.001888000028,16.10986328125,0.33014704000015627,4513,false,dcb2c10e4ac97b1d1289825869826fdec84593f7,41e5a8930cdcae89,true,2026-09-20T14:47:46+00:00
20260920T143808Z-gpu_h96,electricity_hourly,T188,lstm,deep,168,96,140003,526.6406718747388,711.7774459496623,4.519712542461552,15.414467884870312,359.0481250002995,16.10986328125,0.32401711400007116,4513,false,dcb2c10e4ac97b1d1289825869826fdec84593f7,41e5a8930cdcae89,true,2026-09-20T14:47:46+00:00
20260920T143808Z-gpu_h96,electricity_hourly,T188,lstm,deep,168,96,140004,710.2848505282424,1004.1428851024401,3.172881823925639,19.075388246282706,358.91398999956436,16.10986328125,0.32595493100006934,4513,false,dcb2c10e4ac97b1d1289825869826fdec84593f7,41e5a8930cdcae89,true,2026-09-20T14:47:46+00:00
20260920T143808Z-gpu_h96,electricity_hourly,T188,lstm,deep,168,96,140005,459.4163568917943,655.2434538911041,3.819186894839994,13.087796572803068,358.474940999713,16.10986328125,0.32513058699987596,4513,false,dcb2c10e4ac97b1d1289825869826fdec84593f7,41e5a8930cdcae89,true,2026-09-20T14:47:46+00:00
20260920T143808Z-gpu_h96,electricity_hourly,T188,lstm,deep,168,96,140006,144.71838920489114,182.82537339467018,0.897053421957915,4.182383568691379,387.294306000058,16.10986328125,0.35195251000004646,4513,false,dcb2c10e4ac97b1d1289825869826fdec84593f7,41e5a8930cdcae89,true,2026-09-20T14:47:46+00:00
20260920T143808Z-gpu_h96,electricity_hourly,T188,lstm,deep,168,96,140007,310.3327742831782,371.9197753101206,2.398063831326947,8.20850921442166,354.27531599998474,16.10986328125,0.31883396000012,4513,false,dcb2c10e4ac97b1d1289825869826fdec84593f7,41e5a8930cdcae89,true,2026-09-20T14:47:46+00:00
20260920T143808Z-gpu_h96,electricity_hourly,T188,lstm,deep,168,96,140008,921.3322603212749,1210.801317357141,6.4494601860028,24.972522895490776,355.0245520000317,16.10986328125,0.32040446500013786,4513,false,dcb2c10e4ac97b1d1289825869826fdec84593f7,41e5a8930cdcae89,true,2026-09-20T14:47:46+00:00
20260920T143808Z-gpu_h96,electricity_hourly,T188,lstm,deep,168,96,140009,216.2727296260729,302.83424206572823,1.0846023913824092,6.343445503997976,362.8924160002498,16.10986328125,0.32524799200018606,4513,false,dcb2c10e4ac97b1d1289825869826fdec84593f7,41e5a8930cdcae89,true,2026-09-20T14:47:46+00:00
20260920T143808Z-gpu_h96,electricity_hourly,T188,lstm,deep,168,96,140010,115.93532514202074,156.7774181358463,0.8838311620758635,3.144995074539202,340.76844199989864,16.10986328125,0.3064167929996984,4513,false,dcb2c10e4ac97b1d1289825869826fdec84593f7,41e5a8930cdcae89,true,2026-09-20T14:47:46+00:00
20260920T143808Z-gpu_h96,electricity_hourly,T188,lstm,deep,168,96,140011,298.559327662202,456.8600340772734,2.2279392228510693,8.408547596920995,350.59729000022344,16.10986328125,0.3160025920001317,4513,false,dcb2c10e4ac97b1d1289825869826fdec84593f7,41e5a8930cdcae89,true,2026-09-20T14:47:46+00:00
20260920T143808Z-gpu_h96,electricity_hourly,T188,lstm,deep,168,96,140012,374.3442047369906,526.7545428660536,3.1209799375941785,10.687023851038546,342.63654599999427,16.10986328125,0.30968424799993954,4513,false,dcb2c10e4ac97b1d1289825869826fdec84593f7,41e5a8930cdcae89,true,2026-09-20T14:47:46+00:00
20260920T143808Z-gpu_h96,electricity_hourly,T188,lstm,deep,168,96,140013,1125.1521601042512,1412.9167419895955,6.3881209263498855,31.313729534737277,375.56680300031076,16.10986328125,0.34010716300008426,4513,false,dcb2c10e4ac97b1d1289825869826fdec84593f7,41e5a8930cdcae89,true,2026-09-20T14:47:46+00:00
20260920T143808Z-gpu_h96,electricity_hourly,T188,lstm,deep,168,96,140014,140.97574638932403,184.91247170836917,0.9398383092621602,3.89060011875983,363.8804219999656,16.10986328125,0.3297066640002413,4513,false,dcb2c10e4ac97b1d1289825869826fdec84593f7,41e5a8930cdcae89,true,2026-09-20T14:47:46+00:00
20260920T143808Z-gpu_h96,electricity_hourly,T188,lstm,deep,168,96,140015,482.2066676411109,681.0371586519931,2.3491241293792067,13.458368830237724,352.9049369999484,16.10986328125,0.320257502000004,4513,false,dcb2c10e4ac97b1d1289825869826fdec84593f7,41e5a8930cdcae89,true,2026-09-20T14:47:46+00:00
20260920T143808Z-gpu_h96,electricity_hourly,T188,lstm,deep,168,96,140016,289.2542669595751,423.7051563701635,1.9177078472458016,7.989531889858657,359.3589540000721,16.10986328125,0.3234133920000204,4513,false,dcb2c10e4ac97b1d1289825869826fdec84593f7,41e5a8930cdcae89,true,2026-09-20T14:47:46+00:00
20260920T143808Z-gpu_h96,electricity_hourly,T188,lstm,deep,168,96,140017,383.3048478991995,541.6511600767313,2.269661503247861,10.792408929057192,335.0826210003106,16.10986328125,0.30190138299985847,4513,false,dcb2c10e4ac97b1d1289825869826fdec84593f7,41e5a8930cdcae89,true,2026-09-20T14:47:46+00:00
20260920T143808Z-gpu_h96,electricity_hourly,T188,lstm,deep,168,96,140018,328.1695183488521,429.1841595814564,2.6234614246507912,9.398285603444432,351.63002299987056,16.10986328125,0.31807640199986054,4513,false,dcb2c10e4ac97b1d1289825869826fdec84593f7,41e5a8930cdcae89,true,2026-09-20T14:47:46+00:00
20260920T143808Z-gpu_h96,electricity_hourly,T188,lstm,deep,168,96,140019,499.9383158031439,709.5723628336307,3.041963892320321,13.522510443340737,343.47376200003055,16.10986328125,0.31107055400025274,4513,false,dcb2c10e4ac97b1d1289825869826fdec84593f7,41e5a8930cdcae89,true,2026-09-20T14:47:46+00:00
20260920T143808Z-gpu_h96,electricity_hourly,T188,lstm,deep,168,96,140020,418.186512969889,604.6592967629512,2.525535055681262,11.938888362903976,348.64704299980076,16.10986328125,0.3142823840003075,4513,false,dcb2c10e4ac97b1d1289825869826fdec84593f7,41e5a8930cdcae89,true,2026-09-20T14:47:46+00:00
20260920T143808Z-gpu_h96,electricity_hourly,T188,transformer,deep,168,96,140000,217.85602870508217,293.65850676751603,1.659943284487636,6.9616865798604115,576.8591159999232,10.6845703125,0.573981281000215,19232,false,dcb2c10e4ac97b1d1289825869826fdec84593f7,41e5a8930cdcae89,true,2026-09-20T14:48:03+00:00
20260920T143808Z-gpu_h96,electricity_hourly,T188,transformer,deep,168,96,140001,488.2078595493722,556.2842876146962,2.4697674960516283,13.488013211491795,575.2390669999841,10.525390625,0.5720839450000312,19232,false,dcb2c10e4ac97b1d1289825869826fdec84593f7,41e5a8930cdcae89,true,2026-09-20T14:48:03+00:00
20260920T143808Z-gpu_h96,electricity_hourly,T188,transformer,deep,168,96,140002,439.0998820289315,608.5782714655028,2.4263385653171965,12.628225345440706,582.4981139999181,10.525390625,0.5793731279995882,19232,false,dcb2c10e4ac97b1d1289825869826fdec84593f7,41e5a8930cdcae89,true,2026-09-20T14:48:03+00:00
20260920T143808Z-gpu_h96,electricity_hourly,T188,transformer,deep,168,96,140003,328.0297851201703,406.93712811655365,2.81520287605367,9.93089857490812,576.4361610004016,10.525390625,0.5734824109999863,19232,false,dcb2c10e4ac97b1d1289825869826fdec84593f7,41e5a8930cdcae89,true,2026-09-20T14:48:03+00:00
20260920T143808Z-gpu_h96,electricity_hourly,T188,transformer,deep,168,96,140004,608.2553856923734,809.0569186624507,2.7171105453437696,15.721297371121084,589.6107249996021,10.525390625,0.5865675709997049,19232,false,dcb2c10e4ac97b1d1289825869826fdec84593f7,41e5a8930cdcae89,true,2026-09-20T14:48:03+00:00
20260920T143808Z-gpu_h96,electricity_hourly,T188,transformer,deep,168,96,140005,287.52724264294596,386.28410067088635,2.390250718195602,8.747564264855807,586.1353660002351,10.525390625,0.5831925719999163,19232,false,dcb2c10e4ac97b1d1289825869826fdec84593f7,41e5a8930cdcae89,true,2026-09-20T14:48:03+00:00
20260920T143808Z-gpu_h96,electricity_hourly,T188,transformer,deep,168,96,140006,197.3612300173164,280.87906036807755,1.2233660678616314,5.537498930940974,614.1666049998094,10.525390625,0.6113881620003667,19232,false,dcb2c10e4ac97b1d1289825869826fdec84593f7,41e5a8930cdcae89,true,2026-09-20T14:48:03+00:00
20260920T143808Z-gpu_h96,electricity_hourly,T188,transformer,deep,168,96,140007,240.1052923857625,295.8095800673646,1.855388360802243,6.303396919447154,567.6842110001417,10.525390625,0.5648206680002659,19232,false,dcb2c10e4ac97b1d1289825869826fdec84593f7,41e5a8930cdcae89,true,2026-09-20T14:48:03+00:00
20260920T143808Z-gpu_h96,electricity_hourly,T188,transformer,deep,168,96,140008,258.03422299181443,370.1045836568588,1.8062771917175287,7.564623266153863,581.4952309997352,10.525390625,0.578466237000157,19232,false,dcb2c10e4ac97b1d1289825869826fdec84593f7,41e5a8930cdcae89,true,2026-09-20T14:48:03+00:00
20260920T143808Z-gpu_h96,electricity_hourly,T188,transformer,deep,168,96,140009,231.6499660278437,292.1918031328747,1.1617188517102979,6.6144933909120605,594.6412359999158,10.525390625,0.5915450689999489,19232,false,dcb2c10e4ac97b1d1289825869826fdec84593f7,41e5a8930cdcae89,true,2026-09-20T14:48:03+00:00
20260920T143808Z-gpu_h96,electricity_hourly,T188,transformer,deep,168,96,140010,162.2097158884095,216.46938111078757,1.2366032658124289,4.431140785216953,582.2541749998891,10.525390625,0.5792886089998319,19232,false,dcb2c10e4ac97b1d1289825869826fdec84593f7,41e5a8930cdcae89,true,2026-09-20T14:48:03+00:00
20260920T143808Z-gpu_h96,electricity_hourly,T188,transformer,deep,168,96,140011,245.14626265234884,331.79086504856593,1.8293549164086764,6.864777958125883,566.178476999994,10.525390625,0.5630831499997839,19232,false,dcb2c10e4ac97b1d1289825869826fdec84593f7,41e5a8930cdcae89,true,2026-09-20T14:48:03+00:00
20260920T143808Z-gpu_h96,electricity_hourly,T188,transformer,deep,168,96,140012,192.94195910954295,243.02741004661257,1.6085943788660366,5.4970915939831855,571.9459150000148,10.525390625,0.5690073760001724,19232,false,dcb2c10e4ac97b1d1289825869826fdec84593f7,41e5a8930cdcae89,true,2026-09-20T14:48:03+00:00
20260920T143808Z-gpu_h96,electricity_hourly,T188,transformer,deep,168,96,140013,381.499284041605,496.8841184039399,2.1659857628037344,11.35450512904202,581.3796489997003,10.525390625,0.5785450140001558,19232,false,dcb2c10e4ac97b1d1289825869826fdec84593f7,41e5a8930cdcae89,true,2026-09-20T14:48:03+00:00
20260920T143808Z-gpu_h96,electricity_hourly,T188,transformer,deep,168,96,140014,177.82233225312402,223.7767249983862,1.1854822150208268,4.916822227612855,579.4805030000134,10.525390625,0.5765448189999915,19232,false,dcb2c10e4ac97b1d1289825869826fdec84593f7,41e5a8930cdcae89,true,2026-09-20T14:48:03+00:00
20260920T143808Z-gpu_h96,electricity_hourly,T188,transformer,deep,168,96,140015,188.59293171082632,239.98071573104363,0.9187517225332044,5.451242321746758,582.8199160000622,10.525390625,0.5798728529998698,19232,false,dcb2c10e4ac97b1d1289825869826fdec84593f7,41e5a8930cdcae89,true,2026-09-20T14:48:03+00:00
20260920T143808Z-gpu_h96,electricity_hourly,T188,transformer,deep,168,96,140016,201.1439361149843,275.7566520882683,1.3335509576684041,5.680027292318553,575.4361690001133,10.525390625,0.5725980000001982,19232,false,dcb2c10e4ac97b1d1289825869826fdec84593f7,41e5a8930cdcae89,true,2026-09-20T14:48:03+00:00
20260920T143808Z-gpu_h96,electricity_hourly,T188,transformer,deep,168,96,140017,186.7294956891113,245.72940553127054,1.10568063568535,5.40609536895563,570.6604679999145,10.525390625,0.5677404089997253,19232,false,dcb2c10e4ac97b1d1289825869826fdec84593f7,41e5a8930cdcae89,true,2026-09-20T14:48:03+00:00
20260920T143808Z-gpu_h96,electricity_hourly,T188,transformer,deep,168,96,140018,263.1753769554877,341.84418129013403,2.103883544195316,7.583997801022506,563.2662959997106,10.525390625,0.5604797959999814,19232,false,dcb2c10e4ac97b1d1289825869826fdec84593f7,41e5a8930cdcae89,true,2026-09-20T14:48:03+00:00
20260920T143808Z-gpu_h96,electricity_hourly,T188,transformer,deep,168,96,140019,159.01139420425545,210.97814596204415,0.9675332022907456,4.496873973349829,589.605094000035,10.525390625,0.5864538720002201,19232,false,dcb2c10e4ac97b1d1289825869826fdec84593f7,41e5a8930cdcae89,true,2026-09-20T14:48:03+00:00
20260920T143808Z-gpu_h96,electricity_hourly,T188,transformer,deep,168,96,140020,298.06511705810084,404.6404185154617,1.8000912957711173,8.432657023552222,573.2673110001087,10.525390625,0.5700323119999666,19232,false,dcb2c10e4ac97b1d1289825869826fdec84593f7,41e5a8930cdcae89,true,2026-09-20T14:48:03+00:00
20260920T143808Z-gpu_h96,electricity_hourly,T188,timesfm25,tsfm,168,96,140000,149.91520055135092,230.19647968591326,1.1422714894647619,5.073124900391788,120.02873899973565,11.94287109375,,231289280,true,dcb2c10e4ac97b1d1289825869826fdec84593f7,41e5a8930cdcae89,true,2026-09-20T14:48:09+00:00
20260920T143808Z-gpu_h96,electricity_hourly,T188,timesfm25,tsfm,168,96,140001,280.8106435139974,339.5782991293078,1.4205772937296899,6.957832849488564,115.28010999973048,11.94287109375,,231289280,true,dcb2c10e4ac97b1d1289825869826fdec84593f7,41e5a8930cdcae89,true,2026-09-20T14:48:09+00:00
20260920T143808Z-gpu_h96,electricity_hourly,T188,timesfm25,tsfm,168,96,140002,118.10630798339844,146.6025532100183,0.6526211953035063,3.5128562235074665,117.30572699980257,11.94287109375,,231289280,true,dcb2c10e4ac97b1d1289825869826fdec84593f7,41e5a8930cdcae89,true,2026-09-20T14:48:09+00:00
20260920T143808Z-gpu_h96,electricity_hourly,T188,timesfm25,tsfm,168,96,140003,179.79815673828125,247.32913140824738,1.543055877603701,5.222031326937909,116.56659500022215,11.94287109375,,231289280,true,dcb2c10e4ac97b1d1289825869826fdec84593f7,41e5a8930cdcae89,true,2026-09-20T14:48:09+00:00
20260920T143808Z-gpu_h96,electricity_hourly,T188,timesfm25,tsfm,168,96,140004,149.35236612955728,203.01363370826394,0.6671653034699171,4.486961655665539,118.08023800040246,11.94287109375,,231289280,true,dcb2c10e4ac97b1d1289825869826fdec84593f7,41e5a8930cdcae89,true,2026-09-20T14:48:09+00:00
20260920T143808Z-gpu_h96,electricity_hourly,T188,timesfm25,tsfm,168,96,140005,103.72554524739583,125.17745976857569,0.8622837152537235,3.086622836996887,112.9743039996356,11.94287109375,,231289280,true,dcb2c10e4ac97b1d1289825869826fdec84593f7,41e5a8930cdcae89,true,2026-09-20T14:48:09+00:00
20260920T143808Z-gpu_h96,electricity_hourly,T188,timesfm25,tsfm,168,96,140006,104.24952697753906,139.12473815927586,0.6462025691862436,3.040294026550956,115.21194499982812,11.94287109375,,231289280,true,dcb2c10e4ac97b1d1289825869826fdec84593f7,41e5a8930cdcae89,true,2026-09-20T14:48:09+00:00
20260920T143808Z-gpu_h96,electricity_hourly,T188,timesfm25,tsfm,168,96,140007,236.51170349121094,283.8050260440448,1.8276192810697276,6.468286034944527,115.6831489997785,11.94287109375,,231289280,true,dcb2c10e4ac97b1d1289825869826fdec84593f7,41e5a8930cdcae89,true,2026-09-20T14:48:09+00:00
20260920T143808Z-gpu_h96,electricity_hourly,T188,timesfm25,tsfm,168,96,140008,100.13845825195312,146.60670768630038,0.7009838115930801,3.209322444689173,112.63446300017677,11.94287109375,,231289280,true,dcb2c10e4ac97b1d1289825869826fdec84593f7,41e5a8930cdcae89,true,2026-09-20T14:48:09+00:00
20260920T143808Z-gpu_h96,electricity_hourly,T188,timesfm25,tsfm,168,96,140009,132.58206939697266,151.55786400539154,0.6648957997201387,3.6706740420430206,113.40468299977147,11.94287109375,,231289280,true,dcb2c10e4ac97b1d1289825869826fdec84593f7,41e5a8930cdcae89,true,2026-09-20T14:48:09+00:00
20260920T143808Z-gpu_h96,electricity_hourly,T188,timesfm25,tsfm,168,96,140010,105.0552266438802,136.30899246122618,0.8008868990798216,2.7949170362740317,120.59824599964486,11.94287109375,,231289280,true,dcb2c10e4ac97b1d1289825869826fdec84593f7,41e5a8930cdcae89,true,2026-09-20T14:48:09+00:00
20260920T143808Z-gpu_h96,electricity_hourly,T188,timesfm25,tsfm,168,96,140011,139.98319244384766,172.415618828596,1.0445965544858817,4.009876920244433,118.36730599998191,11.94287109375,,231289280,true,dcb2c10e4ac97b1d1289825869826fdec84593f7,41e5a8930cdcae89,true,2026-09-20T14:48:09+00:00
20260920T143808Z-gpu_h96,electricity_hourly,T188,timesfm25,tsfm,168,96,140012,150.4721934000651,182.46409149222353,1.2545157393243038,4.137002040489566,108.28992300002938,11.94287109375,,231289280,true,dcb2c10e4ac97b1d1289825869826fdec84593f7,41e5a8930cdcae89,true,2026-09-20T14:48:09+00:00
20260920T143808Z-gpu_h96,electricity_hourly,T188,timesfm25,tsfm,168,96,140013,325.06822713216144,383.94142403732235,1.845594949612871,9.310895912084945,113.12583699964307,11.94287109375,,231289280,true,dcb2c10e4ac97b1d1289825869826fdec84593f7,41e5a8930cdcae89,true,2026-09-20T14:48:09+00:00
20260920T143808Z-gpu_h96,electricity_hourly,T188,timesfm25,tsfm,168,96,140014,100.85735321044922,118.84481251071745,0.6723823547363281,2.655716106454151,115.53915800004688,11.94287109375,,231289280,true,dcb2c10e4ac97b1d1289825869826fdec84593f7,41e5a8930cdcae89,true,2026-09-20T14:48:09+00:00
20260920T143808Z-gpu_h96,electricity_hourly,T188,timesfm25,tsfm,168,96,140015,171.87755330403647,252.45186376575833,0.8373208726878869,5.19050060311308,113.6269319999883,11.94287109375,,231289280,true,dcb2c10e4ac97b1d1289825869826fdec84593f7,41e5a8930cdcae89,true,2026-09-20T14:48:09+00:00
20260920T143808Z-gpu_h96,electricity_hourly,T188,timesfm25,tsfm,168,96,140016,86.55027770996094,114.15807296120354,0.5738139958671443,2.411912713428568,116.41773999963334,11.94287109375,,231289280,true,dcb2c10e4ac97b1d1289825869826fdec84593f7,41e5a8930cdcae89,true,2026-09-20T14:48:09+00:00
20260920T143808Z-gpu_h96,electricity_hourly,T188,timesfm25,tsfm,168,96,140017,103.92938995361328,162.60081302253124,0.6153966920235335,3.1452985071071247,114.89883900003406,11.94287109375,,231289280,true,dcb2c10e4ac97b1d1289825869826fdec84593f7,41e5a8930cdcae89,true,2026-09-20T14:48:09+00:00
20260920T143808Z-gpu_h96,electricity_hourly,T188,timesfm25,tsfm,168,96,140018,310.5741144816081,352.8590740207812,2.4827997826764876,8.957921081237748,110.85736699988047,11.94287109375,,231289280,true,dcb2c10e4ac97b1d1289825869826fdec84593f7,41e5a8930cdcae89,true,2026-09-20T14:48:09+00:00
20260920T143808Z-gpu_h96,electricity_hourly,T188,timesfm25,tsfm,168,96,140019,86.10105387369792,108.01880258029936,0.5238972263083115,2.3362106616553757,118.34164299989425,11.94287109375,,231289280,true,dcb2c10e4ac97b1d1289825869826fdec84593f7,41e5a8930cdcae89,true,2026-09-20T14:48:09+00:00
20260920T143808Z-gpu_h96,electricity_hourly,T188,timesfm25,tsfm,168,96,140020,142.44495137532553,188.77139789333637,0.8602614074000535,4.217980611345099,118.20355600002586,11.94287109375,,231289280,true,dcb2c10e4ac97b1d1289825869826fdec84593f7,41e5a8930cdcae89,true,2026-09-20T14:48:09+00:00
20260920T143808Z-gpu_h96,electricity_hourly,T188,chronos_bolt,tsfm,168,96,140000,162.26143519083658,241.43142134595766,1.2363430164284073,5.145615163364794,76.08288100027494,12.59375,,205292928,true,dcb2c10e4ac97b1d1289825869826fdec84593f7,41e5a8930cdcae89,true,2026-09-20T14:48:15+00:00
20260920T143808Z-gpu_h96,electricity_hourly,T188,chronos_bolt,tsfm,168,96,140001,268.9648793538411,316.15305879432,1.3606514184771867,7.162211168629738,73.49302299962801,12.59375,,205292928,true,dcb2c10e4ac97b1d1289825869826fdec84593f7,41e5a8930cdcae89,true,2026-09-20T14:48:15+00:00
20260920T143808Z-gpu_h96,electricity_hourly,T188,chronos_bolt,tsfm,168,96,140002,97.70757293701172,119.85151056147029,0.5399037031055137,2.9208561607213595,69.66399700013426,12.59375,,205292928,true,dcb2c10e4ac97b1d1289825869826fdec84593f7,41e5a8930cdcae89,true,2026-09-20T14:48:15+00:00
20260920T143808Z-gpu_h96,electricity_hourly,T188,chronos_bolt,tsfm,168,96,140003,182.27578989664713,242.8805458090201,1.5643193125405082,5.384852459708302,76.23493099981715,12.59375,,205292928,true,dcb2c10e4ac97b1d1289825869826fdec84593f7,41e5a8930cdcae89,true,2026-09-20T14:48:15+00:00
20260920T143808Z-gpu_h96,electricity_hourly,T188,chronos_bolt,tsfm,168,96,140004,154.1478042602539,204.21318748618737,0.6885867915832163,4.585145419784762,74.7534919996724,12.59375,,205292928,true,dcb2c10e4ac97b1d1289825869826fdec84593f7,41e5a8930cdcae89,true,2026-09-20T14:48:15+00:00
20260920T143808Z-gpu_h96,electricity_hourly,T188,chronos_bolt,tsfm,168,96,140005,117.96245574951172,143.53612318316894,0.9806369719391345,3.61648755101784,72.70755299987286,12.59375,,205292928,true,dcb2c10e4ac97b1d1289825869826fdec84593f7,41e5a8930cdcae89,true,2026-09-20T14:48:15+00:00
20260920T143808Z-gpu_h96,electricity_hourly,T188,chronos_bolt,tsfm,168,96,140006,97.26239776611328,132.9528380442997,0.6028920527880983,2.917624662467766,78.06100000016158,12.59375,,205292928,true,dcb2c10e4ac97b1d1289825869826fdec84593f7,41e5a8930cdcae89,true,2026-09-20T14:48:15+00:00
20260920T143808Z-gpu_h96,electricity_hourly,T188,chronos_bolt,tsfm,168,96,140007,184.63171895345053,232.09887646815812,1.4267221641694057,4.993066341436925,70.97028199996203,12.59375,,205292928,true,dcb2c10e4ac97b1d1289825869826fdec84593f7,41e5a8930cdcae89,true,2026-09-20T14:48:15+00:00
20260920T143808Z-gpu_h96,electricity_hourly,T188,chronos_bolt,tsfm,168,96,140008,92.08199055989583,120.13885529429247,0.6445873628226629,2.82759177727578,78.06300000038391,12.59375,,205292928,true,dcb2c10e4ac97b1d1289825869826fdec84593f7,41e5a8930cdcae89,true,2026-09-20T14:48:15+00:00
20260920T143808Z-gpu_h96,electricity_hourly,T188,chronos_bolt,tsfm,168,96,140009,114.54640452067058,134.0041693177069,0.5744473863264109,3.0841731842123927,72.24328699976468,12.59375,,205292928,true,dcb2c10e4ac97b1d1289825869826fdec84593f7,41e5a8930cdcae89,true,2026-09-20T14:48:15+00:00
20260920T143808Z-gpu_h96,electricity_hourly,T188,chronos_bolt,tsfm,168,96,140010,129.37158203125,164.88081252202633,0.986262259119064,3.428794137956564,80.78661799982001,12.59375,,205292928,true,dcb2c10e4ac97b1d1289825869826fdec84593f7,41e5a8930cdcae89,true,2026-09-20T14:48:15+00:00
20260920T143808Z-gpu_h96,electricity_hourly,T188,chronos_bolt,tsfm,168,96,140011,117.15033467610677,144.1959113870359,0.8742109236336929,3.2055147986652495,73.12812300006044,12.59375,,205292928,true,dcb2c10e4ac97b1d1289825869826fdec84593f7,41e5a8930cdcae89,true,2026-09-20T14:48:15+00:00
20260920T143808Z-gpu_h96,electricity_hourly,T188,chronos_bolt,tsfm,168,96,140012,169.88688151041666,208.57654199549728,1.4163797439497452,4.836535427878347,69.57473700003902,12.59375,,205292928,true,dcb2c10e4ac97b1d1289825869826fdec84593f7,41e5a8930cdcae89,true,2026-09-20T14:48:15+00:00
20260920T143808Z-gpu_h96,electricity_hourly,T188,chronos_bolt,tsfm,168,96,140013,249.01960245768228,310.3575872751501,1.4138241830188165,7.049007427904845,71.18483500016737,12.59375,,205292928,true,dcb2c10e4ac97b1d1289825869826fdec84593f7,41e5a8930cdcae89,true,2026-09-20T14:48:15+00:00
20260920T143808Z-gpu_h96,electricity_hourly,T188,chronos_bolt,tsfm,168,96,140014,112.91619110107422,137.66100660206752,0.7527746073404948,3.1339914667282205,75.86283800037563,12.59375,,205292928,true,dcb2c10e4ac97b1d1289825869826fdec84593f7,41e5a8930cdcae89,true,2026-09-20T14:48:15+00:00
20260920T143808Z-gpu_h96,electricity_hourly,T188,chronos_bolt,tsfm,168,96,140015,149.03201039632162,188.2289800270321,0.7260262355651514,4.363004738353618,77.87229099994875,12.59375,,205292928,true,dcb2c10e4ac97b1d1289825869826fdec84593f7,41e5a8930cdcae89,true,2026-09-20T14:48:15+00:00
20260920T143808Z-gpu_h96,electricity_hourly,T188,chronos_bolt,tsfm,168,96,140016,110.95659637451172,132.66569708236597,0.7356238433669284,3.0659108706539873,76.70012799962933,12.59375,,205292928,true,dcb2c10e4ac97b1d1289825869826fdec84593f7,41e5a8930cdcae89,true,2026-09-20T14:48:15+00:00
20260920T143808Z-gpu_h96,electricity_hourly,T188,chronos_bolt,tsfm,168,96,140017,131.43314361572266,174.95242607000208,0.7782545614813134,4.049435556571012,72.7161069999056,12.59375,,205292928,true,dcb2c10e4ac97b1d1289825869826fdec84593f7,41e5a8930cdcae89,true,2026-09-20T14:48:15+00:00
20260920T143808Z-gpu_h96,electricity_hourly,T188,chronos_bolt,tsfm,168,96,140018,253.35073598225912,284.6788594343525,2.025343140034715,7.17360306909612,72.18544799980009,12.59375,,205292928,true,dcb2c10e4ac97b1d1289825869826fdec84593f7,41e5a8930cdcae89,true,2026-09-20T14:48:15+00:00
20260920T143808Z-gpu_h96,electricity_hourly,T188,chronos_bolt,tsfm,168,96,140019,111.51141103108723,142.7852293487515,0.6785110786984095,3.1519090772087406,73.25170500007516,12.59375,,205292928,true,dcb2c10e4ac97b1d1289825869826fdec84593f7,41e5a8930cdcae89,true,2026-09-20T14:48:15+00:00
20260920T143808Z-gpu_h96,electricity_hourly,T188,chronos_bolt,tsfm,168,96,140020,133.6515884399414,167.16555859992752,0.8071560449317045,3.907340181453062,75.34542199982752,12.59375,,205292928,true,dcb2c10e4ac97b1d1289825869826fdec84593f7,41e5a8930cdcae89,true,2026-09-20T14:48:15+00:00
20260920T143808Z-gpu_h96,electricity_hourly,T201,lstm,deep,168,96,150000,38.49996422422016,59.980608573947976,0.7092228282317644,6.4002301626409395,347.0908019999115,16.14599609375,0.3127871810002034,4513,false,dcb2c10e4ac97b1d1289825869826fdec84593f7,41e5a8930cdcae89,true,2026-09-20T14:48:27+00:00
20260920T143808Z-gpu_h96,electricity_hourly,T201,lstm,deep,168,96,150001,43.61984269548814,58.85955222955449,1.656013010321722,6.568012964923903,344.95691199981593,16.10986328125,0.30945299400036674,4513,false,dcb2c10e4ac97b1d1289825869826fdec84593f7,41e5a8930cdcae89,true,2026-09-20T14:48:27+00:00
20260920T143808Z-gpu_h96,electricity_hourly,T201,lstm,deep,168,96,150002,191.7102936715216,237.22899971382165,4.670323513567774,29.13048350386444,360.0442380002278,16.10986328125,0.3235870739999882,4513,false,dcb2c10e4ac97b1d1289825869826fdec84593f7,41e5a8930cdcae89,true,2026-09-20T14:48:27+00:00
20260920T143808Z-gpu_h96,electricity_hourly,T201,lstm,deep,168,96,150003,42.452797246856925,59.11769865836739,1.5598884418339876,6.703441372351332,352.83384700005627,16.10986328125,0.31904583100003947,4513,false,dcb2c10e4ac97b1d1289825869826fdec84593f7,41e5a8930cdcae89,true,2026-09-20T14:48:27+00:00
20260920T143808Z-gpu_h96,electricity_hourly,T201,lstm,deep,168,96,150004,61.71721046639996,82.43862683666585,1.5735266124577894,9.673323934315027,343.72965100010333,16.10986328125,0.3091963870001564,4513,false,dcb2c10e4ac97b1d1289825869826fdec84593f7,41e5a8930cdcae89,true,2026-09-20T14:48:27+00:00
20260920T143808Z-gpu_h96,electricity_hourly,T201,lstm,deep,168,96,150005,74.33105402820861,126.15762948686631,2.3633631662755663,9.622655049901008,343.4739509998508,16.10986328125,0.3079696449999574,4513,false,dcb2c10e4ac97b1d1289825869826fdec84593f7,41e5a8930cdcae89,true,2026-09-20T14:48:27+00:00
20260920T143808Z-gpu_h96,electricity_hourly,T201,lstm,deep,168,96,150006,151.07340583462835,194.14940481305953,1.9528339712914256,20.06293246213006,347.68035600018266,16.10986328125,0.314765320999868,4513,false,dcb2c10e4ac97b1d1289825869826fdec84593f7,41e5a8930cdcae89,true,2026-09-20T14:48:27+00:00
20260920T143808Z-gpu_h96,electricity_hourly,T201,lstm,deep,168,96,150007,119.24473769401908,150.89394697756916,1.8422103023215048,14.2676155583323,355.13951799975985,16.10986328125,0.3195499670000572,4513,false,dcb2c10e4ac97b1d1289825869826fdec84593f7,41e5a8930cdcae89,true,2026-09-20T14:48:27+00:00
20260920T143808Z-gpu_h96,electricity_hourly,T201,lstm,deep,168,96,150008,86.9886086361309,118.66750649529251,1.1786187094093763,10.78909027562689,364.9172280001949,16.10986328125,0.3278286409999964,4513,false,dcb2c10e4ac97b1d1289825869826fdec84593f7,41e5a8930cdcae89,true,2026-09-20T14:48:27+00:00
20260920T143808Z-gpu_h96,electricity_hourly,T201,lstm,deep,168,96,150009,196.91348048913855,235.8757772970631,3.0841354351137644,27.10234976083426,351.84084699994855,16.10986328125,0.31898733700018056,4513,false,dcb2c10e4ac97b1d1289825869826fdec84593f7,41e5a8930cdcae89,true,2026-09-20T14:48:27+00:00
20260920T143808Z-gpu_h96,electricity_hourly,T201,lstm,deep,168,96,150010,84.03464000055838,116.88665919735139,1.9618982101297675,11.026375355257379,363.36274099994625,16.10986328125,0.32909452700005204,4513,false,dcb2c10e4ac97b1d1289825869826fdec84593f7,41e5a8930cdcae89,true,2026-09-20T14:48:27+00:00
20260920T143808Z-gpu_h96,electricity_hourly,T201,lstm,deep,168,96,150011,127.30410701975846,167.67711266822195,2.7927774848941525,17.73299138343617,394.44328899980974,16.10986328125,0.35748777099979634,4513,false,dcb2c10e4ac97b1d1289825869826fdec84593f7,41e5a8930cdcae89,true,2026-09-20T14:48:27+00:00
20260920T143808Z-gpu_h96,electricity_hourly,T201,lstm,deep,168,96,150012,111.80630390454182,146.08182358121994,3.1051316802804285,15.075114516563811,359.4851979996747,16.10986328125,0.3251763180001035,4513,false,dcb2c10e4ac97b1d1289825869826fdec84593f7,41e5a8930cdcae89,true,2026-09-20T14:48:27+00:00
20260920T143808Z-gpu_h96,electricity_hourly,T201,lstm,deep,168,96,150013,80.54738067048812,113.22387744776924,1.1843993481619821,11.54426128170037,359.4245420003972,16.10986328125,0.32543609799995465,4513,false,dcb2c10e4ac97b1d1289825869826fdec84593f7,41e5a8930cdcae89,true,2026-09-20T14:48:27+00:00
20260920T143808Z-gpu_h96,electricity_hourly,T201,lstm,deep,168,96,150014,72.72673791672798,106.13370747167959,1.133526383808727,11.097076069333127,361.79445600009785,16.10986328125,0.3269266530001005,4513,false,dcb2c10e4ac97b1d1289825869826fdec84593f7,41e5a8930cdcae89,true,2026-09-20T14:48:27+00:00
20260920T143808Z-gpu_h96,electricity_hourly,T201,lstm,deep,168,96,150015,75.44369360732868,111.86786900410463,2.2924439500855307,11.974656089430178,379.0048989999377,16.10986328125,0.3435785910000959,4513,false,dcb2c10e4ac97b1d1289825869826fdec84593f7,41e5a8930cdcae89,true,2026-09-20T14:48:27+00:00
20260920T143808Z-gpu_h96,electricity_hourly,T201,lstm,deep,168,96,150016,85.2712541082671,133.82286581523704,2.134375211470618,14.182955135181881,355.643850999968,16.10986328125,0.3200266159997227,4513,false,dcb2c10e4ac97b1d1289825869826fdec84593f7,41e5a8930cdcae89,true,2026-09-20T14:48:27+00:00
20260920T143808Z-gpu_h96,electricity_hourly,T201,lstm,deep,168,96,150017,57.59145881705888,84.7655738856949,1.4557082797360854,9.734430812276978,351.82132199997795,16.10986328125,0.3186681890001637,4513,false,dcb2c10e4ac97b1d1289825869826fdec84593f7,41e5a8930cdcae89,true,2026-09-20T14:48:27+00:00
20260920T143808Z-gpu_h96,electricity_hourly,T201,lstm,deep,168,96,150018,179.7206976361439,238.28132425254535,2.9818850627497087,30.160534625431012,376.2868039998466,16.10986328125,0.340010594999967,4513,false,dcb2c10e4ac97b1d1289825869826fdec84593f7,41e5a8930cdcae89,true,2026-09-20T14:48:27+00:00
20260920T143808Z-gpu_h96,electricity_hourly,T201,lstm,deep,168,96,150019,132.01178276026482,180.85470476711126,3.3152592810390886,20.1681554852566,344.7870800000601,16.10986328125,0.3101851359997454,4513,false,dcb2c10e4ac97b1d1289825869826fdec84593f7,41e5a8930cdcae89,true,2026-09-20T14:48:27+00:00
20260920T143808Z-gpu_h96,electricity_hourly,T201,lstm,deep,168,96,150020,69.1527266157232,93.84637522829088,1.2073220941639355,11.88889489250381,351.05910399988716,16.10986328125,0.3177699749999192,4513,false,dcb2c10e4ac97b1d1289825869826fdec84593f7,41e5a8930cdcae89,true,2026-09-20T14:48:27+00:00
20260920T143808Z-gpu_h96,electricity_hourly,T201,transformer,deep,168,96,150000,37.31407007148056,50.302364019539084,0.6873770103995395,6.280775989936682,571.9316290001188,10.6845703125,0.5689996380001503,19232,false,dcb2c10e4ac97b1d1289825869826fdec84593f7,41e5a8930cdcae89,true,2026-09-20T14:48:43+00:00
20260920T143808Z-gpu_h96,electricity_hourly,T201,transformer,deep,168,96,150001,52.23053197631348,64.69803117801035,1.9829150025281153,8.121307879552871,578.4418279999954,10.525390625,0.5754764319999595,19232,false,dcb2c10e4ac97b1d1289825869826fdec84593f7,41e5a8930cdcae89,true,2026-09-20T14:48:43+00:00
20260920T143808Z-gpu_h96,electricity_hourly,T201,transformer,deep,168,96,150002,40.28209237915831,50.36395692840363,0.9813265610892904,5.974699168556671,577.2629119996964,10.525390625,0.5742175679997672,19232,false,dcb2c10e4ac97b1d1289825869826fdec84593f7,41e5a8930cdcae89,true,2026-09-20T14:48:43+00:00
20260920T143808Z-gpu_h96,electricity_hourly,T201,transformer,deep,168,96,150003,47.80587547649075,66.71156920614501,1.7565823089090757,7.209074725741919,579.2595970001457,10.525390625,0.5764026970000486,19232,false,dcb2c10e4ac97b1d1289825869826fdec84593f7,41e5a8930cdcae89,true,2026-09-20T14:48:43+00:00
20260920T143808Z-gpu_h96,electricity_hourly,T201,transformer,deep,168,96,150004,52.75255798330534,70.02685679972585,1.3449660675630257,8.054286035994117,575.1668820003033,10.525390625,0.5722394510003141,19232,false,dcb2c10e4ac97b1d1289825869826fdec84593f7,41e5a8930cdcae89,true,2026-09-20T14:48:43+00:00
20260920T143808Z-gpu_h96,electricity_hourly,T201,transformer,deep,168,96,150005,71.26184767074575,117.65635921756505,2.26577744857306,9.320356556335112,579.0666049997526,10.525390625,0.576124363999952,19232,false,dcb2c10e4ac97b1d1289825869826fdec84593f7,41e5a8930cdcae89,true,2026-09-20T14:48:43+00:00
20260920T143808Z-gpu_h96,electricity_hourly,T201,transformer,deep,168,96,150006,183.18107863779906,217.87587696652136,2.367870316323435,24.598685485067204,621.3151000001744,10.525390625,0.6184818219999215,19232,false,dcb2c10e4ac97b1d1289825869826fdec84593f7,41e5a8930cdcae89,true,2026-09-20T14:48:43+00:00
20260920T143808Z-gpu_h96,electricity_hourly,T201,transformer,deep,168,96,150007,97.13342316117792,130.63102840390394,1.5006129101179722,11.876943902701475,586.4003379997484,10.525390625,0.5834241070001553,19232,false,dcb2c10e4ac97b1d1289825869826fdec84593f7,41e5a8930cdcae89,true,2026-09-20T14:48:43+00:00
20260920T143808Z-gpu_h96,electricity_hourly,T201,transformer,deep,168,96,150008,117.57244449894488,151.6145761443443,1.5930026352886772,15.171481356888899,583.2831279999482,10.525390625,0.580568238000069,19232,false,dcb2c10e4ac97b1d1289825869826fdec84593f7,41e5a8930cdcae89,true,2026-09-20T14:48:43+00:00
20260920T143808Z-gpu_h96,electricity_hourly,T201,transformer,deep,168,96,150009,71.04179389248434,100.00111595127304,1.1126841766932505,9.343763578453355,580.4545170003621,10.525390625,0.577344524000182,19232,false,dcb2c10e4ac97b1d1289825869826fdec84593f7,41e5a8930cdcae89,true,2026-09-20T14:48:43+00:00
20260920T143808Z-gpu_h96,electricity_hourly,T201,transformer,deep,168,96,150010,47.68254640559628,62.98439135214455,1.1132112001306522,6.095909457505005,588.3910070001548,10.525390625,0.5854150389995993,19232,false,dcb2c10e4ac97b1d1289825869826fdec84593f7,41e5a8930cdcae89,true,2026-09-20T14:48:43+00:00
20260920T143808Z-gpu_h96,electricity_hourly,T201,transformer,deep,168,96,150011,53.57504599136567,64.1003785074235,1.1753209358252066,8.17097745977389,585.6976959998974,10.525390625,0.5826612649998424,19232,false,dcb2c10e4ac97b1d1289825869826fdec84593f7,41e5a8930cdcae89,true,2026-09-20T14:48:43+00:00
20260920T143808Z-gpu_h96,electricity_hourly,T201,transformer,deep,168,96,150012,59.92905311605133,79.15286679395393,1.6643748599250514,7.942249668049123,589.5403149997946,10.525390625,0.586653822000244,19232,false,dcb2c10e4ac97b1d1289825869826fdec84593f7,41e5a8930cdcae89,true,2026-09-20T14:48:43+00:00
20260920T143808Z-gpu_h96,electricity_hourly,T201,transformer,deep,168,96,150013,127.03809819700764,157.4708998112439,1.868016556761881,18.00341183987102,595.1783880000221,10.525390625,0.5921590580001066,19232,false,dcb2c10e4ac97b1d1289825869826fdec84593f7,41e5a8930cdcae89,true,2026-09-20T14:48:43+00:00
20260920T143808Z-gpu_h96,electricity_hourly,T201,transformer,deep,168,96,150014,67.9333965292946,94.14892500014544,1.058816874144217,9.939594770368961,587.2786309996627,10.525390625,0.5845223020000958,19232,false,dcb2c10e4ac97b1d1289825869826fdec84593f7,41e5a8930cdcae89,true,2026-09-20T14:48:43+00:00
20260920T143808Z-gpu_h96,electricity_hourly,T201,transformer,deep,168,96,150015,41.93323280137014,56.28094106769173,1.2741898129135472,6.799841101781894,580.5461069999183,10.525390625,0.5771008830001847,19232,false,dcb2c10e4ac97b1d1289825869826fdec84593f7,41e5a8930cdcae89,true,2026-09-20T14:48:43+00:00
20260920T143808Z-gpu_h96,electricity_hourly,T201,transformer,deep,168,96,150016,111.23011480454237,153.78519988154886,2.7841363691733187,18.922949999142592,587.8801070002737,10.525390625,0.5849164950000159,19232,false,dcb2c10e4ac97b1d1289825869826fdec84593f7,41e5a8930cdcae89,true,2026-09-20T14:48:43+00:00
20260920T143808Z-gpu_h96,electricity_hourly,T201,transformer,deep,168,96,150017,61.673468041415184,87.20076368308305,1.5588870279030693,10.364752390021241,594.994188000328,10.525390625,0.5919520810002723,19232,false,dcb2c10e4ac97b1d1289825869826fdec84593f7,41e5a8930cdcae89,true,2026-09-20T14:48:43+00:00
20260920T143808Z-gpu_h96,electricity_hourly,T201,transformer,deep,168,96,150018,66.88872400939452,81.51817596144927,1.109802541462474,11.06981324815633,579.3401389996689,10.525390625,0.5764129710000816,19232,false,dcb2c10e4ac97b1d1289825869826fdec84593f7,41e5a8930cdcae89,true,2026-09-20T14:48:43+00:00
20260920T143808Z-gpu_h96,electricity_hourly,T201,transformer,deep,168,96,150019,68.70272177010372,98.82886134080593,1.7253561100270207,10.22336857443542,618.0571539998709,10.525390625,0.6150739859999703,19232,false,dcb2c10e4ac97b1d1289825869826fdec84593f7,41e5a8930cdcae89,true,2026-09-20T14:48:43+00:00
20260920T143808Z-gpu_h96,electricity_hourly,T201,transformer,deep,168,96,150020,59.83116433511674,78.24781214767465,1.0445790087605251,9.52592446575676,580.7203159997698,10.525390625,0.5776884360002441,19232,false,dcb2c10e4ac97b1d1289825869826fdec84593f7,41e5a8930cdcae89,true,2026-09-20T14:48:43+00:00
20260920T143808Z-gpu_h96,electricity_hourly,T201,timesfm25,tsfm,168,96,150000,29.967026710510254,39.28961068193169,0.5520342645917202,4.835085457536242,117.65311300041503,11.94287109375,,231289280,true,dcb2c10e4ac97b1d1289825869826fdec84593f7,41e5a8930cdcae89,true,2026-09-20T14:48:50+00:00
20260920T143808Z-gpu_h96,electricity_hourly,T201,timesfm25,tsfm,168,96,150001,46.377395947774254,62.94857627983534,1.7607026144158957,7.218510661450179,116.89451599977474,11.94287109375,,231289280,true,dcb2c10e4ac97b1d1289825869826fdec84593f7,41e5a8930cdcae89,true,2026-09-20T14:48:50+00:00
20260920T143808Z-gpu_h96,electricity_hourly,T201,timesfm25,tsfm,168,96,150002,38.88984648386637,47.37055900535467,0.9474095573806052,5.7923125140657925,121.10883700006525,11.94287109375,,231289280,true,dcb2c10e4ac97b1d1289825869826fdec84593f7,41e5a8930cdcae89,true,2026-09-20T14:48:50+00:00
20260920T143808Z-gpu_h96,electricity_hourly,T201,timesfm25,tsfm,168,96,150003,28.823475519816082,38.87496302593019,1.0590917261682866,4.373895377525167,118.05083599983845,11.94287109375,,231289280,true,dcb2c10e4ac97b1d1289825869826fdec84593f7,41e5a8930cdcae89,true,2026-09-20T14:48:50+00:00
20260920T143808Z-gpu_h96,electricity_hourly,T201,timesfm25,tsfm,168,96,150004,29.99007511138916,44.83856229595223,0.7646194787606302,4.469658022707926,116.19951600005152,11.94287109375,,231289280,true,dcb2c10e4ac97b1d1289825869826fdec84593f7,41e5a8930cdcae89,true,2026-09-20T14:48:50+00:00
20260920T143808Z-gpu_h96,electricity_hourly,T201,timesfm25,tsfm,168,96,150005,54.517731030782066,97.55431501303633,1.7333966148007545,6.568366847061009,119.18444699995234,11.94287109375,,231289280,true,dcb2c10e4ac97b1d1289825869826fdec84593f7,41e5a8930cdcae89,true,2026-09-20T14:48:50+00:00
20260920T143808Z-gpu_h96,electricity_hourly,T201,timesfm25,tsfm,168,96,150006,61.24657440185547,77.9419890422416,0.7916971915500168,8.112215143201935,119.89993399993182,11.94287109375,,231289280,true,dcb2c10e4ac97b1d1289825869826fdec84593f7,41e5a8930cdcae89,true,2026-09-20T14:48:50+00:00
20260920T143808Z-gpu_h96,electricity_hourly,T201,timesfm25,tsfm,168,96,150007,65.96009890238444,80.30068528615566,1.0190166550738504,8.293749989175367,118.36616899972796,11.94287109375,,231289280,true,dcb2c10e4ac97b1d1289825869826fdec84593f7,41e5a8930cdcae89,true,2026-09-20T14:48:50+00:00
20260920T143808Z-gpu_h96,electricity_hourly,T201,timesfm25,tsfm,168,96,150008,63.0048942565918,80.86872487769497,0.8536605921103894,7.822286729205665,118.72282500007714,11.94287109375,,231289280,true,dcb2c10e4ac97b1d1289825869826fdec84593f7,41e5a8930cdcae89,true,2026-09-20T14:48:50+00:00
20260920T143808Z-gpu_h96,electricity_hourly,T201,timesfm25,tsfm,168,96,150009,57.15472952524821,86.44627074060662,0.8951795792512227,7.052472656911056,119.31549500013716,11.94287109375,,231289280,true,dcb2c10e4ac97b1d1289825869826fdec84593f7,41e5a8930cdcae89,true,2026-09-20T14:48:50+00:00
20260920T143808Z-gpu_h96,electricity_hourly,T201,timesfm25,tsfm,168,96,150010,40.259182929992676,58.23522133745963,0.9399031034239534,4.968938360446191,119.6554909997758,11.94287109375,,231289280,true,dcb2c10e4ac97b1d1289825869826fdec84593f7,41e5a8930cdcae89,true,2026-09-20T14:48:50+00:00
20260920T143808Z-gpu_h96,electricity_hourly,T201,timesfm25,tsfm,168,96,150011,36.34160963694254,50.55306081199508,0.7972565185435292,5.629720139098607,118.23855900001945,11.94287109375,,231289280,true,dcb2c10e4ac97b1d1289825869826fdec84593f7,41e5a8930cdcae89,true,2026-09-20T14:48:50+00:00
20260920T143808Z-gpu_h96,electricity_hourly,T201,timesfm25,tsfm,168,96,150012,49.63716952006022,67.21639270156992,1.3785443415407275,6.404339983961109,119.59525999964171,11.94287109375,,231289280,true,dcb2c10e4ac97b1d1289825869826fdec84593f7,41e5a8930cdcae89,true,2026-09-20T14:48:50+00:00
20260920T143808Z-gpu_h96,electricity_hourly,T201,timesfm25,tsfm,168,96,150013,42.656118075052895,56.45870712287583,0.627231798509917,6.292349786115463,119.38449999979639,11.94287109375,,231289280,true,dcb2c10e4ac97b1d1289825869826fdec84593f7,41e5a8930cdcae89,true,2026-09-20T14:48:50+00:00
20260920T143808Z-gpu_h96,electricity_hourly,T201,timesfm25,tsfm,168,96,150014,58.81319999694824,93.12057401027374,0.9166685571555954,9.088047689187544,121.89487700015889,11.94287109375,,231289280,true,dcb2c10e4ac97b1d1289825869826fdec84593f7,41e5a8930cdcae89,true,2026-09-20T14:48:50+00:00
20260920T143808Z-gpu_h96,electricity_hourly,T201,timesfm25,tsfm,168,96,150015,29.453275362650555,42.405525478781875,0.8949718616209495,4.692577268524364,116.65816900040227,11.94287109375,,231289280,true,dcb2c10e4ac97b1d1289825869826fdec84593f7,41e5a8930cdcae89,true,2026-09-20T14:48:50+00:00
20260920T143808Z-gpu_h96,electricity_hourly,T201,timesfm25,tsfm,168,96,150016,35.49740505218506,49.440264447426,0.888514918740596,6.3217242378381515,111.74183599996468,11.94287109375,,231289280,true,dcb2c10e4ac97b1d1289825869826fdec84593f7,41e5a8930cdcae89,true,2026-09-20T14:48:50+00:00
20260920T143808Z-gpu_h96,electricity_hourly,T201,timesfm25,tsfm,168,96,150017,28.869351387023926,36.64689448848834,0.7297150429579508,4.5009767141557,125.48056299965538,11.94287109375,,231289280,true,dcb2c10e4ac97b1d1289825869826fdec84593f7,41e5a8930cdcae89,true,2026-09-20T14:48:50+00:00
20260920T143808Z-gpu_h96,electricity_hourly,T201,timesfm25,tsfm,168,96,150018,33.673383712768555,60.00620754456902,0.5587011469799138,4.974175015338866,119.18205099982515,11.94287109375,,231289280,true,dcb2c10e4ac97b1d1289825869826fdec84593f7,41e5a8930cdcae89,true,2026-09-20T14:48:50+00:00
20260920T143808Z-gpu_h96,electricity_hourly,T201,timesfm25,tsfm,168,96,150019,45.74950758616129,84.26724930105219,1.1489238040473015,6.450542558784529,116.3966359999904,11.94287109375,,231289280,true,dcb2c10e4ac97b1d1289825869826fdec84593f7,41e5a8930cdcae89,true,2026-09-20T14:48:50+00:00
20260920T143808Z-gpu_h96,electricity_hourly,T201,timesfm25,tsfm,168,96,150020,40.33516311645508,64.8510875747111,0.7042026538275378,5.924267851961803,108.76737500029776,11.94287109375,,231289280,true,dcb2c10e4ac97b1d1289825869826fdec84593f7,41e5a8930cdcae89,true,2026-09-20T14:48:50+00:00
20260920T143808Z-gpu_h96,electricity_hourly,T201,chronos_bolt,tsfm,168,96,150000,28.754836718241375,35.740080181837115,0.5297040408630879,4.341168185428965,72.03112999968653,12.59375,,205292928,true,dcb2c10e4ac97b1d1289825869826fdec84593f7,41e5a8930cdcae89,true,2026-09-20T14:48:55+00:00
20260920T143808Z-gpu_h96,electricity_hourly,T201,chronos_bolt,tsfm,168,96,150001,40.58465766906738,59.30875395745167,1.540783207051332,6.287670994351961,76.19848099966475,12.59375,,205292928,true,dcb2c10e4ac97b1d1289825869826fdec84593f7,41e5a8930cdcae89,true,2026-09-20T14:48:55+00:00
20260920T143808Z-gpu_h96,electricity_hourly,T201,chronos_bolt,tsfm,168,96,150002,31.963175773620605,42.08543488728728,0.7786664373881521,4.55747060838724,73.36444100019435,12.59375,,205292928,true,dcb2c10e4ac97b1d1289825869826fdec84593f7,41e5a8930cdcae89,true,2026-09-20T14:48:55+00:00
20260920T143808Z-gpu_h96,electricity_hourly,T201,chronos_bolt,tsfm,168,96,150003,32.31112194061279,42.71847454661044,1.1872420411962852,4.888706603752933,72.97879599991575,12.59375,,205292928,true,dcb2c10e4ac97b1d1289825869826fdec84593f7,41e5a8930cdcae89,true,2026-09-20T14:48:55+00:00
20260920T143808Z-gpu_h96,electricity_hourly,T201,chronos_bolt,tsfm,168,96,150004,24.85536511739095,37.981060724445506,0.6337061927946701,3.491488501386699,73.96864300017114,12.59375,,205292928,true,dcb2c10e4ac97b1d1289825869826fdec84593f7,41e5a8930cdcae89,true,2026-09-20T14:48:55+00:00
20260920T143808Z-gpu_h96,electricity_hourly,T201,chronos_bolt,tsfm,168,96,150005,53.42046356201172,98.35636564900055,1.698508887818434,6.349138222509749,71.9389119999505,12.59375,,205292928,true,dcb2c10e4ac97b1d1289825869826fdec84593f7,41e5a8930cdcae89,true,2026-09-20T14:48:55+00:00
20260920T143808Z-gpu_h96,electricity_hourly,T201,chronos_bolt,tsfm,168,96,150006,48.67352898915609,63.3105508214583,0.6291730856767035,6.37406509187919,71.98542899959648,12.59375,,205292928,true,dcb2c10e4ac97b1d1289825869826fdec84593f7,41e5a8930cdcae89,true,2026-09-20T14:48:55+00:00
20260920T143808Z-gpu_h96,electricity_hourly,T201,chronos_bolt,tsfm,168,96,150007,73.18418184916179,87.57484979262875,1.1306214125393517,8.915495338621422,72.41591699994387,12.59375,,205292928,true,dcb2c10e4ac97b1d1289825869826fdec84593f7,41e5a8930cdcae89,true,2026-09-20T14:48:55+00:00
20260920T143808Z-gpu_h96,electricity_hourly,T201,chronos_bolt,tsfm,168,96,150008,60.30443445841471,78.28588305645908,0.8170717502833759,7.383354834827522,80.56297100029042,12.59375,,205292928,true,dcb2c10e4ac97b1d1289825869826fdec84593f7,41e5a8930cdcae89,true,2026-09-20T14:48:55+00:00
20260920T143808Z-gpu_h96,electricity_hourly,T201,chronos_bolt,tsfm,168,96,150009,56.54846731821696,83.20134918910006,0.8856840650231936,6.676725909176208,91.15148399996542,12.59375,,205292928,true,dcb2c10e4ac97b1d1289825869826fdec84593f7,41e5a8930cdcae89,true,2026-09-20T14:48:55+00:00
20260920T143808Z-gpu_h96,electricity_hourly,T201,chronos_bolt,tsfm,168,96,150010,36.524731953938804,54.92829457538818,0.8527174775238631,4.630209653750436,77.39059300001827,12.59375,,205292928,true,dcb2c10e4ac97b1d1289825869826fdec84593f7,41e5a8930cdcae89,true,2026-09-20T14:48:55+00:00
20260920T143808Z-gpu_h96,electricity_hourly,T201,chronos_bolt,tsfm,168,96,150011,32.06207084655762,47.10984136450337,0.703372669394317,4.747953629094928,71.61579500007065,12.59375,,205292928,true,dcb2c10e4ac97b1d1289825869826fdec84593f7,41e5a8930cdcae89,true,2026-09-20T14:48:55+00:00
20260920T143808Z-gpu_h96,electricity_hourly,T201,chronos_bolt,tsfm,168,96,150012,51.555999437967934,70.61718539070583,1.4318348927805946,6.701616028867739,75.88559099986014,12.59375,,205292928,true,dcb2c10e4ac97b1d1289825869826fdec84593f7,41e5a8930cdcae89,true,2026-09-20T14:48:55+00:00
20260920T143808Z-gpu_h96,electricity_hourly,T201,chronos_bolt,tsfm,168,96,150013,48.18419869740804,70.96807219150001,0.7085188004111874,7.160646561053187,77.19165100024838,12.59375,,205292928,true,dcb2c10e4ac97b1d1289825869826fdec84593f7,41e5a8930cdcae89,true,2026-09-20T14:48:55+00:00
20260920T143808Z-gpu_h96,electricity_hourly,T201,chronos_bolt,tsfm,168,96,150014,55.356051445007324,92.89370148283149,0.862785085840573,8.38944023965526,77.6524539996899,12.59375,,205292928,true,dcb2c10e4ac97b1d1289825869826fdec84593f7,41e5a8930cdcae89,true,2026-09-20T14:48:55+00:00
20260920T143808Z-gpu_h96,electricity_hourly,T201,chronos_bolt,tsfm,168,96,150015,26.07951831817627,39.50164875618972,0.7924563489802454,4.061215110126307,71.83750200010763,12.59375,,205292928,true,dcb2c10e4ac97b1d1289825869826fdec84593f7,41e5a8930cdcae89,true,2026-09-20T14:48:55+00:00
20260920T143808Z-gpu_h96,electricity_hourly,T201,chronos_bolt,tsfm,168,96,150016,23.862735748291016,31.366123803190785,0.5972942721630291,3.852924387302596,72.4155329999121,12.59375,,205292928,true,dcb2c10e4ac97b1d1289825869826fdec84593f7,41e5a8930cdcae89,true,2026-09-20T14:48:55+00:00
20260920T143808Z-gpu_h96,electricity_hourly,T201,chronos_bolt,tsfm,168,96,150017,27.553393999735516,35.473603982122114,0.6964522969917349,4.189480296959105,76.98299000003317,12.59375,,205292928,true,dcb2c10e4ac97b1d1289825869826fdec84593f7,41e5a8930cdcae89,true,2026-09-20T14:48:55+00:00
20260920T143808Z-gpu_h96,electricity_hourly,T201,chronos_bolt,tsfm,168,96,150018,22.479300498962402,27.789999526352513,0.3729714566022106,3.5339814431226397,78.95931399980327,12.59375,,205292928,true,dcb2c10e4ac97b1d1289825869826fdec84593f7,41e5a8930cdcae89,true,2026-09-20T14:48:55+00:00
20260920T143808Z-gpu_h96,electricity_hourly,T201,chronos_bolt,tsfm,168,96,150019,51.49077320098877,92.94285098824197,1.2931062680401784,6.973408308465852,72.4477060002755,12.59375,,205292928,true,dcb2c10e4ac97b1d1289825869826fdec84593f7,41e5a8930cdcae89,true,2026-09-20T14:48:55+00:00
20260920T143808Z-gpu_h96,electricity_hourly,T201,chronos_bolt,tsfm,168,96,150020,33.31114959716797,47.585245850785654,0.5815719619292177,5.399109003918886,71.25890499992238,12.59375,,205292928,true,dcb2c10e4ac97b1d1289825869826fdec84593f7,41e5a8930cdcae89,true,2026-09-20T14:48:55+00:00
20260920T143808Z-gpu_h96,electricity_hourly,T215,lstm,deep,168,96,160000,54.80221120459669,73.24692728708195,1.7833939917428074,10.181809196533088,341.8486719997418,16.14599609375,0.3076023720000194,4513,false,dcb2c10e4ac97b1d1289825869826fdec84593f7,41e5a8930cdcae89,true,2026-09-20T14:49:07+00:00
20260920T143808Z-gpu_h96,electricity_hourly,T215,lstm,deep,168,96,160001,129.0004741439211,172.34945441414007,4.1188621456152195,20.891696282186686,354.78161500032,16.10986328125,0.3199385829998391,4513,false,dcb2c10e4ac97b1d1289825869826fdec84593f7,41e5a8930cdcae89,true,2026-09-20T14:49:07+00:00
20260920T143808Z-gpu_h96,electricity_hourly,T215,lstm,deep,168,96,160002,68.71184006501885,89.55076627391922,2.544228585590824,11.161105767882724,354.42338499979087,16.10986328125,0.319571218999954,4513,false,dcb2c10e4ac97b1d1289825869826fdec84593f7,41e5a8930cdcae89,true,2026-09-20T14:49:07+00:00
20260920T143808Z-gpu_h96,electricity_hourly,T215,lstm,deep,168,96,160003,70.868290462635,102.58051324014924,2.6026610116346443,13.056689706403638,397.4631179999051,16.10986328125,0.36115660199993727,4513,false,dcb2c10e4ac97b1d1289825869826fdec84593f7,41e5a8930cdcae89,true,2026-09-20T14:49:07+00:00
20260920T143808Z-gpu_h96,electricity_hourly,T215,lstm,deep,168,96,160004,119.19661510026795,149.2633908064896,3.7395016502044847,18.582526645643053,411.5275730000576,16.10986328125,0.37304630900007396,4513,false,dcb2c10e4ac97b1d1289825869826fdec84593f7,41e5a8930cdcae89,true,2026-09-20T14:49:07+00:00
20260920T143808Z-gpu_h96,electricity_hourly,T215,lstm,deep,168,96,160005,106.06218366965454,148.14744999541168,5.114854135442148,17.300760448403263,371.6063350002514,16.10986328125,0.3378894020002008,4513,false,dcb2c10e4ac97b1d1289825869826fdec84593f7,41e5a8930cdcae89,true,2026-09-20T14:49:07+00:00
20260920T143808Z-gpu_h96,electricity_hourly,T215,lstm,deep,168,96,160006,58.9128986726566,77.38895006058473,2.228969366490423,9.615558392504154,357.1679110000332,16.10986328125,0.3226502109996545,4513,false,dcb2c10e4ac97b1d1289825869826fdec84593f7,41e5a8930cdcae89,true,2026-09-20T14:49:07+00:00
20260920T143808Z-gpu_h96,electricity_hourly,T215,lstm,deep,168,96,160007,44.187585469562514,61.11307818818639,1.8347786354143605,8.063668701321363,366.5975610001624,16.10986328125,0.3301313609999852,4513,false,dcb2c10e4ac97b1d1289825869826fdec84593f7,41e5a8930cdcae89,true,2026-09-20T14:49:07+00:00
20260920T143808Z-gpu_h96,electricity_hourly,T215,lstm,deep,168,96,160008,78.51345295083935,108.53899146170073,3.4479832951878215,14.299939643853458,365.74354900039907,16.10986328125,0.32680122200008555,4513,false,dcb2c10e4ac97b1d1289825869826fdec84593f7,41e5a8930cdcae89,true,2026-09-20T14:49:07+00:00
20260920T143808Z-gpu_h96,electricity_hourly,T215,lstm,deep,168,96,160009,67.18715620537293,82.34447828484404,1.8063761190391527,10.480516328927743,362.60400300034235,16.10986328125,0.3275815109996074,4513,false,dcb2c10e4ac97b1d1289825869826fdec84593f7,41e5a8930cdcae89,true,2026-09-20T14:49:07+00:00
20260920T143808Z-gpu_h96,electricity_hourly,T215,lstm,deep,168,96,160010,49.56216452872226,64.03204037575446,2.30150006195937,8.76250888582234,357.2715770001196,16.10986328125,0.3228636750000078,4513,false,dcb2c10e4ac97b1d1289825869826fdec84593f7,41e5a8930cdcae89,true,2026-09-20T14:49:07+00:00
20260920T143808Z-gpu_h96,electricity_hourly,T215,lstm,deep,168,96,160011,39.26327916771361,49.04168673829113,1.919834363378866,7.147014368739073,361.17192399979103,16.10986328125,0.3273552309997285,4513,false,dcb2c10e4ac97b1d1289825869826fdec84593f7,41e5a8930cdcae89,true,2026-09-20T14:49:07+00:00
20260920T143808Z-gpu_h96,electricity_hourly,T215,lstm,deep,168,96,160012,102.9925425272183,141.2856523065971,4.043327732802464,19.518606480321612,354.31847500012736,16.10986328125,0.3207981430000473,4513,false,dcb2c10e4ac97b1d1289825869826fdec84593f7,41e5a8930cdcae89,true,2026-09-20T14:49:07+00:00
20260920T143808Z-gpu_h96,electricity_hourly,T215,lstm,deep,168,96,160013,62.298514389428505,85.89899731190663,1.8938117103816137,12.904781499226795,352.47097499996016,16.10986328125,0.31779198000003817,4513,false,dcb2c10e4ac97b1d1289825869826fdec84593f7,41e5a8930cdcae89,true,2026-09-20T14:49:07+00:00
20260920T143808Z-gpu_h96,electricity_hourly,T215,lstm,deep,168,96,160014,36.07545625897735,44.124899519538424,1.4762335042036767,6.376764323939605,348.7091500001043,16.10986328125,0.3162366470000961,4513,false,dcb2c10e4ac97b1d1289825869826fdec84593f7,41e5a8930cdcae89,true,2026-09-20T14:49:07+00:00
20260920T143808Z-gpu_h96,electricity_hourly,T215,lstm,deep,168,96,160015,111.72618091097674,154.25444630169835,2.657510745157029,21.022167493888087,345.17744799995853,16.10986328125,0.3115847349999967,4513,false,dcb2c10e4ac97b1d1289825869826fdec84593f7,41e5a8930cdcae89,true,2026-09-20T14:49:07+00:00
20260920T143808Z-gpu_h96,electricity_hourly,T215,lstm,deep,168,96,160016,104.46708328280722,138.06853169600512,3.067548938157471,22.179142550087473,341.21207899988804,16.10986328125,0.30824481699983153,4513,false,dcb2c10e4ac97b1d1289825869826fdec84593f7,41e5a8930cdcae89,true,2026-09-20T14:49:07+00:00
20260920T143808Z-gpu_h96,electricity_hourly,T215,lstm,deep,168,96,160017,111.1396880938529,132.07010538969652,3.129471076557454,22.017007417856746,339.4467439998152,16.10986328125,0.3061283150000236,4513,false,dcb2c10e4ac97b1d1289825869826fdec84593f7,41e5a8930cdcae89,true,2026-09-20T14:49:07+00:00
20260920T143808Z-gpu_h96,electricity_hourly,T215,lstm,deep,168,96,160018,56.71455109639977,80.41909510790983,2.888891177177774,12.400676036149715,362.70032999982504,16.10986328125,0.3287880769998992,4513,false,dcb2c10e4ac97b1d1289825869826fdec84593f7,41e5a8930cdcae89,true,2026-09-20T14:49:07+00:00
20260920T143808Z-gpu_h96,electricity_hourly,T215,lstm,deep,168,96,160019,40.421016994732966,50.15154122781633,2.025975094758631,8.30457390575387,362.56132400012575,16.10986328125,0.328141018000224,4513,false,dcb2c10e4ac97b1d1289825869826fdec84593f7,41e5a8930cdcae89,true,2026-09-20T14:49:07+00:00
20260920T143808Z-gpu_h96,electricity_hourly,T215,lstm,deep,168,96,160020,84.82606366675766,111.61410819393753,3.7138805618768935,16.856653039756452,370.9040300000197,16.10986328125,0.3368687930001215,4513,false,dcb2c10e4ac97b1d1289825869826fdec84593f7,41e5a8930cdcae89,true,2026-09-20T14:49:07+00:00
20260920T143808Z-gpu_h96,electricity_hourly,T215,transformer,deep,168,96,160000,46.86107712847204,57.961299327188165,1.5249706455367171,8.660940579043535,578.5452939999232,10.6845703125,0.5755965459998151,19232,false,dcb2c10e4ac97b1d1289825869826fdec84593f7,41e5a8930cdcae89,true,2026-09-20T14:49:24+00:00
20260920T143808Z-gpu_h96,electricity_hourly,T215,transformer,deep,168,96,160001,86.34888248507842,105.24684991829893,2.7570374895457412,13.70201033093131,568.253421999998,10.525390625,0.5654409200001282,19232,false,dcb2c10e4ac97b1d1289825869826fdec84593f7,41e5a8930cdcae89,true,2026-09-20T14:49:24+00:00
20260920T143808Z-gpu_h96,electricity_hourly,T215,transformer,deep,168,96,160002,56.05967991752416,70.08367069002031,2.0757505549301825,9.134516387573179,609.6021789999213,10.525390625,0.6065448149997792,19232,false,dcb2c10e4ac97b1d1289825869826fdec84593f7,41e5a8930cdcae89,true,2026-09-20T14:49:24+00:00
20260920T143808Z-gpu_h96,electricity_hourly,T215,transformer,deep,168,96,160003,33.78942479919004,42.469301235457195,1.240927613130162,6.185784038460001,575.3544310000507,10.525390625,0.5725001749997318,19232,false,dcb2c10e4ac97b1d1289825869826fdec84593f7,41e5a8930cdcae89,true,2026-09-20T14:49:24+00:00
20260920T143808Z-gpu_h96,electricity_hourly,T215,transformer,deep,168,96,160004,165.42052661028976,202.83606464384582,5.189663579930659,26.301394648786346,584.3117660001553,10.525390625,0.5813289709999481,19232,false,dcb2c10e4ac97b1d1289825869826fdec84593f7,41e5a8930cdcae89,true,2026-09-20T14:49:24+00:00
20260920T143808Z-gpu_h96,electricity_hourly,T215,transformer,deep,168,96,160005,41.57930578650997,55.62677431346172,2.0051641102670583,6.822571206044622,583.2896360002451,10.525390625,0.5804164540004422,19232,false,dcb2c10e4ac97b1d1289825869826fdec84593f7,41e5a8930cdcae89,true,2026-09-20T14:49:24+00:00
20260920T143808Z-gpu_h96,electricity_hourly,T215,transformer,deep,168,96,160006,52.38421338847462,61.6701073478258,1.9819565759170639,8.452643658889466,568.1559310000921,10.525390625,0.5649231639999925,19232,false,dcb2c10e4ac97b1d1289825869826fdec84593f7,41e5a8930cdcae89,true,2026-09-20T14:49:24+00:00
20260920T143808Z-gpu_h96,electricity_hourly,T215,transformer,deep,168,96,160007,42.18926244245234,51.54037074730971,1.7518032848077096,7.203240983433999,633.0389519998789,10.525390625,0.6298337489997721,19232,false,dcb2c10e4ac97b1d1289825869826fdec84593f7,41e5a8930cdcae89,true,2026-09-20T14:49:24+00:00
20260920T143808Z-gpu_h96,electricity_hourly,T215,transformer,deep,168,96,160008,85.1820263721437,110.12076620476478,3.74083921853879,15.864533834644948,573.6415040000793,10.525390625,0.5706585499997345,19232,false,dcb2c10e4ac97b1d1289825869826fdec84593f7,41e5a8930cdcae89,true,2026-09-20T14:49:24+00:00
20260920T143808Z-gpu_h96,electricity_hourly,T215,transformer,deep,168,96,160009,64.4265175740881,76.10166971076856,1.7321543186461326,10.611537880362642,631.1925569998493,10.525390625,0.6280713760002072,19232,false,dcb2c10e4ac97b1d1289825869826fdec84593f7,41e5a8930cdcae89,true,2026-09-20T14:49:24+00:00
20260920T143808Z-gpu_h96,electricity_hourly,T215,transformer,deep,168,96,160010,26.426817253447553,34.420780523394384,1.2271724232494188,4.8774214104868605,630.869746999906,10.525390625,0.627544281000155,19232,false,dcb2c10e4ac97b1d1289825869826fdec84593f7,41e5a8930cdcae89,true,2026-09-20T14:49:24+00:00
20260920T143808Z-gpu_h96,electricity_hourly,T215,transformer,deep,168,96,160011,39.48963519714061,49.68407421616072,1.9309023661759754,7.3200485759447815,574.3501460001426,10.525390625,0.5715629880000961,19232,false,dcb2c10e4ac97b1d1289825869826fdec84593f7,41e5a8930cdcae89,true,2026-09-20T14:49:24+00:00
20260920T143808Z-gpu_h96,electricity_hourly,T215,transformer,deep,168,96,160012,41.63500408097283,53.80507579394016,1.6345257872573848,7.694523108301713,584.656496000207,10.525390625,0.5817477310001777,19232,false,dcb2c10e4ac97b1d1289825869826fdec84593f7,41e5a8930cdcae89,true,2026-09-20T14:49:24+00:00
20260920T143808Z-gpu_h96,electricity_hourly,T215,transformer,deep,168,96,160013,37.64876031000059,46.12096540132334,1.1444841639518861,7.372968585823997,575.8501860000251,10.525390625,0.5729352530001961,19232,false,dcb2c10e4ac97b1d1289825869826fdec84593f7,41e5a8930cdcae89,true,2026-09-20T14:49:24+00:00
20260920T143808Z-gpu_h96,electricity_hourly,T215,transformer,deep,168,96,160014,93.19776349108588,118.79526590689485,3.813719222141622,17.89019219720315,575.9936780000317,10.525390625,0.5730939340000987,19232,false,dcb2c10e4ac97b1d1289825869826fdec84593f7,41e5a8930cdcae89,true,2026-09-20T14:49:24+00:00
20260920T143808Z-gpu_h96,electricity_hourly,T215,transformer,deep,168,96,160015,70.36302711907054,86.90925502073716,1.673649802633987,13.519320600212515,573.3113920000505,10.525390625,0.5699213630000486,19232,false,dcb2c10e4ac97b1d1289825869826fdec84593f7,41e5a8930cdcae89,true,2026-09-20T14:49:24+00:00
20260920T143808Z-gpu_h96,electricity_hourly,T215,transformer,deep,168,96,160016,41.37303980232824,53.53198786610654,1.2148690317160005,9.084505910314945,578.5334819997843,10.525390625,0.5756321670000943,19232,false,dcb2c10e4ac97b1d1289825869826fdec84593f7,41e5a8930cdcae89,true,2026-09-20T14:49:24+00:00
20260920T143808Z-gpu_h96,electricity_hourly,T215,transformer,deep,168,96,160017,56.561318051522505,69.80346914371324,1.5926534609736491,10.702571614142002,591.6420349999498,10.525390625,0.5887079629997061,19232,false,dcb2c10e4ac97b1d1289825869826fdec84593f7,41e5a8930cdcae89,true,2026-09-20T14:49:24+00:00
20260920T143808Z-gpu_h96,electricity_hourly,T215,transformer,deep,168,96,160018,28.472260740817347,38.64902494079177,1.4503026341272367,6.704541637520944,594.3631029999779,10.525390625,0.5914984739997635,19232,false,dcb2c10e4ac97b1d1289825869826fdec84593f7,41e5a8930cdcae89,true,2026-09-20T14:49:24+00:00
20260920T143808Z-gpu_h96,electricity_hourly,T215,transformer,deep,168,96,160019,36.714866627577074,45.46100897984858,1.8402160787925856,7.699719457224706,591.6989659999672,10.525390625,0.5886816669999462,19232,false,dcb2c10e4ac97b1d1289825869826fdec84593f7,41e5a8930cdcae89,true,2026-09-20T14:49:24+00:00
20260920T143808Z-gpu_h96,electricity_hourly,T215,transformer,deep,168,96,160020,48.1497684499142,68.38369560667797,2.1081078311911354,9.714235057607242,588.9512519997879,10.525390625,0.5859641639999609,19232,false,dcb2c10e4ac97b1d1289825869826fdec84593f7,41e5a8930cdcae89,true,2026-09-20T14:49:24+00:00
20260920T143808Z-gpu_h96,electricity_hourly,T215,timesfm25,tsfm,168,96,160000,35.54302724202474,46.31792001505976,1.156654445842161,6.408810450374992,119.08829200001492,11.94287109375,,231289280,true,dcb2c10e4ac97b1d1289825869826fdec84593f7,41e5a8930cdcae89,true,2026-09-20T14:49:30+00:00
20260920T143808Z-gpu_h96,electricity_hourly,T215,timesfm25,tsfm,168,96,160001,79.81142775217693,92.98356893385548,2.5483027929741637,12.553767918287742,120.76599500005614,11.94287109375,,231289280,true,dcb2c10e4ac97b1d1289825869826fdec84593f7,41e5a8930cdcae89,true,2026-09-20T14:49:30+00:00
20260920T143808Z-gpu_h96,electricity_hourly,T215,timesfm25,tsfm,168,96,160002,51.93531195322672,63.97803088896118,1.9230354644547822,7.9703762158452545,118.85176399982811,11.94287109375,,231289280,true,dcb2c10e4ac97b1d1289825869826fdec84593f7,41e5a8930cdcae89,true,2026-09-20T14:49:30+00:00
20260920T143808Z-gpu_h96,electricity_hourly,T215,timesfm25,tsfm,168,96,160003,22.075546264648438,26.672196985343575,0.8107316149220543,3.8438906205197916,116.47155400032716,11.94287109375,,231289280,true,dcb2c10e4ac97b1d1289825869826fdec84593f7,41e5a8930cdcae89,true,2026-09-20T14:49:30+00:00
20260920T143808Z-gpu_h96,electricity_hourly,T215,timesfm25,tsfm,168,96,160004,50.25645732879639,66.01601001345804,1.5766731710994946,7.119158764027617,117.98678900004234,11.94287109375,,231289280,true,dcb2c10e4ac97b1d1289825869826fdec84593f7,41e5a8930cdcae89,true,2026-09-20T14:49:30+00:00
20260920T143808Z-gpu_h96,electricity_hourly,T215,timesfm25,tsfm,168,96,160005,29.982014020284016,36.21218213246869,1.4458841322575011,4.756708493518139,116.01332200007164,11.94287109375,,231289280,true,dcb2c10e4ac97b1d1289825869826fdec84593f7,41e5a8930cdcae89,true,2026-09-20T14:49:30+00:00
20260920T143808Z-gpu_h96,electricity_hourly,T215,timesfm25,tsfm,168,96,160006,27.28856627146403,34.56061015538246,1.0324628331820338,4.196944388278453,118.01062299991827,11.94287109375,,231289280,true,dcb2c10e4ac97b1d1289825869826fdec84593f7,41e5a8930cdcae89,true,2026-09-20T14:49:30+00:00
20260920T143808Z-gpu_h96,electricity_hourly,T215,timesfm25,tsfm,168,96,160007,23.94069258371989,30.925116879630032,0.9940772007080924,4.218980357993648,115.6490609996581,11.94287109375,,231289280,true,dcb2c10e4ac97b1d1289825869826fdec84593f7,41e5a8930cdcae89,true,2026-09-20T14:49:30+00:00
20260920T143808Z-gpu_h96,electricity_hourly,T215,timesfm25,tsfm,168,96,160008,38.87645626068115,53.71127173676686,1.7072917662513225,8.163613813402463,118.23168099999748,11.94287109375,,231289280,true,dcb2c10e4ac97b1d1289825869826fdec84593f7,41e5a8930cdcae89,true,2026-09-20T14:49:30+00:00
20260920T143808Z-gpu_h96,electricity_hourly,T215,timesfm25,tsfm,168,96,160009,32.6529328028361,40.771477195767545,0.8778981186722178,5.272215835558338,118.22658000028241,11.94287109375,,231289280,true,dcb2c10e4ac97b1d1289825869826fdec84593f7,41e5a8930cdcae89,true,2026-09-20T14:49:30+00:00
20260920T143808Z-gpu_h96,electricity_hourly,T215,timesfm25,tsfm,168,96,160010,16.010201454162598,20.438387558168785,0.743459854691846,2.88279110878545,117.14956900004836,11.94287109375,,231289280,true,dcb2c10e4ac97b1d1289825869826fdec84593f7,41e5a8930cdcae89,true,2026-09-20T14:49:30+00:00
20260920T143808Z-gpu_h96,electricity_hourly,T215,timesfm25,tsfm,168,96,160011,24.16638469696045,30.317111982887536,1.1816500496985753,4.20812479555297,107.81153700008872,11.94287109375,,231289280,true,dcb2c10e4ac97b1d1289825869826fdec84593f7,41e5a8930cdcae89,true,2026-09-20T14:49:30+00:00
20260920T143808Z-gpu_h96,electricity_hourly,T215,timesfm25,tsfm,168,96,160012,24.099045117696125,32.29208022219733,0.9460911932792372,4.21063218815714,118.9716359999693,11.94287109375,,231289280,true,dcb2c10e4ac97b1d1289825869826fdec84593f7,41e5a8930cdcae89,true,2026-09-20T14:49:30+00:00
20260920T143808Z-gpu_h96,electricity_hourly,T215,timesfm25,tsfm,168,96,160013,30.610705693562824,36.555933721108644,0.9305344352698008,6.096711584004772,120.34817699986888,11.94287109375,,231289280,true,dcb2c10e4ac97b1d1289825869826fdec84593f7,41e5a8930cdcae89,true,2026-09-20T14:49:30+00:00
20260920T143808Z-gpu_h96,electricity_hourly,T215,timesfm25,tsfm,168,96,160014,23.813393592834473,28.037389390095093,0.9744611188883672,4.559830479806645,116.86384999984512,11.94287109375,,231289280,true,dcb2c10e4ac97b1d1289825869826fdec84593f7,41e5a8930cdcae89,true,2026-09-20T14:49:30+00:00
20260920T143808Z-gpu_h96,electricity_hourly,T215,timesfm25,tsfm,168,96,160015,51.190659840901695,58.66781965243747,1.217617280655739,9.386797008240793,118.9040020003631,11.94287109375,,231289280,true,dcb2c10e4ac97b1d1289825869826fdec84593f7,41e5a8930cdcae89,true,2026-09-20T14:49:30+00:00
20260920T143808Z-gpu_h96,electricity_hourly,T215,timesfm25,tsfm,168,96,160016,43.55751291910807,52.73557686173134,1.2790134299248699,9.412404022228642,116.71957799990196,11.94287109375,,231289280,true,dcb2c10e4ac97b1d1289825869826fdec84593f7,41e5a8930cdcae89,true,2026-09-20T14:49:30+00:00
20260920T143808Z-gpu_h96,electricity_hourly,T215,timesfm25,tsfm,168,96,160017,45.58603541056315,60.09438426734697,1.2836114781230141,8.311522297907992,118.39943500035588,11.94287109375,,231289280,true,dcb2c10e4ac97b1d1289825869826fdec84593f7,41e5a8930cdcae89,true,2026-09-20T14:49:30+00:00
20260920T143808Z-gpu_h96,electricity_hourly,T215,timesfm25,tsfm,168,96,160018,17.79042116800944,22.55372614359897,0.9061976116708029,3.994040601935784,118.29740400025912,11.94287109375,,231289280,true,dcb2c10e4ac97b1d1289825869826fdec84593f7,41e5a8930cdcae89,true,2026-09-20T14:49:30+00:00
20260920T143808Z-gpu_h96,electricity_hourly,T215,timesfm25,tsfm,168,96,160019,27.6135679880778,33.76935105281862,1.3840423913272548,5.482843622225239,121.32268200002727,11.94287109375,,231289280,true,dcb2c10e4ac97b1d1289825869826fdec84593f7,41e5a8930cdcae89,true,2026-09-20T14:49:30+00:00
20260920T143808Z-gpu_h96,electricity_hourly,T215,timesfm25,tsfm,168,96,160020,20.84251085917155,31.117905027401516,0.9125331601461548,4.1603880169149585,123.7200099999427,11.94287109375,,231289280,true,dcb2c10e4ac97b1d1289825869826fdec84593f7,41e5a8930cdcae89,true,2026-09-20T14:49:30+00:00
20260920T143808Z-gpu_h96,electricity_hourly,T215,chronos_bolt,tsfm,168,96,160000,37.28302447001139,48.00925704946252,1.2132780844478284,6.6088560388625925,76.81484400018235,12.59375,,205292928,true,dcb2c10e4ac97b1d1289825869826fdec84593f7,41e5a8930cdcae89,true,2026-09-20T14:49:36+00:00
20260920T143808Z-gpu_h96,electricity_hourly,T215,chronos_bolt,tsfm,168,96,160001,57.29696559906006,68.0814435028721,1.8294374825420507,9.18244583020094,79.30431600016163,12.59375,,205292928,true,dcb2c10e4ac97b1d1289825869826fdec84593f7,41e5a8930cdcae89,true,2026-09-20T14:49:36+00:00
20260920T143808Z-gpu_h96,electricity_hourly,T215,chronos_bolt,tsfm,168,96,160002,47.86664326985677,61.545506814290974,1.7723827798558436,7.222812860650092,78.07320700021592,12.59375,,205292928,true,dcb2c10e4ac97b1d1289825869826fdec84593f7,41e5a8930cdcae89,true,2026-09-20T14:49:36+00:00
20260920T143808Z-gpu_h96,electricity_hourly,T215,chronos_bolt,tsfm,168,96,160003,24.554251352945965,29.032611038312854,0.9017628652956436,4.353341851651051,73.59398100015824,12.59375,,205292928,true,dcb2c10e4ac97b1d1289825869826fdec84593f7,41e5a8930cdcae89,true,2026-09-20T14:49:36+00:00
20260920T143808Z-gpu_h96,electricity_hourly,T215,chronos_bolt,tsfm,168,96,160004,43.69066969553629,55.22898345084411,1.3706876767227072,6.852407134990885,76.65792700026941,12.59375,,205292928,true,dcb2c10e4ac97b1d1289825869826fdec84593f7,41e5a8930cdcae89,true,2026-09-20T14:49:36+00:00
20260920T143808Z-gpu_h96,electricity_hourly,T215,chronos_bolt,tsfm,168,96,160005,27.781937917073567,34.502949675391356,1.3397853516606142,4.306870207862448,77.7242520002801,12.59375,,205292928,true,dcb2c10e4ac97b1d1289825869826fdec84593f7,41e5a8930cdcae89,true,2026-09-20T14:49:36+00:00
20260920T143808Z-gpu_h96,electricity_hourly,T215,chronos_bolt,tsfm,168,96,160006,21.125256220499676,28.628434830905583,0.7992740135974653,3.3325126250490134,81.70786900018356,12.59375,,205292928,true,dcb2c10e4ac97b1d1289825869826fdec84593f7,41e5a8930cdcae89,true,2026-09-20T14:49:36+00:00
20260920T143808Z-gpu_h96,electricity_hourly,T215,chronos_bolt,tsfm,168,96,160007,21.243292490641277,28.660628639152062,0.8820744286771465,3.6510298515000836,76.3982670000587,12.59375,,205292928,true,dcb2c10e4ac97b1d1289825869826fdec84593f7,41e5a8930cdcae89,true,2026-09-20T14:49:36+00:00
20260920T143808Z-gpu_h96,electricity_hourly,T215,chronos_bolt,tsfm,168,96,160008,27.496079444885254,36.58962196424017,1.2075130954752902,5.5739937093339105,77.46571200004837,12.59375,,205292928,true,dcb2c10e4ac97b1d1289825869826fdec84593f7,41e5a8930cdcae89,true,2026-09-20T14:49:36+00:00
20260920T143808Z-gpu_h96,electricity_hourly,T215,chronos_bolt,tsfm,168,96,160009,23.153251965840656,31.878109660083375,0.6224922111801819,3.8465033709606513,82.57122099985281,12.59375,,205292928,true,dcb2c10e4ac97b1d1289825869826fdec84593f7,41e5a8930cdcae89,true,2026-09-20T14:49:36+00:00
20260920T143808Z-gpu_h96,electricity_hourly,T215,chronos_bolt,tsfm,168,96,160010,16.400570551554363,20.346761213033073,0.7615872813362877,2.902327502241818,75.51403599973128,12.59375,,205292928,true,dcb2c10e4ac97b1d1289825869826fdec84593f7,41e5a8930cdcae89,true,2026-09-20T14:49:36+00:00
20260920T143808Z-gpu_h96,electricity_hourly,T215,chronos_bolt,tsfm,168,96,160011,25.70750617980957,32.6093019030739,1.2570053955492626,4.505252590387334,76.71345000017027,12.59375,,205292928,true,dcb2c10e4ac97b1d1289825869826fdec84593f7,41e5a8930cdcae89,true,2026-09-20T14:49:36+00:00
20260920T143808Z-gpu_h96,electricity_hourly,T215,chronos_bolt,tsfm,168,96,160012,20.118005116780598,29.117371597099392,0.7898017275944401,3.569902997073044,76.54142599994884,12.59375,,205292928,true,dcb2c10e4ac97b1d1289825869826fdec84593f7,41e5a8930cdcae89,true,2026-09-20T14:49:36+00:00
20260920T143808Z-gpu_h96,electricity_hourly,T215,chronos_bolt,tsfm,168,96,160013,31.430851936340332,37.07712825662287,0.9554660499964128,6.241736093211197,76.62412699983179,12.59375,,205292928,true,dcb2c10e4ac97b1d1289825869826fdec84593f7,41e5a8930cdcae89,true,2026-09-20T14:49:36+00:00
20260920T143808Z-gpu_h96,electricity_hourly,T215,chronos_bolt,tsfm,168,96,160014,22.16954294840495,27.040752912166404,0.9071935733362639,4.239943556087688,77.82265600008031,12.59375,,205292928,true,dcb2c10e4ac97b1d1289825869826fdec84593f7,41e5a8930cdcae89,true,2026-09-20T14:49:36+00:00
20260920T143808Z-gpu_h96,electricity_hourly,T215,chronos_bolt,tsfm,168,96,160015,48.97738393147787,58.53814754935061,1.1649724621957076,8.634918934041115,78.49985200027731,12.59375,,205292928,true,dcb2c10e4ac97b1d1289825869826fdec84593f7,41e5a8930cdcae89,true,2026-09-20T14:49:36+00:00
20260920T143808Z-gpu_h96,electricity_hourly,T215,chronos_bolt,tsfm,168,96,160016,20.42681121826172,27.505662657148743,0.5998084860174729,3.992449610292887,77.00539899997239,12.59375,,205292928,true,dcb2c10e4ac97b1d1289825869826fdec84593f7,41e5a8930cdcae89,true,2026-09-20T14:49:36+00:00
20260920T143808Z-gpu_h96,electricity_hourly,T215,chronos_bolt,tsfm,168,96,160017,46.042783419291176,59.23266687217765,1.2964725874810188,8.560647600351496,77.37803999998505,12.59375,,205292928,true,dcb2c10e4ac97b1d1289825869826fdec84593f7,41e5a8930cdcae89,true,2026-09-20T14:49:36+00:00
20260920T143808Z-gpu_h96,electricity_hourly,T215,chronos_bolt,tsfm,168,96,160018,14.884779612223307,18.682854007996593,0.7581918161160793,3.384510336240234,79.35546099997737,12.59375,,205292928,true,dcb2c10e4ac97b1d1289825869826fdec84593f7,41e5a8930cdcae89,true,2026-09-20T14:49:36+00:00
20260920T143808Z-gpu_h96,electricity_hourly,T215,chronos_bolt,tsfm,168,96,160019,28.76342010498047,35.02084401204135,1.441675076615798,5.701463405170483,78.60864600024797,12.59375,,205292928,true,dcb2c10e4ac97b1d1289825869826fdec84593f7,41e5a8930cdcae89,true,2026-09-20T14:49:36+00:00
20260920T143808Z-gpu_h96,electricity_hourly,T215,chronos_bolt,tsfm,168,96,160020,21.868776321411133,31.8892423277666,0.9574654272676203,4.411177036681121,77.51150199965195,12.59375,,205292928,true,dcb2c10e4ac97b1d1289825869826fdec84593f7,41e5a8930cdcae89,true,2026-09-20T14:49:36+00:00
20260920T143808Z-gpu_h96,electricity_hourly,T228,lstm,deep,168,96,170000,54.35667497643999,73.8792525433768,3.213202461661477,24.07929946395255,361.67184300029476,16.14599609375,0.3254686169998422,4513,false,dcb2c10e4ac97b1d1289825869826fdec84593f7,41e5a8930cdcae89,true,2026-09-20T14:49:48+00:00
20260920T143808Z-gpu_h96,electricity_hourly,T228,lstm,deep,168,96,170001,100.37160073298772,123.74566756902456,5.195366824424958,41.665411567996976,355.2862339997773,16.10986328125,0.3197599990003255,4513,false,dcb2c10e4ac97b1d1289825869826fdec84593f7,41e5a8930cdcae89,true,2026-09-20T14:49:48+00:00
20260920T143808Z-gpu_h96,electricity_hourly,T228,lstm,deep,168,96,170002,73.3316482447761,95.56627180968466,5.551922895503553,31.487696334401615,366.3810610000837,16.10986328125,0.33139823300007265,4513,false,dcb2c10e4ac97b1d1289825869826fdec84593f7,41e5a8930cdcae89,true,2026-09-20T14:49:48+00:00
20260920T143808Z-gpu_h96,electricity_hourly,T228,lstm,deep,168,96,170003,57.220728497590954,83.51398019847471,4.972712675710982,24.211234048746768,356.6622719999941,16.10986328125,0.32176768299996183,4513,false,dcb2c10e4ac97b1d1289825869826fdec84593f7,41e5a8930cdcae89,true,2026-09-20T14:49:48+00:00
20260920T143808Z-gpu_h96,electricity_hourly,T228,lstm,deep,168,96,170004,95.02672667108895,114.51422411568223,6.855635591501407,39.637577436582234,369.4194660001813,16.10986328125,0.33290360099999816,4513,false,dcb2c10e4ac97b1d1289825869826fdec84593f7,41e5a8930cdcae89,true,2026-09-20T14:49:48+00:00
20260920T143808Z-gpu_h96,electricity_hourly,T228,lstm,deep,168,96,170005,23.908729760894527,32.363336308822404,1.3910533679065906,10.54270445089438,402.20447700039585,16.10986328125,0.365056475000074,4513,false,dcb2c10e4ac97b1d1289825869826fdec84593f7,41e5a8930cdcae89,true,2026-09-20T14:49:48+00:00
20260920T143808Z-gpu_h96,electricity_hourly,T228,lstm,deep,168,96,170006,94.39660897713982,113.91886349122197,5.993435490612052,37.52363377648604,399.08999999988737,16.10986328125,0.36124949300028675,4513,false,dcb2c10e4ac97b1d1289825869826fdec84593f7,41e5a8930cdcae89,true,2026-09-20T14:49:48+00:00
20260920T143808Z-gpu_h96,electricity_hourly,T228,lstm,deep,168,96,170007,30.157869374763266,35.093381104387795,2.1020005759757554,12.141462830466674,397.9535870003019,16.10986328125,0.36121587299976454,4513,false,dcb2c10e4ac97b1d1289825869826fdec84593f7,41e5a8930cdcae89,true,2026-09-20T14:49:48+00:00
20260920T143808Z-gpu_h96,electricity_hourly,T228,lstm,deep,168,96,170008,94.64509870105451,117.11146645499397,4.730612361316157,39.00982148768925,362.44155100030184,16.10986328125,0.3250270379999165,4513,false,dcb2c10e4ac97b1d1289825869826fdec84593f7,41e5a8930cdcae89,true,2026-09-20T14:49:48+00:00
20260920T143808Z-gpu_h96,electricity_hourly,T228,lstm,deep,168,96,170009,18.09828038932289,23.173858824834493,1.1291821386752583,7.156771166068866,356.32628700022906,16.10986328125,0.322107419999611,4513,false,dcb2c10e4ac97b1d1289825869826fdec84593f7,41e5a8930cdcae89,true,2026-09-20T14:49:48+00:00
20260920T143808Z-gpu_h96,electricity_hourly,T228,lstm,deep,168,96,170010,19.909773270496583,26.48715880033214,1.4839582561860807,8.271066809443237,350.62492599990946,16.10986328125,0.3160072370001217,4513,false,dcb2c10e4ac97b1d1289825869826fdec84593f7,41e5a8930cdcae89,true,2026-09-20T14:49:48+00:00
20260920T143808Z-gpu_h96,electricity_hourly,T228,lstm,deep,168,96,170011,27.514697664893912,39.353057022591614,2.0214879917064916,12.69312952520377,362.2269090001282,16.10986328125,0.3261608080001679,4513,false,dcb2c10e4ac97b1d1289825869826fdec84593f7,41e5a8930cdcae89,true,2026-09-20T14:49:48+00:00
20260920T143808Z-gpu_h96,electricity_hourly,T228,lstm,deep,168,96,170012,97.8294929495706,117.20205382708134,5.634978793895266,39.89997255905399,350.3003929999977,16.10986328125,0.3152009369996449,4513,false,dcb2c10e4ac97b1d1289825869826fdec84593f7,41e5a8930cdcae89,true,2026-09-20T14:49:48+00:00
20260920T143808Z-gpu_h96,electricity_hourly,T228,lstm,deep,168,96,170013,52.89262322505442,74.25650393279126,2.1051790338330116,23.22761151168895,351.5871760000664,16.10986328125,0.31756338000013784,4513,false,dcb2c10e4ac97b1d1289825869826fdec84593f7,41e5a8930cdcae89,true,2026-09-20T14:49:48+00:00
20260920T143808Z-gpu_h96,electricity_hourly,T228,lstm,deep,168,96,170014,19.63115989142946,30.006877768232087,0.9095518096415194,8.18897595339654,348.0790359999446,16.10986328125,0.31471144300030574,4513,false,dcb2c10e4ac97b1d1289825869826fdec84593f7,41e5a8930cdcae89,true,2026-09-20T14:49:48+00:00
20260920T143808Z-gpu_h96,electricity_hourly,T228,lstm,deep,168,96,170015,44.86889049843216,59.22309230819192,1.9602913324557738,18.94460571561804,367.5753849997818,16.10986328125,0.3297753290003129,4513,false,dcb2c10e4ac97b1d1289825869826fdec84593f7,41e5a8930cdcae89,true,2026-09-20T14:49:48+00:00
20260920T143808Z-gpu_h96,electricity_hourly,T228,lstm,deep,168,96,170016,72.018710852249,100.05106869786044,5.353998122211593,32.77416983860158,361.33422800003245,16.10986328125,0.3262674299999162,4513,false,dcb2c10e4ac97b1d1289825869826fdec84593f7,41e5a8930cdcae89,true,2026-09-20T14:49:48+00:00
20260920T143808Z-gpu_h96,electricity_hourly,T228,lstm,deep,168,96,170017,50.89867142918981,79.66588029828497,4.3292431694053946,22.718795695457395,362.3981040000217,16.10986328125,0.32370966400003454,4513,false,dcb2c10e4ac97b1d1289825869826fdec84593f7,41e5a8930cdcae89,true,2026-09-20T14:49:48+00:00
20260920T143808Z-gpu_h96,electricity_hourly,T228,lstm,deep,168,96,170018,89.54245856768061,111.47406548693229,6.0678183688216505,40.72950695138093,356.35854800011657,16.10986328125,0.32151940899984766,4513,false,dcb2c10e4ac97b1d1289825869826fdec84593f7,41e5a8930cdcae89,true,2026-09-20T14:49:48+00:00
20260920T143808Z-gpu_h96,electricity_hourly,T228,lstm,deep,168,96,170019,48.996680432425876,71.39008977127793,3.9816715475560533,20.68419300198536,366.23824800017246,16.10986328125,0.3317823419997694,4513,false,dcb2c10e4ac97b1d1289825869826fdec84593f7,41e5a8930cdcae89,true,2026-09-20T14:49:48+00:00
20260920T143808Z-gpu_h96,electricity_hourly,T228,lstm,deep,168,96,170020,72.63183590783166,92.92503402689279,5.712170601162074,32.259650205817906,382.93089900025734,16.10986328125,0.3483196419997512,4513,false,dcb2c10e4ac97b1d1289825869826fdec84593f7,41e5a8930cdcae89,true,2026-09-20T14:49:48+00:00
20260920T143808Z-gpu_h96,electricity_hourly,T228,transformer,deep,168,96,170000,36.07100519130566,49.48990862063342,2.132276168944177,16.826302268986616,584.4176990003689,10.6845703125,0.5814463719998457,19232,false,dcb2c10e4ac97b1d1289825869826fdec84593f7,41e5a8930cdcae89,true,2026-09-20T14:50:05+00:00
20260920T143808Z-gpu_h96,electricity_hourly,T228,transformer,deep,168,96,170001,28.444851638951604,38.68878874175407,1.4723431473792348,11.801586533063736,570.7023380000464,10.525390625,0.5676942469999631,19232,false,dcb2c10e4ac97b1d1289825869826fdec84593f7,41e5a8930cdcae89,true,2026-09-20T14:50:05+00:00
20260920T143808Z-gpu_h96,electricity_hourly,T228,transformer,deep,168,96,170002,21.779811651710663,29.592751032588467,1.648944730728883,10.271916354770505,571.0322750001069,10.525390625,0.5680300059998444,19232,false,dcb2c10e4ac97b1d1289825869826fdec84593f7,41e5a8930cdcae89,true,2026-09-20T14:50:05+00:00
20260920T143808Z-gpu_h96,electricity_hourly,T228,transformer,deep,168,96,170003,21.387785639473673,29.699001764571392,1.8586850525553464,9.543602960095935,586.5949160001946,10.525390625,0.5836054939995847,19232,false,dcb2c10e4ac97b1d1289825869826fdec84593f7,41e5a8930cdcae89,true,2026-09-20T14:50:05+00:00
20260920T143808Z-gpu_h96,electricity_hourly,T228,transformer,deep,168,96,170004,28.260295323285806,38.39059246450456,2.0388189010787356,11.764172132345683,585.565910999776,10.525390625,0.5826240719998168,19232,false,dcb2c10e4ac97b1d1289825869826fdec84593f7,41e5a8930cdcae89,true,2026-09-20T14:50:05+00:00
20260920T143808Z-gpu_h96,electricity_hourly,T228,transformer,deep,168,96,170005,34.18200540791589,47.67100545748368,1.988771223733288,14.084258326622622,575.5295250000927,10.525390625,0.5725312220001797,19232,false,dcb2c10e4ac97b1d1289825869826fdec84593f7,41e5a8930cdcae89,true,2026-09-20T14:50:05+00:00
20260920T143808Z-gpu_h96,electricity_hourly,T228,transformer,deep,168,96,170006,23.14227175549909,30.41713150362961,1.469350587650736,9.464221370343012,590.6883359998574,10.525390625,0.5876007270003356,19232,false,dcb2c10e4ac97b1d1289825869826fdec84593f7,41e5a8930cdcae89,true,2026-09-20T14:50:05+00:00
20260920T143808Z-gpu_h96,electricity_hourly,T228,transformer,deep,168,96,170007,31.84553082374975,39.64218883170816,2.219630415595336,12.511147159321737,580.6400370001938,10.525390625,0.5776881639999374,19232,false,dcb2c10e4ac97b1d1289825869826fdec84593f7,41e5a8930cdcae89,true,2026-09-20T14:50:05+00:00
20260920T143808Z-gpu_h96,electricity_hourly,T228,transformer,deep,168,96,170008,31.636837113913174,48.035259076089446,1.5812927956971528,13.758470574896215,588.2605159999912,10.525390625,0.5853134939998199,19232,false,dcb2c10e4ac97b1d1289825869826fdec84593f7,41e5a8930cdcae89,true,2026-09-20T14:50:05+00:00
20260920T143808Z-gpu_h96,electricity_hourly,T228,transformer,deep,168,96,170009,24.153163941152282,30.579174455245365,1.5069565023942497,10.298875586479776,589.62945400026,10.525390625,0.5866187690003244,19232,false,dcb2c10e4ac97b1d1289825869826fdec84593f7,41e5a8930cdcae89,true,2026-09-20T14:50:05+00:00
20260920T143808Z-gpu_h96,electricity_hourly,T228,transformer,deep,168,96,170010,18.60142094524145,24.335522463698624,1.3864413126888038,7.674053539796291,587.3732610002662,10.525390625,0.584282259000247,19232,false,dcb2c10e4ac97b1d1289825869826fdec84593f7,41e5a8930cdcae89,true,2026-09-20T14:50:05+00:00
20260920T143808Z-gpu_h96,electricity_hourly,T228,transformer,deep,168,96,170011,35.78908847394373,51.69876174878186,2.629402418493825,16.038826886606913,590.3021869999066,10.525390625,0.5872178790000362,19232,false,dcb2c10e4ac97b1d1289825869826fdec84593f7,41e5a8930cdcae89,true,2026-09-20T14:50:05+00:00
20260920T143808Z-gpu_h96,electricity_hourly,T228,transformer,deep,168,96,170012,21.221743668828722,31.13773722262146,1.2223724353245344,9.389920886896363,588.3616750002147,10.525390625,0.5854889809997985,19232,false,dcb2c10e4ac97b1d1289825869826fdec84593f7,41e5a8930cdcae89,true,2026-09-20T14:50:05+00:00
20260920T143808Z-gpu_h96,electricity_hourly,T228,transformer,deep,168,96,170013,37.25911422347529,51.93744407254692,1.4829498198398123,17.313676383131696,599.3595129998539,10.525390625,0.5963218269998833,19232,false,dcb2c10e4ac97b1d1289825869826fdec84593f7,41e5a8930cdcae89,true,2026-09-20T14:50:05+00:00
20260920T143808Z-gpu_h96,electricity_hourly,T228,transformer,deep,168,96,170014,23.04835125013663,33.044360181222984,1.0678772779986083,10.092017584538935,579.4996320000791,10.525390625,0.5766120859998409,19232,false,dcb2c10e4ac97b1d1289825869826fdec84593f7,41e5a8930cdcae89,true,2026-09-20T14:50:05+00:00
20260920T143808Z-gpu_h96,electricity_hourly,T228,transformer,deep,168,96,170015,36.44012946704922,53.78260925797566,1.5920444912788494,16.462635294894312,582.6280719998067,10.525390625,0.5797189909999361,19232,false,dcb2c10e4ac97b1d1289825869826fdec84593f7,41e5a8930cdcae89,true,2026-09-20T14:50:05+00:00
20260920T143808Z-gpu_h96,electricity_hourly,T228,transformer,deep,168,96,170016,17.391002621514378,22.58891304179399,1.2928778407320962,8.564589861690534,597.3530470000696,10.525390625,0.5944757580000442,19232,false,dcb2c10e4ac97b1d1289825869826fdec84593f7,41e5a8930cdcae89,true,2026-09-20T14:50:05+00:00
20260920T143808Z-gpu_h96,electricity_hourly,T228,transformer,deep,168,96,170017,21.815983019910252,29.02865762353366,1.8555827258517876,10.252126639688901,616.5392210000391,10.525390625,0.6134616590002224,19232,false,dcb2c10e4ac97b1d1289825869826fdec84593f7,41e5a8930cdcae89,true,2026-09-20T14:50:05+00:00
20260920T143808Z-gpu_h96,electricity_hourly,T228,transformer,deep,168,96,170018,20.872044023223335,28.13104049483269,1.414387924397252,9.465538327336425,614.6089670000947,10.525390625,0.6115362199998344,19232,false,dcb2c10e4ac97b1d1289825869826fdec84593f7,41e5a8930cdcae89,true,2026-09-20T14:50:05+00:00
20260920T143808Z-gpu_h96,electricity_hourly,T228,transformer,deep,168,96,170019,18.31480281923421,24.140740532448863,1.4883361207504098,9.437416114180918,577.1138019999853,10.525390625,0.5741443950000757,19232,false,dcb2c10e4ac97b1d1289825869826fdec84593f7,41e5a8930cdcae89,true,2026-09-20T14:50:05+00:00
20260920T143808Z-gpu_h96,electricity_hourly,T228,transformer,deep,168,96,170020,28.590248451393208,40.93920335789244,2.248495782086631,13.291006893615553,579.3834730002345,10.525390625,0.5764767640002901,19232,false,dcb2c10e4ac97b1d1289825869826fdec84593f7,41e5a8930cdcae89,true,2026-09-20T14:50:05+00:00
20260920T143808Z-gpu_h96,electricity_hourly,T228,timesfm25,tsfm,168,96,170000,16.292991161346436,23.55681264055354,0.9631324824441242,6.497339446186978,117.55636199995934,11.94287109375,,231289280,true,dcb2c10e4ac97b1d1289825869826fdec84593f7,41e5a8930cdcae89,true,2026-09-20T14:50:11+00:00
20260920T143808Z-gpu_h96,electricity_hourly,T228,timesfm25,tsfm,168,96,170001,18.080938180287678,27.412475151159637,0.9358932774843371,6.461092904098726,118.60047899972415,11.94287109375,,231289280,true,dcb2c10e4ac97b1d1289825869826fdec84593f7,41e5a8930cdcae89,true,2026-09-20T14:50:11+00:00
20260920T143808Z-gpu_h96,electricity_hourly,T228,timesfm25,tsfm,168,96,170002,15.402912775675455,23.058921477403988,1.1661511249722742,7.114559353797661,115.93652300007307,11.94287109375,,231289280,true,dcb2c10e4ac97b1d1289825869826fdec84593f7,41e5a8930cdcae89,true,2026-09-20T14:50:11+00:00
20260920T143808Z-gpu_h96,electricity_hourly,T228,timesfm25,tsfm,168,96,170003,12.432007789611816,15.971264749694178,1.080391745144298,5.371712080108345,117.31393899981413,11.94287109375,,231289280,true,dcb2c10e4ac97b1d1289825869826fdec84593f7,41e5a8930cdcae89,true,2026-09-20T14:50:11+00:00
20260920T143808Z-gpu_h96,electricity_hourly,T228,timesfm25,tsfm,168,96,170004,18.104830980300903,25.738659323650044,1.306160150883432,7.803575930271982,123.32535099994857,11.94287109375,,231289280,true,dcb2c10e4ac97b1d1289825869826fdec84593f7,41e5a8930cdcae89,true,2026-09-20T14:50:11+00:00
20260920T143808Z-gpu_h96,electricity_hourly,T228,timesfm25,tsfm,168,96,170005,11.379384994506836,14.360460839303462,0.6620733087713068,4.35252951394503,118.12185000007958,11.94287109375,,231289280,true,dcb2c10e4ac97b1d1289825869826fdec84593f7,41e5a8930cdcae89,true,2026-09-20T14:50:11+00:00
20260920T143808Z-gpu_h96,electricity_hourly,T228,timesfm25,tsfm,168,96,170006,11.788769563039144,16.16157474411236,0.748493305589787,4.531284044690603,119.64371500016568,11.94287109375,,231289280,true,dcb2c10e4ac97b1d1289825869826fdec84593f7,41e5a8930cdcae89,true,2026-09-20T14:50:11+00:00
20260920T143808Z-gpu_h96,electricity_hourly,T228,timesfm25,tsfm,168,96,170007,15.09925397237142,18.621468084761194,1.0524165401846488,5.9464647601866645,120.8839769997212,11.94287109375,,231289280,true,dcb2c10e4ac97b1d1289825869826fdec84593f7,41e5a8930cdcae89,true,2026-09-20T14:50:11+00:00
20260920T143808Z-gpu_h96,electricity_hourly,T228,timesfm25,tsfm,168,96,170008,12.850882689158121,15.31118027456524,0.6423211062959978,5.622870119557094,118.98260599991772,11.94287109375,,231289280,true,dcb2c10e4ac97b1d1289825869826fdec84593f7,41e5a8930cdcae89,true,2026-09-20T14:50:11+00:00
20260920T143808Z-gpu_h96,electricity_hourly,T228,timesfm25,tsfm,168,96,170009,14.190375804901123,18.370889905496657,0.8853614020388915,5.754899534002844,111.75613200020962,11.94287109375,,231289280,true,dcb2c10e4ac97b1d1289825869826fdec84593f7,41e5a8930cdcae89,true,2026-09-20T14:50:11+00:00
20260920T143808Z-gpu_h96,electricity_hourly,T228,timesfm25,tsfm,168,96,170010,13.464323361714682,16.71698186551061,1.003552051804821,5.405635065145637,113.54781599993657,11.94287109375,,231289280,true,dcb2c10e4ac97b1d1289825869826fdec84593f7,41e5a8930cdcae89,true,2026-09-20T14:50:11+00:00
20260920T143808Z-gpu_h96,electricity_hourly,T228,timesfm25,tsfm,168,96,170011,11.115482648213705,15.530277098664182,0.8166477047667212,4.157305125222957,118.69132999981957,11.94287109375,,231289280,true,dcb2c10e4ac97b1d1289825869826fdec84593f7,41e5a8930cdcae89,true,2026-09-20T14:50:11+00:00
20260920T143808Z-gpu_h96,electricity_hourly,T228,timesfm25,tsfm,168,96,170012,10.12058401107788,13.633159200922213,0.5829456390380859,4.018893631610795,116.10378000023047,11.94287109375,,231289280,true,dcb2c10e4ac97b1d1289825869826fdec84593f7,41e5a8930cdcae89,true,2026-09-20T14:50:11+00:00
20260920T143808Z-gpu_h96,electricity_hourly,T228,timesfm25,tsfm,168,96,170013,18.25543753306071,24.40686403119118,0.726584578430277,8.038286937451748,115.90579999983674,11.94287109375,,231289280,true,dcb2c10e4ac97b1d1289825869826fdec84593f7,41e5a8930cdcae89,true,2026-09-20T14:50:11+00:00
20260920T143808Z-gpu_h96,electricity_hourly,T228,timesfm25,tsfm,168,96,170014,18.61116933822632,25.75723767091639,0.8622935600722619,7.2016195310638516,115.06865999990623,11.94287109375,,231289280,true,dcb2c10e4ac97b1d1289825869826fdec84593f7,41e5a8930cdcae89,true,2026-09-20T14:50:11+00:00
20260920T143808Z-gpu_h96,electricity_hourly,T228,timesfm25,tsfm,168,96,170015,24.022157351175945,28.626689664011682,1.0495117289348714,11.489773531803985,111.50013499991474,11.94287109375,,231289280,true,dcb2c10e4ac97b1d1289825869826fdec84593f7,41e5a8930cdcae89,true,2026-09-20T14:50:11+00:00
20260920T143808Z-gpu_h96,electricity_hourly,T228,timesfm25,tsfm,168,96,170016,12.266124407450357,15.256211492028918,0.9118853457268206,5.721769879741449,122.8473269998176,11.94287109375,,231289280,true,dcb2c10e4ac97b1d1289825869826fdec84593f7,41e5a8930cdcae89,true,2026-09-20T14:50:11+00:00
20260920T143808Z-gpu_h96,electricity_hourly,T228,timesfm25,tsfm,168,96,170017,12.939260880152384,16.439550279468406,1.1005632408398955,5.4202359240854845,121.83368799969685,11.94287109375,,231289280,true,dcb2c10e4ac97b1d1289825869826fdec84593f7,41e5a8930cdcae89,true,2026-09-20T14:50:11+00:00
20260920T143808Z-gpu_h96,electricity_hourly,T228,timesfm25,tsfm,168,96,170018,11.649252017339071,14.697002730224684,0.7894081367043888,5.269604360915389,119.56999499989251,11.94287109375,,231289280,true,dcb2c10e4ac97b1d1289825869826fdec84593f7,41e5a8930cdcae89,true,2026-09-20T14:50:11+00:00
20260920T143808Z-gpu_h96,electricity_hourly,T228,timesfm25,tsfm,168,96,170019,13.944777965545654,19.783069125380166,1.1332099475386987,6.788404714226444,120.71119000029285,11.94287109375,,231289280,true,dcb2c10e4ac97b1d1289825869826fdec84593f7,41e5a8930cdcae89,true,2026-09-20T14:50:11+00:00
20260920T143808Z-gpu_h96,electricity_hourly,T228,timesfm25,tsfm,168,96,170020,11.448331038157145,16.0467371227289,0.9003602782603106,4.733866667525291,122.47619500021756,11.94287109375,,231289280,true,dcb2c10e4ac97b1d1289825869826fdec84593f7,41e5a8930cdcae89,true,2026-09-20T14:50:11+00:00
20260920T143808Z-gpu_h96,electricity_hourly,T228,chronos_bolt,tsfm,168,96,170000,15.251253207524618,23.129800569265733,0.9015519137452975,6.305490557517395,75.55436600023313,12.59375,,205292928,true,dcb2c10e4ac97b1d1289825869826fdec84593f7,41e5a8930cdcae89,true,2026-09-20T14:50:16+00:00
20260920T143808Z-gpu_h96,electricity_hourly,T228,chronos_bolt,tsfm,168,96,170001,19.78090262413025,28.386516863265886,1.0238856857925076,6.908830275010551,72.81894500010822,12.59375,,205292928,true,dcb2c10e4ac97b1d1289825869826fdec84593f7,41e5a8930cdcae89,true,2026-09-20T14:50:16+00:00
20260920T143808Z-gpu_h96,electricity_hourly,T228,chronos_bolt,tsfm,168,96,170002,15.70615037282308,23.31815938760435,1.1891091764913373,7.29946391561733,75.07498699987991,12.59375,,205292928,true,dcb2c10e4ac97b1d1289825869826fdec84593f7,41e5a8930cdcae89,true,2026-09-20T14:50:16+00:00
20260920T143808Z-gpu_h96,electricity_hourly,T228,chronos_bolt,tsfm,168,96,170003,10.116349379221598,14.28063118842342,0.8791516660277068,4.160743561113103,76.95163400012461,12.59375,,205292928,true,dcb2c10e4ac97b1d1289825869826fdec84593f7,41e5a8930cdcae89,true,2026-09-20T14:50:16+00:00
20260920T143808Z-gpu_h96,electricity_hourly,T228,chronos_bolt,tsfm,168,96,170004,16.505171140034992,23.857794681225112,1.1907538297420035,6.649636615364188,80.48814699986906,12.59375,,205292928,true,dcb2c10e4ac97b1d1289825869826fdec84593f7,41e5a8930cdcae89,true,2026-09-20T14:50:16+00:00
20260920T143808Z-gpu_h96,electricity_hourly,T228,chronos_bolt,tsfm,168,96,170005,10.129371484120687,13.24490133774805,0.5893452499852037,3.7705842792908504,77.93119899997691,12.59375,,205292928,true,dcb2c10e4ac97b1d1289825869826fdec84593f7,41e5a8930cdcae89,true,2026-09-20T14:50:16+00:00
20260920T143808Z-gpu_h96,electricity_hourly,T228,chronos_bolt,tsfm,168,96,170006,10.520735581715902,14.375703113568662,0.6679832115375176,4.142282282370133,71.55606300011641,12.59375,,205292928,true,dcb2c10e4ac97b1d1289825869826fdec84593f7,41e5a8930cdcae89,true,2026-09-20T14:50:16+00:00
20260920T143808Z-gpu_h96,electricity_hourly,T228,chronos_bolt,tsfm,168,96,170007,15.890723864237467,19.455781723307677,1.1075819150291362,6.333804053409129,76.02440299979207,12.59375,,205292928,true,dcb2c10e4ac97b1d1289825869826fdec84593f7,41e5a8930cdcae89,true,2026-09-20T14:50:16+00:00
20260920T143808Z-gpu_h96,electricity_hourly,T228,chronos_bolt,tsfm,168,96,170008,10.770989259084066,13.390772146549686,0.538362531519648,4.536714141255971,77.32141899987255,12.59375,,205292928,true,dcb2c10e4ac97b1d1289825869826fdec84593f7,41e5a8930cdcae89,true,2026-09-20T14:50:16+00:00
20260920T143808Z-gpu_h96,electricity_hourly,T228,chronos_bolt,tsfm,168,96,170009,14.159746170043945,18.057430925854163,0.8834503676283917,5.369503607597151,75.2632070002619,12.59375,,205292928,true,dcb2c10e4ac97b1d1289825869826fdec84593f7,41e5a8930cdcae89,true,2026-09-20T14:50:16+00:00
20260920T143808Z-gpu_h96,electricity_hourly,T228,chronos_bolt,tsfm,168,96,170010,11.420681953430176,14.30330248254124,0.8512309530506964,4.453051647577516,76.68616199998723,12.59375,,205292928,true,dcb2c10e4ac97b1d1289825869826fdec84593f7,41e5a8930cdcae89,true,2026-09-20T14:50:16+00:00
20260920T143808Z-gpu_h96,electricity_hourly,T228,chronos_bolt,tsfm,168,96,170011,10.916343371073404,14.701824933602186,0.8020170639972297,4.012686034682108,75.95222100007959,12.59375,,205292928,true,dcb2c10e4ac97b1d1289825869826fdec84593f7,41e5a8930cdcae89,true,2026-09-20T14:50:16+00:00
20260920T143808Z-gpu_h96,electricity_hourly,T228,chronos_bolt,tsfm,168,96,170012,9.56864309310913,13.077720429279855,0.5511538421630859,3.5352414605075664,77.3347819999799,12.59375,,205292928,true,dcb2c10e4ac97b1d1289825869826fdec84593f7,41e5a8930cdcae89,true,2026-09-20T14:50:16+00:00
20260920T143808Z-gpu_h96,electricity_hourly,T228,chronos_bolt,tsfm,168,96,170013,17.67612314224243,25.631114834735733,0.7035272892434798,7.931183364266893,77.76073200011524,12.59375,,205292928,true,dcb2c10e4ac97b1d1289825869826fdec84593f7,41e5a8930cdcae89,true,2026-09-20T14:50:16+00:00
20260920T143808Z-gpu_h96,electricity_hourly,T228,chronos_bolt,tsfm,168,96,170014,16.34282398223877,26.16814412888098,0.7571964779415646,6.39788549125864,75.02042399983111,12.59375,,205292928,true,dcb2c10e4ac97b1d1289825869826fdec84593f7,41e5a8930cdcae89,true,2026-09-20T14:50:16+00:00
20260920T143808Z-gpu_h96,electricity_hourly,T228,chronos_bolt,tsfm,168,96,170015,20.996779600779217,24.499427387141242,0.9173350311020046,9.61513651425851,76.6118120000101,12.59375,,205292928,true,dcb2c10e4ac97b1d1289825869826fdec84593f7,41e5a8930cdcae89,true,2026-09-20T14:50:16+00:00
20260920T143808Z-gpu_h96,electricity_hourly,T228,chronos_bolt,tsfm,168,96,170016,10.406281312306723,13.462740085837499,0.7736213262633805,4.751317469331038,78.67890500028807,12.59375,,205292928,true,dcb2c10e4ac97b1d1289825869826fdec84593f7,41e5a8930cdcae89,true,2026-09-20T14:50:16+00:00
20260920T143808Z-gpu_h96,electricity_hourly,T228,chronos_bolt,tsfm,168,96,170017,11.770935853322348,15.774473435705572,1.0011900548602588,4.960320563544298,77.96086500002275,12.59375,,205292928,true,dcb2c10e4ac97b1d1289825869826fdec84593f7,41e5a8930cdcae89,true,2026-09-20T14:50:16+00:00
20260920T143808Z-gpu_h96,electricity_hourly,T228,chronos_bolt,tsfm,168,96,170018,11.703126351038614,15.302434912941957,0.7930589150821461,5.131144372266294,79.51569000033487,12.59375,,205292928,true,dcb2c10e4ac97b1d1289825869826fdec84593f7,41e5a8930cdcae89,true,2026-09-20T14:50:16+00:00
20260920T143808Z-gpu_h96,electricity_hourly,T228,chronos_bolt,tsfm,168,96,170019,13.907895882924398,19.75572528304452,1.1302127579803123,6.695484682523531,76.32547200000772,12.59375,,205292928,true,dcb2c10e4ac97b1d1289825869826fdec84593f7,41e5a8930cdcae89,true,2026-09-20T14:50:16+00:00
20260920T143808Z-gpu_h96,electricity_hourly,T228,chronos_bolt,tsfm,168,96,170020,11.061116059621176,15.36035309561904,0.8699075437386397,4.490728504236791,76.98909800001275,12.59375,,205292928,true,dcb2c10e4ac97b1d1289825869826fdec84593f7,41e5a8930cdcae89,true,2026-09-20T14:50:16+00:00
20260920T143808Z-gpu_h96,electricity_hourly,T241,lstm,deep,168,96,180000,126.38149137512077,179.23395951356966,3.362700435701661,13.819596779915322,340.98878399981913,16.14599609375,0.3075205159998404,4513,false,dcb2c10e4ac97b1d1289825869826fdec84593f7,41e5a8930cdcae89,true,2026-09-20T14:50:28+00:00
20260920T143808Z-gpu_h96,electricity_hourly,T241,lstm,deep,168,96,180001,285.3057005249101,343.93360499157694,7.277948782212056,27.571123485411626,347.5080089997391,16.10986328125,0.31347246800032735,4513,false,dcb2c10e4ac97b1d1289825869826fdec84593f7,41e5a8930cdcae89,true,2026-09-20T14:50:28+00:00
20260920T143808Z-gpu_h96,electricity_hourly,T241,lstm,deep,168,96,180002,148.38464100810185,202.83363433524238,2.035377053264114,15.685579527278717,342.93975399987175,16.10986328125,0.30823655299991515,4513,false,dcb2c10e4ac97b1d1289825869826fdec84593f7,41e5a8930cdcae89,true,2026-09-20T14:50:28+00:00
20260920T143808Z-gpu_h96,electricity_hourly,T241,lstm,deep,168,96,180003,217.68203796398544,280.16463872106766,6.420772934619808,22.04151208732117,357.80275399974926,16.10986328125,0.3218399600000339,4513,false,dcb2c10e4ac97b1d1289825869826fdec84593f7,41e5a8930cdcae89,true,2026-09-20T14:50:28+00:00
20260920T143808Z-gpu_h96,electricity_hourly,T241,lstm,deep,168,96,180004,192.67230688198688,252.21689479729406,4.436330698913673,19.472609913592017,397.1820100000514,16.10986328125,0.35944425399975444,4513,false,dcb2c10e4ac97b1d1289825869826fdec84593f7,41e5a8930cdcae89,true,2026-09-20T14:50:28+00:00
20260920T143808Z-gpu_h96,electricity_hourly,T241,lstm,deep,168,96,180005,227.50323868964082,291.80315919511224,6.228225545876098,22.668632241606854,343.79346400010036,16.10986328125,0.30974476300025344,4513,false,dcb2c10e4ac97b1d1289825869826fdec84593f7,41e5a8930cdcae89,true,2026-09-20T14:50:28+00:00
20260920T143808Z-gpu_h96,electricity_hourly,T241,lstm,deep,168,96,180006,166.48152353088187,221.2336003298283,4.303238088035719,16.609854135824392,347.9366400001709,16.10986328125,0.3127140080000572,4513,false,dcb2c10e4ac97b1d1289825869826fdec84593f7,41e5a8930cdcae89,true,2026-09-20T14:50:28+00:00
20260920T143808Z-gpu_h96,electricity_hourly,T241,lstm,deep,168,96,180007,227.95622794603435,292.0778658059569,5.158839670631612,22.49047091798169,363.55692099959924,16.10986328125,0.3286317520000921,4513,false,dcb2c10e4ac97b1d1289825869826fdec84593f7,41e5a8930cdcae89,true,2026-09-20T14:50:28+00:00
20260920T143808Z-gpu_h96,electricity_hourly,T241,lstm,deep,168,96,180008,94.28652096830872,141.52420898048948,3.4876082762487686,9.764548055261178,354.7268300003452,16.10986328125,0.3201346440000634,4513,false,dcb2c10e4ac97b1d1289825869826fdec84593f7,41e5a8930cdcae89,true,2026-09-20T14:50:28+00:00
20260920T143808Z-gpu_h96,electricity_hourly,T241,lstm,deep,168,96,180009,178.1912446079867,237.02809117608822,4.750007260931153,17.407359691547434,357.17811499989693,16.10986328125,0.32141826699989906,4513,false,dcb2c10e4ac97b1d1289825869826fdec84593f7,41e5a8930cdcae89,true,2026-09-20T14:50:28+00:00
20260920T143808Z-gpu_h96,electricity_hourly,T241,lstm,deep,168,96,180010,226.35418142611945,289.213961160216,5.94473866958986,21.617248108201306,360.1707739999256,16.10986328125,0.3249895240001024,4513,false,dcb2c10e4ac97b1d1289825869826fdec84593f7,41e5a8930cdcae89,true,2026-09-20T14:50:28+00:00
20260920T143808Z-gpu_h96,electricity_hourly,T241,lstm,deep,168,96,180011,134.954153563112,185.43914832241703,3.288779508053499,13.401489612254466,348.548318000212,16.10986328125,0.31236810600012177,4513,false,dcb2c10e4ac97b1d1289825869826fdec84593f7,41e5a8930cdcae89,true,2026-09-20T14:50:28+00:00
20260920T143808Z-gpu_h96,electricity_hourly,T241,lstm,deep,168,96,180012,271.32045932943544,334.20815753294755,6.778304327452933,26.077251804842838,352.1885979998842,16.10986328125,0.31683596100037903,4513,false,dcb2c10e4ac97b1d1289825869826fdec84593f7,41e5a8930cdcae89,true,2026-09-20T14:50:28+00:00
20260920T143808Z-gpu_h96,electricity_hourly,T241,lstm,deep,168,96,180013,112.9283409449538,161.0516632452492,2.275315670361459,12.02653169749052,343.7854420003532,16.10986328125,0.3092029059998822,4513,false,dcb2c10e4ac97b1d1289825869826fdec84593f7,41e5a8930cdcae89,true,2026-09-20T14:50:28+00:00
20260920T143808Z-gpu_h96,electricity_hourly,T241,lstm,deep,168,96,180014,66.38624426700655,95.60837733016697,1.521021348361009,6.426151579244078,357.5928290001684,16.10986328125,0.3244884550003917,4513,false,dcb2c10e4ac97b1d1289825869826fdec84593f7,41e5a8930cdcae89,true,2026-09-20T14:50:28+00:00
20260920T143808Z-gpu_h96,electricity_hourly,T241,lstm,deep,168,96,180015,273.41847700600334,337.7488987366211,5.0386819412419355,27.149485260667678,391.5120750002643,16.10986328125,0.35460057000000234,4513,false,dcb2c10e4ac97b1d1289825869826fdec84593f7,41e5a8930cdcae89,true,2026-09-20T14:50:28+00:00
20260920T143808Z-gpu_h96,electricity_hourly,T241,lstm,deep,168,96,180016,116.9227508190254,164.45096331689,2.7801975095673144,13.122763675765132,361.33558299979995,16.10986328125,0.32721737400015627,4513,false,dcb2c10e4ac97b1d1289825869826fdec84593f7,41e5a8930cdcae89,true,2026-09-20T14:50:28+00:00
20260920T143808Z-gpu_h96,electricity_hourly,T241,lstm,deep,168,96,180017,282.44289500072597,344.3339139568391,5.282048945468122,30.367712922579177,353.10102399989773,16.10986328125,0.3190706030000001,4513,false,dcb2c10e4ac97b1d1289825869826fdec84593f7,41e5a8930cdcae89,true,2026-09-20T14:50:28+00:00
20260920T143808Z-gpu_h96,electricity_hourly,T241,lstm,deep,168,96,180018,207.30182382696765,267.56670743786344,5.392243972377772,23.762601049060027,347.4774119999893,16.10986328125,0.3127558930000305,4513,false,dcb2c10e4ac97b1d1289825869826fdec84593f7,41e5a8930cdcae89,true,2026-09-20T14:50:28+00:00
20260920T143808Z-gpu_h96,electricity_hourly,T241,lstm,deep,168,96,180019,115.20668366221695,165.537418962002,3.91083508895786,14.200628351931135,365.1861399998779,16.10986328125,0.33030862999976307,4513,false,dcb2c10e4ac97b1d1289825869826fdec84593f7,41e5a8930cdcae89,true,2026-09-20T14:50:28+00:00
20260920T143808Z-gpu_h96,electricity_hourly,T241,lstm,deep,168,96,180020,243.57637363980723,297.09958955521034,3.1545101002007594,27.990150673303997,355.78080499999487,16.10986328125,0.32131111299986514,4513,false,dcb2c10e4ac97b1d1289825869826fdec84593f7,41e5a8930cdcae89,true,2026-09-20T14:50:28+00:00
20260920T143808Z-gpu_h96,electricity_hourly,T241,transformer,deep,168,96,180000,39.8485813349543,49.85864068669029,1.0602726741007795,4.151078305586705,571.0539179999614,10.6845703125,0.5682365000002392,19232,false,dcb2c10e4ac97b1d1289825869826fdec84593f7,41e5a8930cdcae89,true,2026-09-20T14:50:45+00:00
20260920T143808Z-gpu_h96,electricity_hourly,T241,transformer,deep,168,96,180001,108.222124798553,125.67265084005354,2.7606706768807143,9.8052048132692,577.8169289997095,10.525390625,0.5748214489999555,19232,false,dcb2c10e4ac97b1d1289825869826fdec84593f7,41e5a8930cdcae89,true,2026-09-20T14:50:45+00:00
20260920T143808Z-gpu_h96,electricity_hourly,T241,transformer,deep,168,96,180002,88.00993223266649,113.48884731861594,1.2072233036296414,9.168018172673028,584.5486809998874,10.525390625,0.5815523629999007,19232,false,dcb2c10e4ac97b1d1289825869826fdec84593f7,41e5a8930cdcae89,true,2026-09-20T14:50:45+00:00
20260920T143808Z-gpu_h96,electricity_hourly,T241,transformer,deep,168,96,180003,58.79879880642037,72.15154719598465,1.7343357288251808,6.130374643596288,598.3001879999392,10.525390625,0.5953981460002069,19232,false,dcb2c10e4ac97b1d1289825869826fdec84593f7,41e5a8930cdcae89,true,2026-09-20T14:50:45+00:00
20260920T143808Z-gpu_h96,electricity_hourly,T241,transformer,deep,168,96,180004,49.01495835184645,65.66114865598958,1.128582347723999,4.663408138813563,616.1021510001774,10.525390625,0.6131681910001134,19232,false,dcb2c10e4ac97b1d1289825869826fdec84593f7,41e5a8930cdcae89,true,2026-09-20T14:50:45+00:00
20260920T143808Z-gpu_h96,electricity_hourly,T241,transformer,deep,168,96,180005,40.6301166057286,49.508159208759274,1.1123073747575891,3.8832222290081035,572.7068779997353,10.525390625,0.569662161999986,19232,false,dcb2c10e4ac97b1d1289825869826fdec84593f7,41e5a8930cdcae89,true,2026-09-20T14:50:45+00:00
20260920T143808Z-gpu_h96,electricity_hourly,T241,transformer,deep,168,96,180006,55.05046987199912,70.30230379803187,1.4229523714894765,5.280172390722565,583.8132019998739,10.525390625,0.5807273589998658,19232,false,dcb2c10e4ac97b1d1289825869826fdec84593f7,41e5a8930cdcae89,true,2026-09-20T14:50:45+00:00
20260920T143808Z-gpu_h96,electricity_hourly,T241,transformer,deep,168,96,180007,99.37669142551368,123.79673115194365,2.2489774580031385,9.479904794803952,580.0869620002231,10.525390625,0.5771890910000366,19232,false,dcb2c10e4ac97b1d1289825869826fdec84593f7,41e5a8930cdcae89,true,2026-09-20T14:50:45+00:00
20260920T143808Z-gpu_h96,electricity_hourly,T241,transformer,deep,168,96,180008,50.316025876908384,64.49439503542979,1.8611630429680985,5.047336338842834,571.4464220000082,10.525390625,0.5684111880000273,19232,false,dcb2c10e4ac97b1d1289825869826fdec84593f7,41e5a8930cdcae89,true,2026-09-20T14:50:45+00:00
20260920T143808Z-gpu_h96,electricity_hourly,T241,transformer,deep,168,96,180009,40.24703495554399,50.85164654031068,1.0728569110696657,3.7765492084612293,582.302429000265,10.525390625,0.5793051460000243,19232,false,dcb2c10e4ac97b1d1289825869826fdec84593f7,41e5a8930cdcae89,true,2026-09-20T14:50:45+00:00
20260920T143808Z-gpu_h96,electricity_hourly,T241,transformer,deep,168,96,180010,61.18039010555561,76.52924845279922,1.6067802617545155,5.771064395940732,575.6375910000315,10.525390625,0.5726181499999257,19232,false,dcb2c10e4ac97b1d1289825869826fdec84593f7,41e5a8930cdcae89,true,2026-09-20T14:50:45+00:00
20260920T143808Z-gpu_h96,electricity_hourly,T241,transformer,deep,168,96,180011,55.42459546046282,70.14072395687603,1.35067553669092,5.1681005263657855,561.4018669998586,10.525390625,0.5585770950001461,19232,false,dcb2c10e4ac97b1d1289825869826fdec84593f7,41e5a8930cdcae89,true,2026-09-20T14:50:45+00:00
20260920T143808Z-gpu_h96,electricity_hourly,T241,transformer,deep,168,96,180012,81.46862242816407,104.04562157682888,2.035302156428804,7.5958068834497725,572.7404270000989,10.525390625,0.5697092020000127,19232,false,dcb2c10e4ac97b1d1289825869826fdec84593f7,41e5a8930cdcae89,true,2026-09-20T14:50:45+00:00
20260920T143808Z-gpu_h96,electricity_hourly,T241,transformer,deep,168,96,180013,71.36312731287883,85.50633616600983,1.4378466955442217,7.16077826749167,602.1821620001901,10.525390625,0.5992746920001082,19232,false,dcb2c10e4ac97b1d1289825869826fdec84593f7,41e5a8930cdcae89,true,2026-09-20T14:50:45+00:00
20260920T143808Z-gpu_h96,electricity_hourly,T241,transformer,deep,168,96,180014,58.954212382173296,76.96622112582976,1.3507409042216316,5.718171434922118,594.8464690000037,10.525390625,0.591884250000021,19232,false,dcb2c10e4ac97b1d1289825869826fdec84593f7,41e5a8930cdcae89,true,2026-09-20T14:50:45+00:00
20260920T143808Z-gpu_h96,electricity_hourly,T241,transformer,deep,168,96,180015,71.27697974470857,96.50267533751482,1.3135250938364518,7.298593785511493,605.9809469998072,10.525390625,0.602822857999854,19232,false,dcb2c10e4ac97b1d1289825869826fdec84593f7,41e5a8930cdcae89,true,2026-09-20T14:50:45+00:00
20260920T143808Z-gpu_h96,electricity_hourly,T241,transformer,deep,168,96,180016,63.91317183292591,80.34332349641323,1.5197319590391893,7.091830425443428,607.5235240000438,10.525390625,0.6044844499997453,19232,false,dcb2c10e4ac97b1d1289825869826fdec84593f7,41e5a8930cdcae89,true,2026-09-20T14:50:45+00:00
20260920T143808Z-gpu_h96,electricity_hourly,T241,transformer,deep,168,96,180017,112.66641828677992,151.933658811316,2.1070083419865333,12.440159505689813,610.2814189998753,10.525390625,0.6075044230001367,19232,false,dcb2c10e4ac97b1d1289825869826fdec84593f7,41e5a8930cdcae89,true,2026-09-20T14:50:45+00:00
20260920T143808Z-gpu_h96,electricity_hourly,T241,transformer,deep,168,96,180018,45.12698331465146,64.04605387850985,1.1738232654100091,5.001027314322306,635.6999910003651,10.525390625,0.6325853650000681,19232,false,dcb2c10e4ac97b1d1289825869826fdec84593f7,41e5a8930cdcae89,true,2026-09-20T14:50:45+00:00
20260920T143808Z-gpu_h96,electricity_hourly,T241,transformer,deep,168,96,180019,59.17222265764233,84.44233348061488,2.0086751680104893,6.907243816714835,577.622116999919,10.525390625,0.5747846409999511,19232,false,dcb2c10e4ac97b1d1289825869826fdec84593f7,41e5a8930cdcae89,true,2026-09-20T14:50:45+00:00
20260920T143808Z-gpu_h96,electricity_hourly,T241,transformer,deep,168,96,180020,83.56710483184914,108.99710187720135,1.082261273116852,10.052815251468905,566.0753380002461,10.525390625,0.5629017199998998,19232,false,dcb2c10e4ac97b1d1289825869826fdec84593f7,41e5a8930cdcae89,true,2026-09-20T14:50:45+00:00
20260920T143808Z-gpu_h96,electricity_hourly,T241,timesfm25,tsfm,168,96,180000,29.557082494099934,37.44758894705991,0.7864412193552088,3.0085140858345034,116.63835799981825,11.94287109375,,231289280,true,dcb2c10e4ac97b1d1289825869826fdec84593f7,41e5a8930cdcae89,true,2026-09-20T14:50:51+00:00
20260920T143808Z-gpu_h96,electricity_hourly,T241,timesfm25,tsfm,168,96,180001,87.84720420837402,106.03538226548649,2.2409207096555996,7.884865428527547,117.38312399984352,11.94287109375,,231289280,true,dcb2c10e4ac97b1d1289825869826fdec84593f7,41e5a8930cdcae89,true,2026-09-20T14:50:51+00:00
20260920T143808Z-gpu_h96,electricity_hourly,T241,timesfm25,tsfm,168,96,180002,48.15332539876302,67.53470671002646,0.6605142748544367,5.103831937837597,116.8726460000471,11.94287109375,,231289280,true,dcb2c10e4ac97b1d1289825869826fdec84593f7,41e5a8930cdcae89,true,2026-09-20T14:50:51+00:00
20260920T143808Z-gpu_h96,electricity_hourly,T241,timesfm25,tsfm,168,96,180003,47.98409907023112,57.69903996297078,1.4153441757708483,4.826283404249652,117.55377400004363,11.94287109375,,231289280,true,dcb2c10e4ac97b1d1289825869826fdec84593f7,41e5a8930cdcae89,true,2026-09-20T14:50:51+00:00
20260920T143808Z-gpu_h96,electricity_hourly,T241,timesfm25,tsfm,168,96,180004,25.639294306437176,33.35962790182308,0.5903515158501684,2.434296937635771,119.24368600011803,11.94287109375,,231289280,true,dcb2c10e4ac97b1d1289825869826fdec84593f7,41e5a8930cdcae89,true,2026-09-20T14:50:51+00:00
20260920T143808Z-gpu_h96,electricity_hourly,T241,timesfm25,tsfm,168,96,180005,30.107869466145832,38.747588090795446,0.8242458561074144,2.810870958778802,111.98789099989881,11.94287109375,,231289280,true,dcb2c10e4ac97b1d1289825869826fdec84593f7,41e5a8930cdcae89,true,2026-09-20T14:50:51+00:00
20260920T143808Z-gpu_h96,electricity_hourly,T241,timesfm25,tsfm,168,96,180006,32.846731185913086,41.07235251607824,0.8490269773418568,2.9933064473106716,117.04049699983443,11.94287109375,,231289280,true,dcb2c10e4ac97b1d1289825869826fdec84593f7,41e5a8930cdcae89,true,2026-09-20T14:50:51+00:00
20260920T143808Z-gpu_h96,electricity_hourly,T241,timesfm25,tsfm,168,96,180007,54.06554285685221,65.60969550798097,1.2235483531960896,5.208488818205348,111.89475299988771,11.94287109375,,231289280,true,dcb2c10e4ac97b1d1289825869826fdec84593f7,41e5a8930cdcae89,true,2026-09-20T14:50:51+00:00
20260920T143808Z-gpu_h96,electricity_hourly,T241,timesfm25,tsfm,168,96,180008,32.763596852620445,41.01877850254006,1.2119080264005508,3.338238948887028,124.84422000034101,11.94287109375,,231289280,true,dcb2c10e4ac97b1d1289825869826fdec84593f7,41e5a8930cdcae89,true,2026-09-20T14:50:51+00:00
20260920T143808Z-gpu_h96,electricity_hourly,T241,timesfm25,tsfm,168,96,180009,26.075387954711914,35.13787620438299,0.6950862394443754,2.3946983007476863,123.04774599988377,11.94287109375,,231289280,true,dcb2c10e4ac97b1d1289825869826fdec84593f7,41e5a8930cdcae89,true,2026-09-20T14:50:51+00:00
20260920T143808Z-gpu_h96,electricity_hourly,T241,timesfm25,tsfm,168,96,180010,40.39559809366862,50.55530228128639,1.060909379078658,3.736795251750532,122.99606199985647,11.94287109375,,231289280,true,dcb2c10e4ac97b1d1289825869826fdec84593f7,41e5a8930cdcae89,true,2026-09-20T14:50:51+00:00
20260920T143808Z-gpu_h96,electricity_hourly,T241,timesfm25,tsfm,168,96,180011,31.91109275817871,41.1747548929644,0.7776607475338864,2.9361290133577356,120.73121799994624,11.94287109375,,231289280,true,dcb2c10e4ac97b1d1289825869826fdec84593f7,41e5a8930cdcae89,true,2026-09-20T14:50:51+00:00
20260920T143808Z-gpu_h96,electricity_hourly,T241,timesfm25,tsfm,168,96,180012,46.67916615804037,63.443005723916066,1.1661693141495164,4.052115095596528,121.22918800014304,11.94287109375,,231289280,true,dcb2c10e4ac97b1d1289825869826fdec84593f7,41e5a8930cdcae89,true,2026-09-20T14:50:51+00:00
20260920T143808Z-gpu_h96,electricity_hourly,T241,timesfm25,tsfm,168,96,180013,68.70399030049641,76.49366185900874,1.3842695681085049,6.800938337911587,118.17494699971576,11.94287109375,,231289280,true,dcb2c10e4ac97b1d1289825869826fdec84593f7,41e5a8930cdcae89,true,2026-09-20T14:50:51+00:00
20260920T143808Z-gpu_h96,electricity_hourly,T241,timesfm25,tsfm,168,96,180014,43.16157658894857,52.418404489047575,0.9889048574078908,4.039861659007066,118.625818000055,11.94287109375,,231289280,true,dcb2c10e4ac97b1d1289825869826fdec84593f7,41e5a8930cdcae89,true,2026-09-20T14:50:51+00:00
20260920T143808Z-gpu_h96,electricity_hourly,T241,timesfm25,tsfm,168,96,180015,43.31173006693522,56.05652638326283,0.7981685602301858,4.385739564009706,116.28584099980799,11.94287109375,,231289280,true,dcb2c10e4ac97b1d1289825869826fdec84593f7,41e5a8930cdcae89,true,2026-09-20T14:50:51+00:00
20260920T143808Z-gpu_h96,electricity_hourly,T241,timesfm25,tsfm,168,96,180016,46.86223030090332,57.30645306307812,1.1142934549752441,4.9132278210308575,115.58416599973498,11.94287109375,,231289280,true,dcb2c10e4ac97b1d1289825869826fdec84593f7,41e5a8930cdcae89,true,2026-09-20T14:50:51+00:00
20260920T143808Z-gpu_h96,electricity_hourly,T241,timesfm25,tsfm,168,96,180017,34.80306180318197,42.35981591934333,0.6508624545010654,3.5599121994464555,117.02518299989606,11.94287109375,,231289280,true,dcb2c10e4ac97b1d1289825869826fdec84593f7,41e5a8930cdcae89,true,2026-09-20T14:50:51+00:00
20260920T143808Z-gpu_h96,electricity_hourly,T241,timesfm25,tsfm,168,96,180018,24.276586532592773,30.88869103352803,0.6314719040269797,2.604442586365846,116.9591309999305,11.94287109375,,231289280,true,dcb2c10e4ac97b1d1289825869826fdec84593f7,41e5a8930cdcae89,true,2026-09-20T14:50:51+00:00
20260920T143808Z-gpu_h96,electricity_hourly,T241,timesfm25,tsfm,168,96,180019,30.06174151102702,40.40773627902373,1.0204834459188805,3.3057800644910067,119.24818300030893,11.94287109375,,231289280,true,dcb2c10e4ac97b1d1289825869826fdec84593f7,41e5a8930cdcae89,true,2026-09-20T14:50:51+00:00
20260920T143808Z-gpu_h96,electricity_hourly,T241,timesfm25,tsfm,168,96,180020,31.1646302541097,40.51041734405276,0.403607047089828,3.854800948695188,109.506569000132,11.94287109375,,231289280,true,dcb2c10e4ac97b1d1289825869826fdec84593f7,41e5a8930cdcae89,true,2026-09-20T14:50:51+00:00
20260920T143808Z-gpu_h96,electricity_hourly,T241,chronos_bolt,tsfm,168,96,180000,28.682762145996094,37.695050889587314,0.7631777067670801,2.853351048131353,72.52234900033727,12.59375,,205292928,true,dcb2c10e4ac97b1d1289825869826fdec84593f7,41e5a8930cdcae89,true,2026-09-20T14:50:57+00:00
20260920T143808Z-gpu_h96,electricity_hourly,T241,chronos_bolt,tsfm,168,96,180001,65.27081553141277,79.92440391567237,1.6650128319793513,5.827956535262496,77.83680500006085,12.59375,,205292928,true,dcb2c10e4ac97b1d1289825869826fdec84593f7,41e5a8930cdcae89,true,2026-09-20T14:50:57+00:00
20260920T143808Z-gpu_h96,electricity_hourly,T241,chronos_bolt,tsfm,168,96,180002,32.767066955566406,40.38056693910264,0.44946253015827425,3.2912422326955673,97.11418899996715,12.59375,,205292928,true,dcb2c10e4ac97b1d1289825869826fdec84593f7,41e5a8930cdcae89,true,2026-09-20T14:50:57+00:00
20260920T143808Z-gpu_h96,electricity_hourly,T241,chronos_bolt,tsfm,168,96,180003,41.60566202799479,52.50784648434375,1.2272051069297931,4.196567695250123,80.3070580000167,12.59375,,205292928,true,dcb2c10e4ac97b1d1289825869826fdec84593f7,41e5a8930cdcae89,true,2026-09-20T14:50:57+00:00
20260920T143808Z-gpu_h96,electricity_hourly,T241,chronos_bolt,tsfm,168,96,180004,26.850882212320965,34.6899957369205,0.6182486470377708,2.414339200865135,80.43529599990507,12.59375,,205292928,true,dcb2c10e4ac97b1d1289825869826fdec84593f7,41e5a8930cdcae89,true,2026-09-20T14:50:57+00:00
20260920T143808Z-gpu_h96,electricity_hourly,T241,chronos_bolt,tsfm,168,96,180005,29.759609858194988,38.806004416681404,0.814711752771878,2.686837293302821,78.93451399968399,12.59375,,205292928,true,dcb2c10e4ac97b1d1289825869826fdec84593f7,41e5a8930cdcae89,true,2026-09-20T14:50:57+00:00
20260920T143808Z-gpu_h96,electricity_hourly,T241,chronos_bolt,tsfm,168,96,180006,30.290931065877277,38.28119413640456,0.7829642924944046,2.7627696267379753,83.09017500005211,12.59375,,205292928,true,dcb2c10e4ac97b1d1289825869826fdec84593f7,41e5a8930cdcae89,true,2026-09-20T14:50:57+00:00
20260920T143808Z-gpu_h96,electricity_hourly,T241,chronos_bolt,tsfm,168,96,180007,44.326860427856445,54.15946230482021,1.003153842780344,4.317508703992634,75.85266100022636,12.59375,,205292928,true,dcb2c10e4ac97b1d1289825869826fdec84593f7,41e5a8930cdcae89,true,2026-09-20T14:50:57+00:00
20260920T143808Z-gpu_h96,electricity_hourly,T241,chronos_bolt,tsfm,168,96,180008,31.37411880493164,40.094251031866115,1.1605119722348205,3.2127275345163917,74.62682000004861,12.59375,,205292928,true,dcb2c10e4ac97b1d1289825869826fdec84593f7,41e5a8930cdcae89,true,2026-09-20T14:50:57+00:00
20260920T143808Z-gpu_h96,electricity_hourly,T241,chronos_bolt,tsfm,168,96,180009,27.54053497314453,36.89997782152983,0.7341423613722349,2.543338646998739,77.3163939998085,12.59375,,205292928,true,dcb2c10e4ac97b1d1289825869826fdec84593f7,41e5a8930cdcae89,true,2026-09-20T14:50:57+00:00
20260920T143808Z-gpu_h96,electricity_hourly,T241,chronos_bolt,tsfm,168,96,180010,39.58592669169108,50.59779311939629,1.039644983330935,3.663088240544605,78.43458400020609,12.59375,,205292928,true,dcb2c10e4ac97b1d1289825869826fdec84593f7,41e5a8930cdcae89,true,2026-09-20T14:50:57+00:00
20260920T143808Z-gpu_h96,electricity_hourly,T241,chronos_bolt,tsfm,168,96,180011,33.275072733561196,40.240971278554454,0.8109004016978867,3.0603577821800747,72.45354599990605,12.59375,,205292928,true,dcb2c10e4ac97b1d1289825869826fdec84593f7,41e5a8930cdcae89,true,2026-09-20T14:50:57+00:00
20260920T143808Z-gpu_h96,electricity_hourly,T241,chronos_bolt,tsfm,168,96,180012,41.60417238871256,58.804950443244664,1.0393825163037143,3.532893474655136,72.9907310001181,12.59375,,205292928,true,dcb2c10e4ac97b1d1289825869826fdec84593f7,41e5a8930cdcae89,true,2026-09-20T14:50:57+00:00
20260920T143808Z-gpu_h96,electricity_hourly,T241,chronos_bolt,tsfm,168,96,180013,85.88613700866699,93.6950955610238,1.7304608547989433,8.420264652588301,79.73183100011738,12.59375,,205292928,true,dcb2c10e4ac97b1d1289825869826fdec84593f7,41e5a8930cdcae89,true,2026-09-20T14:50:57+00:00
20260920T143808Z-gpu_h96,electricity_hourly,T241,chronos_bolt,tsfm,168,96,180014,39.6902052561442,49.89236737963304,0.9093698578973373,3.7158495077307485,78.36049899970021,12.59375,,205292928,true,dcb2c10e4ac97b1d1289825869826fdec84593f7,41e5a8930cdcae89,true,2026-09-20T14:50:57+00:00
20260920T143808Z-gpu_h96,electricity_hourly,T241,chronos_bolt,tsfm,168,96,180015,39.53912480672201,49.18008358470307,0.7286452485497785,3.923347096659216,77.84712900001978,12.59375,,205292928,true,dcb2c10e4ac97b1d1289825869826fdec84593f7,41e5a8930cdcae89,true,2026-09-20T14:50:57+00:00
20260920T143808Z-gpu_h96,electricity_hourly,T241,chronos_bolt,tsfm,168,96,180016,43.04647445678711,55.102709289923624,1.023562140319905,4.546058140325515,74.31597000004331,12.59375,,205292928,true,dcb2c10e4ac97b1d1289825869826fdec84593f7,41e5a8930cdcae89,true,2026-09-20T14:50:57+00:00
20260920T143808Z-gpu_h96,electricity_hourly,T241,chronos_bolt,tsfm,168,96,180017,35.56533686319987,43.407611201229166,0.6651179880910105,3.700471438521977,78.20624199985104,12.59375,,205292928,true,dcb2c10e4ac97b1d1289825869826fdec84593f7,41e5a8930cdcae89,true,2026-09-20T14:50:57+00:00
20260920T143808Z-gpu_h96,electricity_hourly,T241,chronos_bolt,tsfm,168,96,180018,21.686686197916668,29.65278993273894,0.5641045542810694,2.2150528516554653,77.07576999973753,12.59375,,205292928,true,dcb2c10e4ac97b1d1289825869826fdec84593f7,41e5a8930cdcae89,true,2026-09-20T14:50:57+00:00
20260920T143808Z-gpu_h96,electricity_hourly,T241,chronos_bolt,tsfm,168,96,180019,29.92556317647298,40.84846517036511,1.0158607018887575,3.214855443609493,79.18167499974516,12.59375,,205292928,true,dcb2c10e4ac97b1d1289825869826fdec84593f7,41e5a8930cdcae89,true,2026-09-20T14:50:57+00:00
20260920T143808Z-gpu_h96,electricity_hourly,T241,chronos_bolt,tsfm,168,96,180020,26.086170196533203,32.780422470923135,0.337836901546972,2.9997699239664333,74.97087499996269,12.59375,,205292928,true,dcb2c10e4ac97b1d1289825869826fdec84593f7,41e5a8930cdcae89,true,2026-09-20T14:50:57+00:00
20260920T143808Z-gpu_h96,electricity_hourly,T255,lstm,deep,168,96,190000,769.4664814455724,1009.1525280626898,4.578075995874992,23.65621713404127,368.9894409999397,16.14599609375,0.3338022689999889,4513,false,dcb2c10e4ac97b1d1289825869826fdec84593f7,41e5a8930cdcae89,true,2026-09-20T14:51:09+00:00
20260920T143808Z-gpu_h96,electricity_hourly,T255,lstm,deep,168,96,190001,718.5845073340594,922.6654718094345,3.6006739876158584,19.180745180597476,362.76243700012856,16.10986328125,0.328750590999789,4513,false,dcb2c10e4ac97b1d1289825869826fdec84593f7,41e5a8930cdcae89,true,2026-09-20T14:51:09+00:00
20260920T143808Z-gpu_h96,electricity_hourly,T255,lstm,deep,168,96,190002,684.0589687721132,923.7385501092019,5.0252265841844865,20.009625631143702,372.69440099998974,16.10986328125,0.3371178100001089,4513,false,dcb2c10e4ac97b1d1289825869826fdec84593f7,41e5a8930cdcae89,true,2026-09-20T14:51:09+00:00
20260920T143808Z-gpu_h96,electricity_hourly,T255,lstm,deep,168,96,190003,243.6282782824444,341.53948716288124,1.3647581137739047,6.971897092790844,359.63800300032744,16.10986328125,0.3256427360001908,4513,false,dcb2c10e4ac97b1d1289825869826fdec84593f7,41e5a8930cdcae89,true,2026-09-20T14:51:09+00:00
20260920T143808Z-gpu_h96,electricity_hourly,T255,lstm,deep,168,96,190004,365.5103609318,469.4621391991762,1.7409861065817411,10.163883471031458,363.65042700026606,16.10986328125,0.3287164390003454,4513,false,dcb2c10e4ac97b1d1289825869826fdec84593f7,41e5a8930cdcae89,true,2026-09-20T14:51:09+00:00
20260920T143808Z-gpu_h96,electricity_hourly,T255,lstm,deep,168,96,190005,194.88978076652873,248.7968236538315,0.9903704848918423,5.433198440592403,404.82892400041237,16.10986328125,0.3668092269999761,4513,false,dcb2c10e4ac97b1d1289825869826fdec84593f7,41e5a8930cdcae89,true,2026-09-20T14:51:09+00:00
20260920T143808Z-gpu_h96,electricity_hourly,T255,lstm,deep,168,96,190006,396.102909207245,546.534700243627,2.3104799662106887,10.765379723161567,352.56279399982304,16.10986328125,0.31899614799976916,4513,false,dcb2c10e4ac97b1d1289825869826fdec84593f7,41e5a8930cdcae89,true,2026-09-20T14:51:09+00:00
20260920T143808Z-gpu_h96,electricity_hourly,T255,lstm,deep,168,96,190007,253.89047087463385,307.3495545158738,1.7571119241576045,7.203354937714683,353.73194100020555,16.10986328125,0.31971536000037304,4513,false,dcb2c10e4ac97b1d1289825869826fdec84593f7,41e5a8930cdcae89,true,2026-09-20T14:51:09+00:00
20260920T143808Z-gpu_h96,electricity_hourly,T255,lstm,deep,168,96,190008,712.5002748043231,924.0481830995349,4.961797058314272,20.02254464890525,387.46828299963454,16.10986328125,0.3526429730000018,4513,false,dcb2c10e4ac97b1d1289825869826fdec84593f7,41e5a8930cdcae89,true,2026-09-20T14:51:09+00:00
20260920T143808Z-gpu_h96,electricity_hourly,T255,lstm,deep,168,96,190009,975.9430836966517,1205.7743375421242,5.058884235144631,26.17606601594893,353.7692700001571,16.10986328125,0.319493066999712,4513,false,dcb2c10e4ac97b1d1289825869826fdec84593f7,41e5a8930cdcae89,true,2026-09-20T14:51:09+00:00
20260920T143808Z-gpu_h96,electricity_hourly,T255,lstm,deep,168,96,190010,553.1761514334725,780.9541852874432,3.442112427898195,15.27835427481819,346.7515080001249,16.10986328125,0.31199979499979236,4513,false,dcb2c10e4ac97b1d1289825869826fdec84593f7,41e5a8930cdcae89,true,2026-09-20T14:51:09+00:00
20260920T143808Z-gpu_h96,electricity_hourly,T255,lstm,deep,168,96,190011,355.68285025045225,476.607152258317,1.9187925836760622,10.139706344404283,353.4586600003422,16.10986328125,0.31782806100000016,4513,false,dcb2c10e4ac97b1d1289825869826fdec84593f7,41e5a8930cdcae89,true,2026-09-20T14:51:09+00:00
20260920T143808Z-gpu_h96,electricity_hourly,T255,lstm,deep,168,96,190012,942.5805412496633,1220.7000209880403,5.615705334710447,26.440828295200685,361.9723930000873,16.10986328125,0.3240956169997844,4513,false,dcb2c10e4ac97b1d1289825869826fdec84593f7,41e5a8930cdcae89,true,2026-09-20T14:51:09+00:00
20260920T143808Z-gpu_h96,electricity_hourly,T255,lstm,deep,168,96,190013,283.76556340334304,415.6736814294899,1.3452146803424214,7.981811750962746,350.91902099975414,16.10986328125,0.3172262650000448,4513,false,dcb2c10e4ac97b1d1289825869826fdec84593f7,41e5a8930cdcae89,true,2026-09-20T14:51:09+00:00
20260920T143808Z-gpu_h96,electricity_hourly,T255,lstm,deep,168,96,190014,367.3935725601761,551.6276905367987,2.1279331690397134,10.518340540070836,347.232250000161,16.10986328125,0.3145106339998165,4513,false,dcb2c10e4ac97b1d1289825869826fdec84593f7,41e5a8930cdcae89,true,2026-09-20T14:51:09+00:00
20260920T143808Z-gpu_h96,electricity_hourly,T255,lstm,deep,168,96,190015,301.10523525658294,402.95864453106975,1.3357718384765234,8.69544602883227,365.19692599995324,16.10986328125,0.3304801200001748,4513,false,dcb2c10e4ac97b1d1289825869826fdec84593f7,41e5a8930cdcae89,true,2026-09-20T14:51:09+00:00
20260920T143808Z-gpu_h96,electricity_hourly,T255,lstm,deep,168,96,190016,356.4455399233764,487.791991473922,1.8529351918330097,11.66734835013501,359.05685500028994,16.10986328125,0.3257500730001084,4513,false,dcb2c10e4ac97b1d1289825869826fdec84593f7,41e5a8930cdcae89,true,2026-09-20T14:51:09+00:00
20260920T143808Z-gpu_h96,electricity_hourly,T255,lstm,deep,168,96,190017,671.7616547581675,937.2932330263482,4.2867002696612655,21.07849662300049,393.1607059998896,16.10986328125,0.35582184500026415,4513,false,dcb2c10e4ac97b1d1289825869826fdec84593f7,41e5a8930cdcae89,true,2026-09-20T14:51:09+00:00
20260920T143808Z-gpu_h96,electricity_hourly,T255,lstm,deep,168,96,190018,222.99523514042082,276.7923216423362,1.4514244196447568,6.777372339925868,357.43879599976935,16.10986328125,0.32389817000012044,4513,false,dcb2c10e4ac97b1d1289825869826fdec84593f7,41e5a8930cdcae89,true,2026-09-20T14:51:09+00:00
20260920T143808Z-gpu_h96,electricity_hourly,T255,lstm,deep,168,96,190019,355.6781347338654,468.15040944411885,2.372285845376407,12.324864900231708,346.60015600002225,16.10986328125,0.31251160500005426,4513,false,dcb2c10e4ac97b1d1289825869826fdec84593f7,41e5a8930cdcae89,true,2026-09-20T14:51:09+00:00
20260920T143808Z-gpu_h96,electricity_hourly,T255,lstm,deep,168,96,190020,309.0406567541684,429.3655848596899,2.028343417165007,10.37851458488866,370.35062699987975,16.10986328125,0.3377658539998265,4513,false,dcb2c10e4ac97b1d1289825869826fdec84593f7,41e5a8930cdcae89,true,2026-09-20T14:51:09+00:00
20260920T143808Z-gpu_h96,electricity_hourly,T255,transformer,deep,168,96,190000,285.88866895711004,357.2099858956715,1.7009448551759636,8.20083194282555,592.2495810000328,10.6845703125,0.5893070609999995,19232,false,dcb2c10e4ac97b1d1289825869826fdec84593f7,41e5a8930cdcae89,true,2026-09-20T14:51:26+00:00
20260920T143808Z-gpu_h96,electricity_hourly,T255,transformer,deep,168,96,190001,456.6186887904984,548.8178140848502,2.2880190404980083,12.155859963734489,590.0595759999305,10.525390625,0.5871200710002995,19232,false,dcb2c10e4ac97b1d1289825869826fdec84593f7,41e5a8930cdcae89,true,2026-09-20T14:51:26+00:00
20260920T143808Z-gpu_h96,electricity_hourly,T255,transformer,deep,168,96,190002,263.9915365191834,334.72664605368436,1.9393317650628716,7.581703937071822,590.4383299998699,10.525390625,0.5873933060001946,19232,false,dcb2c10e4ac97b1d1289825869826fdec84593f7,41e5a8930cdcae89,true,2026-09-20T14:51:26+00:00
20260920T143808Z-gpu_h96,electricity_hourly,T255,transformer,deep,168,96,190003,220.7448174730423,292.1092128050227,1.2365694279980586,6.1536788964979845,634.3448949996855,10.525390625,0.631290546999935,19232,false,dcb2c10e4ac97b1d1289825869826fdec84593f7,41e5a8930cdcae89,true,2026-09-20T14:51:26+00:00
20260920T143808Z-gpu_h96,electricity_hourly,T255,transformer,deep,168,96,190004,274.97778259255114,355.6157007686479,1.309764510893337,7.468069678700427,592.3106899999766,10.525390625,0.5892313660001491,19232,false,dcb2c10e4ac97b1d1289825869826fdec84593f7,41e5a8930cdcae89,true,2026-09-20T14:51:26+00:00
20260920T143808Z-gpu_h96,electricity_hourly,T255,transformer,deep,168,96,190005,196.20082900485474,250.15022216713686,0.9970328325757519,5.417404312708655,603.0708670000422,10.525390625,0.6002040910002506,19232,false,dcb2c10e4ac97b1d1289825869826fdec84593f7,41e5a8930cdcae89,true,2026-09-20T14:51:26+00:00
20260920T143808Z-gpu_h96,electricity_hourly,T255,transformer,deep,168,96,190006,308.0110395431434,404.24387469758096,1.7966374891324441,8.291498611702435,610.1348309998684,10.525390625,0.6070590969998193,19232,false,dcb2c10e4ac97b1d1289825869826fdec84593f7,41e5a8930cdcae89,true,2026-09-20T14:51:26+00:00
20260920T143808Z-gpu_h96,electricity_hourly,T255,transformer,deep,168,96,190007,292.64307939422,365.22811043878806,2.0253089552923385,8.042769887279007,571.9742420001239,10.525390625,0.5690931839999394,19232,false,dcb2c10e4ac97b1d1289825869826fdec84593f7,41e5a8930cdcae89,true,2026-09-20T14:51:26+00:00
20260920T143808Z-gpu_h96,electricity_hourly,T255,transformer,deep,168,96,190008,189.8269456964109,253.02881807996582,1.3219402350460956,5.558911091761924,576.038029999836,10.525390625,0.573182179000014,19232,false,dcb2c10e4ac97b1d1289825869826fdec84593f7,41e5a8930cdcae89,true,2026-09-20T14:51:26+00:00
20260920T143808Z-gpu_h96,electricity_hourly,T255,transformer,deep,168,96,190009,396.7441624935032,496.7960342481295,2.0565572137892176,10.93695577115324,575.17423399986,10.525390625,0.5723742670002139,19232,false,dcb2c10e4ac97b1d1289825869826fdec84593f7,41e5a8930cdcae89,true,2026-09-20T14:51:26+00:00
20260920T143808Z-gpu_h96,electricity_hourly,T255,transformer,deep,168,96,190010,265.2456325044991,351.9283492687526,1.6504783977464295,7.3621294434113205,591.9904200000019,10.525390625,0.5890880000001744,19232,false,dcb2c10e4ac97b1d1289825869826fdec84593f7,41e5a8930cdcae89,true,2026-09-20T14:51:26+00:00
20260920T143808Z-gpu_h96,electricity_hourly,T255,transformer,deep,168,96,190011,246.58994260625022,316.93143972228904,1.3302720464279036,6.840323187313222,587.4435330001688,10.525390625,0.5845106510000733,19232,false,dcb2c10e4ac97b1d1289825869826fdec84593f7,41e5a8930cdcae89,true,2026-09-20T14:51:26+00:00
20260920T143808Z-gpu_h96,electricity_hourly,T255,transformer,deep,168,96,190012,316.6303344652037,444.86504392609953,1.8864198660732037,8.982911014132233,621.7065199998615,10.525390625,0.6188350829997944,19232,false,dcb2c10e4ac97b1d1289825869826fdec84593f7,41e5a8930cdcae89,true,2026-09-20T14:51:26+00:00
20260920T143808Z-gpu_h96,electricity_hourly,T255,transformer,deep,168,96,190013,439.6758984547241,581.6529861650097,2.0843208249104643,13.12916359567248,586.3459450001756,10.525390625,0.5834662389997902,19232,false,dcb2c10e4ac97b1d1289825869826fdec84593f7,41e5a8930cdcae89,true,2026-09-20T14:51:26+00:00
20260920T143808Z-gpu_h96,electricity_hourly,T255,transformer,deep,168,96,190014,238.8597313783321,318.95131271079356,1.3834688005180527,6.879040882338296,590.9733389999019,10.525390625,0.5877908829997978,19232,false,dcb2c10e4ac97b1d1289825869826fdec84593f7,41e5a8930cdcae89,true,2026-09-20T14:51:26+00:00
20260920T143808Z-gpu_h96,electricity_hourly,T255,transformer,deep,168,96,190015,386.35903574810635,487.59452504027325,1.7139772380692335,11.495415870302901,586.6443340000842,10.525390625,0.5835892009999952,19232,false,dcb2c10e4ac97b1d1289825869826fdec84593f7,41e5a8930cdcae89,true,2026-09-20T14:51:26+00:00
20260920T143808Z-gpu_h96,electricity_hourly,T255,transformer,deep,168,96,190016,307.6084744342987,419.0029021726265,1.5990621392202093,10.206041687251084,618.9524860001256,10.525390625,0.6160631110001304,19232,false,dcb2c10e4ac97b1d1289825869826fdec84593f7,41e5a8930cdcae89,true,2026-09-20T14:51:26+00:00
20260920T143808Z-gpu_h96,electricity_hourly,T255,transformer,deep,168,96,190017,236.16691049526423,294.3464172316908,1.5070475543436164,6.96986747049482,580.0934229996528,10.525390625,0.5771492330000001,19232,false,dcb2c10e4ac97b1d1289825869826fdec84593f7,41e5a8930cdcae89,true,2026-09-20T14:51:26+00:00
20260920T143808Z-gpu_h96,electricity_hourly,T255,transformer,deep,168,96,190018,286.0983700375193,373.3171301617326,1.8621481325891693,8.979786403794234,595.4436760002864,10.525390625,0.592262889000267,19232,false,dcb2c10e4ac97b1d1289825869826fdec84593f7,41e5a8930cdcae89,true,2026-09-20T14:51:26+00:00
20260920T143808Z-gpu_h96,electricity_hourly,T255,transformer,deep,168,96,190019,161.40167345524637,210.71300446531242,1.0765095404147975,5.762318151591558,582.8906650003773,10.525390625,0.5797896869999022,19232,false,dcb2c10e4ac97b1d1289825869826fdec84593f7,41e5a8930cdcae89,true,2026-09-20T14:51:26+00:00
20260920T143808Z-gpu_h96,electricity_hourly,T255,transformer,deep,168,96,190020,195.12509664735126,248.7521989190235,1.2806752013317493,6.614772212094304,576.0917709999376,10.525390625,0.5731582290000006,19232,false,dcb2c10e4ac97b1d1289825869826fdec84593f7,41e5a8930cdcae89,true,2026-09-20T14:51:26+00:00
20260920T143808Z-gpu_h96,electricity_hourly,T255,timesfm25,tsfm,168,96,190000,138.23548380533853,172.29535501552468,0.8224562933507726,4.138496718091708,118.9517119996708,11.94287109375,,231289280,true,dcb2c10e4ac97b1d1289825869826fdec84593f7,41e5a8930cdcae89,true,2026-09-20T14:51:32+00:00
20260920T143808Z-gpu_h96,electricity_hourly,T255,timesfm25,tsfm,168,96,190001,334.07386016845703,408.0852096222455,1.6739729927015732,8.746119780783419,118.06542500016803,11.94287109375,,231289280,true,dcb2c10e4ac97b1d1289825869826fdec84593f7,41e5a8930cdcae89,true,2026-09-20T14:51:32+00:00
20260920T143808Z-gpu_h96,electricity_hourly,T255,timesfm25,tsfm,168,96,190002,142.8973592122396,176.85580268677026,1.0497510318621825,4.101447872142363,114.77784199996677,11.94287109375,,231289280,true,dcb2c10e4ac97b1d1289825869826fdec84593f7,41e5a8930cdcae89,true,2026-09-20T14:51:32+00:00
20260920T143808Z-gpu_h96,electricity_hourly,T255,timesfm25,tsfm,168,96,190003,191.76262410481772,252.61387558735186,1.0742168315215805,5.483759036754885,114.12617099995259,11.94287109375,,231289280,true,dcb2c10e4ac97b1d1289825869826fdec84593f7,41e5a8930cdcae89,true,2026-09-20T14:51:32+00:00
20260920T143808Z-gpu_h96,electricity_hourly,T255,timesfm25,tsfm,168,96,190004,144.18976593017578,195.52282371672948,0.6867996260235946,3.6177128192979198,117.65422400003445,11.94287109375,,231289280,true,dcb2c10e4ac97b1d1289825869826fdec84593f7,41e5a8930cdcae89,true,2026-09-20T14:51:32+00:00
20260920T143808Z-gpu_h96,electricity_hourly,T255,timesfm25,tsfm,168,96,190005,133.46099344889322,171.73807338290385,0.6782081044796776,3.520016971102687,112.30295700033821,11.94287109375,,231289280,true,dcb2c10e4ac97b1d1289825869826fdec84593f7,41e5a8930cdcae89,true,2026-09-20T14:51:32+00:00
20260920T143808Z-gpu_h96,electricity_hourly,T255,timesfm25,tsfm,168,96,190006,199.6170425415039,248.19602249804453,1.1643721037783676,5.194931067172507,117.98677199976737,11.94287109375,,231289280,true,dcb2c10e4ac97b1d1289825869826fdec84593f7,41e5a8930cdcae89,true,2026-09-20T14:51:32+00:00
20260920T143808Z-gpu_h96,electricity_hourly,T255,timesfm25,tsfm,168,96,190007,123.51031239827473,148.81365820279945,0.854783725926446,3.3716826576177805,116.85939800008782,11.94287109375,,231289280,true,dcb2c10e4ac97b1d1289825869826fdec84593f7,41e5a8930cdcae89,true,2026-09-20T14:51:32+00:00
20260920T143808Z-gpu_h96,electricity_hourly,T255,timesfm25,tsfm,168,96,190008,116.74879964192708,147.59406761046432,0.8130296522118918,3.3346038765128774,115.86373299996922,11.94287109375,,231289280,true,dcb2c10e4ac97b1d1289825869826fdec84593f7,41e5a8930cdcae89,true,2026-09-20T14:51:32+00:00
20260920T143808Z-gpu_h96,electricity_hourly,T255,timesfm25,tsfm,168,96,190009,180.4666544596354,239.77589042861467,0.935464299574784,4.639737266830657,118.10132000027806,11.94287109375,,231289280,true,dcb2c10e4ac97b1d1289825869826fdec84593f7,41e5a8930cdcae89,true,2026-09-20T14:51:32+00:00
20260920T143808Z-gpu_h96,electricity_hourly,T255,timesfm25,tsfm,168,96,190010,167.59820302327475,220.30977167905368,1.0428718881406778,4.389155752493775,118.93266600009156,11.94287109375,,231289280,true,dcb2c10e4ac97b1d1289825869826fdec84593f7,41e5a8930cdcae89,true,2026-09-20T14:51:32+00:00
20260920T143808Z-gpu_h96,electricity_hourly,T255,timesfm25,tsfm,168,96,190011,144.92196146647134,184.52807481723983,0.7818065579429766,3.85168095899071,117.0254210001076,11.94287109375,,231289280,true,dcb2c10e4ac97b1d1289825869826fdec84593f7,41e5a8930cdcae89,true,2026-09-20T14:51:32+00:00
20260920T143808Z-gpu_h96,electricity_hourly,T255,timesfm25,tsfm,168,96,190012,166.1458994547526,206.40902374223677,0.9898638610461056,4.526386953625603,115.94217699985165,11.94287109375,,231289280,true,dcb2c10e4ac97b1d1289825869826fdec84593f7,41e5a8930cdcae89,true,2026-09-20T14:51:32+00:00
20260920T143808Z-gpu_h96,electricity_hourly,T255,timesfm25,tsfm,168,96,190013,166.09827677408853,209.7602070068248,0.7874029449390554,4.478509423721481,119.68447900017054,11.94287109375,,231289280,true,dcb2c10e4ac97b1d1289825869826fdec84593f7,41e5a8930cdcae89,true,2026-09-20T14:51:32+00:00
20260920T143808Z-gpu_h96,electricity_hourly,T255,timesfm25,tsfm,168,96,190014,152.05528767903647,219.78590991772282,0.880699920592923,4.531658216911269,117.17208699974435,11.94287109375,,231289280,true,dcb2c10e4ac97b1d1289825869826fdec84593f7,41e5a8930cdcae89,true,2026-09-20T14:51:32+00:00
20260920T143808Z-gpu_h96,electricity_hourly,T255,timesfm25,tsfm,168,96,190015,238.25928497314453,285.65546952944123,1.05697279840212,7.00173192048066,115.99252599989995,11.94287109375,,231289280,true,dcb2c10e4ac97b1d1289825869826fdec84593f7,41e5a8930cdcae89,true,2026-09-20T14:51:32+00:00
20260920T143808Z-gpu_h96,electricity_hourly,T255,timesfm25,tsfm,168,96,190016,113.29878616333008,155.49419400847634,0.5889688172816697,3.7090508488843628,118.02846899990982,11.94287109375,,231289280,true,dcb2c10e4ac97b1d1289825869826fdec84593f7,41e5a8930cdcae89,true,2026-09-20T14:51:32+00:00
20260920T143808Z-gpu_h96,electricity_hourly,T255,timesfm25,tsfm,168,96,190017,172.32621383666992,230.04598049885632,1.0996620930816479,4.886544737413293,118.67771100014579,11.94287109375,,231289280,true,dcb2c10e4ac97b1d1289825869826fdec84593f7,41e5a8930cdcae89,true,2026-09-20T14:51:32+00:00
20260920T143808Z-gpu_h96,electricity_hourly,T255,timesfm25,tsfm,168,96,190018,146.03933461507162,202.14056761482573,0.9505362585685371,4.471415509039405,116.89925299970128,11.94287109375,,231289280,true,dcb2c10e4ac97b1d1289825869826fdec84593f7,41e5a8930cdcae89,true,2026-09-20T14:51:32+00:00
20260920T143808Z-gpu_h96,electricity_hourly,T255,timesfm25,tsfm,168,96,190019,100.27188873291016,138.53130766399715,0.6687888827021335,3.3513424891186716,119.69731399994998,11.94287109375,,231289280,true,dcb2c10e4ac97b1d1289825869826fdec84593f7,41e5a8930cdcae89,true,2026-09-20T14:51:32+00:00
20260920T143808Z-gpu_h96,electricity_hourly,T255,timesfm25,tsfm,168,96,190020,151.99470901489258,209.35994580935446,0.9975951731150652,4.801700446358327,148.133159000281,11.94287109375,,231289280,true,dcb2c10e4ac97b1d1289825869826fdec84593f7,41e5a8930cdcae89,true,2026-09-20T14:51:32+00:00
20260920T143808Z-gpu_h96,electricity_hourly,T255,chronos_bolt,tsfm,168,96,190000,128.68382008870444,167.26588966168697,0.765626992223007,3.7199220857093436,76.33029999988139,12.59375,,205292928,true,dcb2c10e4ac97b1d1289825869826fdec84593f7,41e5a8930cdcae89,true,2026-09-20T14:51:38+00:00
20260920T143808Z-gpu_h96,electricity_hourly,T255,chronos_bolt,tsfm,168,96,190001,304.7819112141927,376.9616559683134,1.5271972724213148,7.94563889360359,73.98869700000432,12.59375,,205292928,true,dcb2c10e4ac97b1d1289825869826fdec84593f7,41e5a8930cdcae89,true,2026-09-20T14:51:38+00:00
20260920T143808Z-gpu_h96,electricity_hourly,T255,chronos_bolt,tsfm,168,96,190002,139.84112294514975,176.95583245432263,1.0272993421131296,3.9700177553833336,75.10015300022133,12.59375,,205292928,true,dcb2c10e4ac97b1d1289825869826fdec84593f7,41e5a8930cdcae89,true,2026-09-20T14:51:38+00:00
20260920T143808Z-gpu_h96,electricity_hourly,T255,chronos_bolt,tsfm,168,96,190003,177.08890787760416,226.98869034429572,0.9920175342089396,5.027769905623713,74.26596199957203,12.59375,,205292928,true,dcb2c10e4ac97b1d1289825869826fdec84593f7,41e5a8930cdcae89,true,2026-09-20T14:51:38+00:00
20260920T143808Z-gpu_h96,electricity_hourly,T255,chronos_bolt,tsfm,168,96,190004,135.2810084025065,180.1397440238542,0.644365745235543,3.494133647658633,73.96313099980034,12.59375,,205292928,true,dcb2c10e4ac97b1d1289825869826fdec84593f7,41e5a8930cdcae89,true,2026-09-20T14:51:38+00:00
20260920T143808Z-gpu_h96,electricity_hourly,T255,chronos_bolt,tsfm,168,96,190005,142.63598124186197,174.36650784425464,0.7248325969166857,3.938109980678025,71.39949199972762,12.59375,,205292928,true,dcb2c10e4ac97b1d1289825869826fdec84593f7,41e5a8930cdcae89,true,2026-09-20T14:51:38+00:00
20260920T143808Z-gpu_h96,electricity_hourly,T255,chronos_bolt,tsfm,168,96,190006,179.95106760660806,223.81976516877373,1.0496598912525443,4.727905696784679,75.09294700003011,12.59375,,205292928,true,dcb2c10e4ac97b1d1289825869826fdec84593f7,41e5a8930cdcae89,true,2026-09-20T14:51:38+00:00
20260920T143808Z-gpu_h96,electricity_hourly,T255,chronos_bolt,tsfm,168,96,190007,108.00412495930989,135.130527875644,0.747469312930294,2.9441170226701554,73.09916899976088,12.59375,,205292928,true,dcb2c10e4ac97b1d1289825869826fdec84593f7,41e5a8930cdcae89,true,2026-09-20T14:51:38+00:00
20260920T143808Z-gpu_h96,electricity_hourly,T255,chronos_bolt,tsfm,168,96,190008,115.68910217285156,144.8091175305554,0.805650000623398,3.2823073049142346,73.25774299988552,12.59375,,205292928,true,dcb2c10e4ac97b1d1289825869826fdec84593f7,41e5a8930cdcae89,true,2026-09-20T14:51:38+00:00
20260920T143808Z-gpu_h96,electricity_hourly,T255,chronos_bolt,tsfm,168,96,190009,197.42918650309244,266.6059056061926,1.0233910315495074,5.063149273658161,74.00618400015446,12.59375,,205292928,true,dcb2c10e4ac97b1d1289825869826fdec84593f7,41e5a8930cdcae89,true,2026-09-20T14:51:38+00:00
20260920T143808Z-gpu_h96,electricity_hourly,T255,chronos_bolt,tsfm,168,96,190010,150.8760986328125,202.94531330937372,0.9388193848036038,3.8879518319660584,75.05346000016289,12.59375,,205292928,true,dcb2c10e4ac97b1d1289825869826fdec84593f7,41e5a8930cdcae89,true,2026-09-20T14:51:38+00:00
20260920T143808Z-gpu_h96,electricity_hourly,T255,chronos_bolt,tsfm,168,96,190011,144.18743642171225,181.26995265893248,0.7778440356920003,3.871671905620505,77.51270100015972,12.59375,,205292928,true,dcb2c10e4ac97b1d1289825869826fdec84593f7,41e5a8930cdcae89,true,2026-09-20T14:51:38+00:00
20260920T143808Z-gpu_h96,electricity_hourly,T255,chronos_bolt,tsfm,168,96,190012,147.28243255615234,186.76159758358693,0.8774791182493147,3.986075268196934,76.27879900019252,12.59375,,205292928,true,dcb2c10e4ac97b1d1289825869826fdec84593f7,41e5a8930cdcae89,true,2026-09-20T14:51:38+00:00
20260920T143808Z-gpu_h96,electricity_hourly,T255,chronos_bolt,tsfm,168,96,190013,146.63258361816406,184.05951702829293,0.695124178332092,4.076245133860709,75.18976499977725,12.59375,,205292928,true,dcb2c10e4ac97b1d1289825869826fdec84593f7,41e5a8930cdcae89,true,2026-09-20T14:51:38+00:00
20260920T143808Z-gpu_h96,electricity_hourly,T255,chronos_bolt,tsfm,168,96,190014,151.73498026529947,224.47175412987946,0.878844709122481,4.54787200335097,71.35312900027202,12.59375,,205292928,true,dcb2c10e4ac97b1d1289825869826fdec84593f7,41e5a8930cdcae89,true,2026-09-20T14:51:38+00:00
20260920T143808Z-gpu_h96,electricity_hourly,T255,chronos_bolt,tsfm,168,96,190015,206.6074447631836,254.58045414159432,0.9165579804651398,5.905738340736446,71.20226600000024,12.59375,,205292928,true,dcb2c10e4ac97b1d1289825869826fdec84593f7,41e5a8930cdcae89,true,2026-09-20T14:51:38+00:00
20260920T143808Z-gpu_h96,electricity_hourly,T255,chronos_bolt,tsfm,168,96,190016,112.86325073242188,154.44732911934466,0.5867047437084852,3.665569947465198,71.42120499975135,12.59375,,205292928,true,dcb2c10e4ac97b1d1289825869826fdec84593f7,41e5a8930cdcae89,true,2026-09-20T14:51:38+00:00
20260920T143808Z-gpu_h96,electricity_hourly,T255,chronos_bolt,tsfm,168,96,190017,140.81529235839844,189.56604272490938,0.8985820304710349,4.0146052449644305,74.00839899992206,12.59375,,205292928,true,dcb2c10e4ac97b1d1289825869826fdec84593f7,41e5a8930cdcae89,true,2026-09-20T14:51:38+00:00
20260920T143808Z-gpu_h96,electricity_hourly,T255,chronos_bolt,tsfm,168,96,190018,166.99999364217123,223.448019960178,1.0869643411893264,5.064731772573019,74.39626099994712,12.59375,,205292928,true,dcb2c10e4ac97b1d1289825869826fdec84593f7,41e5a8930cdcae89,true,2026-09-20T14:51:38+00:00
20260920T143808Z-gpu_h96,electricity_hourly,T255,chronos_bolt,tsfm,168,96,190019,105.33122126261394,145.97537728830528,0.702533388689968,3.492186589921966,76.30359199993109,12.59375,,205292928,true,dcb2c10e4ac97b1d1289825869826fdec84593f7,41e5a8930cdcae89,true,2026-09-20T14:51:38+00:00
20260920T143808Z-gpu_h96,electricity_hourly,T255,chronos_bolt,tsfm,168,96,190020,154.87444051106772,205.86365028727678,1.0164958720872266,4.848549526420756,72.82729100006691,12.59375,,205292928,true,dcb2c10e4ac97b1d1289825869826fdec84593f7,41e5a8930cdcae89,true,2026-09-20T14:51:38+00:00
20260920T143808Z-gpu_h96,electricity_hourly,T268,lstm,deep,168,96,200000,127.48261946608541,188.1062167430337,3.6151038210154196,16.193401105165048,345.58997200019803,16.14599609375,0.3103436440001133,4513,false,dcb2c10e4ac97b1d1289825869826fdec84593f7,41e5a8930cdcae89,true,2026-09-20T14:51:50+00:00
20260920T143808Z-gpu_h96,electricity_hourly,T268,lstm,deep,168,96,200001,328.0573795939477,399.11506541929117,4.982624476482277,33.62592546589801,358.3566620000056,16.10986328125,0.3238232900002913,4513,false,dcb2c10e4ac97b1d1289825869826fdec84593f7,41e5a8930cdcae89,true,2026-09-20T14:51:50+00:00
20260920T143808Z-gpu_h96,electricity_hourly,T268,lstm,deep,168,96,200002,246.56599636459,342.1687634381131,3.713964798797172,27.80347886231426,364.64665799985596,16.10986328125,0.32730623599991304,4513,false,dcb2c10e4ac97b1d1289825869826fdec84593f7,41e5a8930cdcae89,true,2026-09-20T14:51:50+00:00
20260920T143808Z-gpu_h96,electricity_hourly,T268,lstm,deep,168,96,200003,114.3053580677085,143.47538136714428,2.048279188868843,11.859816547319609,351.4775789999476,16.10986328125,0.31701704500028427,4513,false,dcb2c10e4ac97b1d1289825869826fdec84593f7,41e5a8930cdcae89,true,2026-09-20T14:51:50+00:00
20260920T143808Z-gpu_h96,electricity_hourly,T268,lstm,deep,168,96,200004,63.48105751288119,83.19770955645572,1.3884070901966725,6.6736247254863725,346.2067280001975,16.10986328125,0.3120928000003005,4513,false,dcb2c10e4ac97b1d1289825869826fdec84593f7,41e5a8930cdcae89,true,2026-09-20T14:51:50+00:00
20260920T143808Z-gpu_h96,electricity_hourly,T268,lstm,deep,168,96,200005,393.8167264197156,471.91343741428955,7.689438454839193,41.418084275399586,351.1660760000268,16.10986328125,0.3152855799999088,4513,false,dcb2c10e4ac97b1d1289825869826fdec84593f7,41e5a8930cdcae89,true,2026-09-20T14:51:50+00:00
20260920T143808Z-gpu_h96,electricity_hourly,T268,lstm,deep,168,96,200006,229.555660148397,324.7259702591159,5.239501515512628,24.558514240863715,363.6504989999594,16.10986328125,0.3284615379998286,4513,false,dcb2c10e4ac97b1d1289825869826fdec84593f7,41e5a8930cdcae89,true,2026-09-20T14:51:50+00:00
20260920T143808Z-gpu_h96,electricity_hourly,T268,lstm,deep,168,96,200007,217.70400427162193,317.8522367969289,4.653314029258358,22.787213558004815,387.18440600041504,16.10986328125,0.35175317499988523,4513,false,dcb2c10e4ac97b1d1289825869826fdec84593f7,41e5a8930cdcae89,true,2026-09-20T14:51:50+00:00
20260920T143808Z-gpu_h96,electricity_hourly,T268,lstm,deep,168,96,200008,357.46311174069575,440.1358676166382,7.902162740353114,39.20767203165514,354.89547899987883,16.10986328125,0.31962351999982275,4513,false,dcb2c10e4ac97b1d1289825869826fdec84593f7,41e5a8930cdcae89,true,2026-09-20T14:51:50+00:00
20260920T143808Z-gpu_h96,electricity_hourly,T268,lstm,deep,168,96,200009,114.09863314493714,169.73270573820196,1.9140497638479668,12.293321819392618,357.94817300029536,16.10986328125,0.3239370789997338,4513,false,dcb2c10e4ac97b1d1289825869826fdec84593f7,41e5a8930cdcae89,true,2026-09-20T14:51:50+00:00
20260920T143808Z-gpu_h96,electricity_hourly,T268,lstm,deep,168,96,200010,133.31015942095664,180.20011613733618,3.2938680433455314,13.593062443480397,358.4520170002179,16.10986328125,0.3227792379998391,4513,false,dcb2c10e4ac97b1d1289825869826fdec84593f7,41e5a8930cdcae89,true,2026-09-20T14:51:50+00:00
20260920T143808Z-gpu_h96,electricity_hourly,T268,lstm,deep,168,96,200011,62.7832522420598,83.66021680842583,1.0443327160513587,6.7359591025781524,349.93678699993325,16.10986328125,0.31683269800032576,4513,false,dcb2c10e4ac97b1d1289825869826fdec84593f7,41e5a8930cdcae89,true,2026-09-20T14:51:50+00:00
20260920T143808Z-gpu_h96,electricity_hourly,T268,lstm,deep,168,96,200012,225.4939912272649,323.0528494108973,4.115479687797991,25.17199242147069,371.6392819997054,16.10986328125,0.33583601800000906,4513,false,dcb2c10e4ac97b1d1289825869826fdec84593f7,41e5a8930cdcae89,true,2026-09-20T14:51:50+00:00
20260920T143808Z-gpu_h96,electricity_hourly,T268,lstm,deep,168,96,200013,227.87069746216017,311.8410568222554,4.132147139472492,27.283168153367004,391.68953700027487,16.10986328125,0.35712011200030247,4513,false,dcb2c10e4ac97b1d1289825869826fdec84593f7,41e5a8930cdcae89,true,2026-09-20T14:51:50+00:00
20260920T143808Z-gpu_h96,electricity_hourly,T268,lstm,deep,168,96,200014,85.42932245099963,117.88708593809304,2.0064952590024383,9.236883406418956,370.5308869998589,16.10986328125,0.3357630479999898,4513,false,dcb2c10e4ac97b1d1289825869826fdec84593f7,41e5a8930cdcae89,true,2026-09-20T14:51:50+00:00
20260920T143808Z-gpu_h96,electricity_hourly,T268,lstm,deep,168,96,200015,199.56258807885652,284.3676433587216,4.354092830811415,23.836596291019198,399.3154429999777,16.10986328125,0.3619550299999901,4513,false,dcb2c10e4ac97b1d1289825869826fdec84593f7,41e5a8930cdcae89,true,2026-09-20T14:51:50+00:00
20260920T143808Z-gpu_h96,electricity_hourly,T268,lstm,deep,168,96,200016,186.6250305810886,264.7804332448912,3.7278408106085115,24.515252804562326,364.8653279997234,16.10986328125,0.33034488800012696,4513,false,dcb2c10e4ac97b1d1289825869826fdec84593f7,41e5a8930cdcae89,true,2026-09-20T14:51:50+00:00
20260920T143808Z-gpu_h96,electricity_hourly,T268,lstm,deep,168,96,200017,86.99107283518556,127.92593566587148,2.1347502536241856,11.86653487856809,382.41923300029157,16.10986328125,0.34771386600004917,4513,false,dcb2c10e4ac97b1d1289825869826fdec84593f7,41e5a8930cdcae89,true,2026-09-20T14:51:50+00:00
20260920T143808Z-gpu_h96,electricity_hourly,T268,lstm,deep,168,96,200018,193.18544036998415,259.27461602261315,4.371260750043639,25.389241672350966,361.4352829999916,16.10986328125,0.32674413799986723,4513,false,dcb2c10e4ac97b1d1289825869826fdec84593f7,41e5a8930cdcae89,true,2026-09-20T14:51:50+00:00
20260920T143808Z-gpu_h96,electricity_hourly,T268,lstm,deep,168,96,200019,135.69595229975903,204.3948799537503,3.0976881945411066,18.343664343982866,366.52520199959326,16.10986328125,0.3313829349999651,4513,false,dcb2c10e4ac97b1d1289825869826fdec84593f7,41e5a8930cdcae89,true,2026-09-20T14:51:50+00:00
20260920T143808Z-gpu_h96,electricity_hourly,T268,lstm,deep,168,96,200020,99.42164548839132,154.32019167320345,2.4265621949709066,13.53152518674591,406.157543000063,16.10986328125,0.3683637060003093,4513,false,dcb2c10e4ac97b1d1289825869826fdec84593f7,41e5a8930cdcae89,true,2026-09-20T14:51:50+00:00
20260920T143808Z-gpu_h96,electricity_hourly,T268,transformer,deep,168,96,200000,139.64171418359453,176.48071647605838,3.959906822063335,17.151185320074525,584.6115080003074,10.6845703125,0.5813892269998178,19232,false,dcb2c10e4ac97b1d1289825869826fdec84593f7,41e5a8930cdcae89,true,2026-09-20T14:52:06+00:00
20260920T143808Z-gpu_h96,electricity_hourly,T268,transformer,deep,168,96,200001,225.73941879571075,260.09741331343724,3.4285915311235473,21.443573167591808,588.2405070001369,10.525390625,0.58525799500012,19232,false,dcb2c10e4ac97b1d1289825869826fdec84593f7,41e5a8930cdcae89,true,2026-09-20T14:52:06+00:00
20260920T143808Z-gpu_h96,electricity_hourly,T268,transformer,deep,168,96,200002,94.55730991586138,126.25771679284412,1.424294207937661,10.977813880165776,637.9564539997773,10.525390625,0.6347964739998133,19232,false,dcb2c10e4ac97b1d1289825869826fdec84593f7,41e5a8930cdcae89,true,2026-09-20T14:52:06+00:00
20260920T143808Z-gpu_h96,electricity_hourly,T268,transformer,deep,168,96,200003,95.03457455388849,110.73558540695024,1.7029590263514114,10.050670757868458,609.1515170001003,10.525390625,0.6060995500001809,19232,false,dcb2c10e4ac97b1d1289825869826fdec84593f7,41e5a8930cdcae89,true,2026-09-20T14:52:06+00:00
20260920T143808Z-gpu_h96,electricity_hourly,T268,transformer,deep,168,96,200004,95.5867630766276,129.436813700418,2.0905974913478698,10.578033591256194,589.3984110002748,10.525390625,0.5863080540002557,19232,false,dcb2c10e4ac97b1d1289825869826fdec84593f7,41e5a8930cdcae89,true,2026-09-20T14:52:06+00:00
20260920T143808Z-gpu_h96,electricity_hourly,T268,transformer,deep,168,96,200005,79.07644081060342,111.28682211945716,1.5440010137934768,9.194206239994392,585.5475240000487,10.525390625,0.5825344810000388,19232,false,dcb2c10e4ac97b1d1289825869826fdec84593f7,41e5a8930cdcae89,true,2026-09-20T14:52:06+00:00
20260920T143808Z-gpu_h96,electricity_hourly,T268,transformer,deep,168,96,200006,159.84907971290716,217.06545535997887,3.6484811346740575,17.562142596610965,593.0259349997868,10.525390625,0.5900904300001457,19232,false,dcb2c10e4ac97b1d1289825869826fdec84593f7,41e5a8930cdcae89,true,2026-09-20T14:52:06+00:00
20260920T143808Z-gpu_h96,electricity_hourly,T268,transformer,deep,168,96,200007,85.13858719161475,105.09820337949077,1.819794649783661,8.905106205370512,593.349033999857,10.525390625,0.5905758789999709,19232,false,dcb2c10e4ac97b1d1289825869826fdec84593f7,41e5a8930cdcae89,true,2026-09-20T14:52:06+00:00
20260920T143808Z-gpu_h96,electricity_hourly,T268,transformer,deep,168,96,200008,84.79649785412148,119.59149411033826,1.8745311162102383,9.785602408297349,581.7856310000025,10.525390625,0.5787838299997929,19232,false,dcb2c10e4ac97b1d1289825869826fdec84593f7,41e5a8930cdcae89,true,2026-09-20T14:52:06+00:00
20260920T143808Z-gpu_h96,electricity_hourly,T268,transformer,deep,168,96,200009,114.77749389444436,148.61702312902264,1.9254379218080133,12.1220607171546,577.1965330000057,10.525390625,0.5743274959995688,19232,false,dcb2c10e4ac97b1d1289825869826fdec84593f7,41e5a8930cdcae89,true,2026-09-20T14:52:06+00:00
20260920T143808Z-gpu_h96,electricity_hourly,T268,transformer,deep,168,96,200010,69.42536601381642,92.76055457595699,1.715383099860941,7.5903934807549325,577.3293050001485,10.525390625,0.5743053149999469,19232,false,dcb2c10e4ac97b1d1289825869826fdec84593f7,41e5a8930cdcae89,true,2026-09-20T14:52:06+00:00
20260920T143808Z-gpu_h96,electricity_hourly,T268,transformer,deep,168,96,200011,80.68907527051405,102.04601477062802,1.3421770635270907,9.041616749959227,582.583569000235,10.525390625,0.5794906120004271,19232,false,dcb2c10e4ac97b1d1289825869826fdec84593f7,41e5a8930cdcae89,true,2026-09-20T14:52:06+00:00
20260920T143808Z-gpu_h96,electricity_hourly,T268,transformer,deep,168,96,200012,118.13834205604326,149.71873267740344,2.156137041327025,13.160084209404102,579.0719520000494,10.525390625,0.5760587089998808,19232,false,dcb2c10e4ac97b1d1289825869826fdec84593f7,41e5a8930cdcae89,true,2026-09-20T14:52:06+00:00
20260920T143808Z-gpu_h96,electricity_hourly,T268,transformer,deep,168,96,200013,124.60594321910465,153.9336063049298,2.2595713164023508,15.211772240037888,582.350611000038,10.525390625,0.5793735299998843,19232,false,dcb2c10e4ac97b1d1289825869826fdec84593f7,41e5a8930cdcae89,true,2026-09-20T14:52:06+00:00
20260920T143808Z-gpu_h96,electricity_hourly,T268,transformer,deep,168,96,200014,70.35989536344213,95.50254677373256,1.6525566681349972,7.8006012929075315,576.3933150001321,10.525390625,0.5734680020000269,19232,false,dcb2c10e4ac97b1d1289825869826fdec84593f7,41e5a8930cdcae89,true,2026-09-20T14:52:06+00:00
20260920T143808Z-gpu_h96,electricity_hourly,T268,transformer,deep,168,96,200015,87.88818488481944,115.19843389449721,1.9175603974869695,10.742170465523749,624.8572090003108,10.525390625,0.6220191120000891,19232,false,dcb2c10e4ac97b1d1289825869826fdec84593f7,41e5a8930cdcae89,true,2026-09-20T14:52:06+00:00
20260920T143808Z-gpu_h96,electricity_hourly,T268,transformer,deep,168,96,200016,59.966001753095156,73.5342275881331,1.197822756616133,8.882684727196859,565.2628259999801,10.525390625,0.5624498299998777,19232,false,dcb2c10e4ac97b1d1289825869826fdec84593f7,41e5a8930cdcae89,true,2026-09-20T14:52:06+00:00
20260920T143808Z-gpu_h96,electricity_hourly,T268,transformer,deep,168,96,200017,55.10363973305895,73.61201439211337,1.3522365578664772,8.068326456900095,568.7601959998574,10.525390625,0.5659551590001684,19232,false,dcb2c10e4ac97b1d1289825869826fdec84593f7,41e5a8930cdcae89,true,2026-09-20T14:52:06+00:00
20260920T143808Z-gpu_h96,electricity_hourly,T268,transformer,deep,168,96,200018,57.412843196746415,78.52924148114099,1.2990963891155696,8.233961118082721,594.4511440002316,10.525390625,0.5915372770000431,19232,false,dcb2c10e4ac97b1d1289825869826fdec84593f7,41e5a8930cdcae89,true,2026-09-20T14:52:06+00:00
20260920T143808Z-gpu_h96,electricity_hourly,T268,transformer,deep,168,96,200019,60.270427072371376,77.38087796829248,1.375862634499283,8.765238033827034,562.2696179998457,10.525390625,0.559397226999863,19232,false,dcb2c10e4ac97b1d1289825869826fdec84593f7,41e5a8930cdcae89,true,2026-09-20T14:52:06+00:00
20260920T143808Z-gpu_h96,electricity_hourly,T268,transformer,deep,168,96,200020,67.13717965829032,86.82178924974225,1.6386023509820011,9.55122098030785,573.8487190001251,10.525390625,0.5708682899999076,19232,false,dcb2c10e4ac97b1d1289825869826fdec84593f7,41e5a8930cdcae89,true,2026-09-20T14:52:06+00:00
20260920T143808Z-gpu_h96,electricity_hourly,T268,timesfm25,tsfm,168,96,200000,40.204250971476235,51.239081294037476,1.1400969160875498,4.941145790303719,107.33434500025396,11.94287109375,,231289280,true,dcb2c10e4ac97b1d1289825869826fdec84593f7,41e5a8930cdcae89,true,2026-09-20T14:52:13+00:00
20260920T143808Z-gpu_h96,electricity_hourly,T268,timesfm25,tsfm,168,96,200001,135.89458243052164,160.2324888734975,2.064003783355671,12.783147879973727,121.53524199993626,11.94287109375,,231289280,true,dcb2c10e4ac97b1d1289825869826fdec84593f7,41e5a8930cdcae89,true,2026-09-20T14:52:13+00:00
20260920T143808Z-gpu_h96,electricity_hourly,T268,timesfm25,tsfm,168,96,200002,42.12265872955322,60.07922247127877,0.6344835624535213,4.367755168653181,118.18361600035132,11.94287109375,,231289280,true,dcb2c10e4ac97b1d1289825869826fdec84593f7,41e5a8930cdcae89,true,2026-09-20T14:52:13+00:00
20260920T143808Z-gpu_h96,electricity_hourly,T268,timesfm25,tsfm,168,96,200003,62.60715993245443,73.02262335104945,1.1218804169080934,6.29066555653303,115.88958899983481,11.94287109375,,231289280,true,dcb2c10e4ac97b1d1289825869826fdec84593f7,41e5a8930cdcae89,true,2026-09-20T14:52:13+00:00
20260920T143808Z-gpu_h96,electricity_hourly,T268,timesfm25,tsfm,168,96,200004,46.31218147277832,63.41880777959345,1.0129031184811783,4.697069445335802,112.09450699971057,11.94287109375,,231289280,true,dcb2c10e4ac97b1d1289825869826fdec84593f7,41e5a8930cdcae89,true,2026-09-20T14:52:13+00:00
20260920T143808Z-gpu_h96,electricity_hourly,T268,timesfm25,tsfm,168,96,200005,37.81843566894531,48.33553146021646,0.7384209811970339,3.733196661860495,117.7244789996621,11.94287109375,,231289280,true,dcb2c10e4ac97b1d1289825869826fdec84593f7,41e5a8930cdcae89,true,2026-09-20T14:52:13+00:00
20260920T143808Z-gpu_h96,electricity_hourly,T268,timesfm25,tsfm,168,96,200006,36.88516044616699,48.68294672920889,0.841886686360445,3.7819715278929897,116.10307900036787,11.94287109375,,231289280,true,dcb2c10e4ac97b1d1289825869826fdec84593f7,41e5a8930cdcae89,true,2026-09-20T14:52:13+00:00
20260920T143808Z-gpu_h96,electricity_hourly,T268,timesfm25,tsfm,168,96,200007,63.40294901529948,82.81367455897566,1.3552062725550134,6.346845330755781,114.7592799998165,11.94287109375,,231289280,true,dcb2c10e4ac97b1d1289825869826fdec84593f7,41e5a8930cdcae89,true,2026-09-20T14:52:13+00:00
20260920T143808Z-gpu_h96,electricity_hourly,T268,timesfm25,tsfm,168,96,200008,48.24080276489258,62.81047702933925,1.0664224129788964,4.683078907241589,106.93647399966721,11.94287109375,,231289280,true,dcb2c10e4ac97b1d1289825869826fdec84593f7,41e5a8930cdcae89,true,2026-09-20T14:52:13+00:00
20260920T143808Z-gpu_h96,electricity_hourly,T268,timesfm25,tsfm,168,96,200009,54.70111846923828,72.37595985570799,0.9176329286545098,5.679281751607562,114.25739399965096,11.94287109375,,231289280,true,dcb2c10e4ac97b1d1289825869826fdec84593f7,41e5a8930cdcae89,true,2026-09-20T14:52:13+00:00
20260920T143808Z-gpu_h96,electricity_hourly,T268,timesfm25,tsfm,168,96,200010,38.341885248819985,49.186023456976685,0.9473629848713243,4.033285242581427,114.4418889998633,11.94287109375,,231289280,true,dcb2c10e4ac97b1d1289825869826fdec84593f7,41e5a8930cdcae89,true,2026-09-20T14:52:13+00:00
20260920T143808Z-gpu_h96,electricity_hourly,T268,timesfm25,tsfm,168,96,200011,47.06850941975912,62.98506151042354,0.7829346605573886,4.77602935060231,116.6352730001563,11.94287109375,,231289280,true,dcb2c10e4ac97b1d1289825869826fdec84593f7,41e5a8930cdcae89,true,2026-09-20T14:52:13+00:00
20260920T143808Z-gpu_h96,electricity_hourly,T268,timesfm25,tsfm,168,96,200012,66.0578498840332,91.10317827149979,1.2056185530165757,6.120005013149788,112.8892800002177,11.94287109375,,231289280,true,dcb2c10e4ac97b1d1289825869826fdec84593f7,41e5a8930cdcae89,true,2026-09-20T14:52:13+00:00
20260920T143808Z-gpu_h96,electricity_hourly,T268,timesfm25,tsfm,168,96,200013,85.78174654642741,101.53595750810977,1.5555435716768098,9.858359369996004,115.66484200011473,11.94287109375,,231289280,true,dcb2c10e4ac97b1d1289825869826fdec84593f7,41e5a8930cdcae89,true,2026-09-20T14:52:13+00:00
20260920T143808Z-gpu_h96,electricity_hourly,T268,timesfm25,tsfm,168,96,200014,53.19284184773763,64.57199135841469,1.2493507137619018,5.596895788299695,116.58242700013943,11.94287109375,,231289280,true,dcb2c10e4ac97b1d1289825869826fdec84593f7,41e5a8930cdcae89,true,2026-09-20T14:52:13+00:00
20260920T143808Z-gpu_h96,electricity_hourly,T268,timesfm25,tsfm,168,96,200015,49.71009476979574,69.17470612567912,1.0845838858864525,5.704003873056043,119.34333199997127,11.94287109375,,231289280,true,dcb2c10e4ac97b1d1289825869826fdec84593f7,41e5a8930cdcae89,true,2026-09-20T14:52:13+00:00
20260920T143808Z-gpu_h96,electricity_hourly,T268,timesfm25,tsfm,168,96,200016,47.57248306274414,58.52550468599919,0.9502618339624298,7.2070445332771005,116.76124199993865,11.94287109375,,231289280,true,dcb2c10e4ac97b1d1289825869826fdec84593f7,41e5a8930cdcae89,true,2026-09-20T14:52:13+00:00
20260920T143808Z-gpu_h96,electricity_hourly,T268,timesfm25,tsfm,168,96,200017,25.60552183787028,31.863294863836884,0.6283563641195161,3.463607121414731,116.22114399960992,11.94287109375,,231289280,true,dcb2c10e4ac97b1d1289825869826fdec84593f7,41e5a8930cdcae89,true,2026-09-20T14:52:13+00:00
20260920T143808Z-gpu_h96,electricity_hourly,T268,timesfm25,tsfm,168,96,200018,22.364558219909668,27.99074371100881,0.5060490860570384,2.9385208892712003,122.8756609998527,11.94287109375,,231289280,true,dcb2c10e4ac97b1d1289825869826fdec84593f7,41e5a8930cdcae89,true,2026-09-20T14:52:13+00:00
20260920T143808Z-gpu_h96,electricity_hourly,T268,timesfm25,tsfm,168,96,200019,25.148491223653156,32.377890119033964,0.574093648732729,3.2525288381345487,138.91390499975387,11.94287109375,,231289280,true,dcb2c10e4ac97b1d1289825869826fdec84593f7,41e5a8930cdcae89,true,2026-09-20T14:52:13+00:00
20260920T143808Z-gpu_h96,electricity_hourly,T268,timesfm25,tsfm,168,96,200020,22.95687707265218,27.64975213553998,0.5603034404172735,3.179455147129472,115.41467600000033,11.94287109375,,231289280,true,dcb2c10e4ac97b1d1289825869826fdec84593f7,41e5a8930cdcae89,true,2026-09-20T14:52:13+00:00
20260920T143808Z-gpu_h96,electricity_hourly,T268,chronos_bolt,tsfm,168,96,200000,46.039469401041664,59.000612405928976,1.3055698294111855,5.102475349895584,75.61926200014568,12.59375,,205292928,true,dcb2c10e4ac97b1d1289825869826fdec84593f7,41e5a8930cdcae89,true,2026-09-20T14:52:18+00:00
20260920T143808Z-gpu_h96,electricity_hourly,T268,chronos_bolt,tsfm,168,96,200001,114.53821881612141,131.40598248667905,1.7396375392386336,11.291381597641285,71.81575499998871,12.59375,,205292928,true,dcb2c10e4ac97b1d1289825869826fdec84593f7,41e5a8930cdcae89,true,2026-09-20T14:52:18+00:00
20260920T143808Z-gpu_h96,electricity_hourly,T268,chronos_bolt,tsfm,168,96,200002,51.7113889058431,65.76587639311863,0.7789163182470091,5.601146990970751,70.96757799990883,12.59375,,205292928,true,dcb2c10e4ac97b1d1289825869826fdec84593f7,41e5a8930cdcae89,true,2026-09-20T14:52:18+00:00
20260920T143808Z-gpu_h96,electricity_hourly,T268,chronos_bolt,tsfm,168,96,200003,57.02834383646647,70.61135123052362,1.0219115869152777,5.289259618854791,71.39493100021355,12.59375,,205292928,true,dcb2c10e4ac97b1d1289825869826fdec84593f7,41e5a8930cdcae89,true,2026-09-20T14:52:18+00:00
20260920T143808Z-gpu_h96,electricity_hourly,T268,chronos_bolt,tsfm,168,96,200004,40.16682561238607,57.667224401785255,0.878496793466524,4.05368218490379,75.62501799975507,12.59375,,205292928,true,dcb2c10e4ac97b1d1289825869826fdec84593f7,41e5a8930cdcae89,true,2026-09-20T14:52:18+00:00
20260920T143808Z-gpu_h96,electricity_hourly,T268,chronos_bolt,tsfm,168,96,200005,39.33299573262533,51.09853160472486,0.767993408203125,3.8119796142807827,75.2048089998425,12.59375,,205292928,true,dcb2c10e4ac97b1d1289825869826fdec84593f7,41e5a8930cdcae89,true,2026-09-20T14:52:18+00:00
20260920T143808Z-gpu_h96,electricity_hourly,T268,chronos_bolt,tsfm,168,96,200006,29.77121861775716,39.3364987477066,0.6795142623168539,3.116245153412422,75.9030479998728,12.59375,,205292928,true,dcb2c10e4ac97b1d1289825869826fdec84593f7,41e5a8930cdcae89,true,2026-09-20T14:52:18+00:00
20260920T143808Z-gpu_h96,electricity_hourly,T268,chronos_bolt,tsfm,168,96,200007,62.68683115641276,80.44686274536704,1.3398996120711648,6.443771435861676,73.75777900006142,12.59375,,205292928,true,dcb2c10e4ac97b1d1289825869826fdec84593f7,41e5a8930cdcae89,true,2026-09-20T14:52:18+00:00
20260920T143808Z-gpu_h96,electricity_hourly,T268,chronos_bolt,tsfm,168,96,200008,44.371294021606445,57.560301403470966,0.9808821521509561,4.260573754179163,74.4204190000346,12.59375,,205292928,true,dcb2c10e4ac97b1d1289825869826fdec84593f7,41e5a8930cdcae89,true,2026-09-20T14:52:18+00:00
20260920T143808Z-gpu_h96,electricity_hourly,T268,chronos_bolt,tsfm,168,96,200009,45.52193260192871,65.33751918528131,0.7636484499857565,4.336928533883569,74.68079599993871,12.59375,,205292928,true,dcb2c10e4ac97b1d1289825869826fdec84593f7,41e5a8930cdcae89,true,2026-09-20T14:52:18+00:00
20260920T143808Z-gpu_h96,electricity_hourly,T268,chronos_bolt,tsfm,168,96,200010,40.09675534566244,52.63336434829319,0.9907228499957774,3.9145575469080534,76.98410500006503,12.59375,,205292928,true,dcb2c10e4ac97b1d1289825869826fdec84593f7,41e5a8930cdcae89,true,2026-09-20T14:52:18+00:00
20260920T143808Z-gpu_h96,electricity_hourly,T268,chronos_bolt,tsfm,168,96,200011,45.56742477416992,63.39225842582914,0.7579657118494246,4.688863810721402,75.97072399994431,12.59375,,205292928,true,dcb2c10e4ac97b1d1289825869826fdec84593f7,41e5a8930cdcae89,true,2026-09-20T14:52:18+00:00
20260920T143808Z-gpu_h96,electricity_hourly,T268,chronos_bolt,tsfm,168,96,200012,64.32009379069011,89.20705502781179,1.1739028524536599,5.7228608575394855,76.42602800024179,12.59375,,205292928,true,dcb2c10e4ac97b1d1289825869826fdec84593f7,41e5a8930cdcae89,true,2026-09-20T14:52:18+00:00
20260920T143808Z-gpu_h96,electricity_hourly,T268,chronos_bolt,tsfm,168,96,200013,85.50696245829265,101.37533312618022,1.550560709481695,9.788342120136111,73.93166900010328,12.59375,,205292928,true,dcb2c10e4ac97b1d1289825869826fdec84593f7,41e5a8930cdcae89,true,2026-09-20T14:52:18+00:00
20260920T143808Z-gpu_h96,electricity_hourly,T268,chronos_bolt,tsfm,168,96,200014,47.32320467631022,57.543167569371015,1.1114893938001422,5.062969186239122,76.15184299993416,12.59375,,205292928,true,dcb2c10e4ac97b1d1289825869826fdec84593f7,41e5a8930cdcae89,true,2026-09-20T14:52:18+00:00
20260920T143808Z-gpu_h96,electricity_hourly,T268,chronos_bolt,tsfm,168,96,200015,48.39105383555094,69.19388034561129,1.0558048109574751,5.451491671939909,75.2023800000643,12.59375,,205292928,true,dcb2c10e4ac97b1d1289825869826fdec84593f7,41e5a8930cdcae89,true,2026-09-20T14:52:18+00:00
20260920T143808Z-gpu_h96,electricity_hourly,T268,chronos_bolt,tsfm,168,96,200016,41.902065912882485,52.937400858119446,0.8369950744146314,6.163774901440396,74.41020899977957,12.59375,,205292928,true,dcb2c10e4ac97b1d1289825869826fdec84593f7,41e5a8930cdcae89,true,2026-09-20T14:52:18+00:00
20260920T143808Z-gpu_h96,electricity_hourly,T268,chronos_bolt,tsfm,168,96,200017,33.44584941864014,41.40028873233354,0.8207570409482242,4.583955036810492,75.3005370002029,12.59375,,205292928,true,dcb2c10e4ac97b1d1289825869826fdec84593f7,41e5a8930cdcae89,true,2026-09-20T14:52:18+00:00
20260920T143808Z-gpu_h96,electricity_hourly,T268,chronos_bolt,tsfm,168,96,200018,29.380716641743977,38.343809753016146,0.6648056562556777,4.02514202643474,77.78055899962055,12.59375,,205292928,true,dcb2c10e4ac97b1d1289825869826fdec84593f7,41e5a8930cdcae89,true,2026-09-20T14:52:18+00:00
20260920T143808Z-gpu_h96,electricity_hourly,T268,chronos_bolt,tsfm,168,96,200019,35.681678454081215,44.21767167491977,0.8145468765674849,5.0011607052328655,78.07059900005697,12.59375,,205292928,true,dcb2c10e4ac97b1d1289825869826fdec84593f7,41e5a8930cdcae89,true,2026-09-20T14:52:18+00:00
20260920T143808Z-gpu_h96,electricity_hourly,T268,chronos_bolt,tsfm,168,96,200020,24.0289732615153,29.227502988222465,0.5864698558742718,3.4703794545962543,77.29754999991201,12.59375,,205292928,true,dcb2c10e4ac97b1d1289825869826fdec84593f7,41e5a8930cdcae89,true,2026-09-20T14:52:18+00:00
20260920T143808Z-gpu_h96,electricity_hourly,T281,lstm,deep,168,96,210000,652.4732212399864,787.612554876808,5.759234023449677,36.372365356234646,352.3580649998621,16.14599609375,0.3159991269999409,4513,false,dcb2c10e4ac97b1d1289825869826fdec84593f7,41e5a8930cdcae89,true,2026-09-20T14:52:29+00:00
20260920T143808Z-gpu_h96,electricity_hourly,T281,lstm,deep,168,96,210001,502.89385734875344,612.2212907420136,4.050378402495693,22.938881294451082,383.9835989997482,16.10986328125,0.3478682449999724,4513,false,dcb2c10e4ac97b1d1289825869826fdec84593f7,41e5a8930cdcae89,true,2026-09-20T14:52:29+00:00
20260920T143808Z-gpu_h96,electricity_hourly,T281,lstm,deep,168,96,210002,152.16731860536063,190.99642346042216,1.025223126335654,8.25596595453696,335.8881219996874,16.10986328125,0.3021021629997449,4513,false,dcb2c10e4ac97b1d1289825869826fdec84593f7,41e5a8930cdcae89,true,2026-09-20T14:52:29+00:00
20260920T143808Z-gpu_h96,electricity_hourly,T281,lstm,deep,168,96,210003,581.9427930809279,734.4860684633786,6.63445192016892,30.086919148309292,342.3852039995836,16.10986328125,0.309013791000325,4513,false,dcb2c10e4ac97b1d1289825869826fdec84593f7,41e5a8930cdcae89,true,2026-09-20T14:52:29+00:00
20260920T143808Z-gpu_h96,electricity_hourly,T281,lstm,deep,168,96,210004,681.6621709460196,887.4056186437256,5.517360048126965,32.392302596293284,341.6593639999519,16.10986328125,0.30724962600015715,4513,false,dcb2c10e4ac97b1d1289825869826fdec84593f7,41e5a8930cdcae89,true,2026-09-20T14:52:29+00:00
20260920T143808Z-gpu_h96,electricity_hourly,T281,lstm,deep,168,96,210005,251.74245162868988,373.3221237081592,1.4010556170105644,12.494116560572955,356.4262630002304,16.10986328125,0.3243891030001578,4513,false,dcb2c10e4ac97b1d1289825869826fdec84593f7,41e5a8930cdcae89,true,2026-09-20T14:52:29+00:00
20260920T143808Z-gpu_h96,electricity_hourly,T281,lstm,deep,168,96,210006,295.93843776163277,392.1708065341149,2.1258672571922137,14.595297883957478,338.13285199994425,16.10986328125,0.30488254800002323,4513,false,dcb2c10e4ac97b1d1289825869826fdec84593f7,41e5a8930cdcae89,true,2026-09-20T14:52:29+00:00
20260920T143808Z-gpu_h96,electricity_hourly,T281,lstm,deep,168,96,210007,388.22095520879435,498.7569049046072,2.66272053108199,19.528211694354333,355.8702020000055,16.10986328125,0.323361420999845,4513,false,dcb2c10e4ac97b1d1289825869826fdec84593f7,41e5a8930cdcae89,true,2026-09-20T14:52:29+00:00
20260920T143808Z-gpu_h96,electricity_hourly,T281,lstm,deep,168,96,210008,458.98822761934724,619.5798858699826,5.433599537749589,23.203583342599487,339.2943499998182,16.10986328125,0.3071448280002187,4513,false,dcb2c10e4ac97b1d1289825869826fdec84593f7,41e5a8930cdcae89,true,2026-09-20T14:52:29+00:00
20260920T143808Z-gpu_h96,electricity_hourly,T281,lstm,deep,168,96,210009,181.69930325663063,242.1151823947577,1.4745660318392024,8.385281050460131,337.6772360002178,16.10986328125,0.30493756799978655,4513,false,dcb2c10e4ac97b1d1289825869826fdec84593f7,41e5a8930cdcae89,true,2026-09-20T14:52:29+00:00
20260920T143808Z-gpu_h96,electricity_hourly,T281,lstm,deep,168,96,210010,338.81464432976105,478.89187261433034,2.7070581359088712,17.048869477257334,346.4496940000572,16.10986328125,0.3123863910000182,4513,false,dcb2c10e4ac97b1d1289825869826fdec84593f7,41e5a8930cdcae89,true,2026-09-20T14:52:29+00:00
20260920T143808Z-gpu_h96,electricity_hourly,T281,lstm,deep,168,96,210011,203.4230409568303,265.376833095069,1.8935305686996486,10.261472101329904,356.36885599978996,16.10986328125,0.3223581130000639,4513,false,dcb2c10e4ac97b1d1289825869826fdec84593f7,41e5a8930cdcae89,true,2026-09-20T14:52:29+00:00
20260920T143808Z-gpu_h96,electricity_hourly,T281,lstm,deep,168,96,210012,640.5831118553796,707.9130403721401,1.8150401028525966,31.9426467681495,356.5466960003505,16.10986328125,0.3230790210000123,4513,false,dcb2c10e4ac97b1d1289825869826fdec84593f7,41e5a8930cdcae89,true,2026-09-20T14:52:29+00:00
20260920T143808Z-gpu_h96,electricity_hourly,T281,lstm,deep,168,96,210013,142.59263572716898,181.38659890081598,1.2338264358077355,7.803313757235636,358.43093999983466,16.10986328125,0.32537057499985167,4513,false,dcb2c10e4ac97b1d1289825869826fdec84593f7,41e5a8930cdcae89,true,2026-09-20T14:52:29+00:00
20260920T143808Z-gpu_h96,electricity_hourly,T281,lstm,deep,168,96,210014,145.18351908596506,175.15976358399666,1.2320364634556527,7.419877301290388,358.4356950000256,16.10986328125,0.3254685420001806,4513,false,dcb2c10e4ac97b1d1289825869826fdec84593f7,41e5a8930cdcae89,true,2026-09-20T14:52:29+00:00
20260920T143808Z-gpu_h96,electricity_hourly,T281,lstm,deep,168,96,210015,244.03784688662367,328.71247319773244,1.8810325421086505,13.698395827768223,349.61854499988476,16.10986328125,0.3163289550002446,4513,false,dcb2c10e4ac97b1d1289825869826fdec84593f7,41e5a8930cdcae89,true,2026-09-20T14:52:29+00:00
20260920T143808Z-gpu_h96,electricity_hourly,T281,lstm,deep,168,96,210016,147.38389248983057,205.7830425723063,1.5196391607142776,8.592479709986074,334.9600900000951,16.10986328125,0.30215496700020594,4513,false,dcb2c10e4ac97b1d1289825869826fdec84593f7,41e5a8930cdcae89,true,2026-09-20T14:52:29+00:00
20260920T143808Z-gpu_h96,electricity_hourly,T281,lstm,deep,168,96,210017,109.16198985635627,150.1328515746958,1.2190249351931215,6.485328828418692,339.14913599983265,16.10986328125,0.3063158019999719,4513,false,dcb2c10e4ac97b1d1289825869826fdec84593f7,41e5a8930cdcae89,true,2026-09-20T14:52:29+00:00
20260920T143808Z-gpu_h96,electricity_hourly,T281,lstm,deep,168,96,210018,552.6367399946763,695.2221913147849,6.5953663649290055,33.48677002604667,355.052323000109,16.10986328125,0.3215334100000291,4513,false,dcb2c10e4ac97b1d1289825869826fdec84593f7,41e5a8930cdcae89,true,2026-09-20T14:52:29+00:00
20260920T143808Z-gpu_h96,electricity_hourly,T281,lstm,deep,168,96,210019,504.7448236358029,696.990657240337,5.7479837567066525,29.435066000963445,362.6646329998948,16.10986328125,0.3291892249999364,4513,false,dcb2c10e4ac97b1d1289825869826fdec84593f7,41e5a8930cdcae89,true,2026-09-20T14:52:29+00:00
20260920T143808Z-gpu_h96,electricity_hourly,T281,lstm,deep,168,96,210020,847.6041945234628,983.2888347941032,6.136192449418261,45.04657298130421,340.3017489999911,16.10986328125,0.30773475099977077,4513,false,dcb2c10e4ac97b1d1289825869826fdec84593f7,41e5a8930cdcae89,true,2026-09-20T14:52:29+00:00
20260920T143808Z-gpu_h96,electricity_hourly,T281,transformer,deep,168,96,210000,160.9223440108424,214.9810910308123,1.4204252505554313,8.569057157711256,557.3587110002336,10.6845703125,0.5543397749997894,19232,false,dcb2c10e4ac97b1d1289825869826fdec84593f7,41e5a8930cdcae89,true,2026-09-20T14:52:46+00:00
20260920T143808Z-gpu_h96,electricity_hourly,T281,transformer,deep,168,96,210001,478.67164063060756,567.9242045959584,3.8552892360203304,20.724882616437046,579.4347749997542,10.525390625,0.5763592999996945,19232,false,dcb2c10e4ac97b1d1289825869826fdec84593f7,41e5a8930cdcae89,true,2026-09-20T14:52:46+00:00
20260920T143808Z-gpu_h96,electricity_hourly,T281,transformer,deep,168,96,210002,181.55948502225178,222.07400736980549,1.2232520396389956,9.755743717963343,605.9265559997584,10.525390625,0.6031883679997918,19232,false,dcb2c10e4ac97b1d1289825869826fdec84593f7,41e5a8930cdcae89,true,2026-09-20T14:52:46+00:00
20260920T143808Z-gpu_h96,electricity_hourly,T281,transformer,deep,168,96,210003,260.6335311018559,336.55678589593447,2.9713584418230745,13.817983699256992,559.5203200000469,10.525390625,0.5566343519999464,19232,false,dcb2c10e4ac97b1d1289825869826fdec84593f7,41e5a8930cdcae89,true,2026-09-20T14:52:46+00:00
20260920T143808Z-gpu_h96,electricity_hourly,T281,transformer,deep,168,96,210004,182.54552517230047,214.12375350903156,1.4775198485083056,8.139911401292489,557.756636999784,10.525390625,0.5549927719998777,19232,false,dcb2c10e4ac97b1d1289825869826fdec84593f7,41e5a8930cdcae89,true,2026-09-20T14:52:46+00:00
20260920T143808Z-gpu_h96,electricity_hourly,T281,transformer,deep,168,96,210005,168.76203328342353,217.29814326755366,0.9392337015078067,8.304023985693844,565.8764929999052,10.525390625,0.5629058969998368,19232,false,dcb2c10e4ac97b1d1289825869826fdec84593f7,41e5a8930cdcae89,true,2026-09-20T14:52:46+00:00
20260920T143808Z-gpu_h96,electricity_hourly,T281,transformer,deep,168,96,210006,321.0797375028226,409.8272722767248,2.3064692307895065,14.827231517894468,566.5964919999169,10.525390625,0.5636216460002288,19232,false,dcb2c10e4ac97b1d1289825869826fdec84593f7,41e5a8930cdcae89,true,2026-09-20T14:52:46+00:00
20260920T143808Z-gpu_h96,electricity_hourly,T281,transformer,deep,168,96,210007,276.27683862205674,364.5766659856127,1.894920922199389,12.456731633242864,567.1062569999776,10.525390625,0.5640666979998059,19232,false,dcb2c10e4ac97b1d1289825869826fdec84593f7,41e5a8930cdcae89,true,2026-09-20T14:52:46+00:00
20260920T143808Z-gpu_h96,electricity_hourly,T281,transformer,deep,168,96,210008,253.76256519421284,347.0972476506356,3.004094819793378,13.513754831294472,561.8182359999082,10.525390625,0.5589844759997504,19232,false,dcb2c10e4ac97b1d1289825869826fdec84593f7,41e5a8930cdcae89,true,2026-09-20T14:52:46+00:00
20260920T143808Z-gpu_h96,electricity_hourly,T281,transformer,deep,168,96,210009,151.1204331255257,196.82272474725693,1.2264056791070614,6.653467548738402,567.3201780000454,10.525390625,0.5645877160000055,19232,false,dcb2c10e4ac97b1d1289825869826fdec84593f7,41e5a8930cdcae89,true,2026-09-20T14:52:46+00:00
20260920T143808Z-gpu_h96,electricity_hourly,T281,transformer,deep,168,96,210010,109.05811866293324,136.50889985348337,0.8713515556490254,5.3883118561264105,567.1765639999649,10.525390625,0.564318338999783,19232,false,dcb2c10e4ac97b1d1289825869826fdec84593f7,41e5a8930cdcae89,true,2026-09-20T14:52:46+00:00
20260920T143808Z-gpu_h96,electricity_hourly,T281,transformer,deep,168,96,210011,150.47022048807756,187.1318909557885,1.4006277795916722,7.752319074619714,568.2696469998518,10.525390625,0.5653299599998718,19232,false,dcb2c10e4ac97b1d1289825869826fdec84593f7,41e5a8930cdcae89,true,2026-09-20T14:52:46+00:00
20260920T143808Z-gpu_h96,electricity_hourly,T281,transformer,deep,168,96,210012,384.47129886707916,487.79398070304427,1.089368128701338,18.760101205269862,570.6310120003764,10.525390625,0.5677786530000049,19232,false,dcb2c10e4ac97b1d1289825869826fdec84593f7,41e5a8930cdcae89,true,2026-09-20T14:52:46+00:00
20260920T143808Z-gpu_h96,electricity_hourly,T281,transformer,deep,168,96,210013,140.55295734506845,189.83035715420814,1.2161774941527375,7.777333578107139,569.9183440001434,10.525390625,0.5669884339999953,19232,false,dcb2c10e4ac97b1d1289825869826fdec84593f7,41e5a8930cdcae89,true,2026-09-20T14:52:46+00:00
20260920T143808Z-gpu_h96,electricity_hourly,T281,transformer,deep,168,96,210014,277.2782401657932,345.6127619162969,2.353000564787213,14.810680603448889,625.4401529999996,10.525390625,0.6222876680003537,19232,false,dcb2c10e4ac97b1d1289825869826fdec84593f7,41e5a8930cdcae89,true,2026-09-20T14:52:46+00:00
20260920T143808Z-gpu_h96,electricity_hourly,T281,transformer,deep,168,96,210015,161.05356650698604,197.15485179218015,1.2413935112410872,8.880315776311093,624.9337580002248,10.525390625,0.6217496859999301,19232,false,dcb2c10e4ac97b1d1289825869826fdec84593f7,41e5a8930cdcae89,true,2026-09-20T14:52:46+00:00
20260920T143808Z-gpu_h96,electricity_hourly,T281,transformer,deep,168,96,210016,104.69845982977479,145.6627205782308,1.079520135721579,6.3115905103679415,574.0135830001236,10.525390625,0.5711651179999535,19232,false,dcb2c10e4ac97b1d1289825869826fdec84593f7,41e5a8930cdcae89,true,2026-09-20T14:52:46+00:00
20260920T143808Z-gpu_h96,electricity_hourly,T281,transformer,deep,168,96,210017,131.69875269404957,179.0520093358346,1.4706956485415383,8.245323626149858,576.9784499998423,10.525390625,0.5741751559999102,19232,false,dcb2c10e4ac97b1d1289825869826fdec84593f7,41e5a8930cdcae89,true,2026-09-20T14:52:46+00:00
20260920T143808Z-gpu_h96,electricity_hourly,T281,transformer,deep,168,96,210018,185.58476567788944,231.60403425639285,2.214835592376602,11.288441842869567,584.8470329997326,10.525390625,0.5818232689998695,19232,false,dcb2c10e4ac97b1d1289825869826fdec84593f7,41e5a8930cdcae89,true,2026-09-20T14:52:46+00:00
20260920T143808Z-gpu_h96,electricity_hourly,T281,transformer,deep,168,96,210019,176.4209834639034,231.29036066266372,2.0090645803718536,10.327432061218014,552.5763830000869,10.525390625,0.5496420700001181,19232,false,dcb2c10e4ac97b1d1289825869826fdec84593f7,41e5a8930cdcae89,true,2026-09-20T14:52:46+00:00
20260920T143808Z-gpu_h96,electricity_hourly,T281,transformer,deep,168,96,210020,313.70721091107725,388.2862507816054,2.2710692459501844,16.405307069791274,561.5493899999819,10.525390625,0.5585785440002837,19232,false,dcb2c10e4ac97b1d1289825869826fdec84593f7,41e5a8930cdcae89,true,2026-09-20T14:52:46+00:00
20260920T143808Z-gpu_h96,electricity_hourly,T281,timesfm25,tsfm,168,96,210000,91.32155291239421,117.82686245390774,0.8060747590648992,4.439075832319311,115.8884289998241,11.94287109375,,231289280,true,dcb2c10e4ac97b1d1289825869826fdec84593f7,41e5a8930cdcae89,true,2026-09-20T14:52:52+00:00
20260920T143808Z-gpu_h96,electricity_hourly,T281,timesfm25,tsfm,168,96,210001,362.35993639628094,440.9631063120475,2.918498285198526,14.98516623341013,117.9375390001951,11.94287109375,,231289280,true,dcb2c10e4ac97b1d1289825869826fdec84593f7,41e5a8930cdcae89,true,2026-09-20T14:52:52+00:00
20260920T143808Z-gpu_h96,electricity_hourly,T281,timesfm25,tsfm,168,96,210002,158.939084370931,201.14217031653646,1.0708477120392113,8.776932459087694,114.09547899984318,11.94287109375,,231289280,true,dcb2c10e4ac97b1d1289825869826fdec84593f7,41e5a8930cdcae89,true,2026-09-20T14:52:52+00:00
20260920T143808Z-gpu_h96,electricity_hourly,T281,timesfm25,tsfm,168,96,210003,115.95400492350261,169.74611445536527,1.3219362448724865,5.466192872725457,117.26308900006188,11.94287109375,,231289280,true,dcb2c10e4ac97b1d1289825869826fdec84593f7,41e5a8930cdcae89,true,2026-09-20T14:52:52+00:00
20260920T143808Z-gpu_h96,electricity_hourly,T281,timesfm25,tsfm,168,96,210004,121.0451889038086,149.9149766834472,0.9797373504664402,5.261887857367516,115.30487500021991,11.94287109375,,231289280,true,dcb2c10e4ac97b1d1289825869826fdec84593f7,41e5a8930cdcae89,true,2026-09-20T14:52:52+00:00
20260920T143808Z-gpu_h96,electricity_hourly,T281,timesfm25,tsfm,168,96,210005,96.81372324625652,122.71403004260759,0.538810239911144,4.442154540898169,114.44954600028723,11.94287109375,,231289280,true,dcb2c10e4ac97b1d1289825869826fdec84593f7,41e5a8930cdcae89,true,2026-09-20T14:52:52+00:00
20260920T143808Z-gpu_h96,electricity_hourly,T281,timesfm25,tsfm,168,96,210006,123.46732838948567,155.4890140185741,0.8869248372785561,5.573215421017456,117.13221399986651,11.94287109375,,231289280,true,dcb2c10e4ac97b1d1289825869826fdec84593f7,41e5a8930cdcae89,true,2026-09-20T14:52:52+00:00
20260920T143808Z-gpu_h96,electricity_hourly,T281,timesfm25,tsfm,168,96,210007,145.4841677347819,173.844731065641,0.9978433033488255,7.063324928530544,117.01441299965154,11.94287109375,,231289280,true,dcb2c10e4ac97b1d1289825869826fdec84593f7,41e5a8930cdcae89,true,2026-09-20T14:52:52+00:00
20260920T143808Z-gpu_h96,electricity_hourly,T281,timesfm25,tsfm,168,96,210008,84.48986434936523,108.70806559863757,1.0002088512256324,4.272018003861799,118.19661900017309,11.94287109375,,231289280,true,dcb2c10e4ac97b1d1289825869826fdec84593f7,41e5a8930cdcae89,true,2026-09-20T14:52:52+00:00
20260920T143808Z-gpu_h96,electricity_hourly,T281,timesfm25,tsfm,168,96,210009,122.6835110982259,164.52322825936062,0.9956281333489929,4.977613098892688,106.8198630000552,11.94287109375,,231289280,true,dcb2c10e4ac97b1d1289825869826fdec84593f7,41e5a8930cdcae89,true,2026-09-20T14:52:52+00:00
20260920T143808Z-gpu_h96,electricity_hourly,T281,timesfm25,tsfm,168,96,210010,102.05178197224934,119.08411969108785,0.8153723910560897,4.675287507761692,117.90490200019121,11.94287109375,,231289280,true,dcb2c10e4ac97b1d1289825869826fdec84593f7,41e5a8930cdcae89,true,2026-09-20T14:52:52+00:00
20260920T143808Z-gpu_h96,electricity_hourly,T281,timesfm25,tsfm,168,96,210011,127.53832499186198,157.51915019629172,1.1871699288188833,6.19100465509707,113.52443099985976,11.94287109375,,231289280,true,dcb2c10e4ac97b1d1289825869826fdec84593f7,41e5a8930cdcae89,true,2026-09-20T14:52:52+00:00
20260920T143808Z-gpu_h96,electricity_hourly,T281,timesfm25,tsfm,168,96,210012,193.08712514241537,221.12860949406306,0.5470966514601514,9.805470237434559,112.64918699998816,11.94287109375,,231289280,true,dcb2c10e4ac97b1d1289825869826fdec84593f7,41e5a8930cdcae89,true,2026-09-20T14:52:52+00:00
20260920T143808Z-gpu_h96,electricity_hourly,T281,timesfm25,tsfm,168,96,210013,144.53595733642578,170.27945468979405,1.2506416209857778,7.6165708366940965,118.10530100001415,11.94287109375,,231289280,true,dcb2c10e4ac97b1d1289825869826fdec84593f7,41e5a8930cdcae89,true,2026-09-20T14:52:52+00:00
20260920T143808Z-gpu_h96,electricity_hourly,T281,timesfm25,tsfm,168,96,210014,149.6018943786621,180.78267229932763,1.2695310737537477,7.781077416880507,117.79109300005075,11.94287109375,,231289280,true,dcb2c10e4ac97b1d1289825869826fdec84593f7,41e5a8930cdcae89,true,2026-09-20T14:52:52+00:00
20260920T143808Z-gpu_h96,electricity_hourly,T281,timesfm25,tsfm,168,96,210015,108.86208724975586,139.7287170844111,0.8391039805141228,6.050455288726072,119.4185400004244,11.94287109375,,231289280,true,dcb2c10e4ac97b1d1289825869826fdec84593f7,41e5a8930cdcae89,true,2026-09-20T14:52:52+00:00
20260920T143808Z-gpu_h96,electricity_hourly,T281,timesfm25,tsfm,168,96,210016,90.67622057596843,115.36826013079512,0.934940266571635,5.001785898557479,116.03792599998997,11.94287109375,,231289280,true,dcb2c10e4ac97b1d1289825869826fdec84593f7,41e5a8930cdcae89,true,2026-09-20T14:52:52+00:00
20260920T143808Z-gpu_h96,electricity_hourly,T281,timesfm25,tsfm,168,96,210017,88.22488848368327,110.97780666501129,0.9852178318457069,5.099769215793348,127.3073139996086,11.94287109375,,231289280,true,dcb2c10e4ac97b1d1289825869826fdec84593f7,41e5a8930cdcae89,true,2026-09-20T14:52:52+00:00
20260920T143808Z-gpu_h96,electricity_hourly,T281,timesfm25,tsfm,168,96,210018,134.68121210734049,179.11939457345906,1.6073342071487675,7.542283887857455,121.89952300013829,11.94287109375,,231289280,true,dcb2c10e4ac97b1d1289825869826fdec84593f7,41e5a8930cdcae89,true,2026-09-20T14:52:52+00:00
20260920T143808Z-gpu_h96,electricity_hourly,T281,timesfm25,tsfm,168,96,210019,117.298583984375,164.91165937358,1.3357845862989324,6.227106746452272,114.13916899982723,11.94287109375,,231289280,true,dcb2c10e4ac97b1d1289825869826fdec84593f7,41e5a8930cdcae89,true,2026-09-20T14:52:52+00:00
20260920T143808Z-gpu_h96,electricity_hourly,T281,timesfm25,tsfm,168,96,210020,136.90168698628744,171.50479451313097,0.9910936064564572,6.278281437547732,127.22749300019132,11.94287109375,,231289280,true,dcb2c10e4ac97b1d1289825869826fdec84593f7,41e5a8930cdcae89,true,2026-09-20T14:52:52+00:00
20260920T143808Z-gpu_h96,electricity_hourly,T281,chronos_bolt,tsfm,168,96,210000,91.43279520670573,117.14105457499541,0.8070566697171525,4.661291547905552,74.75211700011641,12.59375,,205292928,true,dcb2c10e4ac97b1d1289825869826fdec84593f7,41e5a8930cdcae89,true,2026-09-20T14:52:58+00:00
20260920T143808Z-gpu_h96,electricity_hourly,T281,chronos_bolt,tsfm,168,96,210001,286.9766025543213,344.9002694621622,2.31135023031614,12.031089904962194,76.79953800015937,12.59375,,205292928,true,dcb2c10e4ac97b1d1289825869826fdec84593f7,41e5a8930cdcae89,true,2026-09-20T14:52:58+00:00
20260920T143808Z-gpu_h96,electricity_hourly,T281,chronos_bolt,tsfm,168,96,210002,147.79430516560873,190.99880497924684,0.9957600684905094,8.20992755712919,73.06598500008477,12.59375,,205292928,true,dcb2c10e4ac97b1d1289825869826fdec84593f7,41e5a8930cdcae89,true,2026-09-20T14:52:58+00:00
20260920T143808Z-gpu_h96,electricity_hourly,T281,chronos_bolt,tsfm,168,96,210003,108.29122416178386,160.00779424029457,1.2345765402024287,5.172119793262228,78.30170999977781,12.59375,,205292928,true,dcb2c10e4ac97b1d1289825869826fdec84593f7,41e5a8930cdcae89,true,2026-09-20T14:52:58+00:00
20260920T143808Z-gpu_h96,electricity_hourly,T281,chronos_bolt,tsfm,168,96,210004,91.56582387288411,120.5884933234242,0.741131956477731,3.788975349996895,79.5419710002534,12.59375,,205292928,true,dcb2c10e4ac97b1d1289825869826fdec84593f7,41e5a8930cdcae89,true,2026-09-20T14:52:58+00:00
20260920T143808Z-gpu_h96,electricity_hourly,T281,chronos_bolt,tsfm,168,96,210005,103.07947285970052,135.24867769088434,0.5736818463243749,4.587508543604737,76.72786200009796,12.59375,,205292928,true,dcb2c10e4ac97b1d1289825869826fdec84593f7,41e5a8930cdcae89,true,2026-09-20T14:52:58+00:00
20260920T143808Z-gpu_h96,electricity_hourly,T281,chronos_bolt,tsfm,168,96,210006,114.13686116536458,151.7579138088328,0.8198996312387757,4.9319544079490445,79.1888779999681,12.59375,,205292928,true,dcb2c10e4ac97b1d1289825869826fdec84593f7,41e5a8930cdcae89,true,2026-09-20T14:52:58+00:00
20260920T143808Z-gpu_h96,electricity_hourly,T281,chronos_bolt,tsfm,168,96,210007,107.88437779744466,135.91775817459472,0.7399547703182677,5.407367911934836,77.17922500023633,12.59375,,205292928,true,dcb2c10e4ac97b1d1289825869826fdec84593f7,41e5a8930cdcae89,true,2026-09-20T14:52:58+00:00
20260920T143808Z-gpu_h96,electricity_hourly,T281,chronos_bolt,tsfm,168,96,210008,72.13559341430664,90.9476903220152,0.8539563837274051,3.5646974640274665,77.9566999999588,12.59375,,205292928,true,dcb2c10e4ac97b1d1289825869826fdec84593f7,41e5a8930cdcae89,true,2026-09-20T14:52:58+00:00
20260920T143808Z-gpu_h96,electricity_hourly,T281,chronos_bolt,tsfm,168,96,210009,108.07910537719727,141.7994388507793,0.8771072573442519,4.59196628964609,74.47543899979792,12.59375,,205292928,true,dcb2c10e4ac97b1d1289825869826fdec84593f7,41e5a8930cdcae89,true,2026-09-20T14:52:58+00:00
20260920T143808Z-gpu_h96,electricity_hourly,T281,chronos_bolt,tsfm,168,96,210010,82.45249938964844,98.39321527358489,0.6587782229434265,3.877031609338919,75.54781899989393,12.59375,,205292928,true,dcb2c10e4ac97b1d1289825869826fdec84593f7,41e5a8930cdcae89,true,2026-09-20T14:52:58+00:00
20260920T143808Z-gpu_h96,electricity_hourly,T281,chronos_bolt,tsfm,168,96,210011,155.6526133219401,192.52943221929723,1.4488672474699014,7.1648714685542805,75.15199699992081,12.59375,,205292928,true,dcb2c10e4ac97b1d1289825869826fdec84593f7,41e5a8930cdcae89,true,2026-09-20T14:52:58+00:00
20260920T143808Z-gpu_h96,electricity_hourly,T281,chronos_bolt,tsfm,168,96,210012,165.19005966186523,191.60073180021467,0.4680525872911061,7.939063320997362,75.82693299991661,12.59375,,205292928,true,dcb2c10e4ac97b1d1289825869826fdec84593f7,41e5a8930cdcae89,true,2026-09-20T14:52:58+00:00
20260920T143808Z-gpu_h96,electricity_hourly,T281,chronos_bolt,tsfm,168,96,210013,175.96212259928384,201.39700247099205,1.5225661371407808,9.151811988573275,69.95986100037044,12.59375,,205292928,true,dcb2c10e4ac97b1d1289825869826fdec84593f7,41e5a8930cdcae89,true,2026-09-20T14:52:58+00:00
20260920T143808Z-gpu_h96,electricity_hourly,T281,chronos_bolt,tsfm,168,96,210014,142.2770144144694,175.8205457860442,1.207371682225446,7.420805908174026,70.00070300000516,12.59375,,205292928,true,dcb2c10e4ac97b1d1289825869826fdec84593f7,41e5a8930cdcae89,true,2026-09-20T14:52:58+00:00
20260920T143808Z-gpu_h96,electricity_hourly,T281,chronos_bolt,tsfm,168,96,210015,107.43000411987305,148.13794841084962,0.8280655493663268,5.725211427634582,70.15329199975895,12.59375,,205292928,true,dcb2c10e4ac97b1d1289825869826fdec84593f7,41e5a8930cdcae89,true,2026-09-20T14:52:58+00:00
20260920T143808Z-gpu_h96,electricity_hourly,T281,chronos_bolt,tsfm,168,96,210016,75.45288276672363,96.0388095987005,0.7779761648580984,4.217988776026707,69.91958700018586,12.59375,,205292928,true,dcb2c10e4ac97b1d1289825869826fdec84593f7,41e5a8930cdcae89,true,2026-09-20T14:52:58+00:00
20260920T143808Z-gpu_h96,electricity_hourly,T281,chronos_bolt,tsfm,168,96,210017,85.12404568990071,110.7310054313799,0.9505903512482127,4.849489066238237,70.48899499977779,12.59375,,205292928,true,dcb2c10e4ac97b1d1289825869826fdec84593f7,41e5a8930cdcae89,true,2026-09-20T14:52:58+00:00
20260920T143808Z-gpu_h96,electricity_hourly,T281,chronos_bolt,tsfm,168,96,210018,134.49121793111166,175.348208907894,1.6050667480590153,7.743995088168208,72.2909209998761,12.59375,,205292928,true,dcb2c10e4ac97b1d1289825869826fdec84593f7,41e5a8930cdcae89,true,2026-09-20T14:52:58+00:00
20260920T143808Z-gpu_h96,electricity_hourly,T281,chronos_bolt,tsfm,168,96,210019,111.91864840189616,154.77978789303586,1.2745184159646539,6.094826504578007,72.42806499971266,12.59375,,205292928,true,dcb2c10e4ac97b1d1289825869826fdec84593f7,41e5a8930cdcae89,true,2026-09-20T14:52:58+00:00
20260920T143808Z-gpu_h96,electricity_hourly,T281,chronos_bolt,tsfm,168,96,210020,129.46297963460287,170.3417699586734,0.9372414191032533,5.838915764185143,74.660060000042,12.59375,,205292928,true,dcb2c10e4ac97b1d1289825869826fdec84593f7,41e5a8930cdcae89,true,2026-09-20T14:52:58+00:00
20260920T143808Z-gpu_h96,electricity_hourly,T295,lstm,deep,168,96,220000,269.6326076030429,388.30836141472963,5.332659730097264,61.12387327590923,333.1588900000497,16.14599609375,0.30084821900027237,4513,false,dcb2c10e4ac97b1d1289825869826fdec84593f7,41e5a8930cdcae89,true,2026-09-20T14:53:09+00:00
20260920T143808Z-gpu_h96,electricity_hourly,T295,lstm,deep,168,96,220001,328.58517245678314,460.95085192302173,3.1918689175510506,46.44868343358912,351.59905399996205,16.10986328125,0.31622397099999944,4513,false,dcb2c10e4ac97b1d1289825869826fdec84593f7,41e5a8930cdcae89,true,2026-09-20T14:53:09+00:00
20260920T143808Z-gpu_h96,electricity_hourly,T295,lstm,deep,168,96,220002,321.34443977408904,436.69770918475126,4.840841021808643,57.08835254606656,346.42262799980017,16.10986328125,0.31231330199989316,4513,false,dcb2c10e4ac97b1d1289825869826fdec84593f7,41e5a8930cdcae89,true,2026-09-20T14:53:09+00:00
20260920T143808Z-gpu_h96,electricity_hourly,T295,lstm,deep,168,96,220003,570.4381461574823,706.07203798032,6.429987714025632,87.94348296394902,334.17961300028765,16.10986328125,0.301553351000166,4513,false,dcb2c10e4ac97b1d1289825869826fdec84593f7,41e5a8930cdcae89,true,2026-09-20T14:53:09+00:00
20260920T143808Z-gpu_h96,electricity_hourly,T295,lstm,deep,168,96,220004,361.1840164341447,490.16953132292355,4.850820590050069,42.03080775815112,359.0117730000202,16.10986328125,0.32453478000024916,4513,false,dcb2c10e4ac97b1d1289825869826fdec84593f7,41e5a8930cdcae89,true,2026-09-20T14:53:09+00:00
20260920T143808Z-gpu_h96,electricity_hourly,T295,lstm,deep,168,96,220005,240.04166150654487,329.568213588132,2.31009819267142,36.413960038945554,356.4786249999088,16.10986328125,0.32347324900001695,4513,false,dcb2c10e4ac97b1d1289825869826fdec84593f7,41e5a8930cdcae89,true,2026-09-20T14:53:09+00:00
20260920T143808Z-gpu_h96,electricity_hourly,T295,lstm,deep,168,96,220006,336.69426038439286,437.79588874166524,3.5807956791250057,48.16253785036209,354.83199400005105,16.10986328125,0.32181176399990363,4513,false,dcb2c10e4ac97b1d1289825869826fdec84593f7,41e5a8930cdcae89,true,2026-09-20T14:53:09+00:00
20260920T143808Z-gpu_h96,electricity_hourly,T295,lstm,deep,168,96,220007,120.21840965328552,169.3750726006182,2.2913899391228476,22.72679680407674,367.53358599980857,16.10986328125,0.33399601300016,4513,false,dcb2c10e4ac97b1d1289825869826fdec84593f7,41e5a8930cdcae89,true,2026-09-20T14:53:09+00:00
20260920T143808Z-gpu_h96,electricity_hourly,T295,lstm,deep,168,96,220008,110.18957650048777,144.06146461931675,2.298609157767672,19.775279161762608,341.2368629997218,16.10986328125,0.30723129299985885,4513,false,dcb2c10e4ac97b1d1289825869826fdec84593f7,41e5a8930cdcae89,true,2026-09-20T14:53:09+00:00
20260920T143808Z-gpu_h96,electricity_hourly,T295,lstm,deep,168,96,220009,255.23740004706255,408.08297229184546,3.944428590553446,38.97213072811396,341.60086400015643,16.10986328125,0.306078843999785,4513,false,dcb2c10e4ac97b1d1289825869826fdec84593f7,41e5a8930cdcae89,true,2026-09-20T14:53:09+00:00
20260920T143808Z-gpu_h96,electricity_hourly,T295,lstm,deep,168,96,220010,474.99724530703634,636.4011264830235,5.638414254736891,70.32146912774812,340.25148399996397,16.10986328125,0.30674038300003303,4513,false,dcb2c10e4ac97b1d1289825869826fdec84593f7,41e5a8930cdcae89,true,2026-09-20T14:53:09+00:00
20260920T143808Z-gpu_h96,electricity_hourly,T295,lstm,deep,168,96,220011,256.5707306459925,365.74388664534035,6.064705386248017,52.15541408092602,361.1617000001388,16.10986328125,0.32735130499986553,4513,false,dcb2c10e4ac97b1d1289825869826fdec84593f7,41e5a8930cdcae89,true,2026-09-20T14:53:09+00:00
20260920T143808Z-gpu_h96,electricity_hourly,T295,lstm,deep,168,96,220012,123.5931318025675,179.4407628966405,1.6329398091173244,24.134750567948153,389.03915899982167,16.10986328125,0.3525201649999872,4513,false,dcb2c10e4ac97b1d1289825869826fdec84593f7,41e5a8930cdcae89,true,2026-09-20T14:53:09+00:00
20260920T143808Z-gpu_h96,electricity_hourly,T295,lstm,deep,168,96,220013,306.15400248795555,424.41756853172774,4.887602700472905,67.65158070348107,398.99522699988665,16.10986328125,0.36029436099988743,4513,false,dcb2c10e4ac97b1d1289825869826fdec84593f7,41e5a8930cdcae89,true,2026-09-20T14:53:09+00:00
20260920T143808Z-gpu_h96,electricity_hourly,T295,lstm,deep,168,96,220014,160.15506744774652,215.46424072569894,4.226966589529967,32.19518396055884,397.48445700024604,16.10986328125,0.3598095910001575,4513,false,dcb2c10e4ac97b1d1289825869826fdec84593f7,41e5a8930cdcae89,true,2026-09-20T14:53:09+00:00
20260920T143808Z-gpu_h96,electricity_hourly,T295,lstm,deep,168,96,220015,148.22978586428468,228.2171963697565,3.9630689128215733,30.29613424454859,339.0367279998827,16.10986328125,0.30637913400005345,4513,false,dcb2c10e4ac97b1d1289825869826fdec84593f7,41e5a8930cdcae89,true,2026-09-20T14:53:09+00:00
20260920T143808Z-gpu_h96,electricity_hourly,T295,lstm,deep,168,96,220016,136.58618013228235,221.95936018370875,6.183090204039188,31.039073693797487,363.05135700013125,16.10986328125,0.3261847929998112,4513,false,dcb2c10e4ac97b1d1289825869826fdec84593f7,41e5a8930cdcae89,true,2026-09-20T14:53:09+00:00
20260920T143808Z-gpu_h96,electricity_hourly,T295,lstm,deep,168,96,220017,145.72663229519347,219.24001205762164,4.0612802497596014,32.92381072457363,353.7927209999907,16.10986328125,0.3213136049998866,4513,false,dcb2c10e4ac97b1d1289825869826fdec84593f7,41e5a8930cdcae89,true,2026-09-20T14:53:09+00:00
20260920T143808Z-gpu_h96,electricity_hourly,T295,lstm,deep,168,96,220018,89.31284082742229,140.6422818665177,1.8109052491057183,21.354025396477216,361.6446719997839,16.10986328125,0.3241634820001309,4513,false,dcb2c10e4ac97b1d1289825869826fdec84593f7,41e5a8930cdcae89,true,2026-09-20T14:53:09+00:00
20260920T143808Z-gpu_h96,electricity_hourly,T295,lstm,deep,168,96,220019,175.28199410777984,252.2432936871621,5.003093588011952,42.168270749771764,335.2545640000244,16.10986328125,0.30218630299987126,4513,false,dcb2c10e4ac97b1d1289825869826fdec84593f7,41e5a8930cdcae89,true,2026-09-20T14:53:09+00:00
20260920T143808Z-gpu_h96,electricity_hourly,T295,lstm,deep,168,96,220020,63.6439595803946,80.176119056258,2.5685902969665984,15.680233825201576,336.6644309999174,16.10986328125,0.3033829300002253,4513,false,dcb2c10e4ac97b1d1289825869826fdec84593f7,41e5a8930cdcae89,true,2026-09-20T14:53:09+00:00
20260920T143808Z-gpu_h96,electricity_hourly,T295,transformer,deep,168,96,220000,141.88871864353877,189.68569046044985,2.806204571442052,31.986229728285075,581.7815160003192,10.6845703125,0.5786949969997295,19232,false,dcb2c10e4ac97b1d1289825869826fdec84593f7,41e5a8930cdcae89,true,2026-09-20T14:53:26+00:00
20260920T143808Z-gpu_h96,electricity_hourly,T295,transformer,deep,168,96,220001,262.98881999674103,354.4311042178751,2.554667436557657,45.82005181773894,568.0649500000072,10.525390625,0.5651251829999637,19232,false,dcb2c10e4ac97b1d1289825869826fdec84593f7,41e5a8930cdcae89,true,2026-09-20T14:53:26+00:00
20260920T143808Z-gpu_h96,electricity_hourly,T295,transformer,deep,168,96,220002,129.39760766912562,182.56298861448204,1.9492892043471168,25.499568712235053,555.8725799996864,10.525390625,0.5529716649998591,19232,false,dcb2c10e4ac97b1d1289825869826fdec84593f7,41e5a8930cdcae89,true,2026-09-20T14:53:26+00:00
20260920T143808Z-gpu_h96,electricity_hourly,T295,transformer,deep,168,96,220003,157.18736192610717,214.38649159847222,1.7718184044899754,29.123351592617357,595.0069099999382,10.525390625,0.592070928999874,19232,false,dcb2c10e4ac97b1d1289825869826fdec84593f7,41e5a8930cdcae89,true,2026-09-20T14:53:26+00:00
20260920T143808Z-gpu_h96,electricity_hourly,T295,transformer,deep,168,96,220004,223.84351765006446,299.1634420027135,3.0062923467272227,33.2346363868207,573.3301889999893,10.525390625,0.5701854859999003,19232,false,dcb2c10e4ac97b1d1289825869826fdec84593f7,41e5a8930cdcae89,true,2026-09-20T14:53:26+00:00
20260920T143808Z-gpu_h96,electricity_hourly,T295,transformer,deep,168,96,220005,217.11516930719122,272.85551199319195,2.089459625759242,31.88138336029421,584.1083860000253,10.525390625,0.5813774100001865,19232,false,dcb2c10e4ac97b1d1289825869826fdec84593f7,41e5a8930cdcae89,true,2026-09-20T14:53:26+00:00
20260920T143808Z-gpu_h96,electricity_hourly,T295,transformer,deep,168,96,220006,205.87127736811,267.71335666251605,2.1894729646239175,34.44803380480106,562.0804410000346,10.525390625,0.5591856160003772,19232,false,dcb2c10e4ac97b1d1289825869826fdec84593f7,41e5a8930cdcae89,true,2026-09-20T14:53:26+00:00
20260920T143808Z-gpu_h96,electricity_hourly,T295,transformer,deep,168,96,220007,134.68292004043977,180.36814354868017,2.567086761856165,26.5521689810541,574.5994590001828,10.525390625,0.5717132400000082,19232,false,dcb2c10e4ac97b1d1289825869826fdec84593f7,41e5a8930cdcae89,true,2026-09-20T14:53:26+00:00
20260920T143808Z-gpu_h96,electricity_hourly,T295,transformer,deep,168,96,220008,143.59160514128374,183.4183243454655,2.995392023807744,28.446009485274697,574.2745620000278,10.525390625,0.5713426669999535,19232,false,dcb2c10e4ac97b1d1289825869826fdec84593f7,41e5a8930cdcae89,true,2026-09-20T14:53:26+00:00
20260920T143808Z-gpu_h96,electricity_hourly,T295,transformer,deep,168,96,220009,154.72512309660974,198.41350291532592,2.3911158752856627,30.829563850347846,566.4118610002333,10.525390625,0.5635265989999425,19232,false,dcb2c10e4ac97b1d1289825869826fdec84593f7,41e5a8930cdcae89,true,2026-09-20T14:53:26+00:00
20260920T143808Z-gpu_h96,electricity_hourly,T295,transformer,deep,168,96,220010,148.78678792849493,188.35265721793078,1.7661608656914738,28.532199072059733,572.7257769999596,10.525390625,0.5698628069999359,19232,false,dcb2c10e4ac97b1d1289825869826fdec84593f7,41e5a8930cdcae89,true,2026-09-20T14:53:26+00:00
20260920T143808Z-gpu_h96,electricity_hourly,T295,transformer,deep,168,96,220011,139.89928842190702,182.66354178216733,3.3068774676222272,29.031291054892183,563.8010620000387,10.525390625,0.561116125999888,19232,false,dcb2c10e4ac97b1d1289825869826fdec84593f7,41e5a8930cdcae89,true,2026-09-20T14:53:26+00:00
20260920T143808Z-gpu_h96,electricity_hourly,T295,transformer,deep,168,96,220012,129.26462554367,163.83966328776933,1.7078728395530307,27.182490410584588,562.9554459997053,10.525390625,0.5601086209999266,19232,false,dcb2c10e4ac97b1d1289825869826fdec84593f7,41e5a8930cdcae89,true,2026-09-20T14:53:26+00:00
20260920T143808Z-gpu_h96,electricity_hourly,T295,transformer,deep,168,96,220013,75.38140730375567,100.58233886634208,1.2034282319003122,18.509257119393652,562.0242879999751,10.525390625,0.5591411760001392,19232,false,dcb2c10e4ac97b1d1289825869826fdec84593f7,41e5a8930cdcae89,true,2026-09-20T14:53:26+00:00
20260920T143808Z-gpu_h96,electricity_hourly,T295,transformer,deep,168,96,220014,157.29711366334732,201.06859295676443,4.151536724252569,34.45585902015191,569.8877849999917,10.525390625,0.5669056140000066,19232,false,dcb2c10e4ac97b1d1289825869826fdec84593f7,41e5a8930cdcae89,true,2026-09-20T14:53:26+00:00
20260920T143808Z-gpu_h96,electricity_hourly,T295,transformer,deep,168,96,220015,81.83345139927106,108.49063764439337,2.1878976980124456,19.27500931110541,577.4223819998952,10.525390625,0.5744292589997713,19232,false,dcb2c10e4ac97b1d1289825869826fdec84593f7,41e5a8930cdcae89,true,2026-09-20T14:53:26+00:00
20260920T143808Z-gpu_h96,electricity_hourly,T295,transformer,deep,168,96,220016,56.3930980866518,71.75001323341966,2.552846942621144,15.231773580613126,624.193488000401,10.525390625,0.6212193049996131,19232,false,dcb2c10e4ac97b1d1289825869826fdec84593f7,41e5a8930cdcae89,true,2026-09-20T14:53:26+00:00
20260920T143808Z-gpu_h96,electricity_hourly,T295,transformer,deep,168,96,220017,62.20987888595649,83.23782581781077,1.7337376736167476,16.12249827048774,577.3666939999202,10.525390625,0.5743384289999085,19232,false,dcb2c10e4ac97b1d1289825869826fdec84593f7,41e5a8930cdcae89,true,2026-09-20T14:53:26+00:00
20260920T143808Z-gpu_h96,electricity_hourly,T295,transformer,deep,168,96,220018,68.87181696884976,95.65614422372074,1.3964434868367173,17.610747896301625,565.319916000135,10.525390625,0.5625098079999589,19232,false,dcb2c10e4ac97b1d1289825869826fdec84593f7,41e5a8930cdcae89,true,2026-09-20T14:53:26+00:00
20260920T143808Z-gpu_h96,electricity_hourly,T295,transformer,deep,168,96,220019,44.7495138717546,63.43532984624074,1.2772903860322424,13.569997258384339,568.7970399999358,10.525390625,0.5659395049997329,19232,false,dcb2c10e4ac97b1d1289825869826fdec84593f7,41e5a8930cdcae89,true,2026-09-20T14:53:26+00:00
20260920T143808Z-gpu_h96,electricity_hourly,T295,transformer,deep,168,96,220020,82.08299474822383,120.04092939338146,3.3127666041884054,21.033841300010945,586.0875289999967,10.525390625,0.5832780730002014,19232,false,dcb2c10e4ac97b1d1289825869826fdec84593f7,41e5a8930cdcae89,true,2026-09-20T14:53:26+00:00
20260920T143808Z-gpu_h96,electricity_hourly,T295,timesfm25,tsfm,168,96,220000,69.08853125572205,116.62264458449964,1.3663986404098303,11.774624192198678,115.18603800004712,11.94287109375,,231289280,true,dcb2c10e4ac97b1d1289825869826fdec84593f7,41e5a8930cdcae89,true,2026-09-20T14:53:32+00:00
20260920T143808Z-gpu_h96,electricity_hourly,T295,timesfm25,tsfm,168,96,220001,201.98559045791626,299.43610972849336,1.9620834475134876,22.92081222227659,111.40397799999846,11.94287109375,,231289280,true,dcb2c10e4ac97b1d1289825869826fdec84593f7,41e5a8930cdcae89,true,2026-09-20T14:53:32+00:00
20260920T143808Z-gpu_h96,electricity_hourly,T295,timesfm25,tsfm,168,96,220002,118.76014709472656,172.02263447014613,1.789042910517902,18.73282405103325,112.83910899965122,11.94287109375,,231289280,true,dcb2c10e4ac97b1d1289825869826fdec84593f7,41e5a8930cdcae89,true,2026-09-20T14:53:32+00:00
20260920T143808Z-gpu_h96,electricity_hourly,T295,timesfm25,tsfm,168,96,220003,98.27752534548442,141.86442520407263,1.1077858042856954,13.054729774665816,114.81613899968579,11.94287109375,,231289280,true,dcb2c10e4ac97b1d1289825869826fdec84593f7,41e5a8930cdcae89,true,2026-09-20T14:53:32+00:00
20260920T143808Z-gpu_h96,electricity_hourly,T295,timesfm25,tsfm,168,96,220004,166.13421257336935,245.00139185328243,2.2312373261112843,16.560878813272957,118.49680099976467,11.94287109375,,231289280,true,dcb2c10e4ac97b1d1289825869826fdec84593f7,41e5a8930cdcae89,true,2026-09-20T14:53:32+00:00
20260920T143808Z-gpu_h96,electricity_hourly,T295,timesfm25,tsfm,168,96,220005,88.23755470911662,134.03779910557878,0.8491751572620994,12.218044805976263,116.69053300011001,11.94287109375,,231289280,true,dcb2c10e4ac97b1d1289825869826fdec84593f7,41e5a8930cdcae89,true,2026-09-20T14:53:32+00:00
20260920T143808Z-gpu_h96,electricity_hourly,T295,timesfm25,tsfm,168,96,220006,123.75572872161865,174.19294626261467,1.3161613689743787,14.628042811374728,115.39965200017832,11.94287109375,,231289280,true,dcb2c10e4ac97b1d1289825869826fdec84593f7,41e5a8930cdcae89,true,2026-09-20T14:53:32+00:00
20260920T143808Z-gpu_h96,electricity_hourly,T295,timesfm25,tsfm,168,96,220007,81.72547086079915,128.12249201903884,1.5577058641899506,10.109560026736917,119.3904910001038,11.94287109375,,231289280,true,dcb2c10e4ac97b1d1289825869826fdec84593f7,41e5a8930cdcae89,true,2026-09-20T14:53:32+00:00
20260920T143808Z-gpu_h96,electricity_hourly,T295,timesfm25,tsfm,168,96,220008,45.63163089752197,64.73491961373729,0.9518984281099759,6.162414171501781,112.26705699982631,11.94287109375,,231289280,true,dcb2c10e4ac97b1d1289825869826fdec84593f7,41e5a8930cdcae89,true,2026-09-20T14:53:32+00:00
20260920T143808Z-gpu_h96,electricity_hourly,T295,timesfm25,tsfm,168,96,220009,109.97503821055095,156.2057785882329,1.6995498500020754,15.453003267969256,108.50206799977968,11.94287109375,,231289280,true,dcb2c10e4ac97b1d1289825869826fdec84593f7,41e5a8930cdcae89,true,2026-09-20T14:53:32+00:00
20260920T143808Z-gpu_h96,electricity_hourly,T295,timesfm25,tsfm,168,96,220010,98.55158360799153,139.6927591548685,1.1698481608730344,14.253606783433174,108.70262599974012,11.94287109375,,231289280,true,dcb2c10e4ac97b1d1289825869826fdec84593f7,41e5a8930cdcae89,true,2026-09-20T14:53:32+00:00
20260920T143808Z-gpu_h96,electricity_hourly,T295,timesfm25,tsfm,168,96,220011,104.33340676625569,158.34260264743526,2.4661868966416316,15.969764163181985,117.66240199995082,11.94287109375,,231289280,true,dcb2c10e4ac97b1d1289825869826fdec84593f7,41e5a8930cdcae89,true,2026-09-20T14:53:32+00:00
20260920T143808Z-gpu_h96,electricity_hourly,T295,timesfm25,tsfm,168,96,220012,72.14262517293294,104.21650386700782,0.9531643292873055,10.544702038115679,114.44105800001125,11.94287109375,,231289280,true,dcb2c10e4ac97b1d1289825869826fdec84593f7,41e5a8930cdcae89,true,2026-09-20T14:53:32+00:00
20260920T143808Z-gpu_h96,electricity_hourly,T295,timesfm25,tsfm,168,96,220013,58.37264235814413,81.2449806948869,0.9318914079348952,11.616376554427871,116.2257299997691,11.94287109375,,231289280,true,dcb2c10e4ac97b1d1289825869826fdec84593f7,41e5a8930cdcae89,true,2026-09-20T14:53:32+00:00
20260920T143808Z-gpu_h96,electricity_hourly,T295,timesfm25,tsfm,168,96,220014,90.33276478449504,139.70220944636694,2.3841492171860863,11.595458041296581,115.44184499962284,11.94287109375,,231289280,true,dcb2c10e4ac97b1d1289825869826fdec84593f7,41e5a8930cdcae89,true,2026-09-20T14:53:32+00:00
20260920T143808Z-gpu_h96,electricity_hourly,T295,timesfm25,tsfm,168,96,220015,62.039836406707764,90.1057334725583,1.6586959603724318,10.13245431816756,107.41183799973442,11.94287109375,,231289280,true,dcb2c10e4ac97b1d1289825869826fdec84593f7,41e5a8930cdcae89,true,2026-09-20T14:53:32+00:00
20260920T143808Z-gpu_h96,electricity_hourly,T295,timesfm25,tsfm,168,96,220016,39.57207743326823,55.68075074371678,1.7913798020718719,8.67074104559903,116.9061860000511,11.94287109375,,231289280,true,dcb2c10e4ac97b1d1289825869826fdec84593f7,41e5a8930cdcae89,true,2026-09-20T14:53:32+00:00
20260920T143808Z-gpu_h96,electricity_hourly,T295,timesfm25,tsfm,168,96,220017,40.22856060663859,58.58453610284866,1.1211365835796316,10.248154176477204,109.41516299999421,11.94287109375,,231289280,true,dcb2c10e4ac97b1d1289825869826fdec84593f7,41e5a8930cdcae89,true,2026-09-20T14:53:32+00:00
20260920T143808Z-gpu_h96,electricity_hourly,T295,timesfm25,tsfm,168,96,220018,27.895061492919922,44.47562552194496,0.5655996698085707,6.350352333996397,117.43669300039983,11.94287109375,,231289280,true,dcb2c10e4ac97b1d1289825869826fdec84593f7,41e5a8930cdcae89,true,2026-09-20T14:53:32+00:00
20260920T143808Z-gpu_h96,electricity_hourly,T295,timesfm25,tsfm,168,96,220019,31.642531792322796,44.153140736844705,0.903176328660948,7.942500273251267,113.45660999995744,11.94287109375,,231289280,true,dcb2c10e4ac97b1d1289825869826fdec84593f7,41e5a8930cdcae89,true,2026-09-20T14:53:32+00:00
20260920T143808Z-gpu_h96,electricity_hourly,T295,timesfm25,tsfm,168,96,220020,59.76119311650594,80.38912175083108,2.4118867177065177,14.850138421995645,117.48203499973897,11.94287109375,,231289280,true,dcb2c10e4ac97b1d1289825869826fdec84593f7,41e5a8930cdcae89,true,2026-09-20T14:53:32+00:00
20260920T143808Z-gpu_h96,electricity_hourly,T295,chronos_bolt,tsfm,168,96,220000,67.54365952809651,120.1660879189418,1.3358449350427,12.126284334157956,77.62961500020538,12.59375,,205292928,true,dcb2c10e4ac97b1d1289825869826fdec84593f7,41e5a8930cdcae89,true,2026-09-20T14:53:37+00:00
20260920T143808Z-gpu_h96,electricity_hourly,T295,chronos_bolt,tsfm,168,96,220001,124.08878835042317,202.337019400527,1.2053956774460968,15.242304184428582,75.27652799990392,12.59375,,205292928,true,dcb2c10e4ac97b1d1289825869826fdec84593f7,41e5a8930cdcae89,true,2026-09-20T14:53:37+00:00
20260920T143808Z-gpu_h96,electricity_hourly,T295,chronos_bolt,tsfm,168,96,220002,111.6793851852417,175.1428087114835,1.6823759249581343,14.70556890379034,75.50171799994132,12.59375,,205292928,true,dcb2c10e4ac97b1d1289825869826fdec84593f7,41e5a8930cdcae89,true,2026-09-20T14:53:37+00:00
20260920T143808Z-gpu_h96,electricity_hourly,T295,chronos_bolt,tsfm,168,96,220003,134.46895440419516,205.7396991466869,1.515736159233198,15.424731887858503,75.2452120000271,12.59375,,205292928,true,dcb2c10e4ac97b1d1289825869826fdec84593f7,41e5a8930cdcae89,true,2026-09-20T14:53:37+00:00
20260920T143808Z-gpu_h96,electricity_hourly,T295,chronos_bolt,tsfm,168,96,220004,134.71242078145346,216.92699432818495,1.8092322880553349,13.494976426626785,71.48231200017108,12.59375,,205292928,true,dcb2c10e4ac97b1d1289825869826fdec84593f7,41e5a8930cdcae89,true,2026-09-20T14:53:37+00:00
20260920T143808Z-gpu_h96,electricity_hourly,T295,chronos_bolt,tsfm,168,96,220005,71.27332496643066,121.561311710545,0.6859158454297944,9.51306340894666,72.87834800035853,12.59375,,205292928,true,dcb2c10e4ac97b1d1289825869826fdec84593f7,41e5a8930cdcae89,true,2026-09-20T14:53:37+00:00
20260920T143808Z-gpu_h96,electricity_hourly,T295,chronos_bolt,tsfm,168,96,220006,103.38933563232422,158.0535489226603,1.099561619723389,11.37036750519685,75.19025400006285,12.59375,,205292928,true,dcb2c10e4ac97b1d1289825869826fdec84593f7,41e5a8930cdcae89,true,2026-09-20T14:53:37+00:00
20260920T143808Z-gpu_h96,electricity_hourly,T295,chronos_bolt,tsfm,168,96,220007,75.6827278137207,129.04314928216235,1.4425298219954708,8.501642126931742,75.97974600002999,12.59375,,205292928,true,dcb2c10e4ac97b1d1289825869826fdec84593f7,41e5a8930cdcae89,true,2026-09-20T14:53:37+00:00
20260920T143808Z-gpu_h96,electricity_hourly,T295,chronos_bolt,tsfm,168,96,220008,58.67951965332031,82.45703853427469,1.2240838519597457,7.3522228230069375,71.50887700026942,12.59375,,205292928,true,dcb2c10e4ac97b1d1289825869826fdec84593f7,41e5a8930cdcae89,true,2026-09-20T14:53:37+00:00
20260920T143808Z-gpu_h96,electricity_hourly,T295,chronos_bolt,tsfm,168,96,220009,97.25738779703777,143.186547155356,1.5030117882349687,11.864275641878539,75.68477099994197,12.59375,,205292928,true,dcb2c10e4ac97b1d1289825869826fdec84593f7,41e5a8930cdcae89,true,2026-09-20T14:53:37+00:00
20260920T143808Z-gpu_h96,electricity_hourly,T295,chronos_bolt,tsfm,168,96,220010,80.65460014343262,119.57803791253684,0.9574035463403097,10.839468357498623,73.12909900019804,12.59375,,205292928,true,dcb2c10e4ac97b1d1289825869826fdec84593f7,41e5a8930cdcae89,true,2026-09-20T14:53:37+00:00
20260920T143808Z-gpu_h96,electricity_hourly,T295,chronos_bolt,tsfm,168,96,220011,97.8996187845866,151.28811518161717,2.3141078635883896,14.689961448845725,72.93431199968836,12.59375,,205292928,true,dcb2c10e4ac97b1d1289825869826fdec84593f7,41e5a8930cdcae89,true,2026-09-20T14:53:37+00:00
20260920T143808Z-gpu_h96,electricity_hourly,T295,chronos_bolt,tsfm,168,96,220012,52.87160778045654,76.0839838915144,0.6985513827310526,8.898098007637117,69.05026100002942,12.59375,,205292928,true,dcb2c10e4ac97b1d1289825869826fdec84593f7,41e5a8930cdcae89,true,2026-09-20T14:53:37+00:00
20260920T143808Z-gpu_h96,electricity_hourly,T295,chronos_bolt,tsfm,168,96,220013,45.73600323994955,68.02265320899188,0.7301534885313453,8.828934801285191,81.12207600015608,12.59375,,205292928,true,dcb2c10e4ac97b1d1289825869826fdec84593f7,41e5a8930cdcae89,true,2026-09-20T14:53:37+00:00
20260920T143808Z-gpu_h96,electricity_hourly,T295,chronos_bolt,tsfm,168,96,220014,73.804674466451,112.07802584526128,1.9479239595251,10.462026741893622,70.81563999963691,12.59375,,205292928,true,dcb2c10e4ac97b1d1289825869826fdec84593f7,41e5a8930cdcae89,true,2026-09-20T14:53:37+00:00
20260920T143808Z-gpu_h96,electricity_hourly,T295,chronos_bolt,tsfm,168,96,220015,60.70895957946777,91.346896681527,1.6231136612408763,10.060123590836513,72.60756499999843,12.59375,,205292928,true,dcb2c10e4ac97b1d1289825869826fdec84593f7,41e5a8930cdcae89,true,2026-09-20T14:53:37+00:00
20260920T143808Z-gpu_h96,electricity_hourly,T295,chronos_bolt,tsfm,168,96,220016,33.51932668685913,51.379902418511136,1.5173791395497374,6.692594041723211,72.15381700007129,12.59375,,205292928,true,dcb2c10e4ac97b1d1289825869826fdec84593f7,41e5a8930cdcae89,true,2026-09-20T14:53:37+00:00
20260920T143808Z-gpu_h96,electricity_hourly,T295,chronos_bolt,tsfm,168,96,220017,45.07892322540283,66.08928838214696,1.2563121626587979,10.866677278014981,76.1548479999874,12.59375,,205292928,true,dcb2c10e4ac97b1d1289825869826fdec84593f7,41e5a8930cdcae89,true,2026-09-20T14:53:37+00:00
20260920T143808Z-gpu_h96,electricity_hourly,T295,chronos_bolt,tsfm,168,96,220018,28.123689651489258,44.91001309917121,0.5702353294585262,6.014014516814429,74.4279710002047,12.59375,,205292928,true,dcb2c10e4ac97b1d1289825869826fdec84593f7,41e5a8930cdcae89,true,2026-09-20T14:53:37+00:00
20260920T143808Z-gpu_h96,electricity_hourly,T295,chronos_bolt,tsfm,168,96,220019,27.043505986531574,42.24285091088823,0.771905820031823,6.314586834571025,71.0192360002111,12.59375,,205292928,true,dcb2c10e4ac97b1d1289825869826fdec84593f7,41e5a8930cdcae89,true,2026-09-20T14:53:37+00:00
20260920T143808Z-gpu_h96,electricity_hourly,T295,chronos_bolt,tsfm,168,96,220020,63.29100068410238,85.82522963543255,2.5543453190893337,15.475823534995278,70.67106200020135,12.59375,,205292928,true,dcb2c10e4ac97b1d1289825869826fdec84593f7,41e5a8930cdcae89,true,2026-09-20T14:53:37+00:00
20260920T143808Z-gpu_h96,electricity_hourly,T308,lstm,deep,168,96,230000,117.87692310110567,183.00747125971557,1.1226373628676731,29.256123643602212,335.64345200011303,16.14599609375,0.3024832320002133,4513,false,dcb2c10e4ac97b1d1289825869826fdec84593f7,41e5a8930cdcae89,true,2026-09-20T14:53:48+00:00
20260920T143808Z-gpu_h96,electricity_hourly,T308,lstm,deep,168,96,230001,518.6106649972809,696.1315531228024,4.352992291886713,74.0913285390394,344.377730999895,16.10986328125,0.3114983780001239,4513,false,dcb2c10e4ac97b1d1289825869826fdec84593f7,41e5a8930cdcae89,true,2026-09-20T14:53:48+00:00
20260920T143808Z-gpu_h96,electricity_hourly,T308,lstm,deep,168,96,230002,160.75776062511255,209.45139201734273,1.3009507435099588,39.8083930870323,351.6620340001282,16.10986328125,0.31660974199985503,4513,false,dcb2c10e4ac97b1d1289825869826fdec84593f7,41e5a8930cdcae89,true,2026-09-20T14:53:48+00:00
20260920T143808Z-gpu_h96,electricity_hourly,T308,lstm,deep,168,96,230003,216.9806089968807,307.22763894207174,2.751184969230503,39.94503653234149,343.5120939998342,16.10986328125,0.31037435799999,4513,false,dcb2c10e4ac97b1d1289825869826fdec84593f7,41e5a8930cdcae89,true,2026-09-20T14:53:48+00:00
20260920T143808Z-gpu_h96,electricity_hourly,T308,lstm,deep,168,96,230004,904.3373739779599,1088.1496354032788,8.31256107831139,129.19851756852847,337.86454000028243,16.10986328125,0.3044331599999168,4513,false,dcb2c10e4ac97b1d1289825869826fdec84593f7,41e5a8930cdcae89,true,2026-09-20T14:53:48+00:00
20260920T143808Z-gpu_h96,electricity_hourly,T308,lstm,deep,168,96,230005,314.45311290419914,454.72268820501336,1.5845347047697336,55.13880646122157,339.90617900008147,16.10986328125,0.30646779099970445,4513,false,dcb2c10e4ac97b1d1289825869826fdec84593f7,41e5a8930cdcae89,true,2026-09-20T14:53:48+00:00
20260920T143808Z-gpu_h96,electricity_hourly,T308,lstm,deep,168,96,230006,154.74644197784855,268.96034967675894,1.4796472539714602,35.57098929412938,342.9239110000708,16.10986328125,0.3091225589996611,4513,false,dcb2c10e4ac97b1d1289825869826fdec84593f7,41e5a8930cdcae89,true,2026-09-20T14:53:48+00:00
20260920T143808Z-gpu_h96,electricity_hourly,T308,lstm,deep,168,96,230007,727.7688258941989,881.3830462789697,10.509297124825977,99.72322365663038,349.50628999968103,16.10986328125,0.31690535000007003,4513,false,dcb2c10e4ac97b1d1289825869826fdec84593f7,41e5a8930cdcae89,true,2026-09-20T14:53:48+00:00
20260920T143808Z-gpu_h96,electricity_hourly,T308,lstm,deep,168,96,230008,467.5199612231033,677.5176828163458,3.3053257274217827,72.11416738699897,387.54273599988665,16.10986328125,0.34862416100031624,4513,false,dcb2c10e4ac97b1d1289825869826fdec84593f7,41e5a8930cdcae89,true,2026-09-20T14:53:48+00:00
20260920T143808Z-gpu_h96,electricity_hourly,T308,lstm,deep,168,96,230009,401.61479377841687,583.3378731865866,4.196540911696686,55.3238497833754,400.42138599983446,16.10986328125,0.3656773410002643,4513,false,dcb2c10e4ac97b1d1289825869826fdec84593f7,41e5a8930cdcae89,true,2026-09-20T14:53:48+00:00
20260920T143808Z-gpu_h96,electricity_hourly,T308,lstm,deep,168,96,230010,83.3011610917411,104.79310829778917,0.5350536240336642,46.8979129813069,354.7461260000091,16.10986328125,0.32080557300014334,4513,false,dcb2c10e4ac97b1d1289825869826fdec84593f7,41e5a8930cdcae89,true,2026-09-20T14:53:48+00:00
20260920T143808Z-gpu_h96,electricity_hourly,T308,lstm,deep,168,96,230011,41.07814968070377,50.90439991183865,3.76767742294353,29.724269025271923,347.11059200026284,16.10986328125,0.3126622029999453,4513,false,dcb2c10e4ac97b1d1289825869826fdec84593f7,41e5a8930cdcae89,true,2026-09-20T14:53:48+00:00
20260920T143808Z-gpu_h96,electricity_hourly,T308,lstm,deep,168,96,230012,33.93795975929003,42.70209403191896,2.9529100938596766,25.039788983390608,339.2356489998747,16.10986328125,0.30632125100009944,4513,false,dcb2c10e4ac97b1d1289825869826fdec84593f7,41e5a8930cdcae89,true,2026-09-20T14:53:48+00:00
20260920T143808Z-gpu_h96,electricity_hourly,T308,lstm,deep,168,96,230013,17.93959904185924,23.18837432792033,1.751391364086597,13.674623859860931,338.75567999984924,16.10986328125,0.30589949700015495,4513,false,dcb2c10e4ac97b1d1289825869826fdec84593f7,41e5a8930cdcae89,true,2026-09-20T14:53:48+00:00
20260920T143808Z-gpu_h96,electricity_hourly,T308,lstm,deep,168,96,230014,31.597326409310813,41.66533243918079,2.8491014420418015,23.87388333306888,339.252948000194,16.10986328125,0.3046649940001771,4513,false,dcb2c10e4ac97b1d1289825869826fdec84593f7,41e5a8930cdcae89,true,2026-09-20T14:53:48+00:00
20260920T143808Z-gpu_h96,electricity_hourly,T308,lstm,deep,168,96,230015,25.02573810609717,34.871733475171396,2.8000825852975852,17.78534428019743,342.3100609998073,16.10986328125,0.3081200520000493,4513,false,dcb2c10e4ac97b1d1289825869826fdec84593f7,41e5a8930cdcae89,true,2026-09-20T14:53:48+00:00
20260920T143808Z-gpu_h96,electricity_hourly,T308,lstm,deep,168,96,230016,38.12304936514895,51.09548432950057,2.9949367750035183,26.10040678147754,343.3819860001677,16.10986328125,0.30773534400032077,4513,false,dcb2c10e4ac97b1d1289825869826fdec84593f7,41e5a8930cdcae89,true,2026-09-20T14:53:48+00:00
20260920T143808Z-gpu_h96,electricity_hourly,T308,lstm,deep,168,96,230017,31.856797607186646,40.766196102711774,3.7114715658858226,23.087664316430747,353.8506079999024,16.10986328125,0.3182351599998583,4513,false,dcb2c10e4ac97b1d1289825869826fdec84593f7,41e5a8930cdcae89,true,2026-09-20T14:53:48+00:00
20260920T143808Z-gpu_h96,electricity_hourly,T308,lstm,deep,168,96,230018,14.010701669749762,17.5550015271276,1.3033210855581174,9.41425495747923,350.21943899982944,16.10986328125,0.31765472500001124,4513,false,dcb2c10e4ac97b1d1289825869826fdec84593f7,41e5a8930cdcae89,true,2026-09-20T14:53:48+00:00
20260920T143808Z-gpu_h96,electricity_hourly,T308,lstm,deep,168,96,230019,29.4648761572676,41.47647283159435,3.0590787070270613,20.573006567349196,349.9063619997287,16.10986328125,0.316623637000248,4513,false,dcb2c10e4ac97b1d1289825869826fdec84593f7,41e5a8930cdcae89,true,2026-09-20T14:53:48+00:00
20260920T143808Z-gpu_h96,electricity_hourly,T308,lstm,deep,168,96,230020,48.58491409812391,58.59662178648085,4.892466874216674,33.29335926704492,360.3241660002823,16.10986328125,0.3279315240001779,4513,false,dcb2c10e4ac97b1d1289825869826fdec84593f7,41e5a8930cdcae89,true,2026-09-20T14:53:48+00:00
20260920T143808Z-gpu_h96,electricity_hourly,T308,transformer,deep,168,96,230000,155.12340790784367,195.80629051550315,1.477365789598511,39.47976042030542,609.6367900004225,10.6845703125,0.6063689659999909,19232,false,dcb2c10e4ac97b1d1289825869826fdec84593f7,41e5a8930cdcae89,true,2026-09-20T14:54:05+00:00
20260920T143808Z-gpu_h96,electricity_hourly,T308,transformer,deep,168,96,230001,376.5226551594321,499.01444064443746,3.1603673550337037,61.46705111393514,618.5412039999392,10.525390625,0.6154335230003198,19232,false,dcb2c10e4ac97b1d1289825869826fdec84593f7,41e5a8930cdcae89,true,2026-09-20T14:54:05+00:00
20260920T143808Z-gpu_h96,electricity_hourly,T308,transformer,deep,168,96,230002,189.17256949147168,273.080611887492,1.5309008658408407,44.00048588866288,572.91627099994,10.525390625,0.5700997290000487,19232,false,dcb2c10e4ac97b1d1289825869826fdec84593f7,41e5a8930cdcae89,true,2026-09-20T14:54:05+00:00
20260920T143808Z-gpu_h96,electricity_hourly,T308,transformer,deep,168,96,230003,230.25786217459176,328.8727972278032,2.919532636536164,45.56821155717168,591.9626320001043,10.525390625,0.5891291489997457,19232,false,dcb2c10e4ac97b1d1289825869826fdec84593f7,41e5a8930cdcae89,true,2026-09-20T14:54:05+00:00
20260920T143808Z-gpu_h96,electricity_hourly,T308,transformer,deep,168,96,230004,476.42542761485805,669.364842902905,4.379245600442969,71.73524471926612,579.3191019997721,10.525390625,0.5766139810002642,19232,false,dcb2c10e4ac97b1d1289825869826fdec84593f7,41e5a8930cdcae89,true,2026-09-20T14:54:05+00:00
20260920T143808Z-gpu_h96,electricity_hourly,T308,transformer,deep,168,96,230005,265.5763316791162,380.0883584271955,1.3382437541306902,64.22132338798696,621.2190659998669,10.525390625,0.6182169969997631,19232,false,dcb2c10e4ac97b1d1289825869826fdec84593f7,41e5a8930cdcae89,true,2026-09-20T14:54:05+00:00
20260920T143808Z-gpu_h96,electricity_hourly,T308,transformer,deep,168,96,230006,248.37341564045053,391.42789117201517,2.3748852491517183,54.44334968870108,577.1255059999021,10.525390625,0.5742283070003396,19232,false,dcb2c10e4ac97b1d1289825869826fdec84593f7,41e5a8930cdcae89,true,2026-09-20T14:54:05+00:00
20260920T143808Z-gpu_h96,electricity_hourly,T308,transformer,deep,168,96,230007,156.73520957734738,234.71157723721424,2.263324326026677,36.74341180982291,577.7377580002394,10.525390625,0.5748451049998948,19232,false,dcb2c10e4ac97b1d1289825869826fdec84593f7,41e5a8930cdcae89,true,2026-09-20T14:54:05+00:00
20260920T143808Z-gpu_h96,electricity_hourly,T308,transformer,deep,168,96,230008,147.62723921843377,202.41562096164685,1.043711824796468,39.57798988630457,580.0007940001706,10.525390625,0.5770925140000145,19232,false,dcb2c10e4ac97b1d1289825869826fdec84593f7,41e5a8930cdcae89,true,2026-09-20T14:54:05+00:00
20260920T143808Z-gpu_h96,electricity_hourly,T308,transformer,deep,168,96,230009,287.7763050634939,379.56140375006703,3.007023287797919,61.12048790638782,580.4497610001818,10.525390625,0.5774264840001706,19232,false,dcb2c10e4ac97b1d1289825869826fdec84593f7,41e5a8930cdcae89,true,2026-09-20T14:54:05+00:00
20260920T143808Z-gpu_h96,electricity_hourly,T308,transformer,deep,168,96,230010,46.52569598142288,55.672365491990725,0.29884027928653795,37.36007214554689,590.753321000193,10.525390625,0.5878331930002787,19232,false,dcb2c10e4ac97b1d1289825869826fdec84593f7,41e5a8930cdcae89,true,2026-09-20T14:54:05+00:00
20260920T143808Z-gpu_h96,electricity_hourly,T308,transformer,deep,168,96,230011,13.515303822928994,17.431977510524405,1.2396202232495381,9.872606094896243,590.0998199999776,10.525390625,0.5873305069999333,19232,false,dcb2c10e4ac97b1d1289825869826fdec84593f7,41e5a8930cdcae89,true,2026-09-20T14:54:05+00:00
20260920T143808Z-gpu_h96,electricity_hourly,T308,transformer,deep,168,96,230012,10.926035966081146,14.384551428273152,0.9506641565653686,8.072473869306164,596.6893230001915,10.525390625,0.5937785309997707,19232,false,dcb2c10e4ac97b1d1289825869826fdec84593f7,41e5a8930cdcae89,true,2026-09-20T14:54:05+00:00
20260920T143808Z-gpu_h96,electricity_hourly,T308,transformer,deep,168,96,230013,49.69972334113481,58.710688410583145,4.852040787202314,36.25992407391125,563.2028469999568,10.525390625,0.5603504339997016,19232,false,dcb2c10e4ac97b1d1289825869826fdec84593f7,41e5a8930cdcae89,true,2026-09-20T14:54:05+00:00
20260920T143808Z-gpu_h96,electricity_hourly,T308,transformer,deep,168,96,230014,24.323194687690613,36.99195961779261,2.1931997714636493,18.054613817426734,566.6550659998393,10.525390625,0.5638203610001256,19232,false,dcb2c10e4ac97b1d1289825869826fdec84593f7,41e5a8930cdcae89,true,2026-09-20T14:54:05+00:00
20260920T143808Z-gpu_h96,electricity_hourly,T308,transformer,deep,168,96,230015,20.72792728233395,26.791591129646356,2.319208646974428,14.723214659940684,558.2360150001477,10.525390625,0.5553837610000301,19232,false,dcb2c10e4ac97b1d1289825869826fdec84593f7,41e5a8930cdcae89,true,2026-09-20T14:54:05+00:00
20260920T143808Z-gpu_h96,electricity_hourly,T308,transformer,deep,168,96,230016,23.138061680435587,32.45740823384899,1.8177200665481312,17.33194714775177,577.2380390003491,10.525390625,0.5742181059999893,19232,false,dcb2c10e4ac97b1d1289825869826fdec84593f7,41e5a8930cdcae89,true,2026-09-20T14:54:05+00:00
20260920T143808Z-gpu_h96,electricity_hourly,T308,transformer,deep,168,96,230017,16.03155411576233,21.370228916149184,1.867753877564543,11.452373391353754,588.5729319998063,10.525390625,0.5856503380000504,19232,false,dcb2c10e4ac97b1d1289825869826fdec84593f7,41e5a8930cdcae89,true,2026-09-20T14:54:05+00:00
20260920T143808Z-gpu_h96,electricity_hourly,T308,transformer,deep,168,96,230018,14.731747461643879,19.324378772779035,1.3703951127110585,10.25933839753181,565.6002690002424,10.525390625,0.5626324049999312,19232,false,dcb2c10e4ac97b1d1289825869826fdec84593f7,41e5a8930cdcae89,true,2026-09-20T14:54:05+00:00
20260920T143808Z-gpu_h96,electricity_hourly,T308,transformer,deep,168,96,230019,15.304918168713987,19.48729235391976,1.5889749216256772,10.91479616816575,570.3201910000644,10.525390625,0.567373489000147,19232,false,dcb2c10e4ac97b1d1289825869826fdec84593f7,41e5a8930cdcae89,true,2026-09-20T14:54:05+00:00
20260920T143808Z-gpu_h96,electricity_hourly,T308,transformer,deep,168,96,230020,14.702626668192856,18.0946075800094,1.48054422392991,9.999760004306362,572.2770839997793,10.525390625,0.5693973030001871,19232,false,dcb2c10e4ac97b1d1289825869826fdec84593f7,41e5a8930cdcae89,true,2026-09-20T14:54:05+00:00
20260920T143808Z-gpu_h96,electricity_hourly,T308,timesfm25,tsfm,168,96,230000,64.28281871477763,96.53459360642698,0.6122173210931203,15.412306553845426,109.76764099996217,11.94287109375,,231289280,true,dcb2c10e4ac97b1d1289825869826fdec84593f7,41e5a8930cdcae89,true,2026-09-20T14:54:11+00:00
20260920T143808Z-gpu_h96,electricity_hourly,T308,timesfm25,tsfm,168,96,230001,228.25633549690247,325.8229707110409,1.9158843734876403,28.911778626661754,115.63119099992036,11.94287109375,,231289280,true,dcb2c10e4ac97b1d1289825869826fdec84593f7,41e5a8930cdcae89,true,2026-09-20T14:54:11+00:00
20260920T143808Z-gpu_h96,electricity_hourly,T308,timesfm25,tsfm,168,96,230002,150.22913114229837,221.78137627581216,1.2157465934860607,27.22775527335178,112.6555460000418,11.94287109375,,231289280,true,dcb2c10e4ac97b1d1289825869826fdec84593f7,41e5a8930cdcae89,true,2026-09-20T14:54:11+00:00
20260920T143808Z-gpu_h96,electricity_hourly,T308,timesfm25,tsfm,168,96,230003,130.39548365275064,191.80823000234417,1.6533371177244072,21.074555018956296,114.678627000103,11.94287109375,,231289280,true,dcb2c10e4ac97b1d1289825869826fdec84593f7,41e5a8930cdcae89,true,2026-09-20T14:54:11+00:00
20260920T143808Z-gpu_h96,electricity_hourly,T308,timesfm25,tsfm,168,96,230004,262.7697807947795,389.8467310617693,2.415348425536081,28.861172545514798,112.51050100008797,11.94287109375,,231289280,true,dcb2c10e4ac97b1d1289825869826fdec84593f7,41e5a8930cdcae89,true,2026-09-20T14:54:11+00:00
20260920T143808Z-gpu_h96,electricity_hourly,T308,timesfm25,tsfm,168,96,230005,197.7881569067637,291.36739990655155,0.9966579625074001,27.374813099307975,115.76288900005238,11.94287109375,,231289280,true,dcb2c10e4ac97b1d1289825869826fdec84593f7,41e5a8930cdcae89,true,2026-09-20T14:54:11+00:00
20260920T143808Z-gpu_h96,electricity_hourly,T308,timesfm25,tsfm,168,96,230006,99.96972386042277,193.65390935508145,0.9558858058367118,22.569670827226183,111.38452499972118,11.94287109375,,231289280,true,dcb2c10e4ac97b1d1289825869826fdec84593f7,41e5a8930cdcae89,true,2026-09-20T14:54:11+00:00
20260920T143808Z-gpu_h96,electricity_hourly,T308,timesfm25,tsfm,168,96,230007,82.68821318944295,123.42160670830542,1.194053620064158,20.278732178810202,115.33089199974711,11.94287109375,,231289280,true,dcb2c10e4ac97b1d1289825869826fdec84593f7,41e5a8930cdcae89,true,2026-09-20T14:54:11+00:00
20260920T143808Z-gpu_h96,electricity_hourly,T308,timesfm25,tsfm,168,96,230008,92.37886476516724,140.248897941976,0.6531105914269482,16.28544772007288,113.4837240001616,11.94287109375,,231289280,true,dcb2c10e4ac97b1d1289825869826fdec84593f7,41e5a8930cdcae89,true,2026-09-20T14:54:11+00:00
20260920T143808Z-gpu_h96,electricity_hourly,T308,timesfm25,tsfm,168,96,230009,215.85228459040323,291.7674026450218,2.2554770322195825,32.61466131134055,118.07828300015899,11.94287109375,,231289280,true,dcb2c10e4ac97b1d1289825869826fdec84593f7,41e5a8930cdcae89,true,2026-09-20T14:54:11+00:00
20260920T143808Z-gpu_h96,electricity_hourly,T308,timesfm25,tsfm,168,96,230010,91.40577538808186,119.50814844446768,0.5871105605015294,44.79417310036847,114.5953489999556,11.94287109375,,231289280,true,dcb2c10e4ac97b1d1289825869826fdec84593f7,41e5a8930cdcae89,true,2026-09-20T14:54:11+00:00
20260920T143808Z-gpu_h96,electricity_hourly,T308,timesfm25,tsfm,168,96,230011,10.733596086502075,13.462462439434514,0.9844826983798081,7.524805404382158,110.94219300002806,11.94287109375,,231289280,true,dcb2c10e4ac97b1d1289825869826fdec84593f7,41e5a8930cdcae89,true,2026-09-20T14:54:11+00:00
20260920T143808Z-gpu_h96,electricity_hourly,T308,timesfm25,tsfm,168,96,230012,6.962611277898152,8.756536677328457,0.6058102864153075,5.493417597977571,116.13006499965195,11.94287109375,,231289280,true,dcb2c10e4ac97b1d1289825869826fdec84593f7,41e5a8930cdcae89,true,2026-09-20T14:54:11+00:00
20260920T143808Z-gpu_h96,electricity_hourly,T308,timesfm25,tsfm,168,96,230013,10.269581000010172,13.812474098132354,1.0025896027128576,7.384349202573165,117.92805400000361,11.94287109375,,231289280,true,dcb2c10e4ac97b1d1289825869826fdec84593f7,41e5a8930cdcae89,true,2026-09-20T14:54:11+00:00
20260920T143808Z-gpu_h96,electricity_hourly,T308,timesfm25,tsfm,168,96,230014,13.969255288441977,20.17553915631229,1.259594716052376,11.967769167425336,118.84857999984888,11.94287109375,,231289280,true,dcb2c10e4ac97b1d1289825869826fdec84593f7,41e5a8930cdcae89,true,2026-09-20T14:54:11+00:00
20260920T143808Z-gpu_h96,electricity_hourly,T308,timesfm25,tsfm,168,96,230015,15.441712458928427,20.643033936705912,1.727744051348635,11.203159431965231,114.77457599994523,11.94287109375,,231289280,true,dcb2c10e4ac97b1d1289825869826fdec84593f7,41e5a8930cdcae89,true,2026-09-20T14:54:11+00:00
20260920T143808Z-gpu_h96,electricity_hourly,T308,timesfm25,tsfm,168,96,230016,7.48483943939209,9.499001861128413,0.5880070263352215,5.634750271890016,115.70888200003537,11.94287109375,,231289280,true,dcb2c10e4ac97b1d1289825869826fdec84593f7,41e5a8930cdcae89,true,2026-09-20T14:54:11+00:00
20260920T143808Z-gpu_h96,electricity_hourly,T308,timesfm25,tsfm,168,96,230017,8.68760879834493,11.441008350190751,1.0121485978654288,6.098852608311495,116.10946300015712,11.94287109375,,231289280,true,dcb2c10e4ac97b1d1289825869826fdec84593f7,41e5a8930cdcae89,true,2026-09-20T14:54:11+00:00
20260920T143808Z-gpu_h96,electricity_hourly,T308,timesfm25,tsfm,168,96,230018,10.80425993601481,14.618958378167559,1.0050474359083545,7.437268677313844,113.03435599984368,11.94287109375,,231289280,true,dcb2c10e4ac97b1d1289825869826fdec84593f7,41e5a8930cdcae89,true,2026-09-20T14:54:11+00:00
20260920T143808Z-gpu_h96,electricity_hourly,T308,timesfm25,tsfm,168,96,230019,8.906092166900635,11.96547770108588,0.9246411478253002,5.987472885413619,118.51671600015834,11.94287109375,,231289280,true,dcb2c10e4ac97b1d1289825869826fdec84593f7,41e5a8930cdcae89,true,2026-09-20T14:54:11+00:00
20260920T143808Z-gpu_h96,electricity_hourly,T308,timesfm25,tsfm,168,96,230020,12.359201113382975,14.355472966027662,1.2445629093196842,8.233739413895728,114.87242600014724,11.94287109375,,231289280,true,dcb2c10e4ac97b1d1289825869826fdec84593f7,41e5a8930cdcae89,true,2026-09-20T14:54:11+00:00
20260920T143808Z-gpu_h96,electricity_hourly,T308,chronos_bolt,tsfm,168,96,230000,78.57966264088948,112.51390354986096,0.7483777394370427,16.085979561421013,70.37253499993312,12.59375,,205292928,true,dcb2c10e4ac97b1d1289825869826fdec84593f7,41e5a8930cdcae89,true,2026-09-20T14:54:17+00:00
20260920T143808Z-gpu_h96,electricity_hourly,T308,chronos_bolt,tsfm,168,96,230001,144.40949567159018,241.61472018899693,1.2121104789408361,20.61645647848995,75.23151800023697,12.59375,,205292928,true,dcb2c10e4ac97b1d1289825869826fdec84593f7,41e5a8930cdcae89,true,2026-09-20T14:54:17+00:00
20260920T143808Z-gpu_h96,electricity_hourly,T308,chronos_bolt,tsfm,168,96,230002,135.151003519694,198.70180955948996,1.0937251043518004,27.666139606516765,73.83904600010283,12.59375,,205292928,true,dcb2c10e4ac97b1d1289825869826fdec84593f7,41e5a8930cdcae89,true,2026-09-20T14:54:17+00:00
20260920T143808Z-gpu_h96,electricity_hourly,T308,chronos_bolt,tsfm,168,96,230003,135.25254440307617,200.10375495129756,1.7149217569818587,20.753871826245703,75.58471799984545,12.59375,,205292928,true,dcb2c10e4ac97b1d1289825869826fdec84593f7,41e5a8930cdcae89,true,2026-09-20T14:54:17+00:00
20260920T143808Z-gpu_h96,electricity_hourly,T308,chronos_bolt,tsfm,168,96,230004,221.4509131113688,349.21789097723104,2.0355503311653966,24.064371877798145,76.8565490002402,12.59375,,205292928,true,dcb2c10e4ac97b1d1289825869826fdec84593f7,41e5a8930cdcae89,true,2026-09-20T14:54:17+00:00
20260920T143808Z-gpu_h96,electricity_hourly,T308,chronos_bolt,tsfm,168,96,230005,179.18889745076498,277.4190692046135,0.9029359706375812,20.450702598750134,76.27109999975801,12.59375,,205292928,true,dcb2c10e4ac97b1d1289825869826fdec84593f7,41e5a8930cdcae89,true,2026-09-20T14:54:17+00:00
20260920T143808Z-gpu_h96,electricity_hourly,T308,chronos_bolt,tsfm,168,96,230006,91.99394798278809,195.91962405219306,0.8796234070067387,15.081650389287073,76.18113800026549,12.59375,,205292928,true,dcb2c10e4ac97b1d1289825869826fdec84593f7,41e5a8930cdcae89,true,2026-09-20T14:54:17+00:00
20260920T143808Z-gpu_h96,electricity_hourly,T308,chronos_bolt,tsfm,168,96,230007,73.42857424418132,121.13179467362765,1.0603404222986472,11.564702739437761,77.46598699986862,12.59375,,205292928,true,dcb2c10e4ac97b1d1289825869826fdec84593f7,41e5a8930cdcae89,true,2026-09-20T14:54:17+00:00
20260920T143808Z-gpu_h96,electricity_hourly,T308,chronos_bolt,tsfm,168,96,230008,54.175637563069664,92.1034912391175,0.38301707625108167,9.938001477721976,77.08101199978046,12.59375,,205292928,true,dcb2c10e4ac97b1d1289825869826fdec84593f7,41e5a8930cdcae89,true,2026-09-20T14:54:17+00:00
20260920T143808Z-gpu_h96,electricity_hourly,T308,chronos_bolt,tsfm,168,96,230009,197.59949779510498,304.28562304058465,2.0647505756109945,22.79250639540328,78.66200499984188,12.59375,,205292928,true,dcb2c10e4ac97b1d1289825869826fdec84593f7,41e5a8930cdcae89,true,2026-09-20T14:54:17+00:00
20260920T143808Z-gpu_h96,electricity_hourly,T308,chronos_bolt,tsfm,168,96,230010,47.09532674153646,59.005013384107556,0.30249908786213703,27.99966913564273,75.18803399989338,12.59375,,205292928,true,dcb2c10e4ac97b1d1289825869826fdec84593f7,41e5a8930cdcae89,true,2026-09-20T14:54:17+00:00
20260920T143808Z-gpu_h96,electricity_hourly,T308,chronos_bolt,tsfm,168,96,230011,10.341946125030518,13.40498733027157,0.9485606636970665,7.236921109147193,75.56533699971624,12.59375,,205292928,true,dcb2c10e4ac97b1d1289825869826fdec84593f7,41e5a8930cdcae89,true,2026-09-20T14:54:17+00:00
20260920T143808Z-gpu_h96,electricity_hourly,T308,chronos_bolt,tsfm,168,96,230012,6.125701745351155,8.779562670441148,0.5329915718009465,4.553545063839141,69.43387899991649,12.59375,,205292928,true,dcb2c10e4ac97b1d1289825869826fdec84593f7,41e5a8930cdcae89,true,2026-09-20T14:54:17+00:00
20260920T143808Z-gpu_h96,electricity_hourly,T308,chronos_bolt,tsfm,168,96,230013,9.289883295694986,12.331073505163637,0.906944538698358,6.368864566534042,72.80088199968304,12.59375,,205292928,true,dcb2c10e4ac97b1d1289825869826fdec84593f7,41e5a8930cdcae89,true,2026-09-20T14:54:17+00:00
20260920T143808Z-gpu_h96,electricity_hourly,T308,chronos_bolt,tsfm,168,96,230014,10.461495796839396,17.834420318602756,0.9433033154319805,9.679120103672457,71.95054600015283,12.59375,,205292928,true,dcb2c10e4ac97b1d1289825869826fdec84593f7,41e5a8930cdcae89,true,2026-09-20T14:54:17+00:00
20260920T143808Z-gpu_h96,electricity_hourly,T308,chronos_bolt,tsfm,168,96,230015,16.292845487594604,22.31467510869503,1.822975718891704,11.956057917183333,79.15812999999616,12.59375,,205292928,true,dcb2c10e4ac97b1d1289825869826fdec84593f7,41e5a8930cdcae89,true,2026-09-20T14:54:17+00:00
20260920T143808Z-gpu_h96,electricity_hourly,T308,chronos_bolt,tsfm,168,96,230016,7.541810194651286,9.4172216376758,0.5924826339496919,5.65111654047184,75.88722500031508,12.59375,,205292928,true,dcb2c10e4ac97b1d1289825869826fdec84593f7,41e5a8930cdcae89,true,2026-09-20T14:54:17+00:00
20260920T143808Z-gpu_h96,electricity_hourly,T308,chronos_bolt,tsfm,168,96,230017,7.657677173614502,10.882385841773091,0.8921565639162526,4.985071274797579,73.19900599986795,12.59375,,205292928,true,dcb2c10e4ac97b1d1289825869826fdec84593f7,41e5a8930cdcae89,true,2026-09-20T14:54:17+00:00
20260920T143808Z-gpu_h96,electricity_hourly,T308,chronos_bolt,tsfm,168,96,230018,11.954189459482828,15.759927555588048,1.1120176241379376,8.356977563032874,71.19792399998914,12.59375,,205292928,true,dcb2c10e4ac97b1d1289825869826fdec84593f7,41e5a8930cdcae89,true,2026-09-20T14:54:17+00:00
20260920T143808Z-gpu_h96,electricity_hourly,T308,chronos_bolt,tsfm,168,96,230019,8.76835854848226,12.271715214155172,0.9103414787176968,5.703381861836232,76.55532099988704,12.59375,,205292928,true,dcb2c10e4ac97b1d1289825869826fdec84593f7,41e5a8930cdcae89,true,2026-09-20T14:54:17+00:00
20260920T143808Z-gpu_h96,electricity_hourly,T308,chronos_bolt,tsfm,168,96,230020,11.24651288986206,13.38558819931129,1.1325159833147809,7.3468620712854245,75.93889999998282,12.59375,,205292928,true,dcb2c10e4ac97b1d1289825869826fdec84593f7,41e5a8930cdcae89,true,2026-09-20T14:54:17+00:00
