run_id,dataset,series_id,model,family,context_length,horizon,window_index,mae,rmse,mase,smape,latency_ms,peak_mem_mb,train_seconds,params,zero_shot,git_sha,config_hash,measured,timestamp
20260920T142128Z-gpu_h48,electricity_hourly,T1,lstm,deep,168,48,0,18.220890185693168,28.426369241478557,3.775263578042901,81.35616055317435,319.36233899978106,16.14599609375,0.3026702709998972,4513,false,dcb2c10e4ac97b1d1289825869826fdec84593f7,3d233e3d1d9d3c6c,true,2026-09-20T14:21:42+00:00
20260920T142128Z-gpu_h48,electricity_hourly,T1,lstm,deep,168,48,1,2.8626904407496556,3.726986723349615,0.3648030296176552,41.868370499673155,312.64394300001186,16.10986328125,0.29600662400002875,4513,false,dcb2c10e4ac97b1d1289825869826fdec84593f7,3d233e3d1d9d3c6c,true,2026-09-20T14:21:42+00:00
20260920T142128Z-gpu_h48,electricity_hourly,T1,lstm,deep,168,48,2,5.51430778504522,11.022488818543074,0.4643627608459132,49.85473393396965,318.72676199986927,16.10986328125,0.30327635799994823,4513,false,dcb2c10e4ac97b1d1289825869826fdec84593f7,3d233e3d1d9d3c6c,true,2026-09-20T14:21:42+00:00
20260920T142128Z-gpu_h48,electricity_hourly,T1,lstm,deep,168,48,3,5.48430853094241,7.363086814637675,1.58901494659096,69.27150836928053,307.7105780000693,16.10986328125,0.2917689999999311,4513,false,dcb2c10e4ac97b1d1289825869826fdec84593f7,3d233e3d1d9d3c6c,true,2026-09-20T14:21:42+00:00
20260920T142128Z-gpu_h48,electricity_hourly,T1,lstm,deep,168,48,4,6.957522544083652,10.08950455543762,0.39615786727878444,81.09667666786589,319.46829600019555,16.10986328125,0.3033141230000638,4513,false,dcb2c10e4ac97b1d1289825869826fdec84593f7,3d233e3d1d9d3c6c,true,2026-09-20T14:21:42+00:00
20260920T142128Z-gpu_h48,electricity_hourly,T1,lstm,deep,168,48,5,4.949533841667082,10.201672674020728,1.5261945892934903,48.34725679295324,329.26671099994564,16.10986328125,0.311858827000151,4513,false,dcb2c10e4ac97b1d1289825869826fdec84593f7,3d233e3d1d9d3c6c,true,2026-09-20T14:21:42+00:00
20260920T142128Z-gpu_h48,electricity_hourly,T1,lstm,deep,168,48,6,48.77097830169334,50.530421250188994,3.308064472653717,111.60113730721919,329.51006200005395,16.10986328125,0.31219917199996416,4513,false,dcb2c10e4ac97b1d1289825869826fdec84593f7,3d233e3d1d9d3c6c,true,2026-09-20T14:21:42+00:00
20260920T142128Z-gpu_h48,electricity_hourly,T1,lstm,deep,168,48,7,7.126830054272117,10.835908365558412,0.4950620008756318,10.918310268824243,334.81317600012517,16.10986328125,0.3178618260001258,4513,false,dcb2c10e4ac97b1d1289825869826fdec84593f7,3d233e3d1d9d3c6c,true,2026-09-20T14:21:42+00:00
20260920T142128Z-gpu_h48,electricity_hourly,T1,lstm,deep,168,48,8,7.433165902850345,9.561013595723509,1.1447870481395184,10.634781377637147,362.04828599989014,16.10986328125,0.3430414849999579,4513,false,dcb2c10e4ac97b1d1289825869826fdec84593f7,3d233e3d1d9d3c6c,true,2026-09-20T14:21:42+00:00
20260920T142128Z-gpu_h48,electricity_hourly,T1,lstm,deep,168,48,9,19.655644598005164,28.238473980084912,4.224496749422006,40.34566744946644,306.49177999998756,16.10986328125,0.29028746400013006,4513,false,dcb2c10e4ac97b1d1289825869826fdec84593f7,3d233e3d1d9d3c6c,true,2026-09-20T14:21:42+00:00
20260920T142128Z-gpu_h48,electricity_hourly,T1,lstm,deep,168,48,10,9.033623594399351,15.275910235470601,0.728354869873184,15.4293028658331,313.6347909999131,16.10986328125,0.2971977520001019,4513,false,dcb2c10e4ac97b1d1289825869826fdec84593f7,3d233e3d1d9d3c6c,true,2026-09-20T14:21:42+00:00
20260920T142128Z-gpu_h48,electricity_hourly,T1,lstm,deep,168,48,11,3.98953838454878,7.482458407608956,0.26683396533907305,38.75110235846262,325.95289899995805,16.10986328125,0.3084813010000289,4513,false,dcb2c10e4ac97b1d1289825869826fdec84593f7,3d233e3d1d9d3c6c,true,2026-09-20T14:21:42+00:00
20260920T142128Z-gpu_h48,electricity_hourly,T1,lstm,deep,168,48,12,2.440105560497845,2.997841007866673,1.1596541277613521,32.17946789430406,311.1854310000126,16.10986328125,0.2950814310001988,4513,false,dcb2c10e4ac97b1d1289825869826fdec84593f7,3d233e3d1d9d3c6c,true,2026-09-20T14:21:42+00:00
20260920T142128Z-gpu_h48,electricity_hourly,T1,lstm,deep,168,48,13,3.9566452611142995,4.955886485586877,1.085251271619922,49.14203788448122,329.91868800013435,16.10986328125,0.31199572400009856,4513,false,dcb2c10e4ac97b1d1289825869826fdec84593f7,3d233e3d1d9d3c6c,true,2026-09-20T14:21:42+00:00
20260920T142128Z-gpu_h48,electricity_hourly,T1,lstm,deep,168,48,14,2.452683389308318,3.514264777069628,0.7901261925288542,28.718867841740174,329.1103749998001,16.10986328125,0.31272571399995286,4513,false,dcb2c10e4ac97b1d1289825869826fdec84593f7,3d233e3d1d9d3c6c,true,2026-09-20T14:21:42+00:00
20260920T142128Z-gpu_h48,electricity_hourly,T1,lstm,deep,168,48,15,1.3398412881391117,2.248740978116676,0.6699206440695559,18.17422176167337,326.80952100008653,16.10986328125,0.31056113199997526,4513,false,dcb2c10e4ac97b1d1289825869826fdec84593f7,3d233e3d1d9d3c6c,true,2026-09-20T14:21:42+00:00
20260920T142128Z-gpu_h48,electricity_hourly,T1,lstm,deep,168,48,16,2.28237835883005,2.820608045451861,1.4542587773076425,22.64038480310216,337.90709699997024,16.10986328125,0.31965548299990587,4513,false,dcb2c10e4ac97b1d1289825869826fdec84593f7,3d233e3d1d9d3c6c,true,2026-09-20T14:21:42+00:00
20260920T142128Z-gpu_h48,electricity_hourly,T1,lstm,deep,168,48,17,1.8220441778888745,2.5652456022185435,0.7974904608388994,17.209110298234545,328.9447040001505,16.10986328125,0.31121946899997965,4513,false,dcb2c10e4ac97b1d1289825869826fdec84593f7,3d233e3d1d9d3c6c,true,2026-09-20T14:21:42+00:00
20260920T142128Z-gpu_h48,electricity_hourly,T1,lstm,deep,168,48,18,2.506696996980755,3.9461810469545604,1.3570089006211605,24.056443145862634,321.7516859999705,16.10986328125,0.30421252900009677,4513,false,dcb2c10e4ac97b1d1289825869826fdec84593f7,3d233e3d1d9d3c6c,true,2026-09-20T14:21:42+00:00
20260920T142128Z-gpu_h48,electricity_hourly,T1,lstm,deep,168,48,19,2.9160890533094013,3.4697142017785176,1.3122400739892306,36.16619157491254,323.8978690001204,16.10986328125,0.3055112060001193,4513,false,dcb2c10e4ac97b1d1289825869826fdec84593f7,3d233e3d1d9d3c6c,true,2026-09-20T14:21:42+00:00
20260920T142128Z-gpu_h48,electricity_hourly,T1,lstm,deep,168,48,20,6.994451180404732,7.895313843301264,3.584345088890681,80.49123734318361,329.2107050001505,16.10986328125,0.31194359500000246,4513,false,dcb2c10e4ac97b1d1289825869826fdec84593f7,3d233e3d1d9d3c6c,true,2026-09-20T14:21:42+00:00
20260920T142128Z-gpu_h48,electricity_hourly,T1,lstm,deep,168,48,21,2.5368862550720848,2.8539761528385537,1.084010744007063,23.141879780264283,324.713089999932,16.10986328125,0.3087894749999123,4513,false,dcb2c10e4ac97b1d1289825869826fdec84593f7,3d233e3d1d9d3c6c,true,2026-09-20T14:21:42+00:00
20260920T142128Z-gpu_h48,electricity_hourly,T1,transformer,deep,168,48,0,17.87351764025982,27.515798733258492,3.7032899858955597,89.94287631855222,539.2264929998873,10.4384765625,0.5371928049999042,19232,false,dcb2c10e4ac97b1d1289825869826fdec84593f7,3d233e3d1d9d3c6c,true,2026-09-20T14:21:57+00:00
20260920T142128Z-gpu_h48,electricity_hourly,T1,transformer,deep,168,48,1,3.3822285758907156,4.029444067444223,0.43100965922855133,55.319284359456276,533.1050500001311,10.279296875,0.5311821499999496,19232,false,dcb2c10e4ac97b1d1289825869826fdec84593f7,3d233e3d1d9d3c6c,true,2026-09-20T14:21:57+00:00
20260920T142128Z-gpu_h48,electricity_hourly,T1,transformer,deep,168,48,2,21.43714518992617,30.49031465351297,1.8052332791516774,96.71949936866709,526.7421070000182,10.279296875,0.5246563719999813,19232,false,dcb2c10e4ac97b1d1289825869826fdec84593f7,3d233e3d1d9d3c6c,true,2026-09-20T14:21:57+00:00
20260920T142128Z-gpu_h48,electricity_hourly,T1,transformer,deep,168,48,3,6.911080172093037,10.004769875130377,2.0024055226989885,69.57902846802185,544.2389960001037,10.279296875,0.5422124379999786,19232,false,dcb2c10e4ac97b1d1289825869826fdec84593f7,3d233e3d1d9d3c6c,true,2026-09-20T14:21:57+00:00
20260920T142128Z-gpu_h48,electricity_hourly,T1,transformer,deep,168,48,4,4.921845529546682,9.629622105676365,0.2802474322873556,64.40805573086924,569.0518999999767,10.279296875,0.5670413620000545,19232,false,dcb2c10e4ac97b1d1289825869826fdec84593f7,3d233e3d1d9d3c6c,true,2026-09-20T14:21:57+00:00
20260920T142128Z-gpu_h48,electricity_hourly,T1,transformer,deep,168,48,5,5.010638950266434,10.339865402747844,1.5450364214954315,49.2322641625392,548.1273389998478,10.279296875,0.5460754880000422,19232,false,dcb2c10e4ac97b1d1289825869826fdec84593f7,3d233e3d1d9d3c6c,true,2026-09-20T14:21:57+00:00
20260920T142128Z-gpu_h48,electricity_hourly,T1,transformer,deep,168,48,6,51.32510041831051,54.14338561205762,3.4813068583310005,122.11109307726275,531.134062000092,10.279296875,0.5291851310000766,19232,false,dcb2c10e4ac97b1d1289825869826fdec84593f7,3d233e3d1d9d3c6c,true,2026-09-20T14:21:57+00:00
20260920T142128Z-gpu_h48,electricity_hourly,T1,transformer,deep,168,48,7,6.20729026392766,8.694297783528318,0.4311865885217477,9.09611536471215,525.6994369999575,10.279296875,0.5237198929999067,19232,false,dcb2c10e4ac97b1d1289825869826fdec84593f7,3d233e3d1d9d3c6c,true,2026-09-20T14:21:57+00:00
20260920T142128Z-gpu_h48,electricity_hourly,T1,transformer,deep,168,48,8,7.4892867885478625,11.048181711056651,1.1534302647603125,10.964778610625249,531.3954320001812,10.279296875,0.5294202829998085,19232,false,dcb2c10e4ac97b1d1289825869826fdec84593f7,3d233e3d1d9d3c6c,true,2026-09-20T14:21:57+00:00
20260920T142128Z-gpu_h48,electricity_hourly,T1,transformer,deep,168,48,9,19.277269261558303,27.731799494331707,4.143174289051337,40.022246968536066,527.8778990000319,10.279296875,0.5257575210000596,19232,false,dcb2c10e4ac97b1d1289825869826fdec84593f7,3d233e3d1d9d3c6c,true,2026-09-20T14:21:57+00:00
20260920T142128Z-gpu_h48,electricity_hourly,T1,transformer,deep,168,48,10,14.95050003737983,20.04203184832896,1.205415456541263,24.476689821888296,540.807882000081,10.279296875,0.5386299790000066,19232,false,dcb2c10e4ac97b1d1289825869826fdec84593f7,3d233e3d1d9d3c6c,true,2026-09-20T14:21:57+00:00
20260920T142128Z-gpu_h48,electricity_hourly,T1,transformer,deep,168,48,11,3.663770262725182,7.409031249713426,0.2450454797178013,36.4926540295603,537.8776980001021,10.279296875,0.5359270860001288,19232,false,dcb2c10e4ac97b1d1289825869826fdec84593f7,3d233e3d1d9d3c6c,true,2026-09-20T14:21:57+00:00
20260920T142128Z-gpu_h48,electricity_hourly,T1,transformer,deep,168,48,12,4.417879513268473,5.059290713398262,2.099586303335512,58.73218920336409,539.7112340001513,10.279296875,0.5376621789998808,19232,false,dcb2c10e4ac97b1d1289825869826fdec84593f7,3d233e3d1d9d3c6c,true,2026-09-20T14:21:57+00:00
20260920T142128Z-gpu_h48,electricity_hourly,T1,transformer,deep,168,48,13,2.533645750547691,3.2267383497357867,0.6949428344359381,39.76632238498403,538.5012420001658,10.279296875,0.5363381390000086,19232,false,dcb2c10e4ac97b1d1289825869826fdec84593f7,3d233e3d1d9d3c6c,true,2026-09-20T14:21:57+00:00
20260920T142128Z-gpu_h48,electricity_hourly,T1,transformer,deep,168,48,14,2.343954314125475,3.613258151074674,0.7550993763625692,27.391584129306178,577.2761439998249,10.279296875,0.5754360639998595,19232,false,dcb2c10e4ac97b1d1289825869826fdec84593f7,3d233e3d1d9d3c6c,true,2026-09-20T14:21:57+00:00
20260920T142128Z-gpu_h48,electricity_hourly,T1,transformer,deep,168,48,15,1.631859530628563,2.3965849673881494,0.8159297653142815,21.300605580122554,531.7561229999228,10.279296875,0.5297692929998448,19232,false,dcb2c10e4ac97b1d1289825869826fdec84593f7,3d233e3d1d9d3c6c,true,2026-09-20T14:21:57+00:00
20260920T142128Z-gpu_h48,electricity_hourly,T1,transformer,deep,168,48,16,1.8898945451114437,2.676648855617652,1.2041805951152562,19.595976359110846,542.212027000005,10.279296875,0.540135348999911,19232,false,dcb2c10e4ac97b1d1289825869826fdec84593f7,3d233e3d1d9d3c6c,true,2026-09-20T14:21:57+00:00
20260920T142128Z-gpu_h48,electricity_hourly,T1,transformer,deep,168,48,17,2.6967157189084694,3.659309063564885,1.1803254210420049,27.906132390430322,540.3831239998453,10.279296875,0.5384288039999774,19232,false,dcb2c10e4ac97b1d1289825869826fdec84593f7,3d233e3d1d9d3c6c,true,2026-09-20T14:21:57+00:00
20260920T142128Z-gpu_h48,electricity_hourly,T1,transformer,deep,168,48,18,2.6247985377893395,3.839523448425317,1.4209435693295671,25.2949182805914,541.917956999896,10.279296875,0.5397991410000031,19232,false,dcb2c10e4ac97b1d1289825869826fdec84593f7,3d233e3d1d9d3c6c,true,2026-09-20T14:21:57+00:00
20260920T142128Z-gpu_h48,electricity_hourly,T1,transformer,deep,168,48,19,3.7692608433536186,4.7966517845483185,1.6961673795091283,47.526185059756614,557.0271680001042,10.279296875,0.5549262970000655,19232,false,dcb2c10e4ac97b1d1289825869826fdec84593f7,3d233e3d1d9d3c6c,true,2026-09-20T14:21:57+00:00
20260920T142128Z-gpu_h48,electricity_hourly,T1,transformer,deep,168,48,20,5.009700033258418,5.85178116128009,2.5672484156199724,67.73835323521156,536.2444500001402,10.279296875,0.5344284269999662,19232,false,dcb2c10e4ac97b1d1289825869826fdec84593f7,3d233e3d1d9d3c6c,true,2026-09-20T14:21:57+00:00
20260920T142128Z-gpu_h48,electricity_hourly,T1,transformer,deep,168,48,21,2.324651181064025,3.2915435981828933,0.9933227598611858,21.974423515907073,521.9682740000735,10.279296875,0.5199502800001028,19232,false,dcb2c10e4ac97b1d1289825869826fdec84593f7,3d233e3d1d9d3c6c,true,2026-09-20T14:21:57+00:00
20260920T142128Z-gpu_h48,electricity_hourly,T1,timesfm25,tsfm,168,48,0,17.2074879805247,28.170710965379104,3.565292473662671,71.08309009923718,110.7362570000987,11.94287109375,,231289280,true,dcb2c10e4ac97b1d1289825869826fdec84593f7,3d233e3d1d9d3c6c,true,2026-09-20T14:22:05+00:00
20260920T142128Z-gpu_h48,electricity_hourly,T1,timesfm25,tsfm,168,48,1,1.826359137892723,2.705649825781964,0.2327395715544709,31.363558499941767,113.35280700018302,11.94287109375,,231289280,true,dcb2c10e4ac97b1d1289825869826fdec84593f7,3d233e3d1d9d3c6c,true,2026-09-20T14:22:05+00:00
20260920T142128Z-gpu_h48,electricity_hourly,T1,timesfm25,tsfm,168,48,2,4.581205303470294,10.455152424063089,0.38578570976591947,38.67192613842678,111.70725099987067,11.94287109375,,231289280,true,dcb2c10e4ac97b1d1289825869826fdec84593f7,3d233e3d1d9d3c6c,true,2026-09-20T14:22:05+00:00
20260920T142128Z-gpu_h48,electricity_hourly,T1,timesfm25,tsfm,168,48,3,3.245801200469335,5.517704899687322,0.9404333458100287,29.831785821196107,114.11579600007826,11.94287109375,,231289280,true,dcb2c10e4ac97b1d1289825869826fdec84593f7,3d233e3d1d9d3c6c,true,2026-09-20T14:22:05+00:00
20260920T142128Z-gpu_h48,electricity_hourly,T1,timesfm25,tsfm,168,48,4,4.090395818154017,9.325105747618034,0.23290509996606504,56.817601243029394,123.11050400012391,11.94287109375,,231289280,true,dcb2c10e4ac97b1d1289825869826fdec84593f7,3d233e3d1d9d3c6c,true,2026-09-20T14:22:05+00:00
20260920T142128Z-gpu_h48,electricity_hourly,T1,timesfm25,tsfm,168,48,5,3.1897100110848746,8.767553225549138,0.9835508385358073,31.050359646096688,117.46034399993732,11.94287109375,,231289280,true,dcb2c10e4ac97b1d1289825869826fdec84593f7,3d233e3d1d9d3c6c,true,2026-09-20T14:22:05+00:00
20260920T142128Z-gpu_h48,electricity_hourly,T1,timesfm25,tsfm,168,48,6,39.30286866426468,42.64583367892723,2.665856376662324,84.14427092222373,111.6747429998668,11.94287109375,,231289280,true,dcb2c10e4ac97b1d1289825869826fdec84593f7,3d233e3d1d9d3c6c,true,2026-09-20T14:22:05+00:00
20260920T142128Z-gpu_h48,electricity_hourly,T1,timesfm25,tsfm,168,48,7,27.70163059234619,28.916037322394576,1.9242811410023404,52.20893623460272,114.50043900003948,11.94287109375,,231289280,true,dcb2c10e4ac97b1d1289825869826fdec84593f7,3d233e3d1d9d3c6c,true,2026-09-20T14:22:05+00:00
20260920T142128Z-gpu_h48,electricity_hourly,T1,timesfm25,tsfm,168,48,8,5.484986861546834,9.27700779296884,0.8447466396392985,7.836023561537354,117.36074100008409,11.94287109375,,231289280,true,dcb2c10e4ac97b1d1289825869826fdec84593f7,3d233e3d1d9d3c6c,true,2026-09-20T14:22:05+00:00
20260920T142128Z-gpu_h48,electricity_hourly,T1,timesfm25,tsfm,168,48,9,16.595130681991577,26.564340561079796,3.566714654039981,36.281765446857655,116.18406799993863,11.94287109375,,231289280,true,dcb2c10e4ac97b1d1289825869826fdec84593f7,3d233e3d1d9d3c6c,true,2026-09-20T14:22:05+00:00
20260920T142128Z-gpu_h48,electricity_hourly,T1,timesfm25,tsfm,168,48,10,8.881307125091553,13.894762611477814,0.7160740347218273,15.33308725534939,112.54026699998576,11.94287109375,,231289280,true,dcb2c10e4ac97b1d1289825869826fdec84593f7,3d233e3d1d9d3c6c,true,2026-09-20T14:22:05+00:00
20260920T142128Z-gpu_h48,electricity_hourly,T1,timesfm25,tsfm,168,48,11,3.686194280783335,7.586457202313448,0.24654527470171866,38.894590059741034,112.68959599988193,11.94287109375,,231289280,true,dcb2c10e4ac97b1d1289825869826fdec84593f7,3d233e3d1d9d3c6c,true,2026-09-20T14:22:05+00:00
20260920T142128Z-gpu_h48,electricity_hourly,T1,timesfm25,tsfm,168,48,12,1.3731803993384044,2.1641321153015385,0.6526005858241922,19.267702944633267,118.62652500008153,11.94287109375,,231289280,true,dcb2c10e4ac97b1d1289825869826fdec84593f7,3d233e3d1d9d3c6c,true,2026-09-20T14:22:05+00:00
20260920T142128Z-gpu_h48,electricity_hourly,T1,timesfm25,tsfm,168,48,13,2.473223110040029,3.254356358458415,0.6783697673252651,37.28428149394126,115.85331399987808,11.94287109375,,231289280,true,dcb2c10e4ac97b1d1289825869826fdec84593f7,3d233e3d1d9d3c6c,true,2026-09-20T14:22:05+00:00
20260920T142128Z-gpu_h48,electricity_hourly,T1,timesfm25,tsfm,168,48,14,1.5925389329592388,2.8636231489624517,0.5130326763895534,18.624485842907326,116.97902899982182,11.94287109375,,231289280,true,dcb2c10e4ac97b1d1289825869826fdec84593f7,3d233e3d1d9d3c6c,true,2026-09-20T14:22:05+00:00
20260920T142128Z-gpu_h48,electricity_hourly,T1,timesfm25,tsfm,168,48,15,0.9386647244294485,2.0840532230878903,0.46933236221472424,13.258356764715554,114.8674910000409,11.94287109375,,231289280,true,dcb2c10e4ac97b1d1289825869826fdec84593f7,3d233e3d1d9d3c6c,true,2026-09-20T14:22:05+00:00
20260920T142128Z-gpu_h48,electricity_hourly,T1,timesfm25,tsfm,168,48,16,2.128301441669464,2.7644250093655636,1.3560858743380657,21.56980777602246,115.32289499996295,11.94287109375,,231289280,true,dcb2c10e4ac97b1d1289825869826fdec84593f7,3d233e3d1d9d3c6c,true,2026-09-20T14:22:05+00:00
20260920T142128Z-gpu_h48,electricity_hourly,T1,timesfm25,tsfm,168,48,17,1.443613608678182,2.6631756543880094,0.6318551965035203,13.79117642505274,115.43545199992877,11.94287109375,,231289280,true,dcb2c10e4ac97b1d1289825869826fdec84593f7,3d233e3d1d9d3c6c,true,2026-09-20T14:22:05+00:00
20260920T142128Z-gpu_h48,electricity_hourly,T1,timesfm25,tsfm,168,48,18,2.050220807393392,3.442139026372421,1.109893970919731,20.459320560610706,117.8435089998402,11.94287109375,,231289280,true,dcb2c10e4ac97b1d1289825869826fdec84593f7,3d233e3d1d9d3c6c,true,2026-09-20T14:22:05+00:00
20260920T142128Z-gpu_h48,electricity_hourly,T1,timesfm25,tsfm,168,48,19,1.5246483484903972,2.516905795737186,0.6860917568206787,19.752580729809463,117.93090399987705,11.94287109375,,231289280,true,dcb2c10e4ac97b1d1289825869826fdec84593f7,3d233e3d1d9d3c6c,true,2026-09-20T14:22:05+00:00
20260920T142128Z-gpu_h48,electricity_hourly,T1,timesfm25,tsfm,168,48,20,5.2916262944539385,5.901505951724398,2.7117230832788866,71.20049959388699,113.89726199990946,11.94287109375,,231289280,true,dcb2c10e4ac97b1d1289825869826fdec84593f7,3d233e3d1d9d3c6c,true,2026-09-20T14:22:05+00:00
20260920T142128Z-gpu_h48,electricity_hourly,T1,timesfm25,tsfm,168,48,21,1.4578544696172078,2.063128640179404,0.6229407822696674,13.706286243030045,113.99138399997355,11.94287109375,,231289280,true,dcb2c10e4ac97b1d1289825869826fdec84593f7,3d233e3d1d9d3c6c,true,2026-09-20T14:22:05+00:00
20260920T142128Z-gpu_h48,electricity_hourly,T1,chronos_bolt,tsfm,168,48,0,17.72484075029691,29.033798736039216,3.672484989989575,75.1246460375238,31.786616000090362,1.0751953125,,205292928,true,dcb2c10e4ac97b1d1289825869826fdec84593f7,3d233e3d1d9d3c6c,true,2026-09-20T14:22:16+00:00
20260920T142128Z-gpu_h48,electricity_hourly,T1,chronos_bolt,tsfm,168,48,1,2.021294762690862,2.7271110029126175,0.25758092551104794,33.39402562583873,34.04494999995222,1.0751953125,,205292928,true,dcb2c10e4ac97b1d1289825869826fdec84593f7,3d233e3d1d9d3c6c,true,2026-09-20T14:22:16+00:00
20260920T142128Z-gpu_h48,electricity_hourly,T1,chronos_bolt,tsfm,168,48,2,4.624216020107269,11.161818523944868,0.3894076648511385,36.55690108373741,36.12333900014164,1.0751953125,,205292928,true,dcb2c10e4ac97b1d1289825869826fdec84593f7,3d233e3d1d9d3c6c,true,2026-09-20T14:22:16+00:00
20260920T142128Z-gpu_h48,electricity_hourly,T1,chronos_bolt,tsfm,168,48,3,2.716564436753591,5.007594352602514,0.7870931164839379,24.794086092403802,34.56218699989222,1.0751953125,,205292928,true,dcb2c10e4ac97b1d1289825869826fdec84593f7,3d233e3d1d9d3c6c,true,2026-09-20T14:22:16+00:00
20260920T142128Z-gpu_h48,electricity_hourly,T1,chronos_bolt,tsfm,168,48,4,3.6539989610513053,9.33114257988016,0.2080568803445583,49.77131570666728,32.68593400002828,1.0751953125,,205292928,true,dcb2c10e4ac97b1d1289825869826fdec84593f7,3d233e3d1d9d3c6c,true,2026-09-20T14:22:16+00:00
20260920T142128Z-gpu_h48,electricity_hourly,T1,chronos_bolt,tsfm,168,48,5,3.4068793753782907,9.0618084677379,1.0505152677825993,31.736576560487656,32.42024299993318,1.0751953125,,205292928,true,dcb2c10e4ac97b1d1289825869826fdec84593f7,3d233e3d1d9d3c6c,true,2026-09-20T14:22:16+00:00
20260920T142128Z-gpu_h48,electricity_hourly,T1,chronos_bolt,tsfm,168,48,6,36.80465565125147,40.15497302432238,2.496406224107495,77.33563889674421,31.930161999980555,1.0751953125,,205292928,true,dcb2c10e4ac97b1d1289825869826fdec84593f7,3d233e3d1d9d3c6c,true,2026-09-20T14:22:16+00:00
20260920T142128Z-gpu_h48,electricity_hourly,T1,chronos_bolt,tsfm,168,48,7,30.61116337776184,31.700251188232603,2.1263905095985067,60.25475189352236,32.90058599986878,1.0751953125,,205292928,true,dcb2c10e4ac97b1d1289825869826fdec84593f7,3d233e3d1d9d3c6c,true,2026-09-20T14:22:16+00:00
20260920T142128Z-gpu_h48,electricity_hourly,T1,chronos_bolt,tsfm,168,48,8,4.839220841725667,8.973850581765046,0.7452917659983915,6.912354060749106,31.501757999876645,1.0751953125,,205292928,true,dcb2c10e4ac97b1d1289825869826fdec84593f7,3d233e3d1d9d3c6c,true,2026-09-20T14:22:16+00:00
20260920T142128Z-gpu_h48,electricity_hourly,T1,chronos_bolt,tsfm,168,48,9,16.812091668446858,27.440742978914425,3.613345075009474,36.31734177478991,33.63832700006242,1.0751953125,,205292928,true,dcb2c10e4ac97b1d1289825869826fdec84593f7,3d233e3d1d9d3c6c,true,2026-09-20T14:22:16+00:00
20260920T142128Z-gpu_h48,electricity_hourly,T1,chronos_bolt,tsfm,168,48,10,9.272474845250448,14.994664140998628,0.7476127534804392,15.780736573297075,32.65023700009806,1.0751953125,,205292928,true,dcb2c10e4ac97b1d1289825869826fdec84593f7,3d233e3d1d9d3c6c,true,2026-09-20T14:22:16+00:00
20260920T142128Z-gpu_h48,electricity_hourly,T1,chronos_bolt,tsfm,168,48,11,3.1472546259562173,7.017668203913403,0.21049914822930574,31.417517273067507,34.64770900018266,1.0751953125,,205292928,true,dcb2c10e4ac97b1d1289825869826fdec84593f7,3d233e3d1d9d3c6c,true,2026-09-20T14:22:16+00:00
20260920T142128Z-gpu_h48,electricity_hourly,T1,chronos_bolt,tsfm,168,48,12,1.374734143416087,2.0887751996915953,0.6533389988512097,19.448532133649174,34.72472199996446,1.0751953125,,205292928,true,dcb2c10e4ac97b1d1289825869826fdec84593f7,3d233e3d1d9d3c6c,true,2026-09-20T14:22:16+00:00
20260920T142128Z-gpu_h48,electricity_hourly,T1,chronos_bolt,tsfm,168,48,13,2.680347482363383,3.3841805451931113,0.7351810237339564,39.190417580040844,32.3293950000334,1.0751953125,,205292928,true,dcb2c10e4ac97b1d1289825869826fdec84593f7,3d233e3d1d9d3c6c,true,2026-09-20T14:22:16+00:00
20260920T142128Z-gpu_h48,electricity_hourly,T1,chronos_bolt,tsfm,168,48,14,1.7662464280923207,3.08381196857946,0.5689921379089355,19.547509222461414,36.38888999989831,1.0751953125,,205292928,true,dcb2c10e4ac97b1d1289825869826fdec84593f7,3d233e3d1d9d3c6c,true,2026-09-20T14:22:16+00:00
20260920T142128Z-gpu_h48,electricity_hourly,T1,chronos_bolt,tsfm,168,48,15,0.9632882376511892,2.0959060614790617,0.4816441188255946,13.139171628537568,36.25343200019415,1.0751953125,,205292928,true,dcb2c10e4ac97b1d1289825869826fdec84593f7,3d233e3d1d9d3c6c,true,2026-09-20T14:22:16+00:00
20260920T142128Z-gpu_h48,electricity_hourly,T1,chronos_bolt,tsfm,168,48,16,2.079031010468801,2.9775357728237464,1.3246923252544573,21.702917756289928,35.40958100006719,1.0751953125,,205292928,true,dcb2c10e4ac97b1d1289825869826fdec84593f7,3d233e3d1d9d3c6c,true,2026-09-20T14:22:16+00:00
20260920T142128Z-gpu_h48,electricity_hourly,T1,chronos_bolt,tsfm,168,48,17,1.5503651400407155,2.647697213801187,0.6785792710208602,14.449608929357197,32.4190589999489,1.0751953125,,205292928,true,dcb2c10e4ac97b1d1289825869826fdec84593f7,3d233e3d1d9d3c6c,true,2026-09-20T14:22:16+00:00
20260920T142128Z-gpu_h48,electricity_hourly,T1,chronos_bolt,tsfm,168,48,18,1.6370020806789398,3.172372592941965,0.8861966151043884,16.66121506506329,31.66513299993312,1.0751953125,,205292928,true,dcb2c10e4ac97b1d1289825869826fdec84593f7,3d233e3d1d9d3c6c,true,2026-09-20T14:22:16+00:00
20260920T142128Z-gpu_h48,electricity_hourly,T1,chronos_bolt,tsfm,168,48,19,1.4565702776114147,2.7588375797640565,0.6554566249251366,18.168807160283528,35.261588000139454,1.0751953125,,205292928,true,dcb2c10e4ac97b1d1289825869826fdec84593f7,3d233e3d1d9d3c6c,true,2026-09-20T14:22:16+00:00
20260920T142128Z-gpu_h48,electricity_hourly,T1,chronos_bolt,tsfm,168,48,20,4.32427054643631,4.8314299878392,2.2159962942591767,64.42087928807945,32.08288999985598,1.0751953125,,205292928,true,dcb2c10e4ac97b1d1289825869826fdec84593f7,3d233e3d1d9d3c6c,true,2026-09-20T14:22:16+00:00
20260920T142128Z-gpu_h48,electricity_hourly,T1,chronos_bolt,tsfm,168,48,21,1.7270090977350872,2.3701921902520477,0.7379504749965952,16.144804514492176,36.667695999994976,1.0751953125,,205292928,true,dcb2c10e4ac97b1d1289825869826fdec84593f7,3d233e3d1d9d3c6c,true,2026-09-20T14:22:16+00:00
20260920T142128Z-gpu_h48,electricity_hourly,T14,lstm,deep,168,48,10000,30.532045684297703,37.16900377565222,3.169873524541362,27.501872487328953,330.68511800001943,16.14599609375,0.3138849619999746,4513,false,dcb2c10e4ac97b1d1289825869826fdec84593f7,3d233e3d1d9d3c6c,true,2026-09-20T14:22:27+00:00
20260920T142128Z-gpu_h48,electricity_hourly,T14,lstm,deep,168,48,10001,10.929509199303107,14.338949465999066,1.1233756778726962,9.373069478872797,324.48754000006375,16.10986328125,0.30780278199995337,4513,false,dcb2c10e4ac97b1d1289825869826fdec84593f7,3d233e3d1d9d3c6c,true,2026-09-20T14:22:27+00:00
20260920T142128Z-gpu_h48,electricity_hourly,T14,lstm,deep,168,48,10002,26.55669536509045,33.44777641287509,3.181500942240454,24.007543829943558,326.3076480000109,16.10986328125,0.3094380009999895,4513,false,dcb2c10e4ac97b1d1289825869826fdec84593f7,3d233e3d1d9d3c6c,true,2026-09-20T14:22:27+00:00
20260920T142128Z-gpu_h48,electricity_hourly,T14,lstm,deep,168,48,10003,14.800306653400744,21.362287802114583,1.4049071576069263,12.803790261128215,325.4033389998767,16.10986328125,0.30870555199999217,4513,false,dcb2c10e4ac97b1d1289825869826fdec84593f7,3d233e3d1d9d3c6c,true,2026-09-20T14:22:27+00:00
20260920T142128Z-gpu_h48,electricity_hourly,T14,lstm,deep,168,48,10004,27.678025989279774,32.606402324848816,2.6713376289921498,21.778560432400738,325.3396200000225,16.10986328125,0.3086958379999487,4513,false,dcb2c10e4ac97b1d1289825869826fdec84593f7,3d233e3d1d9d3c6c,true,2026-09-20T14:22:27+00:00
20260920T142128Z-gpu_h48,electricity_hourly,T14,lstm,deep,168,48,10005,26.547072497947408,35.37446376136001,1.9464248674666123,20.717238735986218,332.3763789999248,16.10986328125,0.31480359700003646,4513,false,dcb2c10e4ac97b1d1289825869826fdec84593f7,3d233e3d1d9d3c6c,true,2026-09-20T14:22:27+00:00
20260920T142128Z-gpu_h48,electricity_hourly,T14,lstm,deep,168,48,10006,36.847513483914,47.22851038549312,1.5052601253003166,28.19488924018529,340.5494920000365,16.10986328125,0.3238310019999062,4513,false,dcb2c10e4ac97b1d1289825869826fdec84593f7,3d233e3d1d9d3c6c,true,2026-09-20T14:22:27+00:00
20260920T142128Z-gpu_h48,electricity_hourly,T14,lstm,deep,168,48,10007,29.27513082281475,34.62659875686852,2.1226680959140602,23.82818133266136,337.9980790000445,16.10986328125,0.32101496000018415,4513,false,dcb2c10e4ac97b1d1289825869826fdec84593f7,3d233e3d1d9d3c6c,true,2026-09-20T14:22:27+00:00
20260920T142128Z-gpu_h48,electricity_hourly,T14,lstm,deep,168,48,10008,31.369659779574192,40.445937452764646,2.069276687246305,23.0498579407873,341.2789540000176,16.10986328125,0.32332621499995184,4513,false,dcb2c10e4ac97b1d1289825869826fdec84593f7,3d233e3d1d9d3c6c,true,2026-09-20T14:22:27+00:00
20260920T142128Z-gpu_h48,electricity_hourly,T14,lstm,deep,168,48,10009,24.967404966105942,30.145669763474853,2.806640370897155,20.631511863982542,334.6061490001375,16.10986328125,0.3170988760000455,4513,false,dcb2c10e4ac97b1d1289825869826fdec84593f7,3d233e3d1d9d3c6c,true,2026-09-20T14:22:27+00:00
20260920T142128Z-gpu_h48,electricity_hourly,T14,lstm,deep,168,48,10010,20.27959874243034,28.36574876693663,1.8999754189394724,15.53783731314485,330.50150799999756,16.10986328125,0.3130209199998717,4513,false,dcb2c10e4ac97b1d1289825869826fdec84593f7,3d233e3d1d9d3c6c,true,2026-09-20T14:22:27+00:00
20260920T142128Z-gpu_h48,electricity_hourly,T14,lstm,deep,168,48,10011,35.693461168733734,46.654138568152526,3.3593845805867044,26.822487911837918,341.94173199989564,16.10986328125,0.32458576099998027,4513,false,dcb2c10e4ac97b1d1289825869826fdec84593f7,3d233e3d1d9d3c6c,true,2026-09-20T14:22:27+00:00
20260920T142128Z-gpu_h48,electricity_hourly,T14,lstm,deep,168,48,10012,7.418952693890141,9.488657243655085,0.7112710971505861,6.6005248733130735,370.5246619999798,16.10986328125,0.3531005450001885,4513,false,dcb2c10e4ac97b1d1289825869826fdec84593f7,3d233e3d1d9d3c6c,true,2026-09-20T14:22:27+00:00
20260920T142128Z-gpu_h48,electricity_hourly,T14,lstm,deep,168,48,10013,32.45403201856276,41.592640376960894,3.0544971311588482,24.349992724104442,332.3768340001152,16.10986328125,0.314294597000071,4513,false,dcb2c10e4ac97b1d1289825869826fdec84593f7,3d233e3d1d9d3c6c,true,2026-09-20T14:22:27+00:00
20260920T142128Z-gpu_h48,electricity_hourly,T14,lstm,deep,168,48,10014,22.208880140523906,27.104891512654874,1.8264298916250385,16.90246047003939,332.96931099994254,16.10986328125,0.316075974000114,4513,false,dcb2c10e4ac97b1d1289825869826fdec84593f7,3d233e3d1d9d3c6c,true,2026-09-20T14:22:27+00:00
20260920T142128Z-gpu_h48,electricity_hourly,T14,lstm,deep,168,48,10015,22.57968412886027,31.321761567357523,1.8827298868302713,16.87372101180685,340.9577130000798,16.10986328125,0.3244302800001151,4513,false,dcb2c10e4ac97b1d1289825869826fdec84593f7,3d233e3d1d9d3c6c,true,2026-09-20T14:22:27+00:00
20260920T142128Z-gpu_h48,electricity_hourly,T14,lstm,deep,168,48,10016,17.651230657117978,21.5581616258124,1.3328669190482374,13.184909633637698,342.9877779999515,16.10986328125,0.3258809010001187,4513,false,dcb2c10e4ac97b1d1289825869826fdec84593f7,3d233e3d1d9d3c6c,true,2026-09-20T14:22:27+00:00
20260920T142128Z-gpu_h48,electricity_hourly,T14,lstm,deep,168,48,10017,28.499556976400257,36.753987655030166,1.5772237527292996,19.426060739244562,349.3220970001403,16.10986328125,0.3316817119998632,4513,false,dcb2c10e4ac97b1d1289825869826fdec84593f7,3d233e3d1d9d3c6c,true,2026-09-20T14:22:27+00:00
20260920T142128Z-gpu_h48,electricity_hourly,T14,lstm,deep,168,48,10018,58.32074469635785,70.95317415433587,3.940960692761863,37.622224152849306,343.3826439998029,16.10986328125,0.32539842599999247,4513,false,dcb2c10e4ac97b1d1289825869826fdec84593f7,3d233e3d1d9d3c6c,true,2026-09-20T14:22:27+00:00
20260920T142128Z-gpu_h48,electricity_hourly,T14,lstm,deep,168,48,10019,33.15458547963979,48.53879860232887,2.4584244639897683,21.511818309109778,331.94844100012233,16.10986328125,0.31497882200005733,4513,false,dcb2c10e4ac97b1d1289825869826fdec84593f7,3d233e3d1d9d3c6c,true,2026-09-20T14:22:27+00:00
20260920T142128Z-gpu_h48,electricity_hourly,T14,lstm,deep,168,48,10020,75.56839108507519,84.8336962091784,3.85061865401657,41.37384377391396,333.1020250000165,16.10986328125,0.315266678999933,4513,false,dcb2c10e4ac97b1d1289825869826fdec84593f7,3d233e3d1d9d3c6c,true,2026-09-20T14:22:27+00:00
20260920T142128Z-gpu_h48,electricity_hourly,T14,lstm,deep,168,48,10021,60.54065491893056,75.62923946679689,1.7090480902423053,30.920555949454954,337.9934570000387,16.10986328125,0.32036881900012304,4513,false,dcb2c10e4ac97b1d1289825869826fdec84593f7,3d233e3d1d9d3c6c,true,2026-09-20T14:22:27+00:00
20260920T142128Z-gpu_h48,electricity_hourly,T14,transformer,deep,168,48,10000,13.136689625290423,15.518103623475914,1.363866839251493,12.257903295097544,568.8139529997898,10.6845703125,0.5666813420000381,19232,false,dcb2c10e4ac97b1d1289825869826fdec84593f7,3d233e3d1d9d3c6c,true,2026-09-20T14:22:45+00:00
20260920T142128Z-gpu_h48,electricity_hourly,T14,transformer,deep,168,48,10001,28.796519879959348,36.07643249975145,2.959813606505458,25.3569965934693,574.4258140000511,10.525390625,0.5723609259998739,19232,false,dcb2c10e4ac97b1d1289825869826fdec84593f7,3d233e3d1d9d3c6c,true,2026-09-20T14:22:45+00:00
20260920T142128Z-gpu_h48,electricity_hourly,T14,transformer,deep,168,48,10002,29.04046601573204,36.36815263754114,3.47905749273329,26.2197270312397,586.6096869999637,10.525390625,0.5846182690002024,19232,false,dcb2c10e4ac97b1d1289825869826fdec84593f7,3d233e3d1d9d3c6c,true,2026-09-20T14:22:45+00:00
20260920T142128Z-gpu_h48,electricity_hourly,T14,transformer,deep,168,48,10003,22.60183640508276,30.05336309307076,2.1454610694343557,20.107064179333285,593.4067200000754,10.525390625,0.5912568050000573,19232,false,dcb2c10e4ac97b1d1289825869826fdec84593f7,3d233e3d1d9d3c6c,true,2026-09-20T14:22:45+00:00
20260920T142128Z-gpu_h48,electricity_hourly,T14,transformer,deep,168,48,10004,43.82972064763201,54.25421037752128,4.230214325240623,34.27098563790628,580.1920000001246,10.525390625,0.5781171650000942,19232,false,dcb2c10e4ac97b1d1289825869826fdec84593f7,3d233e3d1d9d3c6c,true,2026-09-20T14:22:45+00:00
20260920T142128Z-gpu_h48,electricity_hourly,T14,transformer,deep,168,48,10005,36.40063512742824,46.53208412295792,2.6688856712574673,29.294898849900612,613.4057739998298,10.525390625,0.6113670550000734,19232,false,dcb2c10e4ac97b1d1289825869826fdec84593f7,3d233e3d1d9d3c6c,true,2026-09-20T14:22:45+00:00
20260920T142128Z-gpu_h48,electricity_hourly,T14,transformer,deep,168,48,10006,44.532397278710455,52.084849279928335,1.819195803726044,31.077992350450064,591.0937219998686,10.525390625,0.5889700150000863,19232,false,dcb2c10e4ac97b1d1289825869826fdec84593f7,3d233e3d1d9d3c6c,true,2026-09-20T14:22:45+00:00
20260920T142128Z-gpu_h48,electricity_hourly,T14,transformer,deep,168,48,10007,28.278820658152807,34.16391271570006,2.050428083974826,22.93946748363046,590.1697970000441,10.525390625,0.5875733630000468,19232,false,dcb2c10e4ac97b1d1289825869826fdec84593f7,3d233e3d1d9d3c6c,true,2026-09-20T14:22:45+00:00
20260920T142128Z-gpu_h48,electricity_hourly,T14,transformer,deep,168,48,10008,23.934193588387505,30.856595563001797,1.5788015926375634,18.55184083026664,585.9784169999784,10.525390625,0.5837102519999462,19232,false,dcb2c10e4ac97b1d1289825869826fdec84593f7,3d233e3d1d9d3c6c,true,2026-09-20T14:22:45+00:00
20260920T142128Z-gpu_h48,electricity_hourly,T14,transformer,deep,168,48,10009,11.300399487940666,14.332145920192456,1.270302518550707,9.56526417457641,599.8270689999572,10.525390625,0.5975865440000234,19232,false,dcb2c10e4ac97b1d1289825869826fdec84593f7,3d233e3d1d9d3c6c,true,2026-09-20T14:22:45+00:00
20260920T142128Z-gpu_h48,electricity_hourly,T14,transformer,deep,168,48,10010,11.94484830119017,16.542301537549935,1.1191009468909463,9.859676778930625,591.8202870000187,10.525390625,0.5895903370001179,19232,false,dcb2c10e4ac97b1d1289825869826fdec84593f7,3d233e3d1d9d3c6c,true,2026-09-20T14:22:45+00:00
20260920T142128Z-gpu_h48,electricity_hourly,T14,transformer,deep,168,48,10011,24.212480940212462,30.762543518847217,2.2788217355494083,19.144499645363066,602.5034140000116,10.525390625,0.6004434230001152,19232,false,dcb2c10e4ac97b1d1289825869826fdec84593f7,3d233e3d1d9d3c6c,true,2026-09-20T14:22:45+00:00
20260920T142128Z-gpu_h48,electricity_hourly,T14,transformer,deep,168,48,10012,11.814640535222516,15.566557332939125,1.1326952310732639,10.374622760759333,601.9986799999515,10.525390625,0.5996411959999932,19232,false,dcb2c10e4ac97b1d1289825869826fdec84593f7,3d233e3d1d9d3c6c,true,2026-09-20T14:22:45+00:00
20260920T142128Z-gpu_h48,electricity_hourly,T14,transformer,deep,168,48,10013,17.77145305619476,24.219621798469625,1.672607346465389,14.60091640274028,587.7765279999494,10.525390625,0.5856962249999924,19232,false,dcb2c10e4ac97b1d1289825869826fdec84593f7,3d233e3d1d9d3c6c,true,2026-09-20T14:22:45+00:00
20260920T142128Z-gpu_h48,electricity_hourly,T14,transformer,deep,168,48,10014,38.98039576761288,51.184860593842245,3.2056978815169934,29.42132308826381,567.7086480000071,10.525390625,0.5657397540001057,19232,false,dcb2c10e4ac97b1d1289825869826fdec84593f7,3d233e3d1d9d3c6c,true,2026-09-20T14:22:45+00:00
20260920T142128Z-gpu_h48,electricity_hourly,T14,transformer,deep,168,48,10015,22.666346334689987,28.81712384004814,1.8899559190476884,17.320238161339997,571.1909770000148,10.525390625,0.5691524149999623,19232,false,dcb2c10e4ac97b1d1289825869826fdec84593f7,3d233e3d1d9d3c6c,true,2026-09-20T14:22:45+00:00
20260920T142128Z-gpu_h48,electricity_hourly,T14,transformer,deep,168,48,10016,53.44170819304566,66.97170796173796,4.035451483900669,35.91316355100445,584.170247999964,10.525390625,0.5819747370001096,19232,false,dcb2c10e4ac97b1d1289825869826fdec84593f7,3d233e3d1d9d3c6c,true,2026-09-20T14:22:45+00:00
20260920T142128Z-gpu_h48,electricity_hourly,T14,transformer,deep,168,48,10017,23.818063823273732,29.81489148028695,1.318140349942897,17.551076385562737,573.6130479999701,10.525390625,0.5714977869999984,19232,false,dcb2c10e4ac97b1d1289825869826fdec84593f7,3d233e3d1d9d3c6c,true,2026-09-20T14:22:45+00:00
20260920T142128Z-gpu_h48,electricity_hourly,T14,transformer,deep,168,48,10018,26.897871076342057,35.43783265666033,1.8175942914093177,20.251383908260255,621.7778830000498,10.525390625,0.619669464000026,19232,false,dcb2c10e4ac97b1d1289825869826fdec84593f7,3d233e3d1d9d3c6c,true,2026-09-20T14:22:45+00:00
20260920T142128Z-gpu_h48,electricity_hourly,T14,transformer,deep,168,48,10019,25.43426710990812,30.37628931859462,1.8859600740611584,18.16385481282786,588.8109200000144,10.525390625,0.5867095300000074,19232,false,dcb2c10e4ac97b1d1289825869826fdec84593f7,3d233e3d1d9d3c6c,true,2026-09-20T14:22:45+00:00
20260920T142128Z-gpu_h48,electricity_hourly,T14,transformer,deep,168,48,10020,45.38985874506337,56.630341003489086,2.3128590443344392,24.75191929422408,591.9937410001239,10.525390625,0.589767805000065,19232,false,dcb2c10e4ac97b1d1289825869826fdec84593f7,3d233e3d1d9d3c6c,true,2026-09-20T14:22:45+00:00
20260920T142128Z-gpu_h48,electricity_hourly,T14,transformer,deep,168,48,10021,56.078300018654794,69.82725595952196,1.5830768874115446,29.876416494669705,630.2262340000198,10.525390625,0.6279906289998962,19232,false,dcb2c10e4ac97b1d1289825869826fdec84593f7,3d233e3d1d9d3c6c,true,2026-09-20T14:22:45+00:00
20260920T142128Z-gpu_h48,electricity_hourly,T14,timesfm25,tsfm,168,48,10000,5.281793435414632,7.227709452363517,0.5483621158613605,4.829773256750627,119.30072899986044,11.94287109375,,231289280,true,dcb2c10e4ac97b1d1289825869826fdec84593f7,3d233e3d1d9d3c6c,true,2026-09-20T14:22:52+00:00
20260920T142128Z-gpu_h48,electricity_hourly,T14,timesfm25,tsfm,168,48,10001,10.296226501464844,13.611145487604842,1.0582845226345021,9.156385080745865,120.8071230000769,11.94287109375,,231289280,true,dcb2c10e4ac97b1d1289825869826fdec84593f7,3d233e3d1d9d3c6c,true,2026-09-20T14:22:52+00:00
20260920T142128Z-gpu_h48,electricity_hourly,T14,timesfm25,tsfm,168,48,10002,6.960681756337483,9.45054373156857,0.8338919907758716,6.3300776071529885,120.7580660000076,11.94287109375,,231289280,true,dcb2c10e4ac97b1d1289825869826fdec84593f7,3d233e3d1d9d3c6c,true,2026-09-20T14:22:52+00:00
20260920T142128Z-gpu_h48,electricity_hourly,T14,timesfm25,tsfm,168,48,10003,6.043609460194905,7.759530329106645,0.5736847477047241,5.724862130193093,120.22882600012963,11.94287109375,,231289280,true,dcb2c10e4ac97b1d1289825869826fdec84593f7,3d233e3d1d9d3c6c,true,2026-09-20T14:22:52+00:00
20260920T142128Z-gpu_h48,electricity_hourly,T14,timesfm25,tsfm,168,48,10004,23.264280160268147,26.51545127925129,2.245346074449473,19.209380897928398,123.99532599988561,11.94287109375,,231289280,true,dcb2c10e4ac97b1d1289825869826fdec84593f7,3d233e3d1d9d3c6c,true,2026-09-20T14:22:52+00:00
20260920T142128Z-gpu_h48,electricity_hourly,T14,timesfm25,tsfm,168,48,10005,12.193724155426025,15.491719129704181,0.8940408749395864,10.350329975884973,120.48187100003815,11.94287109375,,231289280,true,dcb2c10e4ac97b1d1289825869826fdec84593f7,3d233e3d1d9d3c6c,true,2026-09-20T14:22:52+00:00
20260920T142128Z-gpu_h48,electricity_hourly,T14,timesfm25,tsfm,168,48,10006,35.330733140309654,37.867916966304975,1.4432980346679687,26.80262836624609,117.29775799994968,11.94287109375,,231289280,true,dcb2c10e4ac97b1d1289825869826fdec84593f7,3d233e3d1d9d3c6c,true,2026-09-20T14:22:52+00:00
20260920T142128Z-gpu_h48,electricity_hourly,T14,timesfm25,tsfm,168,48,10007,11.287216504414877,13.670130657868933,0.8184084474500213,9.374028151082126,116.41448999989734,11.94287109375,,231289280,true,dcb2c10e4ac97b1d1289825869826fdec84593f7,3d233e3d1d9d3c6c,true,2026-09-20T14:22:52+00:00
20260920T142128Z-gpu_h48,electricity_hourly,T14,timesfm25,tsfm,168,48,10008,19.115761915842693,25.584768772897338,1.2609572679254915,13.880097488788712,116.96992700012743,11.94287109375,,231289280,true,dcb2c10e4ac97b1d1289825869826fdec84593f7,3d233e3d1d9d3c6c,true,2026-09-20T14:22:52+00:00
20260920T142128Z-gpu_h48,electricity_hourly,T14,timesfm25,tsfm,168,48,10009,7.963212649027507,10.203935886405263,0.8951620776424363,6.727527589981673,122.52033600020695,11.94287109375,,231289280,true,dcb2c10e4ac97b1d1289825869826fdec84593f7,3d233e3d1d9d3c6c,true,2026-09-20T14:22:52+00:00
20260920T142128Z-gpu_h48,electricity_hourly,T14,timesfm25,tsfm,168,48,10010,6.757323582967122,10.098327977407635,0.6330869199396654,5.541891956169967,115.57045900008234,11.94287109375,,231289280,true,dcb2c10e4ac97b1d1289825869826fdec84593f7,3d233e3d1d9d3c6c,true,2026-09-20T14:22:52+00:00
20260920T142128Z-gpu_h48,electricity_hourly,T14,timesfm25,tsfm,168,48,10011,11.464752674102783,14.422525621093682,1.079035545797909,9.53473751693616,114.63858800016169,11.94287109375,,231289280,true,dcb2c10e4ac97b1d1289825869826fdec84593f7,3d233e3d1d9d3c6c,true,2026-09-20T14:22:52+00:00
20260920T142128Z-gpu_h48,electricity_hourly,T14,timesfm25,tsfm,168,48,10012,4.926110903422038,6.320333530067207,0.47227694413633386,4.329917322333457,116.17439299993748,11.94287109375,,231289280,true,dcb2c10e4ac97b1d1289825869826fdec84593f7,3d233e3d1d9d3c6c,true,2026-09-20T14:22:52+00:00
20260920T142128Z-gpu_h48,electricity_hourly,T14,timesfm25,tsfm,168,48,10013,13.628665447235107,18.01077646303523,1.2826979244456571,10.544879370661114,113.81064900001547,11.94287109375,,231289280,true,dcb2c10e4ac97b1d1289825869826fdec84593f7,3d233e3d1d9d3c6c,true,2026-09-20T14:22:52+00:00
20260920T142128Z-gpu_h48,electricity_hourly,T14,timesfm25,tsfm,168,48,10014,8.010166803995768,10.893475959013456,0.6587458708026217,7.177589870703229,118.18466099998659,11.94287109375,,231289280,true,dcb2c10e4ac97b1d1289825869826fdec84593f7,3d233e3d1d9d3c6c,true,2026-09-20T14:22:52+00:00
20260920T142128Z-gpu_h48,electricity_hourly,T14,timesfm25,tsfm,168,48,10015,9.141947428385416,13.214883297865258,0.7622700808844817,7.278731603985357,115.85496699990472,11.94287109375,,231289280,true,dcb2c10e4ac97b1d1289825869826fdec84593f7,3d233e3d1d9d3c6c,true,2026-09-20T14:22:52+00:00
20260920T142128Z-gpu_h48,electricity_hourly,T14,timesfm25,tsfm,168,48,10016,9.802999019622803,12.582866679673193,0.7402369474702064,6.940708233215563,118.76798399998734,11.94287109375,,231289280,true,dcb2c10e4ac97b1d1289825869826fdec84593f7,3d233e3d1d9d3c6c,true,2026-09-20T14:22:52+00:00
20260920T142128Z-gpu_h48,electricity_hourly,T14,timesfm25,tsfm,168,48,10017,11.575372695922852,14.992407152695485,0.6406047917805114,8.060314964964927,119.2059429999972,11.94287109375,,231289280,true,dcb2c10e4ac97b1d1289825869826fdec84593f7,3d233e3d1d9d3c6c,true,2026-09-20T14:22:52+00:00
20260920T142128Z-gpu_h48,electricity_hourly,T14,timesfm25,tsfm,168,48,10018,15.030109564463297,20.005044468526492,1.0156432554118793,10.201277929570661,112.47653200007335,11.94287109375,,231289280,true,dcb2c10e4ac97b1d1289825869826fdec84593f7,3d233e3d1d9d3c6c,true,2026-09-20T14:22:52+00:00
20260920T142128Z-gpu_h48,electricity_hourly,T14,timesfm25,tsfm,168,48,10019,9.467982292175293,11.612176576002428,0.702054299728755,6.784946296355525,117.66673200008881,11.94287109375,,231289280,true,dcb2c10e4ac97b1d1289825869826fdec84593f7,3d233e3d1d9d3c6c,true,2026-09-20T14:22:52+00:00
20260920T142128Z-gpu_h48,electricity_hourly,T14,timesfm25,tsfm,168,48,10020,29.945783297220867,39.044064297998894,1.5258997858456493,14.871192157936061,112.99121600018225,11.94287109375,,231289280,true,dcb2c10e4ac97b1d1289825869826fdec84593f7,3d233e3d1d9d3c6c,true,2026-09-20T14:22:52+00:00
20260920T142128Z-gpu_h48,electricity_hourly,T14,timesfm25,tsfm,168,48,10021,49.58208163579305,62.87163938241401,1.3996902088912369,25.676028897643636,117.20195799989597,11.94287109375,,231289280,true,dcb2c10e4ac97b1d1289825869826fdec84593f7,3d233e3d1d9d3c6c,true,2026-09-20T14:22:52+00:00
20260920T142128Z-gpu_h48,electricity_hourly,T14,chronos_bolt,tsfm,168,48,10000,4.640888849894206,6.583645447997943,0.48182263474027803,4.273740166805235,31.978112000160763,1.0751953125,,205292928,true,dcb2c10e4ac97b1d1289825869826fdec84593f7,3d233e3d1d9d3c6c,true,2026-09-20T14:22:57+00:00
20260920T142128Z-gpu_h48,electricity_hourly,T14,chronos_bolt,tsfm,168,48,10001,8.413654963175455,10.670985561634843,0.8647868056368777,7.345911025144234,36.949829999912254,1.0751953125,,205292928,true,dcb2c10e4ac97b1d1289825869826fdec84593f7,3d233e3d1d9d3c6c,true,2026-09-20T14:22:57+00:00
20260920T142128Z-gpu_h48,electricity_hourly,T14,chronos_bolt,tsfm,168,48,10002,6.29076353708903,8.41953079066001,0.7536355651753914,5.6849008162930055,32.13131300003624,1.0751953125,,205292928,true,dcb2c10e4ac97b1d1289825869826fdec84593f7,3d233e3d1d9d3c6c,true,2026-09-20T14:22:57+00:00
20260920T142128Z-gpu_h48,electricity_hourly,T14,chronos_bolt,tsfm,168,48,10003,5.712882359822591,7.371451398876372,0.542290744768921,5.298921529263836,33.426251000037155,1.0751953125,,205292928,true,dcb2c10e4ac97b1d1289825869826fdec84593f7,3d233e3d1d9d3c6c,true,2026-09-20T14:22:57+00:00
20260920T142128Z-gpu_h48,electricity_hourly,T14,chronos_bolt,tsfm,168,48,10004,24.654532432556152,27.10759038927097,2.37952591842365,20.42462809175049,34.159479999971154,1.0751953125,,205292928,true,dcb2c10e4ac97b1d1289825869826fdec84593f7,3d233e3d1d9d3c6c,true,2026-09-20T14:22:57+00:00
20260920T142128Z-gpu_h48,electricity_hourly,T14,chronos_bolt,tsfm,168,48,10005,10.149324099222818,13.313672352324662,0.7441459624684754,8.5221599631416,33.16983599984269,1.0751953125,,205292928,true,dcb2c10e4ac97b1d1289825869826fdec84593f7,3d233e3d1d9d3c6c,true,2026-09-20T14:22:57+00:00
20260920T142128Z-gpu_h48,electricity_hourly,T14,chronos_bolt,tsfm,168,48,10006,42.48821306228638,45.18662558512002,1.7356887038210604,30.620299657845635,32.712612999830526,1.0751953125,,205292928,true,dcb2c10e4ac97b1d1289825869826fdec84593f7,3d233e3d1d9d3c6c,true,2026-09-20T14:22:57+00:00
20260920T142128Z-gpu_h48,electricity_hourly,T14,chronos_bolt,tsfm,168,48,10007,12.383997440338135,14.862471788336256,0.8979333491483844,10.19099383495316,33.11603599991031,1.0751953125,,205292928,true,dcb2c10e4ac97b1d1289825869826fdec84593f7,3d233e3d1d9d3c6c,true,2026-09-20T14:22:57+00:00
20260920T142128Z-gpu_h48,electricity_hourly,T14,chronos_bolt,tsfm,168,48,10008,16.017916679382324,21.574229557591295,1.0566101703303046,11.485862750767199,33.48275899998043,1.0751953125,,205292928,true,dcb2c10e4ac97b1d1289825869826fdec84593f7,3d233e3d1d9d3c6c,true,2026-09-20T14:22:57+00:00
20260920T142128Z-gpu_h48,electricity_hourly,T14,chronos_bolt,tsfm,168,48,10009,7.800949573516846,10.297961519278134,0.8769217319175845,6.572272244417289,32.189140000127736,1.0751953125,,205292928,true,dcb2c10e4ac97b1d1289825869826fdec84593f7,3d233e3d1d9d3c6c,true,2026-09-20T14:22:57+00:00
20260920T142128Z-gpu_h48,electricity_hourly,T14,chronos_bolt,tsfm,168,48,10010,5.988540490468343,9.029108525069539,0.5610603972852579,4.914674782126496,35.645433999889065,1.0751953125,,205292928,true,dcb2c10e4ac97b1d1289825869826fdec84593f7,3d233e3d1d9d3c6c,true,2026-09-20T14:22:57+00:00
20260920T142128Z-gpu_h48,electricity_hourly,T14,chronos_bolt,tsfm,168,48,10011,8.15055783589681,10.240098514063241,0.7671113257314646,6.961148295614109,33.967201999985264,1.0751953125,,205292928,true,dcb2c10e4ac97b1d1289825869826fdec84593f7,3d233e3d1d9d3c6c,true,2026-09-20T14:22:57+00:00
20260920T142128Z-gpu_h48,electricity_hourly,T14,chronos_bolt,tsfm,168,48,10012,5.3357930183410645,6.610650911624685,0.5115540576838304,4.731704667346139,32.430740000108926,1.0751953125,,205292928,true,dcb2c10e4ac97b1d1289825869826fdec84593f7,3d233e3d1d9d3c6c,true,2026-09-20T14:22:57+00:00
20260920T142128Z-gpu_h48,electricity_hourly,T14,chronos_bolt,tsfm,168,48,10013,9.647495746612549,11.99652967995599,0.907999599681181,7.242805450236641,32.18885500018587,1.0751953125,,205292928,true,dcb2c10e4ac97b1d1289825869826fdec84593f7,3d233e3d1d9d3c6c,true,2026-09-20T14:22:57+00:00
20260920T142128Z-gpu_h48,electricity_hourly,T14,chronos_bolt,tsfm,168,48,10014,6.956112225850423,9.046524858181856,0.5720617707152832,6.140822988889883,32.070067999939056,1.0751953125,,205292928,true,dcb2c10e4ac97b1d1289825869826fdec84593f7,3d233e3d1d9d3c6c,true,2026-09-20T14:22:57+00:00
20260920T142128Z-gpu_h48,electricity_hourly,T14,chronos_bolt,tsfm,168,48,10015,6.505500157674153,8.692695479549672,0.5424389245541853,5.22822792401552,35.8356179999646,1.0751953125,,205292928,true,dcb2c10e4ac97b1d1289825869826fdec84593f7,3d233e3d1d9d3c6c,true,2026-09-20T14:22:57+00:00
20260920T142128Z-gpu_h48,electricity_hourly,T14,chronos_bolt,tsfm,168,48,10016,7.938700040181478,11.269393098203214,0.5994613559444849,5.712757365290772,35.94761899989862,1.0751953125,,205292928,true,dcb2c10e4ac97b1d1289825869826fdec84593f7,3d233e3d1d9d3c6c,true,2026-09-20T14:22:57+00:00
20260920T142128Z-gpu_h48,electricity_hourly,T14,chronos_bolt,tsfm,168,48,10017,11.671464920043945,15.809567739357092,0.6459227319317172,7.655272186806883,34.171731000014915,1.0751953125,,205292928,true,dcb2c10e4ac97b1d1289825869826fdec84593f7,3d233e3d1d9d3c6c,true,2026-09-20T14:22:57+00:00
20260920T142128Z-gpu_h48,electricity_hourly,T14,chronos_bolt,tsfm,168,48,10018,12.156555334726969,17.144480883100876,0.8214659634916394,8.13074630241197,34.082442999988416,1.0751953125,,205292928,true,dcb2c10e4ac97b1d1289825869826fdec84593f7,3d233e3d1d9d3c6c,true,2026-09-20T14:22:57+00:00
20260920T142128Z-gpu_h48,electricity_hourly,T14,chronos_bolt,tsfm,168,48,10019,6.650057792663574,8.53084923842606,0.49310418236022385,4.893723498802862,34.75656799992066,1.0751953125,,205292928,true,dcb2c10e4ac97b1d1289825869826fdec84593f7,3d233e3d1d9d3c6c,true,2026-09-20T14:22:57+00:00
20260920T142128Z-gpu_h48,electricity_hourly,T14,chronos_bolt,tsfm,168,48,10020,21.524879455566406,27.549507909120404,1.096809144232683,10.682169998177796,35.34707099993284,1.0751953125,,205292928,true,dcb2c10e4ac97b1d1289825869826fdec84593f7,3d233e3d1d9d3c6c,true,2026-09-20T14:22:57+00:00
20260920T142128Z-gpu_h48,electricity_hourly,T14,chronos_bolt,tsfm,168,48,10021,43.482940355936684,57.37566567548414,1.2275129212418903,22.770119382371124,34.44502399997873,1.0751953125,,205292928,true,dcb2c10e4ac97b1d1289825869826fdec84593f7,3d233e3d1d9d3c6c,true,2026-09-20T14:22:57+00:00
20260920T142128Z-gpu_h48,electricity_hourly,T27,lstm,deep,168,48,20000,52.651571160508155,62.156449134844756,1.6114402225532782,17.276852061119317,332.70632099993236,16.14599609375,0.3154622710001149,4513,false,dcb2c10e4ac97b1d1289825869826fdec84593f7,3d233e3d1d9d3c6c,true,2026-09-20T14:23:08+00:00
20260920T142128Z-gpu_h48,electricity_hourly,T27,lstm,deep,168,48,20001,59.91967384745329,72.55014465907743,2.0235537134224377,17.57654438246363,333.86279000001196,16.10986328125,0.3169917779998741,4513,false,dcb2c10e4ac97b1d1289825869826fdec84593f7,3d233e3d1d9d3c6c,true,2026-09-20T14:23:08+00:00
20260920T142128Z-gpu_h48,electricity_hourly,T27,lstm,deep,168,48,20002,39.93405281782424,45.821420109915515,1.3698198203350858,12.490511842835165,332.8922649998276,16.10986328125,0.3141901709998365,4513,false,dcb2c10e4ac97b1d1289825869826fdec84593f7,3d233e3d1d9d3c6c,true,2026-09-20T14:23:08+00:00
20260920T142128Z-gpu_h48,electricity_hourly,T27,lstm,deep,168,48,20003,47.378814513769946,63.73071075999468,1.675067343477258,14.850639924009643,333.41702200004875,16.10986328125,0.3162378549998266,4513,false,dcb2c10e4ac97b1d1289825869826fdec84593f7,3d233e3d1d9d3c6c,true,2026-09-20T14:23:08+00:00
20260920T142128Z-gpu_h48,electricity_hourly,T27,lstm,deep,168,48,20004,34.000340421744674,43.1653939253782,1.3179135991201165,10.317388281503074,327.8546210001423,16.10986328125,0.31025167999996484,4513,false,dcb2c10e4ac97b1d1289825869826fdec84593f7,3d233e3d1d9d3c6c,true,2026-09-20T14:23:08+00:00
20260920T142128Z-gpu_h48,electricity_hourly,T27,lstm,deep,168,48,20005,22.45403667297522,28.52985410366713,0.710945752178635,6.936624445812722,324.6100239998668,16.10986328125,0.30764935699994567,4513,false,dcb2c10e4ac97b1d1289825869826fdec84593f7,3d233e3d1d9d3c6c,true,2026-09-20T14:23:08+00:00
20260920T142128Z-gpu_h48,electricity_hourly,T27,lstm,deep,168,48,20006,42.10580109288568,54.82947125691369,1.4460375285894436,12.858424598085575,334.72250899990286,16.10986328125,0.3168093740000586,4513,false,dcb2c10e4ac97b1d1289825869826fdec84593f7,3d233e3d1d9d3c6c,true,2026-09-20T14:23:08+00:00
20260920T142128Z-gpu_h48,electricity_hourly,T27,lstm,deep,168,48,20007,34.06997626794768,40.74671045688673,1.316007667002271,10.51977520250609,335.98638299986305,16.10986328125,0.3198746990001382,4513,false,dcb2c10e4ac97b1d1289825869826fdec84593f7,3d233e3d1d9d3c6c,true,2026-09-20T14:23:08+00:00
20260920T142128Z-gpu_h48,electricity_hourly,T27,lstm,deep,168,48,20008,17.743333236154868,24.938155264717587,0.643586898238363,5.539396696387211,347.3938330000692,16.10986328125,0.3293285570000535,4513,false,dcb2c10e4ac97b1d1289825869826fdec84593f7,3d233e3d1d9d3c6c,true,2026-09-20T14:23:08+00:00
20260920T142128Z-gpu_h48,electricity_hourly,T27,lstm,deep,168,48,20009,23.003255697649497,29.124872396180344,0.8343750177484957,6.931480528648093,343.9136949998556,16.10986328125,0.3260231809999823,4513,false,dcb2c10e4ac97b1d1289825869826fdec84593f7,3d233e3d1d9d3c6c,true,2026-09-20T14:23:08+00:00
20260920T142128Z-gpu_h48,electricity_hourly,T27,lstm,deep,168,48,20010,49.4723392300711,62.68221710334785,1.880680266401858,14.798942052472155,340.85947499988833,16.10986328125,0.32296671900007823,4513,false,dcb2c10e4ac97b1d1289825869826fdec84593f7,3d233e3d1d9d3c6c,true,2026-09-20T14:23:08+00:00
20260920T142128Z-gpu_h48,electricity_hourly,T27,lstm,deep,168,48,20011,37.29444729278135,46.74594006618049,1.3432717384093331,11.30807873402255,325.1445280000098,16.10986328125,0.3077433739999833,4513,false,dcb2c10e4ac97b1d1289825869826fdec84593f7,3d233e3d1d9d3c6c,true,2026-09-20T14:23:08+00:00
20260920T142128Z-gpu_h48,electricity_hourly,T27,lstm,deep,168,48,20012,43.29994061839182,50.79624335562454,1.4849229457128894,13.894020884679822,352.6587540000037,16.10986328125,0.3342183849999856,4513,false,dcb2c10e4ac97b1d1289825869826fdec84593f7,3d233e3d1d9d3c6c,true,2026-09-20T14:23:08+00:00
20260920T142128Z-gpu_h48,electricity_hourly,T27,lstm,deep,168,48,20013,36.69955927772812,51.85774616251603,1.3888926507208539,11.002007209633575,346.9196340001872,16.10986328125,0.329823794000049,4513,false,dcb2c10e4ac97b1d1289825869826fdec84593f7,3d233e3d1d9d3c6c,true,2026-09-20T14:23:08+00:00
20260920T142128Z-gpu_h48,electricity_hourly,T27,lstm,deep,168,48,20014,95.93423239086485,130.9178826913809,2.953084537042441,28.297324783763166,340.9475130001738,16.10986328125,0.3236814710000999,4513,false,dcb2c10e4ac97b1d1289825869826fdec84593f7,3d233e3d1d9d3c6c,true,2026-09-20T14:23:08+00:00
20260920T142128Z-gpu_h48,electricity_hourly,T27,lstm,deep,168,48,20015,83.5785122711146,99.7817195306108,2.7950083063261735,24.97428958027717,332.03945599984763,16.10986328125,0.3142459959999542,4513,false,dcb2c10e4ac97b1d1289825869826fdec84593f7,3d233e3d1d9d3c6c,true,2026-09-20T14:23:08+00:00
20260920T142128Z-gpu_h48,electricity_hourly,T27,lstm,deep,168,48,20016,28.754428810891003,35.74482917985411,0.7879424831148057,8.108824471836632,342.7468790000603,16.10986328125,0.3252846949999366,4513,false,dcb2c10e4ac97b1d1289825869826fdec84593f7,3d233e3d1d9d3c6c,true,2026-09-20T14:23:08+00:00
20260920T142128Z-gpu_h48,electricity_hourly,T27,lstm,deep,168,48,20017,24.958767043362013,32.3523286234189,0.6006120411504228,7.399860635712033,324.6233869999742,16.10986328125,0.3075397770001018,4513,false,dcb2c10e4ac97b1d1289825869826fdec84593f7,3d233e3d1d9d3c6c,true,2026-09-20T14:23:08+00:00
20260920T142128Z-gpu_h48,electricity_hourly,T27,lstm,deep,168,48,20018,55.700819383733524,70.97859730330856,1.5336363272003113,15.498148552014213,330.45987800005605,16.10986328125,0.313430260999894,4513,false,dcb2c10e4ac97b1d1289825869826fdec84593f7,3d233e3d1d9d3c6c,true,2026-09-20T14:23:08+00:00
20260920T142128Z-gpu_h48,electricity_hourly,T27,lstm,deep,168,48,20019,67.80342320128675,84.20595102013027,1.6143672190782559,16.076120199154023,340.31465799989746,16.10986328125,0.323709178999934,4513,false,dcb2c10e4ac97b1d1289825869826fdec84593f7,3d233e3d1d9d3c6c,true,2026-09-20T14:23:08+00:00
20260920T142128Z-gpu_h48,electricity_hourly,T27,lstm,deep,168,48,20020,106.1843597003281,132.96450114303218,2.339435097436849,23.242993090255773,341.8261489998713,16.10986328125,0.32483904500008975,4513,false,dcb2c10e4ac97b1d1289825869826fdec84593f7,3d233e3d1d9d3c6c,true,2026-09-20T14:23:08+00:00
20260920T142128Z-gpu_h48,electricity_hourly,T27,lstm,deep,168,48,20021,57.47639331485855,69.3467629880438,0.836189193507742,13.421906670601,363.476356000092,16.10986328125,0.3463820599999963,4513,false,dcb2c10e4ac97b1d1289825869826fdec84593f7,3d233e3d1d9d3c6c,true,2026-09-20T14:23:08+00:00
20260920T142128Z-gpu_h48,electricity_hourly,T27,transformer,deep,168,48,20000,72.87650457945381,84.04773260936071,2.2304392474901906,23.43870646570638,578.4618000000137,10.6845703125,0.5762852079999448,19232,false,dcb2c10e4ac97b1d1289825869826fdec84593f7,3d233e3d1d9d3c6c,true,2026-09-20T14:23:26+00:00
20260920T142128Z-gpu_h48,electricity_hourly,T27,transformer,deep,168,48,20001,48.48697352472726,63.07076841105499,1.6374587681896637,14.640387152142987,589.4828990001315,10.525390625,0.5874190389999967,19232,false,dcb2c10e4ac97b1d1289825869826fdec84593f7,3d233e3d1d9d3c6c,true,2026-09-20T14:23:26+00:00
20260920T142128Z-gpu_h48,electricity_hourly,T27,transformer,deep,168,48,20002,54.131134755043156,68.26907842876264,1.8568088148466446,17.345529491944788,592.803116000141,10.525390625,0.5908943939998608,19232,false,dcb2c10e4ac97b1d1289825869826fdec84593f7,3d233e3d1d9d3c6c,true,2026-09-20T14:23:26+00:00
20260920T142128Z-gpu_h48,electricity_hourly,T27,transformer,deep,168,48,20003,34.7336122468944,41.986113344047666,1.22799905807827,10.937711587266651,583.0992349999633,10.525390625,0.5810320049999973,19232,false,dcb2c10e4ac97b1d1289825869826fdec84593f7,3d233e3d1d9d3c6c,true,2026-09-20T14:23:26+00:00
20260920T142128Z-gpu_h48,electricity_hourly,T27,transformer,deep,168,48,20004,47.734896482195985,60.1025267617587,1.8502893925804096,14.92588631500324,594.646505000128,10.525390625,0.5925428470000043,19232,false,dcb2c10e4ac97b1d1289825869826fdec84593f7,3d233e3d1d9d3c6c,true,2026-09-20T14:23:26+00:00
20260920T142128Z-gpu_h48,electricity_hourly,T27,transformer,deep,168,48,20005,25.30550512145601,31.076841078817935,0.8012297136081059,7.826141973514962,575.4405749999023,10.525390625,0.5734814630000074,19232,false,dcb2c10e4ac97b1d1289825869826fdec84593f7,3d233e3d1d9d3c6c,true,2026-09-20T14:23:26+00:00
20260920T142128Z-gpu_h48,electricity_hourly,T27,transformer,deep,168,48,20006,38.485569095459745,45.845013854837745,1.3217080729182453,11.550811389014807,558.2782239998778,10.525390625,0.5563991160001933,19232,false,dcb2c10e4ac97b1d1289825869826fdec84593f7,3d233e3d1d9d3c6c,true,2026-09-20T14:23:26+00:00
20260920T142128Z-gpu_h48,electricity_hourly,T27,transformer,deep,168,48,20007,30.557235302702917,39.07255763962153,1.1803223936666363,9.364719790166252,567.7790909999203,10.525390625,0.5658216689998881,19232,false,dcb2c10e4ac97b1d1289825869826fdec84593f7,3d233e3d1d9d3c6c,true,2026-09-20T14:23:26+00:00
20260920T142128Z-gpu_h48,electricity_hourly,T27,transformer,deep,168,48,20008,23.828622733121875,32.236623897409096,0.8643127641233124,7.204552047591712,578.1810179998956,10.525390625,0.5761031780000394,19232,false,dcb2c10e4ac97b1d1289825869826fdec84593f7,3d233e3d1d9d3c6c,true,2026-09-20T14:23:26+00:00
20260920T142128Z-gpu_h48,electricity_hourly,T27,transformer,deep,168,48,20009,33.74515930537509,41.17616432898674,1.2240057783309857,10.057485797756073,564.1619420000552,10.525390625,0.5621891910000159,19232,false,dcb2c10e4ac97b1d1289825869826fdec84593f7,3d233e3d1d9d3c6c,true,2026-09-20T14:23:26+00:00
20260920T142128Z-gpu_h48,electricity_hourly,T27,transformer,deep,168,48,20010,31.55063031134543,37.654254984822785,1.1993903814239022,10.036477036912608,568.5117350001292,10.525390625,0.5663572260000365,19232,false,dcb2c10e4ac97b1d1289825869826fdec84593f7,3d233e3d1d9d3c6c,true,2026-09-20T14:23:26+00:00
20260920T142128Z-gpu_h48,electricity_hourly,T27,transformer,deep,168,48,20011,28.552281975821654,35.2257879834511,1.0283963493042316,8.774601449928767,581.3865729999179,10.525390625,0.5792438599999059,19232,false,dcb2c10e4ac97b1d1289825869826fdec84593f7,3d233e3d1d9d3c6c,true,2026-09-20T14:23:26+00:00
20260920T142128Z-gpu_h48,electricity_hourly,T27,transformer,deep,168,48,20012,50.35883542946399,61.96699769994684,1.7269998337325112,15.844566904819038,574.5060690001083,10.525390625,0.5724252459999661,19232,false,dcb2c10e4ac97b1d1289825869826fdec84593f7,3d233e3d1d9d3c6c,true,2026-09-20T14:23:26+00:00
20260920T142128Z-gpu_h48,electricity_hourly,T27,transformer,deep,168,48,20013,40.7852715394934,53.9079863436661,1.5435161896680814,11.847966643563879,565.6561700000111,10.525390625,0.5637914650001221,19232,false,dcb2c10e4ac97b1d1289825869826fdec84593f7,3d233e3d1d9d3c6c,true,2026-09-20T14:23:26+00:00
20260920T142128Z-gpu_h48,electricity_hourly,T27,transformer,deep,168,48,20014,31.194524984201205,38.53078849699436,0.9602418977607895,9.571757260203652,573.243267999942,10.525390625,0.5711074789999202,19232,false,dcb2c10e4ac97b1d1289825869826fdec84593f7,3d233e3d1d9d3c6c,true,2026-09-20T14:23:26+00:00
20260920T142128Z-gpu_h48,electricity_hourly,T27,transformer,deep,168,48,20015,25.211076043500142,33.080229168136974,0.8431014747477985,7.944703172568539,588.7202460000935,10.525390625,0.5866999610000221,19232,false,dcb2c10e4ac97b1d1289825869826fdec84593f7,3d233e3d1d9d3c6c,true,2026-09-20T14:23:26+00:00
20260920T142128Z-gpu_h48,electricity_hourly,T27,transformer,deep,168,48,20016,122.74756683090702,150.96157706043235,3.3635869883255203,32.98473609576187,584.0484780001134,10.525390625,0.5820055710000815,19232,false,dcb2c10e4ac97b1d1289825869826fdec84593f7,3d233e3d1d9d3c6c,true,2026-09-20T14:23:26+00:00
20260920T142128Z-gpu_h48,electricity_hourly,T27,transformer,deep,168,48,20017,56.507133041702,69.9060993308397,1.359797319185342,15.22122544557284,586.8165250001312,10.525390625,0.5846704549999231,19232,false,dcb2c10e4ac97b1d1289825869826fdec84593f7,3d233e3d1d9d3c6c,true,2026-09-20T14:23:26+00:00
20260920T142128Z-gpu_h48,electricity_hourly,T27,transformer,deep,168,48,20018,86.12419217030468,105.72643790423176,2.3712970693162285,23.37804169879988,592.4235479999425,10.525390625,0.5905013450001206,19232,false,dcb2c10e4ac97b1d1289825869826fdec84593f7,3d233e3d1d9d3c6c,true,2026-09-20T14:23:26+00:00
20260920T142128Z-gpu_h48,electricity_hourly,T27,transformer,deep,168,48,20019,149.7646331654654,180.26512684634488,3.5658245991777475,35.0841112720867,574.5159709999825,10.525390625,0.5724785330000941,19232,false,dcb2c10e4ac97b1d1289825869826fdec84593f7,3d233e3d1d9d3c6c,true,2026-09-20T14:23:26+00:00
20260920T142128Z-gpu_h48,electricity_hourly,T27,transformer,deep,168,48,20020,61.43788609817062,73.65135058700831,1.3535886778054729,14.618361487642442,579.4564650000211,10.525390625,0.5773493920000874,19232,false,dcb2c10e4ac97b1d1289825869826fdec84593f7,3d233e3d1d9d3c6c,true,2026-09-20T14:23:26+00:00
20260920T142128Z-gpu_h48,electricity_hourly,T27,transformer,deep,168,48,20021,61.06849918272648,75.48394127234809,0.888448563579775,14.102536717755227,577.9489940000531,10.525390625,0.5759087680000903,19232,false,dcb2c10e4ac97b1d1289825869826fdec84593f7,3d233e3d1d9d3c6c,true,2026-09-20T14:23:26+00:00
20260920T142128Z-gpu_h48,electricity_hourly,T27,timesfm25,tsfm,168,48,20000,16.41961097717285,21.290255396799935,0.5025343210866929,5.431062882699613,122.46465999987777,11.94287109375,,231289280,true,dcb2c10e4ac97b1d1289825869826fdec84593f7,3d233e3d1d9d3c6c,true,2026-09-20T14:23:33+00:00
20260920T142128Z-gpu_h48,electricity_hourly,T27,timesfm25,tsfm,168,48,20001,31.24466323852539,42.80708964543716,1.0551668635899756,9.28263397313999,114.89917300013985,11.94287109375,,231289280,true,dcb2c10e4ac97b1d1289825869826fdec84593f7,3d233e3d1d9d3c6c,true,2026-09-20T14:23:33+00:00
20260920T142128Z-gpu_h48,electricity_hourly,T27,timesfm25,tsfm,168,48,20002,18.88084538777669,24.21541316153009,0.6476516759980571,6.0606716243669165,118.45208600016122,11.94287109375,,231289280,true,dcb2c10e4ac97b1d1289825869826fdec84593f7,3d233e3d1d9d3c6c,true,2026-09-20T14:23:33+00:00
20260920T142128Z-gpu_h48,electricity_hourly,T27,timesfm25,tsfm,168,48,20003,22.82768662770589,27.05754498554523,0.8070677324796584,7.25121370167013,118.03200400004243,11.94287109375,,231289280,true,dcb2c10e4ac97b1d1289825869826fdec84593f7,3d233e3d1d9d3c6c,true,2026-09-20T14:23:33+00:00
20260920T142128Z-gpu_h48,electricity_hourly,T27,timesfm25,tsfm,168,48,20004,23.980915387471516,31.333562100052827,0.9295428844672674,7.605525573908574,119.0098140000373,11.94287109375,,231289280,true,dcb2c10e4ac97b1d1289825869826fdec84593f7,3d233e3d1d9d3c6c,true,2026-09-20T14:23:33+00:00
20260920T142128Z-gpu_h48,electricity_hourly,T27,timesfm25,tsfm,168,48,20005,22.587004979451496,28.688182445523637,0.7151558304839524,6.835547774255245,119.79987700010497,11.94287109375,,231289280,true,dcb2c10e4ac97b1d1289825869826fdec84593f7,3d233e3d1d9d3c6c,true,2026-09-20T14:23:33+00:00
20260920T142128Z-gpu_h48,electricity_hourly,T27,timesfm25,tsfm,168,48,20006,23.424840609232586,30.83770447758075,0.8044781892987103,7.201157095788778,119.35604600012084,11.94287109375,,231289280,true,dcb2c10e4ac97b1d1289825869826fdec84593f7,3d233e3d1d9d3c6c,true,2026-09-20T14:23:33+00:00
20260920T142128Z-gpu_h48,electricity_hourly,T27,timesfm25,tsfm,168,48,20007,20.576047897338867,25.686061206751486,0.79478296599163,6.384136983896848,119.308275000094,11.94287109375,,231289280,true,dcb2c10e4ac97b1d1289825869826fdec84593f7,3d233e3d1d9d3c6c,true,2026-09-20T14:23:33+00:00
20260920T142128Z-gpu_h48,electricity_hourly,T27,timesfm25,tsfm,168,48,20008,16.7279847462972,24.702160536555006,0.6067581368933997,5.220999806232627,119.29969000016172,11.94287109375,,231289280,true,dcb2c10e4ac97b1d1289825869826fdec84593f7,3d233e3d1d9d3c6c,true,2026-09-20T14:23:33+00:00
20260920T142128Z-gpu_h48,electricity_hourly,T27,timesfm25,tsfm,168,48,20009,24.742276827494305,30.82649145505279,0.8974528622567204,7.37850409983848,120.68230299996685,11.94287109375,,231289280,true,dcb2c10e4ac97b1d1289825869826fdec84593f7,3d233e3d1d9d3c6c,true,2026-09-20T14:23:33+00:00
20260920T142128Z-gpu_h48,electricity_hourly,T27,timesfm25,tsfm,168,48,20010,11.480841000874838,13.879711720199335,0.43644168535532646,3.591376170248405,123.106947999986,11.94287109375,,231289280,true,dcb2c10e4ac97b1d1289825869826fdec84593f7,3d233e3d1d9d3c6c,true,2026-09-20T14:23:33+00:00
20260920T142128Z-gpu_h48,electricity_hourly,T27,timesfm25,tsfm,168,48,20011,19.224781672159832,23.447169181077324,0.6924383593774427,6.171569964397027,120.39621500002795,11.94287109375,,231289280,true,dcb2c10e4ac97b1d1289825869826fdec84593f7,3d233e3d1d9d3c6c,true,2026-09-20T14:23:33+00:00
20260920T142128Z-gpu_h48,electricity_hourly,T27,timesfm25,tsfm,168,48,20012,19.110164642333984,26.272108785766648,0.6553616833760643,5.938742627401183,119.31435800011059,11.94287109375,,231289280,true,dcb2c10e4ac97b1d1289825869826fdec84593f7,3d233e3d1d9d3c6c,true,2026-09-20T14:23:33+00:00
20260920T142128Z-gpu_h48,electricity_hourly,T27,timesfm25,tsfm,168,48,20013,31.560689608256023,41.311497653097156,1.1944124319550242,9.187161521434147,120.37197099994046,11.94287109375,,231289280,true,dcb2c10e4ac97b1d1289825869826fdec84593f7,3d233e3d1d9d3c6c,true,2026-09-20T14:23:33+00:00
20260920T142128Z-gpu_h48,electricity_hourly,T27,timesfm25,tsfm,168,48,20014,13.863599141438803,16.723529970995642,0.4267546550592534,4.292496851694158,118.8020189999861,11.94287109375,,231289280,true,dcb2c10e4ac97b1d1289825869826fdec84593f7,3d233e3d1d9d3c6c,true,2026-09-20T14:23:33+00:00
20260920T142128Z-gpu_h48,electricity_hourly,T27,timesfm25,tsfm,168,48,20015,17.0824769337972,22.108479540508817,0.5712672267688799,5.3211223516055135,118.87402699994709,11.94287109375,,231289280,true,dcb2c10e4ac97b1d1289825869826fdec84593f7,3d233e3d1d9d3c6c,true,2026-09-20T14:23:33+00:00
20260920T142128Z-gpu_h48,electricity_hourly,T27,timesfm25,tsfm,168,48,20016,34.43563906351725,43.28800468512475,0.943621698410368,9.332458197006542,120.76527800013537,11.94287109375,,231289280,true,dcb2c10e4ac97b1d1289825869826fdec84593f7,3d233e3d1d9d3c6c,true,2026-09-20T14:23:33+00:00
20260920T142128Z-gpu_h48,electricity_hourly,T27,timesfm25,tsfm,168,48,20017,21.703498204549152,29.52325499708401,0.522276694761878,6.082826523589907,119.38353900018228,11.94287109375,,231289280,true,dcb2c10e4ac97b1d1289825869826fdec84593f7,3d233e3d1d9d3c6c,true,2026-09-20T14:23:33+00:00
20260920T142128Z-gpu_h48,electricity_hourly,T27,timesfm25,tsfm,168,48,20018,22.71291446685791,28.90465807817148,0.6253651401964702,6.28770251970966,115.38283299978502,11.94287109375,,231289280,true,dcb2c10e4ac97b1d1289825869826fdec84593f7,3d233e3d1d9d3c6c,true,2026-09-20T14:23:33+00:00
20260920T142128Z-gpu_h48,electricity_hourly,T27,timesfm25,tsfm,168,48,20019,48.79255040486654,55.448382947751774,1.1617273905920604,12.629809681059243,124.76531000015711,11.94287109375,,231289280,true,dcb2c10e4ac97b1d1289825869826fdec84593f7,3d233e3d1d9d3c6c,true,2026-09-20T14:23:33+00:00
20260920T142128Z-gpu_h48,electricity_hourly,T27,timesfm25,tsfm,168,48,20020,27.682222366333008,35.39030434024715,0.6098898440562964,6.127740652579879,123.09059699987301,11.94287109375,,231289280,true,dcb2c10e4ac97b1d1289825869826fdec84593f7,3d233e3d1d9d3c6c,true,2026-09-20T14:23:33+00:00
20260920T142128Z-gpu_h48,electricity_hourly,T27,timesfm25,tsfm,168,48,20021,36.92753219604492,48.76437063722165,0.5372362736139087,8.29428867950443,116.65793799988933,11.94287109375,,231289280,true,dcb2c10e4ac97b1d1289825869826fdec84593f7,3d233e3d1d9d3c6c,true,2026-09-20T14:23:33+00:00
20260920T142128Z-gpu_h48,electricity_hourly,T27,chronos_bolt,tsfm,168,48,20000,14.156339009602865,17.476617371717197,0.4332652109208953,4.712092891844075,33.40650700010883,1.0751953125,,205292928,true,dcb2c10e4ac97b1d1289825869826fdec84593f7,3d233e3d1d9d3c6c,true,2026-09-20T14:23:37+00:00
20260920T142128Z-gpu_h48,electricity_hourly,T27,chronos_bolt,tsfm,168,48,20001,29.40199343363444,40.56841455229406,0.9929378645505065,8.594968333696153,34.31157099998927,1.0751953125,,205292928,true,dcb2c10e4ac97b1d1289825869826fdec84593f7,3d233e3d1d9d3c6c,true,2026-09-20T14:23:37+00:00
20260920T142128Z-gpu_h48,electricity_hourly,T27,chronos_bolt,tsfm,168,48,20002,20.18657652537028,26.154376953825697,0.692440928931234,6.330393141360115,36.687338000092495,1.0751953125,,205292928,true,dcb2c10e4ac97b1d1289825869826fdec84593f7,3d233e3d1d9d3c6c,true,2026-09-20T14:23:37+00:00
20260920T142128Z-gpu_h48,electricity_hourly,T27,chronos_bolt,tsfm,168,48,20003,19.55427837371826,23.291720668670433,0.6913371190315319,6.211862624973933,35.3950689998328,1.0751953125,,205292928,true,dcb2c10e4ac97b1d1289825869826fdec84593f7,3d233e3d1d9d3c6c,true,2026-09-20T14:23:37+00:00
20260920T142128Z-gpu_h48,electricity_hourly,T27,chronos_bolt,tsfm,168,48,20004,22.38299624125163,28.627874978464455,0.8676046995263081,7.098168189172345,35.3607260001354,1.0751953125,,205292928,true,dcb2c10e4ac97b1d1289825869826fdec84593f7,3d233e3d1d9d3c6c,true,2026-09-20T14:23:37+00:00
20260920T142128Z-gpu_h48,electricity_hourly,T27,chronos_bolt,tsfm,168,48,20005,17.383825937906902,22.466262337390916,0.5504113753426988,5.300004855632004,34.74513400010437,1.0751953125,,205292928,true,dcb2c10e4ac97b1d1289825869826fdec84593f7,3d233e3d1d9d3c6c,true,2026-09-20T14:23:37+00:00
20260920T142128Z-gpu_h48,electricity_hourly,T27,chronos_bolt,tsfm,168,48,20006,15.577702522277832,19.925818474327983,0.5349842984040085,4.749108740743354,34.24458999984381,1.0751953125,,205292928,true,dcb2c10e4ac97b1d1289825869826fdec84593f7,3d233e3d1d9d3c6c,true,2026-09-20T14:23:37+00:00
20260920T142128Z-gpu_h48,electricity_hourly,T27,chronos_bolt,tsfm,168,48,20007,21.930022557576496,26.417269463487166,0.8470824163870749,6.735354478761925,33.03344500000094,1.0751953125,,205292928,true,dcb2c10e4ac97b1d1289825869826fdec84593f7,3d233e3d1d9d3c6c,true,2026-09-20T14:23:37+00:00
20260920T142128Z-gpu_h48,electricity_hourly,T27,chronos_bolt,tsfm,168,48,20008,18.352125485738117,25.629875581309143,0.6656690352509544,5.777195870840174,32.865292999986195,1.0751953125,,205292928,true,dcb2c10e4ac97b1d1289825869826fdec84593f7,3d233e3d1d9d3c6c,true,2026-09-20T14:23:37+00:00
20260920T142128Z-gpu_h48,electricity_hourly,T27,chronos_bolt,tsfm,168,48,20009,20.635371843973797,25.265199795296002,0.7484870391768833,6.293997438571101,34.35810499991021,1.0751953125,,205292928,true,dcb2c10e4ac97b1d1289825869826fdec84593f7,3d233e3d1d9d3c6c,true,2026-09-20T14:23:37+00:00
20260920T142128Z-gpu_h48,electricity_hourly,T27,chronos_bolt,tsfm,168,48,20010,13.765300432840982,17.829262700712338,0.5232849161375663,4.155016805074787,32.34912099992471,1.0751953125,,205292928,true,dcb2c10e4ac97b1d1289825869826fdec84593f7,3d233e3d1d9d3c6c,true,2026-09-20T14:23:37+00:00
20260920T142128Z-gpu_h48,electricity_hourly,T27,chronos_bolt,tsfm,168,48,20011,19.322559992472332,24.076154118248006,0.6959601397989034,6.320595409130214,32.77938099995481,1.0751953125,,205292928,true,dcb2c10e4ac97b1d1289825869826fdec84593f7,3d233e3d1d9d3c6c,true,2026-09-20T14:23:37+00:00
20260920T142128Z-gpu_h48,electricity_hourly,T27,chronos_bolt,tsfm,168,48,20012,15.193844159444174,21.664324044825335,0.5210558606715792,4.873034454296293,34.79592400003639,1.0751953125,,205292928,true,dcb2c10e4ac97b1d1289825869826fdec84593f7,3d233e3d1d9d3c6c,true,2026-09-20T14:23:37+00:00
20260920T142128Z-gpu_h48,electricity_hourly,T27,chronos_bolt,tsfm,168,48,20013,19.334694862365723,27.27645705638893,0.7317203837531312,5.527212143500161,32.0529919999899,1.0751953125,,205292928,true,dcb2c10e4ac97b1d1289825869826fdec84593f7,3d233e3d1d9d3c6c,true,2026-09-20T14:23:37+00:00
20260920T142128Z-gpu_h48,electricity_hourly,T27,chronos_bolt,tsfm,168,48,20014,13.10440731048584,16.39544196021004,0.4033849193480036,4.127247878912998,31.83092799986298,1.0751953125,,205292928,true,dcb2c10e4ac97b1d1289825869826fdec84593f7,3d233e3d1d9d3c6c,true,2026-09-20T14:23:37+00:00
20260920T142128Z-gpu_h48,electricity_hourly,T27,chronos_bolt,tsfm,168,48,20015,15.864856402079264,21.168978044150418,0.5305479149789628,4.980838223459823,34.57028000002538,1.0751953125,,205292928,true,dcb2c10e4ac97b1d1289825869826fdec84593f7,3d233e3d1d9d3c6c,true,2026-09-20T14:23:37+00:00
20260920T142128Z-gpu_h48,electricity_hourly,T27,chronos_bolt,tsfm,168,48,20016,21.26670201619466,26.225713806383506,0.5827602455436786,5.915932724903764,33.27539299993987,1.0751953125,,205292928,true,dcb2c10e4ac97b1d1289825869826fdec84593f7,3d233e3d1d9d3c6c,true,2026-09-20T14:23:37+00:00
20260920T142128Z-gpu_h48,electricity_hourly,T27,chronos_bolt,tsfm,168,48,20017,19.422470092773438,26.315344297220438,0.4673856439437458,5.396566003727407,34.37887699988096,1.0751953125,,205292928,true,dcb2c10e4ac97b1d1289825869826fdec84593f7,3d233e3d1d9d3c6c,true,2026-09-20T14:23:37+00:00
20260920T142128Z-gpu_h48,electricity_hourly,T27,chronos_bolt,tsfm,168,48,20018,17.846246083577473,23.733630060367616,0.49136891702393043,4.877550900259813,32.946900000069945,1.0751953125,,205292928,true,dcb2c10e4ac97b1d1289825869826fdec84593f7,3d233e3d1d9d3c6c,true,2026-09-20T14:23:37+00:00
20260920T142128Z-gpu_h48,electricity_hourly,T27,chronos_bolt,tsfm,168,48,20019,32.295268058776855,37.1702302714754,0.7689349537804013,8.579779354602964,33.83601599989561,1.0751953125,,205292928,true,dcb2c10e4ac97b1d1289825869826fdec84593f7,3d233e3d1d9d3c6c,true,2026-09-20T14:23:37+00:00
20260920T142128Z-gpu_h48,electricity_hourly,T27,chronos_bolt,tsfm,168,48,20020,21.300105412801106,27.002666933190337,0.4692801682134883,4.965136172891343,32.65575099999296,1.0751953125,,205292928,true,dcb2c10e4ac97b1d1289825869826fdec84593f7,3d233e3d1d9d3c6c,true,2026-09-20T14:23:37+00:00
20260920T142128Z-gpu_h48,electricity_hourly,T27,chronos_bolt,tsfm,168,48,20021,32.46296374003092,44.95041497701355,0.4722839743952771,7.261780984749905,33.91887800012228,1.0751953125,,205292928,true,dcb2c10e4ac97b1d1289825869826fdec84593f7,3d233e3d1d9d3c6c,true,2026-09-20T14:23:37+00:00
20260920T142128Z-gpu_h48,electricity_hourly,T41,lstm,deep,168,48,30000,725.9538026805923,875.2695839166573,1.8688073864994332,22.600868145493198,360.62995299994327,16.14599609375,0.3421946369999205,4513,false,dcb2c10e4ac97b1d1289825869826fdec84593f7,3d233e3d1d9d3c6c,true,2026-09-20T14:23:49+00:00
20260920T142128Z-gpu_h48,electricity_hourly,T41,lstm,deep,168,48,30001,643.5957200208429,767.9687994022123,1.6589300054237173,18.726375328255653,362.910255000088,16.10986328125,0.34379641900000024,4513,false,dcb2c10e4ac97b1d1289825869826fdec84593f7,3d233e3d1d9d3c6c,true,2026-09-20T14:23:49+00:00
20260920T142128Z-gpu_h48,electricity_hourly,T41,lstm,deep,168,48,30002,521.0728020382768,651.137126510379,1.982731304658912,14.992937084166028,366.8091130000448,16.10986328125,0.3489735519999613,4513,false,dcb2c10e4ac97b1d1289825869826fdec84593f7,3d233e3d1d9d3c6c,true,2026-09-20T14:23:49+00:00
20260920T142128Z-gpu_h48,electricity_hourly,T41,lstm,deep,168,48,30003,240.06609324782926,316.7041319241937,0.7271822593594188,6.97002732267307,363.4548329998779,16.10986328125,0.34538288299995656,4513,false,dcb2c10e4ac97b1d1289825869826fdec84593f7,3d233e3d1d9d3c6c,true,2026-09-20T14:23:49+00:00
20260920T142128Z-gpu_h48,electricity_hourly,T41,lstm,deep,168,48,30004,469.03892681999696,567.628043893535,1.8741774089039227,13.844088370441138,382.3535989999982,16.10986328125,0.36396363499989093,4513,false,dcb2c10e4ac97b1d1289825869826fdec84593f7,3d233e3d1d9d3c6c,true,2026-09-20T14:23:49+00:00
20260920T142128Z-gpu_h48,electricity_hourly,T41,lstm,deep,168,48,30005,359.9265152430944,439.8500459571905,1.1387076675236312,9.634602736651232,348.83914199986066,16.10986328125,0.33102688700000726,4513,false,dcb2c10e4ac97b1d1289825869826fdec84593f7,3d233e3d1d9d3c6c,true,2026-09-20T14:23:49+00:00
20260920T142128Z-gpu_h48,electricity_hourly,T41,lstm,deep,168,48,30006,671.2571259233241,842.6248791996812,1.8227611942854736,18.52147736259831,335.235320000038,16.10986328125,0.318327237999938,4513,false,dcb2c10e4ac97b1d1289825869826fdec84593f7,3d233e3d1d9d3c6c,true,2026-09-20T14:23:49+00:00
20260920T142128Z-gpu_h48,electricity_hourly,T41,lstm,deep,168,48,30007,370.6135516168021,465.188138259105,1.3825281444697037,10.596049884543774,343.3267209998121,16.10986328125,0.3258162090000951,4513,false,dcb2c10e4ac97b1d1289825869826fdec84593f7,3d233e3d1d9d3c6c,true,2026-09-20T14:23:49+00:00
20260920T142128Z-gpu_h48,electricity_hourly,T41,lstm,deep,168,48,30008,160.1749400272133,207.88099073461507,0.5530557814151472,4.881703208767412,352.7173600000424,16.10986328125,0.3357592239999576,4513,false,dcb2c10e4ac97b1d1289825869826fdec84593f7,3d233e3d1d9d3c6c,true,2026-09-20T14:23:49+00:00
20260920T142128Z-gpu_h48,electricity_hourly,T41,lstm,deep,168,48,30009,360.33748853955586,498.77202056552954,1.7356948770595768,10.621568498347301,353.7208010000086,16.10986328125,0.33705713300014395,4513,false,dcb2c10e4ac97b1d1289825869826fdec84593f7,3d233e3d1d9d3c6c,true,2026-09-20T14:23:49+00:00
20260920T142128Z-gpu_h48,electricity_hourly,T41,lstm,deep,168,48,30010,276.21499512814336,328.36418180227685,0.8054546048854369,7.77465866641589,376.7071519998808,16.10986328125,0.357841881000013,4513,false,dcb2c10e4ac97b1d1289825869826fdec84593f7,3d233e3d1d9d3c6c,true,2026-09-20T14:23:49+00:00
20260920T142128Z-gpu_h48,electricity_hourly,T41,lstm,deep,168,48,30011,511.1850627720519,584.1346847295175,1.7340961869343323,14.469527564850571,379.02534099998775,16.10986328125,0.3608894829999372,4513,false,dcb2c10e4ac97b1d1289825869826fdec84593f7,3d233e3d1d9d3c6c,true,2026-09-20T14:23:49+00:00
20260920T142128Z-gpu_h48,electricity_hourly,T41,lstm,deep,168,48,30012,229.5614134203049,300.49485792410144,0.7149125961314886,6.386629480293187,356.2389769999754,16.10986328125,0.3393562750000001,4513,false,dcb2c10e4ac97b1d1289825869826fdec84593f7,3d233e3d1d9d3c6c,true,2026-09-20T14:23:49+00:00
20260920T142128Z-gpu_h48,electricity_hourly,T41,lstm,deep,168,48,30013,317.3093889788963,385.4279757873113,0.9602099779969124,9.444384001839172,337.73370599988084,16.10986328125,0.3209869339998477,4513,false,dcb2c10e4ac97b1d1289825869826fdec84593f7,3d233e3d1d9d3c6c,true,2026-09-20T14:23:49+00:00
20260920T142128Z-gpu_h48,electricity_hourly,T41,lstm,deep,168,48,30014,282.4592195850658,355.2184954045674,0.9536947553342278,7.637864553498986,343.7649140000758,16.10986328125,0.3272995100001026,4513,false,dcb2c10e4ac97b1d1289825869826fdec84593f7,3d233e3d1d9d3c6c,true,2026-09-20T14:23:49+00:00
20260920T142128Z-gpu_h48,electricity_hourly,T41,lstm,deep,168,48,30015,436.3606419396899,629.9511114173647,1.2559148632738117,11.07055433976386,344.9074609998206,16.10986328125,0.32817912900009105,4513,false,dcb2c10e4ac97b1d1289825869826fdec84593f7,3d233e3d1d9d3c6c,true,2026-09-20T14:23:49+00:00
20260920T142128Z-gpu_h48,electricity_hourly,T41,lstm,deep,168,48,30016,795.7876482397181,993.6383032868272,2.4323616349660258,20.797630144907167,346.81608800019603,16.10986328125,0.3301668920000793,4513,false,dcb2c10e4ac97b1d1289825869826fdec84593f7,3d233e3d1d9d3c6c,true,2026-09-20T14:23:49+00:00
20260920T142128Z-gpu_h48,electricity_hourly,T41,lstm,deep,168,48,30017,308.96784794744025,389.0321264060307,0.8779054461301801,7.9579882912567665,345.81652599990775,16.10986328125,0.32851634500002547,4513,false,dcb2c10e4ac97b1d1289825869826fdec84593f7,3d233e3d1d9d3c6c,true,2026-09-20T14:23:49+00:00
20260920T142128Z-gpu_h48,electricity_hourly,T41,lstm,deep,168,48,30018,880.1577678027564,1099.8059051014084,2.7218451318285606,22.983286984670404,342.0064669999192,16.10986328125,0.3251267379998808,4513,false,dcb2c10e4ac97b1d1289825869826fdec84593f7,3d233e3d1d9d3c6c,true,2026-09-20T14:23:49+00:00
20260920T142128Z-gpu_h48,electricity_hourly,T41,lstm,deep,168,48,30019,317.9737963208069,390.1647017161169,0.784447947065208,7.561950781342736,324.66560200009553,16.10986328125,0.30834626000000753,4513,false,dcb2c10e4ac97b1d1289825869826fdec84593f7,3d233e3d1d9d3c6c,true,2026-09-20T14:23:49+00:00
20260920T142128Z-gpu_h48,electricity_hourly,T41,lstm,deep,168,48,30020,957.1319634717929,1233.862274413058,2.7676104967859074,21.67374089894627,327.693495999938,16.10986328125,0.3107306910001171,4513,false,dcb2c10e4ac97b1d1289825869826fdec84593f7,3d233e3d1d9d3c6c,true,2026-09-20T14:23:49+00:00
20260920T142128Z-gpu_h48,electricity_hourly,T41,lstm,deep,168,48,30021,705.3574273294595,869.093286727311,1.1542999469900466,14.584559422032298,328.4995579999759,16.10986328125,0.3121470369999315,4513,false,dcb2c10e4ac97b1d1289825869826fdec84593f7,3d233e3d1d9d3c6c,true,2026-09-20T14:23:49+00:00
20260920T142128Z-gpu_h48,electricity_hourly,T41,transformer,deep,168,48,30000,640.1877458356661,809.6675008855799,1.64802165612528,20.164508097460796,578.4227710000778,10.6845703125,0.5763822999999775,19232,false,dcb2c10e4ac97b1d1289825869826fdec84593f7,3d233e3d1d9d3c6c,true,2026-09-20T14:24:07+00:00
20260920T142128Z-gpu_h48,electricity_hourly,T41,transformer,deep,168,48,30001,413.9404906969672,503.4073460439101,1.0669715150603816,12.382573435810167,579.3807779998588,10.525390625,0.5772264430001997,19232,false,dcb2c10e4ac97b1d1289825869826fdec84593f7,3d233e3d1d9d3c6c,true,2026-09-20T14:24:07+00:00
20260920T142128Z-gpu_h48,electricity_hourly,T41,transformer,deep,168,48,30002,300.3601530908263,352.78612948520504,1.1428987962445565,8.638095571213045,615.7208050001373,10.525390625,0.6135978530001012,19232,false,dcb2c10e4ac97b1d1289825869826fdec84593f7,3d233e3d1d9d3c6c,true,2026-09-20T14:24:07+00:00
20260920T142128Z-gpu_h48,electricity_hourly,T41,transformer,deep,168,48,30003,401.3164388610882,508.1627759990056,1.215624375691468,11.62723995299752,605.5388730001141,10.525390625,0.6035973539999304,19232,false,dcb2c10e4ac97b1d1289825869826fdec84593f7,3d233e3d1d9d3c6c,true,2026-09-20T14:24:07+00:00
20260920T142128Z-gpu_h48,electricity_hourly,T41,transformer,deep,168,48,30004,519.8484020459247,639.9635947033556,2.077201007120627,15.054183434327713,570.4246529999182,10.525390625,0.5684849250001207,19232,false,dcb2c10e4ac97b1d1289825869826fdec84593f7,3d233e3d1d9d3c6c,true,2026-09-20T14:24:07+00:00
20260920T142128Z-gpu_h48,electricity_hourly,T41,transformer,deep,168,48,30005,386.92457949697524,466.1888659783483,1.2241220548282898,10.670103342418573,576.9558780000352,10.525390625,0.5749413510000068,19232,false,dcb2c10e4ac97b1d1289825869826fdec84593f7,3d233e3d1d9d3c6c,true,2026-09-20T14:24:07+00:00
20260920T142128Z-gpu_h48,electricity_hourly,T41,transformer,deep,168,48,30006,549.7450697869841,711.2063935075237,1.492801999798712,15.85998179067906,573.7854540000171,10.525390625,0.571671841999887,19232,false,dcb2c10e4ac97b1d1289825869826fdec84593f7,3d233e3d1d9d3c6c,true,2026-09-20T14:24:07+00:00
20260920T142128Z-gpu_h48,electricity_hourly,T41,transformer,deep,168,48,30007,275.4854879460543,357.04379736530865,1.0276646356207404,8.103098835175294,596.7799580000701,10.525390625,0.5947287199999209,19232,false,dcb2c10e4ac97b1d1289825869826fdec84593f7,3d233e3d1d9d3c6c,true,2026-09-20T14:24:07+00:00
20260920T142128Z-gpu_h48,electricity_hourly,T41,transformer,deep,168,48,30008,227.60003186969877,285.39000278516335,0.7858627164425518,7.328716950945478,606.1304970000947,10.525390625,0.6041068360000281,19232,false,dcb2c10e4ac97b1d1289825869826fdec84593f7,3d233e3d1d9d3c6c,true,2026-09-20T14:24:07+00:00
20260920T142128Z-gpu_h48,electricity_hourly,T41,transformer,deep,168,48,30009,834.206961896245,1028.120835983807,4.018257317713975,24.5999542248994,635.5342059998748,10.525390625,0.6332775280000078,19232,false,dcb2c10e4ac97b1d1289825869826fdec84593f7,3d233e3d1d9d3c6c,true,2026-09-20T14:24:07+00:00
20260920T142128Z-gpu_h48,electricity_hourly,T41,transformer,deep,168,48,30010,700.8834744093841,813.3301010481312,2.0438058465625395,19.57779481233964,613.8328199999705,10.525390625,0.6115844410001046,19232,false,dcb2c10e4ac97b1d1289825869826fdec84593f7,3d233e3d1d9d3c6c,true,2026-09-20T14:24:07+00:00
20260920T142128Z-gpu_h48,electricity_hourly,T41,transformer,deep,168,48,30011,815.0444248811073,942.9486926287974,2.76488014282738,23.463550547935764,582.3588470000232,10.525390625,0.5802520469999308,19232,false,dcb2c10e4ac97b1d1289825869826fdec84593f7,3d233e3d1d9d3c6c,true,2026-09-20T14:24:07+00:00
20260920T142128Z-gpu_h48,electricity_hourly,T41,transformer,deep,168,48,30012,464.73956054586034,590.2936372579909,1.4473171288004474,12.911121779922475,574.8446449999847,10.525390625,0.5729094260000238,19232,false,dcb2c10e4ac97b1d1289825869826fdec84593f7,3d233e3d1d9d3c6c,true,2026-09-20T14:24:07+00:00
20260920T142128Z-gpu_h48,electricity_hourly,T41,transformer,deep,168,48,30013,345.2535522187227,430.42945969451387,1.0447718135480197,10.06925796978223,577.7008570000817,10.525390625,0.575378548000117,19232,false,dcb2c10e4ac97b1d1289825869826fdec84593f7,3d233e3d1d9d3c6c,true,2026-09-20T14:24:07+00:00
20260920T142128Z-gpu_h48,electricity_hourly,T41,transformer,deep,168,48,30014,692.8464473838077,854.4696894018392,2.339325386838339,18.301019422730246,627.2260440000537,10.525390625,0.6251296469999943,19232,false,dcb2c10e4ac97b1d1289825869826fdec84593f7,3d233e3d1d9d3c6c,true,2026-09-20T14:24:07+00:00
20260920T142128Z-gpu_h48,electricity_hourly,T41,transformer,deep,168,48,30015,196.0725256520983,281.30652233273844,0.5643277041473888,5.262549121266725,637.0332540000163,10.525390625,0.6351009770000928,19232,false,dcb2c10e4ac97b1d1289825869826fdec84593f7,3d233e3d1d9d3c6c,true,2026-09-20T14:24:07+00:00
20260920T142128Z-gpu_h48,electricity_hourly,T41,transformer,deep,168,48,30016,962.3399144705339,1206.3558605639926,2.9414363152436085,24.137553468102226,578.7323109998397,10.525390625,0.5766710200000489,19232,false,dcb2c10e4ac97b1d1289825869826fdec84593f7,3d233e3d1d9d3c6c,true,2026-09-20T14:24:07+00:00
20260920T142128Z-gpu_h48,electricity_hourly,T41,transformer,deep,168,48,30017,338.8836184208123,418.65016698912655,0.9629085233054514,8.89289628746894,571.994284000084,10.525390625,0.5698445040000024,19232,false,dcb2c10e4ac97b1d1289825869826fdec84593f7,3d233e3d1d9d3c6c,true,2026-09-20T14:24:07+00:00
20260920T142128Z-gpu_h48,electricity_hourly,T41,transformer,deep,168,48,30018,801.6028878836077,1013.457228040872,2.4789179825027277,21.437624734623864,576.1073379999289,10.525390625,0.5741653570000835,19232,false,dcb2c10e4ac97b1d1289825869826fdec84593f7,3d233e3d1d9d3c6c,true,2026-09-20T14:24:07+00:00
20260920T142128Z-gpu_h48,electricity_hourly,T41,transformer,deep,168,48,30019,362.0908936383719,477.4781599077137,0.8932857406874345,8.54114863126059,561.6062420001526,10.525390625,0.5596421850000297,19232,false,dcb2c10e4ac97b1d1289825869826fdec84593f7,3d233e3d1d9d3c6c,true,2026-09-20T14:24:07+00:00
20260920T142128Z-gpu_h48,electricity_hourly,T41,transformer,deep,168,48,30020,611.4913249399511,743.1471371742645,1.7681676865733529,13.682606067053046,574.7295599999234,10.525390625,0.5727464560000044,19232,false,dcb2c10e4ac97b1d1289825869826fdec84593f7,3d233e3d1d9d3c6c,true,2026-09-20T14:24:07+00:00
20260920T142128Z-gpu_h48,electricity_hourly,T41,transformer,deep,168,48,30021,798.2664053150866,982.4502851705819,1.3063431866419581,16.631012750253568,584.3863810000585,10.525390625,0.5822226119998959,19232,false,dcb2c10e4ac97b1d1289825869826fdec84593f7,3d233e3d1d9d3c6c,true,2026-09-20T14:24:07+00:00
20260920T142128Z-gpu_h48,electricity_hourly,T41,timesfm25,tsfm,168,48,30000,174.28899129231772,224.04489432939516,0.44866843194418377,5.186986770272312,117.5860329999523,11.94287109375,,231289280,true,dcb2c10e4ac97b1d1289825869826fdec84593f7,3d233e3d1d9d3c6c,true,2026-09-20T14:24:14+00:00
20260920T142128Z-gpu_h48,electricity_hourly,T41,timesfm25,tsfm,168,48,30001,290.7356923421224,370.1530538771055,0.7493992714220746,8.369885901434838,114.95842900012576,11.94287109375,,231289280,true,dcb2c10e4ac97b1d1289825869826fdec84593f7,3d233e3d1d9d3c6c,true,2026-09-20T14:24:14+00:00
20260920T142128Z-gpu_h48,electricity_hourly,T41,timesfm25,tsfm,168,48,30002,249.38206990559897,326.2309824658871,0.9489223672552123,7.119351074513395,118.79733600017062,11.94287109375,,231289280,true,dcb2c10e4ac97b1d1289825869826fdec84593f7,3d233e3d1d9d3c6c,true,2026-09-20T14:24:14+00:00
20260920T142128Z-gpu_h48,electricity_hourly,T41,timesfm25,tsfm,168,48,30003,205.98340861002603,261.0376800394411,0.623942675273854,5.911041080359702,116.74091299983047,11.94287109375,,231289280,true,dcb2c10e4ac97b1d1289825869826fdec84593f7,3d233e3d1d9d3c6c,true,2026-09-20T14:24:14+00:00
20260920T142128Z-gpu_h48,electricity_hourly,T41,timesfm25,tsfm,168,48,30004,299.3280792236328,379.98664483945015,1.1960498198624543,8.726395307334082,111.29261099995347,11.94287109375,,231289280,true,dcb2c10e4ac97b1d1289825869826fdec84593f7,3d233e3d1d9d3c6c,true,2026-09-20T14:24:14+00:00
20260920T142128Z-gpu_h48,electricity_hourly,T41,timesfm25,tsfm,168,48,30005,205.42070515950522,243.3562076866627,0.6498941370719913,5.531062977850289,121.72461700015447,11.94287109375,,231289280,true,dcb2c10e4ac97b1d1289825869826fdec84593f7,3d233e3d1d9d3c6c,true,2026-09-20T14:24:14+00:00
20260920T142128Z-gpu_h48,electricity_hourly,T41,timesfm25,tsfm,168,48,30006,352.77215067545575,423.6210796334604,0.9579330510515863,10.724794686713768,120.00766199980717,11.94287109375,,231289280,true,dcb2c10e4ac97b1d1289825869826fdec84593f7,3d233e3d1d9d3c6c,true,2026-09-20T14:24:14+00:00
20260920T142128Z-gpu_h48,electricity_hourly,T41,timesfm25,tsfm,168,48,30007,223.68716939290366,291.03084405392184,0.8344373968337943,6.230482998494841,119.61945199982438,11.94287109375,,231289280,true,dcb2c10e4ac97b1d1289825869826fdec84593f7,3d233e3d1d9d3c6c,true,2026-09-20T14:24:14+00:00
20260920T142128Z-gpu_h48,electricity_hourly,T41,timesfm25,tsfm,168,48,30008,150.77723693847656,191.66444651623434,0.520607172260895,4.663555112158055,123.67530899996382,11.94287109375,,231289280,true,dcb2c10e4ac97b1d1289825869826fdec84593f7,3d233e3d1d9d3c6c,true,2026-09-20T14:24:14+00:00
20260920T142128Z-gpu_h48,electricity_hourly,T41,timesfm25,tsfm,168,48,30009,435.43092346191406,545.4991034981449,2.0974093653960737,12.75333140395644,114.3677249999655,11.94287109375,,231289280,true,dcb2c10e4ac97b1d1289825869826fdec84593f7,3d233e3d1d9d3c6c,true,2026-09-20T14:24:14+00:00
20260920T142128Z-gpu_h48,electricity_hourly,T41,timesfm25,tsfm,168,48,30010,222.78471883138022,260.2235056029443,0.6496496600323752,6.368535655991243,118.26204099997994,11.94287109375,,231289280,true,dcb2c10e4ac97b1d1289825869826fdec84593f7,3d233e3d1d9d3c6c,true,2026-09-20T14:24:14+00:00
20260920T142128Z-gpu_h48,electricity_hourly,T41,timesfm25,tsfm,168,48,30011,234.03081258138022,311.7099541537882,0.7939041440721513,7.184632940018811,112.21629200008465,11.94287109375,,231289280,true,dcb2c10e4ac97b1d1289825869826fdec84593f7,3d233e3d1d9d3c6c,true,2026-09-20T14:24:14+00:00
20260920T142128Z-gpu_h48,electricity_hourly,T41,timesfm25,tsfm,168,48,30012,241.63568623860678,306.0444054389459,0.7525149509798952,6.541399711129054,114.2737790000865,11.94287109375,,231289280,true,dcb2c10e4ac97b1d1289825869826fdec84593f7,3d233e3d1d9d3c6c,true,2026-09-20T14:24:14+00:00
20260920T142128Z-gpu_h48,electricity_hourly,T41,timesfm25,tsfm,168,48,30013,283.3297424316406,324.83228774790973,0.857384165724294,8.30578981459932,117.3791710000387,11.94287109375,,231289280,true,dcb2c10e4ac97b1d1289825869826fdec84593f7,3d233e3d1d9d3c6c,true,2026-09-20T14:24:14+00:00
20260920T142128Z-gpu_h48,electricity_hourly,T41,timesfm25,tsfm,168,48,30014,187.42300923665366,234.9307084785378,0.6328146810025588,5.1295317501188995,113.03084799988028,11.94287109375,,231289280,true,dcb2c10e4ac97b1d1289825869826fdec84593f7,3d233e3d1d9d3c6c,true,2026-09-20T14:24:14+00:00
20260920T142128Z-gpu_h48,electricity_hourly,T41,timesfm25,tsfm,168,48,30015,205.7940470377604,276.6522932958622,0.592307778490516,5.364548256085778,126.39121699999123,11.94287109375,,231289280,true,dcb2c10e4ac97b1d1289825869826fdec84593f7,3d233e3d1d9d3c6c,true,2026-09-20T14:24:14+00:00
20260920T142128Z-gpu_h48,electricity_hourly,T41,timesfm25,tsfm,168,48,30016,415.2145741780599,539.6579890689983,1.2691224885727759,10.41282363468402,124.93258299991794,11.94287109375,,231289280,true,dcb2c10e4ac97b1d1289825869826fdec84593f7,3d233e3d1d9d3c6c,true,2026-09-20T14:24:14+00:00
20260920T142128Z-gpu_h48,electricity_hourly,T41,timesfm25,tsfm,168,48,30017,293.93335978190106,350.3597259169023,0.8351862469384509,7.227351790693957,119.31385200000477,11.94287109375,,231289280,true,dcb2c10e4ac97b1d1289825869826fdec84593f7,3d233e3d1d9d3c6c,true,2026-09-20T14:24:14+00:00
20260920T142128Z-gpu_h48,electricity_hourly,T41,timesfm25,tsfm,168,48,30018,244.4316151936849,321.52469284217653,0.7558928935443064,7.015252597621173,120.43128000004799,11.94287109375,,231289280,true,dcb2c10e4ac97b1d1289825869826fdec84593f7,3d233e3d1d9d3c6c,true,2026-09-20T14:24:14+00:00
20260920T142128Z-gpu_h48,electricity_hourly,T41,timesfm25,tsfm,168,48,30019,360.9468129475911,440.7594762192615,0.8904632699066836,8.64544430453714,119.41810799999075,11.94287109375,,231289280,true,dcb2c10e4ac97b1d1289825869826fdec84593f7,3d233e3d1d9d3c6c,true,2026-09-20T14:24:14+00:00
20260920T142128Z-gpu_h48,electricity_hourly,T41,timesfm25,tsfm,168,48,30020,457.75909423828125,562.3953919287173,1.323640754423946,9.920390955847997,120.75036700002784,11.94287109375,,231289280,true,dcb2c10e4ac97b1d1289825869826fdec84593f7,3d233e3d1d9d3c6c,true,2026-09-20T14:24:14+00:00
20260920T142128Z-gpu_h48,electricity_hourly,T41,timesfm25,tsfm,168,48,30021,294.05804443359375,361.060573175898,0.48121870125733,5.939544224488741,109.60695700009637,11.94287109375,,231289280,true,dcb2c10e4ac97b1d1289825869826fdec84593f7,3d233e3d1d9d3c6c,true,2026-09-20T14:24:14+00:00
20260920T142128Z-gpu_h48,electricity_hourly,T41,chronos_bolt,tsfm,168,48,30000,135.1652577718099,167.79174201453475,0.3479530394211561,4.1638818563198505,35.468932999947356,1.0751953125,,205292928,true,dcb2c10e4ac97b1d1289825869826fdec84593f7,3d233e3d1d9d3c6c,true,2026-09-20T14:24:19+00:00
20260920T142128Z-gpu_h48,electricity_hourly,T41,chronos_bolt,tsfm,168,48,30001,237.02883911132812,303.428447076595,0.6109646803428069,6.779275480306309,35.2341239999987,1.0751953125,,205292928,true,dcb2c10e4ac97b1d1289825869826fdec84593f7,3d233e3d1d9d3c6c,true,2026-09-20T14:24:19+00:00
20260920T142128Z-gpu_h48,electricity_hourly,T41,chronos_bolt,tsfm,168,48,30002,189.690673828125,249.87790155808352,0.7217909584412324,5.281456380432644,32.843120000052295,1.0751953125,,205292928,true,dcb2c10e4ac97b1d1289825869826fdec84593f7,3d233e3d1d9d3c6c,true,2026-09-20T14:24:19+00:00
20260920T142128Z-gpu_h48,electricity_hourly,T41,chronos_bolt,tsfm,168,48,30003,156.9078572591146,209.21336969329266,0.4752883200175119,4.500522852588381,34.67036699998971,1.0751953125,,205292928,true,dcb2c10e4ac97b1d1289825869826fdec84593f7,3d233e3d1d9d3c6c,true,2026-09-20T14:24:19+00:00
20260920T142128Z-gpu_h48,electricity_hourly,T41,chronos_bolt,tsfm,168,48,30004,272.08751424153644,366.3033633711121,1.0872024543754162,7.814886554244177,34.058765000054336,1.0751953125,,205292928,true,dcb2c10e4ac97b1d1289825869826fdec84593f7,3d233e3d1d9d3c6c,true,2026-09-20T14:24:19+00:00
20260920T142128Z-gpu_h48,electricity_hourly,T41,chronos_bolt,tsfm,168,48,30005,212.7661590576172,268.90521162384846,0.673133115921805,5.71071976082909,34.761396999783756,1.0751953125,,205292928,true,dcb2c10e4ac97b1d1289825869826fdec84593f7,3d233e3d1d9d3c6c,true,2026-09-20T14:24:19+00:00
20260920T142128Z-gpu_h48,electricity_hourly,T41,chronos_bolt,tsfm,168,48,30006,409.730219523112,464.74767320086397,1.112599502382201,12.271512866196447,34.56113600009303,1.0751953125,,205292928,true,dcb2c10e4ac97b1d1289825869826fdec84593f7,3d233e3d1d9d3c6c,true,2026-09-20T14:24:19+00:00
20260920T142128Z-gpu_h48,electricity_hourly,T41,chronos_bolt,tsfm,168,48,30007,193.05977884928384,247.68899899842341,0.7201856938577502,5.43117702252022,32.56529500004035,1.0751953125,,205292928,true,dcb2c10e4ac97b1d1289825869826fdec84593f7,3d233e3d1d9d3c6c,true,2026-09-20T14:24:19+00:00
20260920T142128Z-gpu_h48,electricity_hourly,T41,chronos_bolt,tsfm,168,48,30008,167.25296529134116,213.701845449952,0.5774949526903999,5.126273792108909,35.32003099985559,1.0751953125,,205292928,true,dcb2c10e4ac97b1d1289825869826fdec84593f7,3d233e3d1d9d3c6c,true,2026-09-20T14:24:19+00:00
20260920T142128Z-gpu_h48,electricity_hourly,T41,chronos_bolt,tsfm,168,48,30009,316.9626210530599,393.139451672103,1.5267642559505143,9.24095677711066,32.93792600015877,1.0751953125,,205292928,true,dcb2c10e4ac97b1d1289825869826fdec84593f7,3d233e3d1d9d3c6c,true,2026-09-20T14:24:19+00:00
20260920T142128Z-gpu_h48,electricity_hourly,T41,chronos_bolt,tsfm,168,48,30010,216.9017588297526,251.75974410949658,0.6324946999207074,6.266734205910383,32.96429600004558,1.0751953125,,205292928,true,dcb2c10e4ac97b1d1289825869826fdec84593f7,3d233e3d1d9d3c6c,true,2026-09-20T14:24:19+00:00
20260920T142128Z-gpu_h48,electricity_hourly,T41,chronos_bolt,tsfm,168,48,30011,166.7314453125,218.1767924195264,0.5656040925581286,5.107975605050002,35.52376000016011,1.0751953125,,205292928,true,dcb2c10e4ac97b1d1289825869826fdec84593f7,3d233e3d1d9d3c6c,true,2026-09-20T14:24:19+00:00
20260920T142128Z-gpu_h48,electricity_hourly,T41,chronos_bolt,tsfm,168,48,30012,207.76425170898438,256.07128686648537,0.6470306937021507,5.826864377512311,33.23317800004588,1.0751953125,,205292928,true,dcb2c10e4ac97b1d1289825869826fdec84593f7,3d233e3d1d9d3c6c,true,2026-09-20T14:24:19+00:00
20260920T142128Z-gpu_h48,electricity_hourly,T41,chronos_bolt,tsfm,168,48,30013,221.44360860188803,269.78529813241437,0.6701105291193182,6.535751283998685,32.76513099990552,1.0751953125,,205292928,true,dcb2c10e4ac97b1d1289825869826fdec84593f7,3d233e3d1d9d3c6c,true,2026-09-20T14:24:19+00:00
20260920T142128Z-gpu_h48,electricity_hourly,T41,chronos_bolt,tsfm,168,48,30014,133.10891723632812,178.07644116759172,0.4494286872384171,3.884424805936971,35.602654000058465,1.0751953125,,205292928,true,dcb2c10e4ac97b1d1289825869826fdec84593f7,3d233e3d1d9d3c6c,true,2026-09-20T14:24:19+00:00
20260920T142128Z-gpu_h48,electricity_hourly,T41,chronos_bolt,tsfm,168,48,30015,181.9618937174479,241.53312669591722,0.5237150762574452,4.855673869882249,33.101412999940294,1.0751953125,,205292928,true,dcb2c10e4ac97b1d1289825869826fdec84593f7,3d233e3d1d9d3c6c,true,2026-09-20T14:24:19+00:00
20260920T142128Z-gpu_h48,electricity_hourly,T41,chronos_bolt,tsfm,168,48,30016,230.3786875406901,279.2177684002706,0.7041630795945698,6.193244470276475,35.24269100012134,1.0751953125,,205292928,true,dcb2c10e4ac97b1d1289825869826fdec84593f7,3d233e3d1d9d3c6c,true,2026-09-20T14:24:19+00:00
20260920T142128Z-gpu_h48,electricity_hourly,T41,chronos_bolt,tsfm,168,48,30017,245.37120564778647,312.6630389778396,0.6972010815777985,6.135541267518874,34.8935290001009,1.0751953125,,205292928,true,dcb2c10e4ac97b1d1289825869826fdec84593f7,3d233e3d1d9d3c6c,true,2026-09-20T14:24:19+00:00
20260920T142128Z-gpu_h48,electricity_hourly,T41,chronos_bolt,tsfm,168,48,30018,205.83428446451822,262.8643907636952,0.6365325236312815,5.903655912287889,37.38850000013372,1.0751953125,,205292928,true,dcb2c10e4ac97b1d1289825869826fdec84593f7,3d233e3d1d9d3c6c,true,2026-09-20T14:24:19+00:00
20260920T142128Z-gpu_h48,electricity_hourly,T41,chronos_bolt,tsfm,168,48,30019,303.4623158772786,377.59208640677656,0.7486478239905452,7.298440010909752,35.39419799994903,1.0751953125,,205292928,true,dcb2c10e4ac97b1d1289825869826fdec84593f7,3d233e3d1d9d3c6c,true,2026-09-20T14:24:19+00:00
20260920T142128Z-gpu_h48,electricity_hourly,T41,chronos_bolt,tsfm,168,48,30020,344.49127705891925,421.53567678903255,0.9961193553510919,7.559829277538577,35.82047899999452,1.0751953125,,205292928,true,dcb2c10e4ac97b1d1289825869826fdec84593f7,3d233e3d1d9d3c6c,true,2026-09-20T14:24:19+00:00
20260920T142128Z-gpu_h48,electricity_hourly,T41,chronos_bolt,tsfm,168,48,30021,313.81776428222656,375.910690811938,0.5135549930295318,6.559156981033,34.31855799999539,1.0751953125,,205292928,true,dcb2c10e4ac97b1d1289825869826fdec84593f7,3d233e3d1d9d3c6c,true,2026-09-20T14:24:19+00:00
20260920T142128Z-gpu_h48,electricity_hourly,T54,lstm,deep,168,48,40000,17.347376958557465,20.474269198763807,1.166210215701342,8.698752636712834,331.786098000066,16.14599609375,0.31094480299998395,4513,false,dcb2c10e4ac97b1d1289825869826fdec84593f7,3d233e3d1d9d3c6c,true,2026-09-20T14:24:31+00:00
20260920T142128Z-gpu_h48,electricity_hourly,T54,lstm,deep,168,48,40001,37.396906725838384,49.37031715769941,1.634837452495667,18.280872264877,326.5645339999992,16.10986328125,0.30757610199998453,4513,false,dcb2c10e4ac97b1d1289825869826fdec84593f7,3d233e3d1d9d3c6c,true,2026-09-20T14:24:31+00:00
20260920T142128Z-gpu_h48,electricity_hourly,T54,lstm,deep,168,48,40002,52.275371703471286,61.97123628250468,3.542425188376407,24.338820323611422,340.1419120000355,16.10986328125,0.32244296599992595,4513,false,dcb2c10e4ac97b1d1289825869826fdec84593f7,3d233e3d1d9d3c6c,true,2026-09-20T14:24:31+00:00
20260920T142128Z-gpu_h48,electricity_hourly,T54,lstm,deep,168,48,40003,11.027239801880834,13.813108274418639,0.5068377055444749,5.157053025507447,346.99230599994735,16.10986328125,0.32903893699995024,4513,false,dcb2c10e4ac97b1d1289825869826fdec84593f7,3d233e3d1d9d3c6c,true,2026-09-20T14:24:31+00:00
20260920T142128Z-gpu_h48,electricity_hourly,T54,lstm,deep,168,48,40004,27.18349347257679,33.931254236104735,1.4239443652422907,12.197021521613483,340.44482300009804,16.10986328125,0.32268814700000803,4513,false,dcb2c10e4ac97b1d1289825869826fdec84593f7,3d233e3d1d9d3c6c,true,2026-09-20T14:24:31+00:00
20260920T142128Z-gpu_h48,electricity_hourly,T54,lstm,deep,168,48,40005,29.37306279343798,36.43436822850311,0.8679911845382863,12.646568761967872,343.2194800000161,16.10986328125,0.32447494600000937,4513,false,dcb2c10e4ac97b1d1289825869826fdec84593f7,3d233e3d1d9d3c6c,true,2026-09-20T14:24:31+00:00
20260920T142128Z-gpu_h48,electricity_hourly,T54,lstm,deep,168,48,40006,42.92672156694797,51.146695692360474,1.7218517843009769,17.564272105506703,337.26241499994103,16.10986328125,0.3204096079998635,4513,false,dcb2c10e4ac97b1d1289825869826fdec84593f7,3d233e3d1d9d3c6c,true,2026-09-20T14:24:31+00:00
20260920T142128Z-gpu_h48,electricity_hourly,T54,lstm,deep,168,48,40007,58.99296443280806,69.273341192749,2.318500785568876,26.679629540658826,342.5421140000253,16.10986328125,0.3252926390000539,4513,false,dcb2c10e4ac97b1d1289825869826fdec84593f7,3d233e3d1d9d3c6c,true,2026-09-20T14:24:31+00:00
20260920T142128Z-gpu_h48,electricity_hourly,T54,lstm,deep,168,48,40008,27.118071452148854,32.72037893359702,1.3818125580712792,11.992429338866186,368.00439900002857,16.10986328125,0.34969132800006264,4513,false,dcb2c10e4ac97b1d1289825869826fdec84593f7,3d233e3d1d9d3c6c,true,2026-09-20T14:24:31+00:00
20260920T142128Z-gpu_h48,electricity_hourly,T54,lstm,deep,168,48,40009,20.439927666830414,29.202071799667472,1.0734316498991903,8.936094582470988,351.5362420000656,16.10986328125,0.33383934999983467,4513,false,dcb2c10e4ac97b1d1289825869826fdec84593f7,3d233e3d1d9d3c6c,true,2026-09-20T14:24:31+00:00
20260920T142128Z-gpu_h48,electricity_hourly,T54,lstm,deep,168,48,40010,14.646062850747876,23.094721827423758,0.7540339830202697,6.242520881323999,338.7970050000604,16.10986328125,0.3213121780001984,4513,false,dcb2c10e4ac97b1d1289825869826fdec84593f7,3d233e3d1d9d3c6c,true,2026-09-20T14:24:31+00:00
20260920T142128Z-gpu_h48,electricity_hourly,T54,lstm,deep,168,48,40011,42.40346376324183,54.12033973400849,2.6150315982470334,19.27036171088602,345.2394840001034,16.10986328125,0.32749743599993053,4513,false,dcb2c10e4ac97b1d1289825869826fdec84593f7,3d233e3d1d9d3c6c,true,2026-09-20T14:24:31+00:00
20260920T142128Z-gpu_h48,electricity_hourly,T54,lstm,deep,168,48,40012,41.94142420652472,57.90026161451941,2.3025410162941515,18.8004201877426,346.9799399999829,16.10986328125,0.3293587269999989,4513,false,dcb2c10e4ac97b1d1289825869826fdec84593f7,3d233e3d1d9d3c6c,true,2026-09-20T14:24:31+00:00
20260920T142128Z-gpu_h48,electricity_hourly,T54,lstm,deep,168,48,40013,36.29964606377246,53.48440024160314,2.013539689207717,15.144056398116343,340.3086460000395,16.10986328125,0.3224273250000351,4513,false,dcb2c10e4ac97b1d1289825869826fdec84593f7,3d233e3d1d9d3c6c,true,2026-09-20T14:24:31+00:00
20260920T142128Z-gpu_h48,electricity_hourly,T54,lstm,deep,168,48,40014,91.78885822985096,101.84868278735874,4.173538233374972,36.199323515187025,338.55242499998894,16.10986328125,0.32167942199998834,4513,false,dcb2c10e4ac97b1d1289825869826fdec84593f7,3d233e3d1d9d3c6c,true,2026-09-20T14:24:31+00:00
20260920T142128Z-gpu_h48,electricity_hourly,T54,lstm,deep,168,48,40015,64.50842783738392,80.23747072999059,3.6130741379164855,28.06782855616757,330.37283499993464,16.10986328125,0.31362289200001214,4513,false,dcb2c10e4ac97b1d1289825869826fdec84593f7,3d233e3d1d9d3c6c,true,2026-09-20T14:24:31+00:00
20260920T142128Z-gpu_h48,electricity_hourly,T54,lstm,deep,168,48,40016,26.41456083916295,31.220566987536465,1.4829227137775691,10.373385858106833,345.9487729999182,16.10986328125,0.3284710460000042,4513,false,dcb2c10e4ac97b1d1289825869826fdec84593f7,3d233e3d1d9d3c6c,true,2026-09-20T14:24:31+00:00
20260920T142128Z-gpu_h48,electricity_hourly,T54,lstm,deep,168,48,40017,36.11588015355192,50.182751903151605,1.7260825562932216,13.123282193918397,340.40959300000395,16.10986328125,0.3235551840000426,4513,false,dcb2c10e4ac97b1d1289825869826fdec84593f7,3d233e3d1d9d3c6c,true,2026-09-20T14:24:31+00:00
20260920T142128Z-gpu_h48,electricity_hourly,T54,lstm,deep,168,48,40018,37.4162909600179,46.74434719259098,1.815957498565075,13.674173352179034,350.3640670001005,16.10986328125,0.33070796100014377,4513,false,dcb2c10e4ac97b1d1289825869826fdec84593f7,3d233e3d1d9d3c6c,true,2026-09-20T14:24:31+00:00
20260920T142128Z-gpu_h48,electricity_hourly,T54,lstm,deep,168,48,40019,37.600934274854275,47.53295639783826,1.3526191695176157,11.444966513916981,342.0264409999163,16.10986328125,0.32486436599992885,4513,false,dcb2c10e4ac97b1d1289825869826fdec84593f7,3d233e3d1d9d3c6c,true,2026-09-20T14:24:31+00:00
20260920T142128Z-gpu_h48,electricity_hourly,T54,lstm,deep,168,48,40020,82.11327509645103,100.49305080267791,3.222761410163246,22.725414583623756,358.7534470000264,16.10986328125,0.3414248320000297,4513,false,dcb2c10e4ac97b1d1289825869826fdec84593f7,3d233e3d1d9d3c6c,true,2026-09-20T14:24:31+00:00
20260920T142128Z-gpu_h48,electricity_hourly,T54,lstm,deep,168,48,40021,35.088311852816695,45.85788703642286,1.0943722995030547,9.90206596266081,376.7603369999506,16.10986328125,0.3588389559999996,4513,false,dcb2c10e4ac97b1d1289825869826fdec84593f7,3d233e3d1d9d3c6c,true,2026-09-20T14:24:31+00:00
20260920T142128Z-gpu_h48,electricity_hourly,T54,transformer,deep,168,48,40000,22.558862913313803,27.292516500849768,1.5165622126597516,11.219551612591268,597.4596599999131,10.6845703125,0.5954478979999749,19232,false,dcb2c10e4ac97b1d1289825869826fdec84593f7,3d233e3d1d9d3c6c,true,2026-09-20T14:24:48+00:00
20260920T142128Z-gpu_h48,electricity_hourly,T54,transformer,deep,168,48,40001,45.0390243061777,54.12210678258348,1.9689190953520306,22.883923253331687,600.1917000000958,10.525390625,0.5980320659998597,19232,false,dcb2c10e4ac97b1d1289825869826fdec84593f7,3d233e3d1d9d3c6c,true,2026-09-20T14:24:48+00:00
20260920T142128Z-gpu_h48,electricity_hourly,T54,transformer,deep,168,48,40002,28.665260933151785,36.83160947723954,1.9424929761759326,13.524298654603331,584.7832869999365,10.525390625,0.5827086030001283,19232,false,dcb2c10e4ac97b1d1289825869826fdec84593f7,3d233e3d1d9d3c6c,true,2026-09-20T14:24:48+00:00
20260920T142128Z-gpu_h48,electricity_hourly,T54,transformer,deep,168,48,40003,31.711217721317567,38.720127403832734,1.4575216571559944,15.06477497787531,594.5334020000246,10.525390625,0.5924736359997951,19232,false,dcb2c10e4ac97b1d1289825869826fdec84593f7,3d233e3d1d9d3c6c,true,2026-09-20T14:24:48+00:00
20260920T142128Z-gpu_h48,electricity_hourly,T54,transformer,deep,168,48,40004,50.651978024162666,61.09043009563953,2.6532865898433697,23.023920637560558,594.4372220001242,10.525390625,0.5923226459999569,19232,false,dcb2c10e4ac97b1d1289825869826fdec84593f7,3d233e3d1d9d3c6c,true,2026-09-20T14:24:48+00:00
20260920T142128Z-gpu_h48,electricity_hourly,T54,transformer,deep,168,48,40005,28.50997019808985,35.41092625303543,0.8424862935614484,12.82224128377176,581.906022000112,10.525390625,0.5798913399999037,19232,false,dcb2c10e4ac97b1d1289825869826fdec84593f7,3d233e3d1d9d3c6c,true,2026-09-20T14:24:48+00:00
20260920T142128Z-gpu_h48,electricity_hourly,T54,transformer,deep,168,48,40006,18.823797462902217,22.063084278644915,0.75504925756488,7.93588901198639,582.8657219999513,10.525390625,0.5807245250000506,19232,false,dcb2c10e4ac97b1d1289825869826fdec84593f7,3d233e3d1d9d3c6c,true,2026-09-20T14:24:48+00:00
20260920T142128Z-gpu_h48,electricity_hourly,T54,transformer,deep,168,48,40007,20.135780305735366,24.049096021647287,0.7913625447668922,10.208132548799155,578.9018220000344,10.525390625,0.5767637620001551,19232,false,dcb2c10e4ac97b1d1289825869826fdec84593f7,3d233e3d1d9d3c6c,true,2026-09-20T14:24:48+00:00
20260920T142128Z-gpu_h48,electricity_hourly,T54,transformer,deep,168,48,40008,26.154044106389904,29.96425136962033,1.33269014554853,11.802839623862441,594.538995999983,10.525390625,0.5925264889999653,19232,false,dcb2c10e4ac97b1d1289825869826fdec84593f7,3d233e3d1d9d3c6c,true,2026-09-20T14:24:48+00:00
20260920T142128Z-gpu_h48,electricity_hourly,T54,transformer,deep,168,48,40009,31.564907213633216,43.8541113019398,1.6576756523571052,13.5830071298506,581.2716129998989,10.525390625,0.5792753420000736,19232,false,dcb2c10e4ac97b1d1289825869826fdec84593f7,3d233e3d1d9d3c6c,true,2026-09-20T14:24:48+00:00
20260920T142128Z-gpu_h48,electricity_hourly,T54,transformer,deep,168,48,40010,19.959393008316084,28.461196714488832,1.0275840519118757,8.523291822884813,577.3457340001187,10.525390625,0.5752462620000642,19232,false,dcb2c10e4ac97b1d1289825869826fdec84593f7,3d233e3d1d9d3c6c,true,2026-09-20T14:24:48+00:00
20260920T142128Z-gpu_h48,electricity_hourly,T54,transformer,deep,168,48,40011,49.36824218986029,59.484066317937696,3.044551124342562,22.74071344718276,638.4199399999488,10.525390625,0.6362712860000102,19232,false,dcb2c10e4ac97b1d1289825869826fdec84593f7,3d233e3d1d9d3c6c,true,2026-09-20T14:24:48+00:00
20260920T142128Z-gpu_h48,electricity_hourly,T54,transformer,deep,168,48,40012,16.72085865612442,21.319361554720256,0.9179579285100711,8.068650750027617,585.4264040001453,10.525390625,0.5834784280000349,19232,false,dcb2c10e4ac97b1d1289825869826fdec84593f7,3d233e3d1d9d3c6c,true,2026-09-20T14:24:48+00:00
20260920T142128Z-gpu_h48,electricity_hourly,T54,transformer,deep,168,48,40013,23.88458216079647,34.173440890988545,1.3248766683954898,10.305245487118276,578.6376439998548,10.525390625,0.5767711169999075,19232,false,dcb2c10e4ac97b1d1289825869826fdec84593f7,3d233e3d1d9d3c6c,true,2026-09-20T14:24:48+00:00
20260920T142128Z-gpu_h48,electricity_hourly,T54,transformer,deep,168,48,40014,57.7481535928465,69.76848950854696,2.6257449060214384,24.556623227805815,569.8559799998293,10.525390625,0.56787042499991,19232,false,dcb2c10e4ac97b1d1289825869826fdec84593f7,3d233e3d1d9d3c6c,true,2026-09-20T14:24:48+00:00
20260920T142128Z-gpu_h48,electricity_hourly,T54,transformer,deep,168,48,40015,35.71707093804158,45.57407302184772,2.000489387428233,15.793743866444018,589.8889079999208,10.525390625,0.5878252119998706,19232,false,dcb2c10e4ac97b1d1289825869826fdec84593f7,3d233e3d1d9d3c6c,true,2026-09-20T14:24:48+00:00
20260920T142128Z-gpu_h48,electricity_hourly,T54,transformer,deep,168,48,40016,28.217007414959067,36.13878690246116,1.5841126969801582,10.151821013427973,583.6362899999585,10.525390625,0.5816799650001485,19232,false,dcb2c10e4ac97b1d1289825869826fdec84593f7,3d233e3d1d9d3c6c,true,2026-09-20T14:24:48+00:00
20260920T142128Z-gpu_h48,electricity_hourly,T54,transformer,deep,168,48,40017,25.533933818289132,34.26289220351453,1.2203406803297827,9.85164660672832,576.4964570000757,10.525390625,0.5745237180001368,19232,false,dcb2c10e4ac97b1d1289825869826fdec84593f7,3d233e3d1d9d3c6c,true,2026-09-20T14:24:48+00:00
20260920T142128Z-gpu_h48,electricity_hourly,T54,transformer,deep,168,48,40018,26.207479964691988,34.306646454703,1.2719504937363149,9.90186969007832,581.4997939999103,10.525390625,0.5793825999999171,19232,false,dcb2c10e4ac97b1d1289825869826fdec84593f7,3d233e3d1d9d3c6c,true,2026-09-20T14:24:48+00:00
20260920T142128Z-gpu_h48,electricity_hourly,T54,transformer,deep,168,48,40019,54.043667503446976,67.14210632243957,1.944113944665592,16.343179452327544,610.759397000038,10.525390625,0.6088278319998608,19232,false,dcb2c10e4ac97b1d1289825869826fdec84593f7,3d233e3d1d9d3c6c,true,2026-09-20T14:24:48+00:00
20260920T142128Z-gpu_h48,electricity_hourly,T54,transformer,deep,168,48,40020,57.747205622562774,71.5296024845649,2.2664479721038537,16.499711768020013,639.2624520001391,10.525390625,0.6371148200000789,19232,false,dcb2c10e4ac97b1d1289825869826fdec84593f7,3d233e3d1d9d3c6c,true,2026-09-20T14:24:48+00:00
20260920T142128Z-gpu_h48,electricity_hourly,T54,transformer,deep,168,48,40021,62.04112502955356,75.61661915854076,1.9350058488749649,18.155947772498664,635.9644960000423,10.525390625,0.6337128410000332,19232,false,dcb2c10e4ac97b1d1289825869826fdec84593f7,3d233e3d1d9d3c6c,true,2026-09-20T14:24:48+00:00
20260920T142128Z-gpu_h48,electricity_hourly,T54,timesfm25,tsfm,168,48,40000,15.956494331359863,19.468603093961132,1.0727055012678899,7.572300229661567,116.18711899996015,11.94287109375,,231289280,true,dcb2c10e4ac97b1d1289825869826fdec84593f7,3d233e3d1d9d3c6c,true,2026-09-20T14:24:55+00:00
20260920T142128Z-gpu_h48,electricity_hourly,T54,timesfm25,tsfm,168,48,40001,16.323959668477375,20.036830201085287,0.7136157232121257,7.8757835637582065,119.68739399981132,11.94287109375,,231289280,true,dcb2c10e4ac97b1d1289825869826fdec84593f7,3d233e3d1d9d3c6c,true,2026-09-20T14:24:55+00:00
20260920T142128Z-gpu_h48,electricity_hourly,T54,timesfm25,tsfm,168,48,40002,15.825626055399576,18.388972600323385,1.0724188950482536,7.653829909929612,117.25539200006097,11.94287109375,,231289280,true,dcb2c10e4ac97b1d1289825869826fdec84593f7,3d233e3d1d9d3c6c,true,2026-09-20T14:24:55+00:00
20260920T142128Z-gpu_h48,electricity_hourly,T54,timesfm25,tsfm,168,48,40003,14.712124188741049,16.55508185044882,0.6762036013976097,6.908301928770317,118.12807199999042,11.94287109375,,231289280,true,dcb2c10e4ac97b1d1289825869826fdec84593f7,3d233e3d1d9d3c6c,true,2026-09-20T14:24:55+00:00
20260920T142128Z-gpu_h48,electricity_hourly,T54,timesfm25,tsfm,168,48,40004,11.907697359720865,14.82760818985627,0.6237571552563858,5.5446477661222,124.44071999993866,11.94287109375,,231289280,true,dcb2c10e4ac97b1d1289825869826fdec84593f7,3d233e3d1d9d3c6c,true,2026-09-20T14:24:55+00:00
20260920T142128Z-gpu_h48,electricity_hourly,T54,timesfm25,tsfm,168,48,40005,13.29700501759847,16.356671612765034,0.39293427509422935,5.778403411337227,127.68077500004438,11.94287109375,,231289280,true,dcb2c10e4ac97b1d1289825869826fdec84593f7,3d233e3d1d9d3c6c,true,2026-09-20T14:24:55+00:00
20260920T142128Z-gpu_h48,electricity_hourly,T54,timesfm25,tsfm,168,48,40006,19.07302443186442,22.53098680016632,0.7650461053449795,8.099416975410014,121.1807269999099,11.94287109375,,231289280,true,dcb2c10e4ac97b1d1289825869826fdec84593f7,3d233e3d1d9d3c6c,true,2026-09-20T14:24:55+00:00
20260920T142128Z-gpu_h48,electricity_hourly,T54,timesfm25,tsfm,168,48,40007,15.33414618174235,18.796024134008153,0.6026520333435859,7.804564646788233,119.78621000002931,11.94287109375,,231289280,true,dcb2c10e4ac97b1d1289825869826fdec84593f7,3d233e3d1d9d3c6c,true,2026-09-20T14:24:55+00:00
20260920T142128Z-gpu_h48,electricity_hourly,T54,timesfm25,tsfm,168,48,40008,18.190534909566242,22.547699572336448,0.926906237430127,7.982214540134265,123.97021499987204,11.94287109375,,231289280,true,dcb2c10e4ac97b1d1289825869826fdec84593f7,3d233e3d1d9d3c6c,true,2026-09-20T14:24:55+00:00
20260920T142128Z-gpu_h48,electricity_hourly,T54,timesfm25,tsfm,168,48,40009,17.610158920288086,24.784640871322754,0.924822350299593,7.6527898410957595,119.17955700005223,11.94287109375,,231289280,true,dcb2c10e4ac97b1d1289825869826fdec84593f7,3d233e3d1d9d3c6c,true,2026-09-20T14:24:55+00:00
20260920T142128Z-gpu_h48,electricity_hourly,T54,timesfm25,tsfm,168,48,40010,12.547104835510254,20.377392463254026,0.6459717898868347,5.222401845397407,116.31606499986447,11.94287109375,,231289280,true,dcb2c10e4ac97b1d1289825869826fdec84593f7,3d233e3d1d9d3c6c,true,2026-09-20T14:24:55+00:00
20260920T142128Z-gpu_h48,electricity_hourly,T54,timesfm25,tsfm,168,48,40011,12.832390785217285,17.90223257057663,0.7913765623431644,5.929574295106035,136.38646999993398,11.94287109375,,231289280,true,dcb2c10e4ac97b1d1289825869826fdec84593f7,3d233e3d1d9d3c6c,true,2026-09-20T14:24:55+00:00
20260920T142128Z-gpu_h48,electricity_hourly,T54,timesfm25,tsfm,168,48,40012,11.99497127532959,16.20159640134719,0.6585115759235459,5.663841015451687,118.55448200003593,11.94287109375,,231289280,true,dcb2c10e4ac97b1d1289825869826fdec84593f7,3d233e3d1d9d3c6c,true,2026-09-20T14:24:55+00:00
20260920T142128Z-gpu_h48,electricity_hourly,T54,timesfm25,tsfm,168,48,40013,22.356623649597168,30.76115639312639,1.2401208804090877,9.047425440419792,118.60497900011069,11.94287109375,,231289280,true,dcb2c10e4ac97b1d1289825869826fdec84593f7,3d233e3d1d9d3c6c,true,2026-09-20T14:24:55+00:00
20260920T142128Z-gpu_h48,electricity_hourly,T54,timesfm25,tsfm,168,48,40014,15.93427594502767,21.09429882873889,0.7245139678193825,7.100815393217191,122.98764199999823,11.94287109375,,231289280,true,dcb2c10e4ac97b1d1289825869826fdec84593f7,3d233e3d1d9d3c6c,true,2026-09-20T14:24:55+00:00
20260920T142128Z-gpu_h48,electricity_hourly,T54,timesfm25,tsfm,168,48,40015,25.155759811401367,33.477342322892014,1.4089573756677545,11.002641561375615,122.08299500002795,11.94287109375,,231289280,true,dcb2c10e4ac97b1d1289825869826fdec84593f7,3d233e3d1d9d3c6c,true,2026-09-20T14:24:55+00:00
20260920T142128Z-gpu_h48,electricity_hourly,T54,timesfm25,tsfm,168,48,40016,12.733224550882975,16.736440023919915,0.7148476940846582,5.004079975748849,119.45351999997911,11.94287109375,,231289280,true,dcb2c10e4ac97b1d1289825869826fdec84593f7,3d233e3d1d9d3c6c,true,2026-09-20T14:24:55+00:00
20260920T142128Z-gpu_h48,electricity_hourly,T54,timesfm25,tsfm,168,48,40017,21.81699498494466,27.627608497703317,1.0426974038606145,8.279062781386294,119.09786599994732,11.94287109375,,231289280,true,dcb2c10e4ac97b1d1289825869826fdec84593f7,3d233e3d1d9d3c6c,true,2026-09-20T14:24:55+00:00
20260920T142128Z-gpu_h48,electricity_hourly,T54,timesfm25,tsfm,168,48,40018,21.4309720993042,29.994667651222606,1.0401280695314474,7.565576001118403,120.56066199988891,11.94287109375,,231289280,true,dcb2c10e4ac97b1d1289825869826fdec84593f7,3d233e3d1d9d3c6c,true,2026-09-20T14:24:55+00:00
20260920T142128Z-gpu_h48,electricity_hourly,T54,timesfm25,tsfm,168,48,40019,27.262307167053223,33.20844892300988,0.9807075273683897,8.750845359984808,118.91768500004218,11.94287109375,,231289280,true,dcb2c10e4ac97b1d1289825869826fdec84593f7,3d233e3d1d9d3c6c,true,2026-09-20T14:24:55+00:00
20260920T142128Z-gpu_h48,electricity_hourly,T54,timesfm25,tsfm,168,48,40020,33.96810340881348,40.207785636481894,1.3331716791684765,9.409413876366079,119.8215590000018,11.94287109375,,231289280,true,dcb2c10e4ac97b1d1289825869826fdec84593f7,3d233e3d1d9d3c6c,true,2026-09-20T14:24:55+00:00
20260920T142128Z-gpu_h48,electricity_hourly,T54,timesfm25,tsfm,168,48,40021,22.07344977060954,29.947906409219446,0.6884506751067303,6.016994316914373,121.76313999998456,11.94287109375,,231289280,true,dcb2c10e4ac97b1d1289825869826fdec84593f7,3d233e3d1d9d3c6c,true,2026-09-20T14:24:55+00:00
20260920T142128Z-gpu_h48,electricity_hourly,T54,chronos_bolt,tsfm,168,48,40000,14.534263451894125,17.289005765377826,0.9770933413038068,7.280262524900808,35.39149500011263,1.0751953125,,205292928,true,dcb2c10e4ac97b1d1289825869826fdec84593f7,3d233e3d1d9d3c6c,true,2026-09-20T14:25:00+00:00
20260920T142128Z-gpu_h48,electricity_hourly,T54,chronos_bolt,tsfm,168,48,40001,13.223923047383627,15.747605170323045,0.5780949966069345,6.19862490413966,33.26883899990207,1.0751953125,,205292928,true,dcb2c10e4ac97b1d1289825869826fdec84593f7,3d233e3d1d9d3c6c,true,2026-09-20T14:25:00+00:00
20260920T142128Z-gpu_h48,electricity_hourly,T54,chronos_bolt,tsfm,168,48,40002,13.318527221679688,16.34908186196152,0.9025260799632353,6.496056484833251,35.74267399994824,1.0751953125,,205292928,true,dcb2c10e4ac97b1d1289825869826fdec84593f7,3d233e3d1d9d3c6c,true,2026-09-20T14:25:00+00:00
20260920T142128Z-gpu_h48,electricity_hourly,T54,chronos_bolt,tsfm,168,48,40003,11.354084968566895,13.366642198837098,0.521860273052548,5.38622103086217,35.85285700000895,1.0751953125,,205292928,true,dcb2c10e4ac97b1d1289825869826fdec84593f7,3d233e3d1d9d3c6c,true,2026-09-20T14:25:00+00:00
20260920T142128Z-gpu_h48,electricity_hourly,T54,chronos_bolt,tsfm,168,48,40004,12.217809995015463,17.201568795037318,0.6400016876254008,5.5600815197907885,33.5357709998334,1.0751953125,,205292928,true,dcb2c10e4ac97b1d1289825869826fdec84593f7,3d233e3d1d9d3c6c,true,2026-09-20T14:25:00+00:00
20260920T142128Z-gpu_h48,electricity_hourly,T54,chronos_bolt,tsfm,168,48,40005,16.129971186319988,19.516050390536567,0.47665008225530026,7.1148661511364715,36.66243600014241,1.0751953125,,205292928,true,dcb2c10e4ac97b1d1289825869826fdec84593f7,3d233e3d1d9d3c6c,true,2026-09-20T14:25:00+00:00
20260920T142128Z-gpu_h48,electricity_hourly,T54,chronos_bolt,tsfm,168,48,40006,31.86813513437907,36.7105565486295,1.2782761725210545,12.806946243129728,32.83584299992981,1.0751953125,,205292928,true,dcb2c10e4ac97b1d1289825869826fdec84593f7,3d233e3d1d9d3c6c,true,2026-09-20T14:25:00+00:00
20260920T142128Z-gpu_h48,electricity_hourly,T54,chronos_bolt,tsfm,168,48,40007,15.657816569010416,18.484694845931106,0.6153727035855623,7.97026003901629,37.9310829998758,1.0751953125,,205292928,true,dcb2c10e4ac97b1d1289825869826fdec84593f7,3d233e3d1d9d3c6c,true,2026-09-20T14:25:00+00:00
20260920T142128Z-gpu_h48,electricity_hourly,T54,chronos_bolt,tsfm,168,48,40008,17.487396240234375,21.745779675314825,0.8910775154259554,7.708932006369089,35.67772499991406,1.0751953125,,205292928,true,dcb2c10e4ac97b1d1289825869826fdec84593f7,3d233e3d1d9d3c6c,true,2026-09-20T14:25:00+00:00
20260920T142128Z-gpu_h48,electricity_hourly,T54,chronos_bolt,tsfm,168,48,40009,14.968764623006185,21.860780134808415,0.7861058007705655,6.477459851114105,36.828742999887254,1.0751953125,,205292928,true,dcb2c10e4ac97b1d1289825869826fdec84593f7,3d233e3d1d9d3c6c,true,2026-09-20T14:25:00+00:00
20260920T142128Z-gpu_h48,electricity_hourly,T54,chronos_bolt,tsfm,168,48,40010,9.975666364034018,16.49309191617571,0.5135845392995705,4.19777508024887,35.95415100016908,1.0751953125,,205292928,true,dcb2c10e4ac97b1d1289825869826fdec84593f7,3d233e3d1d9d3c6c,true,2026-09-20T14:25:00+00:00
20260920T142128Z-gpu_h48,electricity_hourly,T54,chronos_bolt,tsfm,168,48,40011,12.228056907653809,15.76105193675179,0.7541071497653741,5.676964625854595,32.761328000106005,1.0751953125,,205292928,true,dcb2c10e4ac97b1d1289825869826fdec84593f7,3d233e3d1d9d3c6c,true,2026-09-20T14:25:00+00:00
20260920T142128Z-gpu_h48,electricity_hourly,T54,chronos_bolt,tsfm,168,48,40012,10.836201032002768,13.92648274902957,0.5948962823516578,5.264343454787645,36.46070900003906,1.0751953125,,205292928,true,dcb2c10e4ac97b1d1289825869826fdec84593f7,3d233e3d1d9d3c6c,true,2026-09-20T14:25:00+00:00
20260920T142128Z-gpu_h48,electricity_hourly,T54,chronos_bolt,tsfm,168,48,40013,13.586969375610352,18.301615933285955,0.7536685632079702,5.538380115794272,33.31232000005002,1.0751953125,,205292928,true,dcb2c10e4ac97b1d1289825869826fdec84593f7,3d233e3d1d9d3c6c,true,2026-09-20T14:25:00+00:00
20260920T142128Z-gpu_h48,electricity_hourly,T54,chronos_bolt,tsfm,168,48,40014,8.487107912699381,11.659518949819237,0.3858994440886362,3.741761894736137,35.400792000018555,1.0751953125,,205292928,true,dcb2c10e4ac97b1d1289825869826fdec84593f7,3d233e3d1d9d3c6c,true,2026-09-20T14:25:00+00:00
20260920T142128Z-gpu_h48,electricity_hourly,T54,chronos_bolt,tsfm,168,48,40015,13.28073247273763,17.90717105878379,0.743844992638747,6.086782770402529,37.10241700014194,1.0751953125,,205292928,true,dcb2c10e4ac97b1d1289825869826fdec84593f7,3d233e3d1d9d3c6c,true,2026-09-20T14:25:00+00:00
20260920T142128Z-gpu_h48,electricity_hourly,T54,chronos_bolt,tsfm,168,48,40016,19.796998023986816,23.88177233533738,1.111410415381716,7.776109862059031,35.16683499992723,1.0751953125,,205292928,true,dcb2c10e4ac97b1d1289825869826fdec84593f7,3d233e3d1d9d3c6c,true,2026-09-20T14:25:00+00:00
20260920T142128Z-gpu_h48,electricity_hourly,T54,chronos_bolt,tsfm,168,48,40017,21.847655932108562,28.147091489325774,1.0441627793639672,8.064156364062889,32.78561299998728,1.0751953125,,205292928,true,dcb2c10e4ac97b1d1289825869826fdec84593f7,3d233e3d1d9d3c6c,true,2026-09-20T14:25:00+00:00
20260920T142128Z-gpu_h48,electricity_hourly,T54,chronos_bolt,tsfm,168,48,40018,22.18730068206787,31.130423085486274,1.0768356246099673,7.72298588090269,31.59382499984531,1.0751953125,,205292928,true,dcb2c10e4ac97b1d1289825869826fdec84593f7,3d233e3d1d9d3c6c,true,2026-09-20T14:25:00+00:00
20260920T142128Z-gpu_h48,electricity_hourly,T54,chronos_bolt,tsfm,168,48,40019,23.525344212849934,29.105141948744617,0.8462776834000476,7.665869829364905,34.40006200003154,1.0751953125,,205292928,true,dcb2c10e4ac97b1d1289825869826fdec84593f7,3d233e3d1d9d3c6c,true,2026-09-20T14:25:00+00:00
20260920T142128Z-gpu_h48,electricity_hourly,T54,chronos_bolt,tsfm,168,48,40020,35.83937168121338,41.64153153568479,1.4066147511841718,9.970967873266725,35.72024700019938,1.0751953125,,205292928,true,dcb2c10e4ac97b1d1289825869826fdec84593f7,3d233e3d1d9d3c6c,true,2026-09-20T14:25:00+00:00
20260920T142128Z-gpu_h48,electricity_hourly,T54,chronos_bolt,tsfm,168,48,40021,16.887542088826496,23.86178621237429,0.52670696573338,4.522107850275644,33.89269499984948,1.0751953125,,205292928,true,dcb2c10e4ac97b1d1289825869826fdec84593f7,3d233e3d1d9d3c6c,true,2026-09-20T14:25:00+00:00
20260920T142128Z-gpu_h48,electricity_hourly,T67,lstm,deep,168,48,50000,13.969802525725548,17.328079698413028,0.8670911912519306,8.219130702249121,321.0099530001571,16.14599609375,0.30431288299996595,4513,false,dcb2c10e4ac97b1d1289825869826fdec84593f7,3d233e3d1d9d3c6c,true,2026-09-20T14:25:12+00:00
20260920T142128Z-gpu_h48,electricity_hourly,T67,lstm,deep,168,48,50001,25.84076394075628,31.76128413174555,1.6906269911262628,14.559993170540961,374.2504360000112,16.10986328125,0.3552898440000263,4513,false,dcb2c10e4ac97b1d1289825869826fdec84593f7,3d233e3d1d9d3c6c,true,2026-09-20T14:25:12+00:00
20260920T142128Z-gpu_h48,electricity_hourly,T67,lstm,deep,168,48,50002,36.82778895388065,50.517719980457734,3.7988550210306684,20.83707017641501,393.3986659999391,16.10986328125,0.36308870500010926,4513,false,dcb2c10e4ac97b1d1289825869826fdec84593f7,3d233e3d1d9d3c6c,true,2026-09-20T14:25:12+00:00
20260920T142128Z-gpu_h48,electricity_hourly,T67,lstm,deep,168,48,50003,14.322369542203923,18.282944687345093,1.0286390095148952,7.908143196613328,351.6048630001478,16.10986328125,0.33462250399998084,4513,false,dcb2c10e4ac97b1d1289825869826fdec84593f7,3d233e3d1d9d3c6c,true,2026-09-20T14:25:12+00:00
20260920T142128Z-gpu_h48,electricity_hourly,T67,lstm,deep,168,48,50004,25.152940276100367,31.51593386198462,2.013353751950224,12.937395743431281,362.8677100000459,16.10986328125,0.34612452700002905,4513,false,dcb2c10e4ac97b1d1289825869826fdec84593f7,3d233e3d1d9d3c6c,true,2026-09-20T14:25:12+00:00
20260920T142128Z-gpu_h48,electricity_hourly,T67,lstm,deep,168,48,50005,18.2764411747153,23.287111834936034,1.2309670388956984,10.181133424880366,322.00399199996355,16.10986328125,0.3055148089999875,4513,false,dcb2c10e4ac97b1d1289825869826fdec84593f7,3d233e3d1d9d3c6c,true,2026-09-20T14:25:12+00:00
20260920T142128Z-gpu_h48,electricity_hourly,T67,lstm,deep,168,48,50006,37.61499284696898,46.037680997023145,2.829968113878544,19.184734858848817,332.4425369999062,16.10986328125,0.3153167160000976,4513,false,dcb2c10e4ac97b1d1289825869826fdec84593f7,3d233e3d1d9d3c6c,true,2026-09-20T14:25:12+00:00
20260920T142128Z-gpu_h48,electricity_hourly,T67,lstm,deep,168,48,50007,19.900428729853427,25.94531892427168,1.7346620684618002,10.3557089013813,364.1805760000807,16.10986328125,0.34589608999999655,4513,false,dcb2c10e4ac97b1d1289825869826fdec84593f7,3d233e3d1d9d3c6c,true,2026-09-20T14:25:12+00:00
20260920T142128Z-gpu_h48,electricity_hourly,T67,lstm,deep,168,48,50008,12.66305432727024,18.91013073613161,0.9835382001763293,6.801285617262776,347.406964999891,16.10986328125,0.32946172000015395,4513,false,dcb2c10e4ac97b1d1289825869826fdec84593f7,3d233e3d1d9d3c6c,true,2026-09-20T14:25:12+00:00
20260920T142128Z-gpu_h48,electricity_hourly,T67,lstm,deep,168,48,50009,15.787120253303286,20.02274995422826,1.4128932979960678,8.361467516284009,363.5210829997959,16.10986328125,0.34552129500002593,4513,false,dcb2c10e4ac97b1d1289825869826fdec84593f7,3d233e3d1d9d3c6c,true,2026-09-20T14:25:12+00:00
20260920T142128Z-gpu_h48,electricity_hourly,T67,lstm,deep,168,48,50010,23.54818114898062,31.132988620931393,1.7353828482360334,11.38007030952094,351.9855350000398,16.10986328125,0.3349209170000904,4513,false,dcb2c10e4ac97b1d1289825869826fdec84593f7,3d233e3d1d9d3c6c,true,2026-09-20T14:25:12+00:00
20260920T142128Z-gpu_h48,electricity_hourly,T67,lstm,deep,168,48,50011,18.742391127074583,25.744033072247184,1.301303916248187,9.228919253573386,347.684400000162,16.10986328125,0.3299954950000483,4513,false,dcb2c10e4ac97b1d1289825869826fdec84593f7,3d233e3d1d9d3c6c,true,2026-09-20T14:25:12+00:00
20260920T142128Z-gpu_h48,electricity_hourly,T67,lstm,deep,168,48,50012,29.92959613746865,43.29350149199512,1.898617552332813,15.123481267084554,338.34989800016047,16.10986328125,0.32120447399984187,4513,false,dcb2c10e4ac97b1d1289825869826fdec84593f7,3d233e3d1d9d3c6c,true,2026-09-20T14:25:12+00:00
20260920T142128Z-gpu_h48,electricity_hourly,T67,lstm,deep,168,48,50013,19.483342266778468,26.881042503424066,0.8595592176519912,9.617701240965271,354.3677789998583,16.10986328125,0.3362979529999848,4513,false,dcb2c10e4ac97b1d1289825869826fdec84593f7,3d233e3d1d9d3c6c,true,2026-09-20T14:25:12+00:00
20260920T142128Z-gpu_h48,electricity_hourly,T67,lstm,deep,168,48,50014,30.009512764060194,42.99607120435574,1.6959850227726327,14.41498700232133,338.76928599988787,16.10986328125,0.3208783920001679,4513,false,dcb2c10e4ac97b1d1289825869826fdec84593f7,3d233e3d1d9d3c6c,true,2026-09-20T14:25:12+00:00
20260920T142128Z-gpu_h48,electricity_hourly,T67,lstm,deep,168,48,50015,25.89607319400716,32.32732431563357,1.5072896281071262,12.38376657396559,331.3824089998434,16.10986328125,0.3133574729999964,4513,false,dcb2c10e4ac97b1d1289825869826fdec84593f7,3d233e3d1d9d3c6c,true,2026-09-20T14:25:12+00:00
20260920T142128Z-gpu_h48,electricity_hourly,T67,lstm,deep,168,48,50016,17.187954667334477,24.54541029011332,1.0742471667084048,7.8033267038524095,349.0037920000759,16.10986328125,0.33114965899994786,4513,false,dcb2c10e4ac97b1d1289825869826fdec84593f7,3d233e3d1d9d3c6c,true,2026-09-20T14:25:12+00:00
20260920T142128Z-gpu_h48,electricity_hourly,T67,lstm,deep,168,48,50017,51.860679214909844,69.97057733867216,2.285170687560287,22.822698951429967,336.0639400000309,16.10986328125,0.3186798970000382,4513,false,dcb2c10e4ac97b1d1289825869826fdec84593f7,3d233e3d1d9d3c6c,true,2026-09-20T14:25:12+00:00
20260920T142128Z-gpu_h48,electricity_hourly,T67,lstm,deep,168,48,50018,53.733555619167056,68.31228723219702,3.251105886201704,24.04421351291891,332.47640800004774,16.10986328125,0.31518367699982264,4513,false,dcb2c10e4ac97b1d1289825869826fdec84593f7,3d233e3d1d9d3c6c,true,2026-09-20T14:25:12+00:00
20260920T142128Z-gpu_h48,electricity_hourly,T67,lstm,deep,168,48,50019,40.57556487411396,59.70922486908457,2.080057437476828,16.665011058879383,336.62451999998666,16.10986328125,0.31894127300006403,4513,false,dcb2c10e4ac97b1d1289825869826fdec84593f7,3d233e3d1d9d3c6c,true,2026-09-20T14:25:12+00:00
20260920T142128Z-gpu_h48,electricity_hourly,T67,lstm,deep,168,48,50020,42.663227920339146,59.37404874174949,2.014263875583225,15.281434322789481,337.0192479999332,16.10986328125,0.31961382700001195,4513,false,dcb2c10e4ac97b1d1289825869826fdec84593f7,3d233e3d1d9d3c6c,true,2026-09-20T14:25:12+00:00
20260920T142128Z-gpu_h48,electricity_hourly,T67,lstm,deep,168,48,50021,24.641009081012196,31.841849318604222,0.9126299659634147,8.847049460134869,340.7080859999496,16.10986328125,0.32247835100019984,4513,false,dcb2c10e4ac97b1d1289825869826fdec84593f7,3d233e3d1d9d3c6c,true,2026-09-20T14:25:12+00:00
20260920T142128Z-gpu_h48,electricity_hourly,T67,transformer,deep,168,48,50000,16.155920884505473,19.758493446887762,1.00278129627965,9.321088996240846,582.4903170000653,10.6845703125,0.5803167880001183,19232,false,dcb2c10e4ac97b1d1289825869826fdec84593f7,3d233e3d1d9d3c6c,true,2026-09-20T14:25:30+00:00
20260920T142128Z-gpu_h48,electricity_hourly,T67,transformer,deep,168,48,50001,17.841180464107786,22.323816001598555,1.1672557868384923,9.886872906142747,582.1506160000354,10.525390625,0.5797785029999432,19232,false,dcb2c10e4ac97b1d1289825869826fdec84593f7,3d233e3d1d9d3c6c,true,2026-09-20T14:25:30+00:00
20260920T142128Z-gpu_h48,electricity_hourly,T67,transformer,deep,168,48,50002,23.363039204509892,29.356151272312587,2.409941006768929,13.655404023164367,577.6242209999509,10.525390625,0.5755570779999744,19232,false,dcb2c10e4ac97b1d1289825869826fdec84593f7,3d233e3d1d9d3c6c,true,2026-09-20T14:25:30+00:00
20260920T142128Z-gpu_h48,electricity_hourly,T67,transformer,deep,168,48,50003,15.812984702958973,22.603659577118968,1.1356956594643852,8.70924408122386,594.255129999965,10.525390625,0.5920458330001566,19232,false,dcb2c10e4ac97b1d1289825869826fdec84593f7,3d233e3d1d9d3c6c,true,2026-09-20T14:25:30+00:00
20260920T142128Z-gpu_h48,electricity_hourly,T67,transformer,deep,168,48,50004,18.953522440708046,23.336724645327934,1.5171246422801326,10.013390591950001,593.5064069999498,10.525390625,0.5914826279999943,19232,false,dcb2c10e4ac97b1d1289825869826fdec84593f7,3d233e3d1d9d3c6c,true,2026-09-20T14:25:30+00:00
20260920T142128Z-gpu_h48,electricity_hourly,T67,transformer,deep,168,48,50005,18.446300112419195,23.631204408943653,1.2424074912012928,10.176671369487753,577.7604249999513,10.525390625,0.5757210110000415,19232,false,dcb2c10e4ac97b1d1289825869826fdec84593f7,3d233e3d1d9d3c6c,true,2026-09-20T14:25:30+00:00
20260920T142128Z-gpu_h48,electricity_hourly,T67,transformer,deep,168,48,50006,22.744811074311766,28.36410357674625,1.7112083566880327,12.111497183603138,581.1501130001488,10.525390625,0.5789434599998913,19232,false,dcb2c10e4ac97b1d1289825869826fdec84593f7,3d233e3d1d9d3c6c,true,2026-09-20T14:25:30+00:00
20260920T142128Z-gpu_h48,electricity_hourly,T67,transformer,deep,168,48,50007,29.985653750215352,35.61994457766675,2.613761585975188,15.433686536931168,570.886653999878,10.525390625,0.5689646910000192,19232,false,dcb2c10e4ac97b1d1289825869826fdec84593f7,3d233e3d1d9d3c6c,true,2026-09-20T14:25:30+00:00
20260920T142128Z-gpu_h48,electricity_hourly,T67,transformer,deep,168,48,50008,12.046696894620466,15.612389326632284,0.9356657782229488,6.488011757267034,597.2007140001097,10.525390625,0.5950226080001357,19232,false,dcb2c10e4ac97b1d1289825869826fdec84593f7,3d233e3d1d9d3c6c,true,2026-09-20T14:25:30+00:00
20260920T142128Z-gpu_h48,electricity_hourly,T67,transformer,deep,168,48,50009,21.508407072962967,28.016133031743433,1.924928911439818,10.926731566380067,578.9015689999815,10.525390625,0.5768158850000873,19232,false,dcb2c10e4ac97b1d1289825869826fdec84593f7,3d233e3d1d9d3c6c,true,2026-09-20T14:25:30+00:00
20260920T142128Z-gpu_h48,electricity_hourly,T67,transformer,deep,168,48,50010,38.42608213808089,50.88565269256055,2.831809533205552,18.929563126710136,607.8069100001358,10.525390625,0.6057466140000543,19232,false,dcb2c10e4ac97b1d1289825869826fdec84593f7,3d233e3d1d9d3c6c,true,2026-09-20T14:25:30+00:00
20260920T142128Z-gpu_h48,electricity_hourly,T67,transformer,deep,168,48,50011,22.684820612314166,29.344795608157384,1.5750309393313595,11.284424403192194,585.8431199999359,10.525390625,0.5837309979999645,19232,false,dcb2c10e4ac97b1d1289825869826fdec84593f7,3d233e3d1d9d3c6c,true,2026-09-20T14:25:30+00:00
20260920T142128Z-gpu_h48,electricity_hourly,T67,transformer,deep,168,48,50012,26.177547061103585,34.37897771825789,1.6606021043167032,13.060569647533493,619.787345000077,10.525390625,0.6176678769998034,19232,false,dcb2c10e4ac97b1d1289825869826fdec84593f7,3d233e3d1d9d3c6c,true,2026-09-20T14:25:30+00:00
20260920T142128Z-gpu_h48,electricity_hourly,T67,transformer,deep,168,48,50013,22.829964639403972,29.37382153166796,1.0072043223266458,11.037976164344725,579.604116000155,10.525390625,0.5775080280000111,19232,false,dcb2c10e4ac97b1d1289825869826fdec84593f7,3d233e3d1d9d3c6c,true,2026-09-20T14:25:30+00:00
20260920T142128Z-gpu_h48,electricity_hourly,T67,transformer,deep,168,48,50014,51.90107461794455,65.6122165005328,2.9331847507786564,24.514867636874506,584.7157470000184,10.525390625,0.5826198580000437,19232,false,dcb2c10e4ac97b1d1289825869826fdec84593f7,3d233e3d1d9d3c6c,true,2026-09-20T14:25:30+00:00
20260920T142128Z-gpu_h48,electricity_hourly,T67,transformer,deep,168,48,50015,15.54822202988845,19.397445772954196,0.9049894795084626,7.990158459362255,578.4020619998955,10.525390625,0.5763349199999084,19232,false,dcb2c10e4ac97b1d1289825869826fdec84593f7,3d233e3d1d9d3c6c,true,2026-09-20T14:25:30+00:00
20260920T142128Z-gpu_h48,electricity_hourly,T67,transformer,deep,168,48,50016,65.58881108548901,80.65868871723445,4.099300692843063,29.703838660290998,584.6872360000361,10.525390625,0.5826232480001181,19232,false,dcb2c10e4ac97b1d1289825869826fdec84593f7,3d233e3d1d9d3c6c,true,2026-09-20T14:25:30+00:00
20260920T142128Z-gpu_h48,electricity_hourly,T67,transformer,deep,168,48,50017,26.97594922241201,35.60057681667129,1.1886587172666248,12.758802211768069,571.7607810001937,10.525390625,0.5696736580000561,19232,false,dcb2c10e4ac97b1d1289825869826fdec84593f7,3d233e3d1d9d3c6c,true,2026-09-20T14:25:30+00:00
20260920T142128Z-gpu_h48,electricity_hourly,T67,transformer,deep,168,48,50018,50.62944336244927,66.68312801733188,3.0632940521818046,22.950936009384414,573.7003350000123,10.525390625,0.5716857870002059,19232,false,dcb2c10e4ac97b1d1289825869826fdec84593f7,3d233e3d1d9d3c6c,true,2026-09-20T14:25:30+00:00
20260920T142128Z-gpu_h48,electricity_hourly,T67,transformer,deep,168,48,50019,23.96994922564274,29.3316121013592,1.2287905619411017,10.73409622247361,588.6603080000441,10.525390625,0.5865491269998984,19232,false,dcb2c10e4ac97b1d1289825869826fdec84593f7,3d233e3d1d9d3c6c,true,2026-09-20T14:25:30+00:00
20260920T142128Z-gpu_h48,electricity_hourly,T67,transformer,deep,168,48,50020,27.321976442012584,34.66215999710623,1.289955609065512,11.102223204529853,582.587009000008,10.525390625,0.5805521639999824,19232,false,dcb2c10e4ac97b1d1289825869826fdec84593f7,3d233e3d1d9d3c6c,true,2026-09-20T14:25:30+00:00
20260920T142128Z-gpu_h48,electricity_hourly,T67,transformer,deep,168,48,50021,26.203515093015287,32.29372422142106,0.9705005590005662,9.795843728391818,604.4095170000219,10.525390625,0.6023802439999599,19232,false,dcb2c10e4ac97b1d1289825869826fdec84593f7,3d233e3d1d9d3c6c,true,2026-09-20T14:25:30+00:00
20260920T142128Z-gpu_h48,electricity_hourly,T67,timesfm25,tsfm,168,48,50000,10.046189626057943,12.706666789710399,0.6235565974794586,5.846011550201192,116.45873799989204,11.94287109375,,231289280,true,dcb2c10e4ac97b1d1289825869826fdec84593f7,3d233e3d1d9d3c6c,true,2026-09-20T14:25:36+00:00
20260920T142128Z-gpu_h48,electricity_hourly,T67,timesfm25,tsfm,168,48,50001,19.015521844228108,22.515389880961337,1.2440868448745332,10.472703221511553,117.19044300002679,11.94287109375,,231289280,true,dcb2c10e4ac97b1d1289825869826fdec84593f7,3d233e3d1d9d3c6c,true,2026-09-20T14:25:36+00:00
20260920T142128Z-gpu_h48,electricity_hourly,T67,timesfm25,tsfm,168,48,50002,11.654592831929525,15.004531574143488,1.2021929568752519,6.966814842028452,118.12728199993217,11.94287109375,,231289280,true,dcb2c10e4ac97b1d1289825869826fdec84593f7,3d233e3d1d9d3c6c,true,2026-09-20T14:25:36+00:00
20260920T142128Z-gpu_h48,electricity_hourly,T67,timesfm25,tsfm,168,48,50003,10.501515706380209,13.733073342277399,0.7542235719295511,5.699034181649262,117.68760199993267,11.94287109375,,231289280,true,dcb2c10e4ac97b1d1289825869826fdec84593f7,3d233e3d1d9d3c6c,true,2026-09-20T14:25:36+00:00
20260920T142128Z-gpu_h48,electricity_hourly,T67,timesfm25,tsfm,168,48,50004,11.618528683980307,14.616079987851641,0.9299989608077622,6.085511130357739,111.71714900001462,11.94287109375,,231289280,true,dcb2c10e4ac97b1d1289825869826fdec84593f7,3d233e3d1d9d3c6c,true,2026-09-20T14:25:36+00:00
20260920T142128Z-gpu_h48,electricity_hourly,T67,timesfm25,tsfm,168,48,50005,8.55294386545817,11.690017180482132,0.5760635718549937,4.760642097649418,115.4532929999732,11.94287109375,,231289280,true,dcb2c10e4ac97b1d1289825869826fdec84593f7,3d233e3d1d9d3c6c,true,2026-09-20T14:25:36+00:00
20260920T142128Z-gpu_h48,electricity_hourly,T67,timesfm25,tsfm,168,48,50006,19.553399721781414,23.1514792237192,1.471102173425561,10.695554805646857,114.33291900016229,11.94287109375,,231289280,true,dcb2c10e4ac97b1d1289825869826fdec84593f7,3d233e3d1d9d3c6c,true,2026-09-20T14:25:36+00:00
20260920T142128Z-gpu_h48,electricity_hourly,T67,timesfm25,tsfm,168,48,50007,7.769668261210124,10.527171568812845,0.6772592188948292,4.115302959205074,140.7876060000035,11.94287109375,,231289280,true,dcb2c10e4ac97b1d1289825869826fdec84593f7,3d233e3d1d9d3c6c,true,2026-09-20T14:25:36+00:00
20260920T142128Z-gpu_h48,electricity_hourly,T67,timesfm25,tsfm,168,48,50008,8.983501116434732,12.098961642054512,0.6977476595289113,4.827521142766974,114.88260299984177,11.94287109375,,231289280,true,dcb2c10e4ac97b1d1289825869826fdec84593f7,3d233e3d1d9d3c6c,true,2026-09-20T14:25:36+00:00
20260920T142128Z-gpu_h48,electricity_hourly,T67,timesfm25,tsfm,168,48,50009,17.499235153198242,22.320078737944293,1.5661217290618688,9.200072815065468,117.69541900002878,11.94287109375,,231289280,true,dcb2c10e4ac97b1d1289825869826fdec84593f7,3d233e3d1d9d3c6c,true,2026-09-20T14:25:36+00:00
20260920T142128Z-gpu_h48,electricity_hourly,T67,timesfm25,tsfm,168,48,50010,12.518499692281088,17.35941582445456,0.9225506426246042,6.067084943993878,116.79342599995834,11.94287109375,,231289280,true,dcb2c10e4ac97b1d1289825869826fdec84593f7,3d233e3d1d9d3c6c,true,2026-09-20T14:25:36+00:00
20260920T142128Z-gpu_h48,electricity_hourly,T67,timesfm25,tsfm,168,48,50011,10.64527416229248,14.319133524175468,0.7391125744311076,5.576698172220115,116.2334009998176,11.94287109375,,231289280,true,dcb2c10e4ac97b1d1289825869826fdec84593f7,3d233e3d1d9d3c6c,true,2026-09-20T14:25:36+00:00
20260920T142128Z-gpu_h48,electricity_hourly,T67,timesfm25,tsfm,168,48,50012,11.250861485799154,14.636123192472972,0.7137110369846159,5.905999331689336,116.62532700006523,11.94287109375,,231289280,true,dcb2c10e4ac97b1d1289825869826fdec84593f7,3d233e3d1d9d3c6c,true,2026-09-20T14:25:36+00:00
20260920T142128Z-gpu_h48,electricity_hourly,T67,timesfm25,tsfm,168,48,50013,14.33975092569987,18.005921401469084,0.6326360702514647,6.953260708900097,124.65618999999606,11.94287109375,,231289280,true,dcb2c10e4ac97b1d1289825869826fdec84593f7,3d233e3d1d9d3c6c,true,2026-09-20T14:25:36+00:00
20260920T142128Z-gpu_h48,electricity_hourly,T67,timesfm25,tsfm,168,48,50014,12.625677108764648,17.815127187401302,0.7135390516727275,6.708466090553772,118.91665500002091,11.94287109375,,231289280,true,dcb2c10e4ac97b1d1289825869826fdec84593f7,3d233e3d1d9d3c6c,true,2026-09-20T14:25:36+00:00
20260920T142128Z-gpu_h48,electricity_hourly,T67,timesfm25,tsfm,168,48,50015,10.866951942443848,15.053634117054141,0.6325145835537243,5.416319352890581,117.51125299997511,11.94287109375,,231289280,true,dcb2c10e4ac97b1d1289825869826fdec84593f7,3d233e3d1d9d3c6c,true,2026-09-20T14:25:36+00:00
20260920T142128Z-gpu_h48,electricity_hourly,T67,timesfm25,tsfm,168,48,50016,17.823538144429524,23.85495371784905,1.1139711340268452,8.07289778715846,117.38525100008701,11.94287109375,,231289280,true,dcb2c10e4ac97b1d1289825869826fdec84593f7,3d233e3d1d9d3c6c,true,2026-09-20T14:25:36+00:00
20260920T142128Z-gpu_h48,electricity_hourly,T67,timesfm25,tsfm,168,48,50017,10.577426592508951,13.81243789209952,0.4660799967323406,5.241772280081703,125.15974600000845,11.94287109375,,231289280,true,dcb2c10e4ac97b1d1289825869826fdec84593f7,3d233e3d1d9d3c6c,true,2026-09-20T14:25:36+00:00
20260920T142128Z-gpu_h48,electricity_hourly,T67,timesfm25,tsfm,168,48,50018,17.313921610514324,20.219399788175675,1.0475650050059087,8.212557548313635,121.49445299996842,11.94287109375,,231289280,true,dcb2c10e4ac97b1d1289825869826fdec84593f7,3d233e3d1d9d3c6c,true,2026-09-20T14:25:36+00:00
20260920T142128Z-gpu_h48,electricity_hourly,T67,timesfm25,tsfm,168,48,50019,12.62805430094401,17.045582536403696,0.6473619862356488,5.627322077882407,110.31410300006428,11.94287109375,,231289280,true,dcb2c10e4ac97b1d1289825869826fdec84593f7,3d233e3d1d9d3c6c,true,2026-09-20T14:25:36+00:00
20260920T142128Z-gpu_h48,electricity_hourly,T67,timesfm25,tsfm,168,48,50020,21.812097867329914,29.253126392949248,1.0298170796378714,7.429907333364811,119.66097799995623,11.94287109375,,231289280,true,dcb2c10e4ac97b1d1289825869826fdec84593f7,3d233e3d1d9d3c6c,true,2026-09-20T14:25:36+00:00
20260920T142128Z-gpu_h48,electricity_hourly,T67,timesfm25,tsfm,168,48,50021,22.727152506510418,27.04828814520029,0.8417463891300154,8.699422163763227,118.08044800000062,11.94287109375,,231289280,true,dcb2c10e4ac97b1d1289825869826fdec84593f7,3d233e3d1d9d3c6c,true,2026-09-20T14:25:36+00:00
20260920T142128Z-gpu_h48,electricity_hourly,T67,chronos_bolt,tsfm,168,48,50000,9.503068923950195,12.23249772500228,0.5898456573486328,5.626461445077452,34.5068529998116,1.0751953125,,205292928,true,dcb2c10e4ac97b1d1289825869826fdec84593f7,3d233e3d1d9d3c6c,true,2026-09-20T14:25:41+00:00
20260920T142128Z-gpu_h48,electricity_hourly,T67,chronos_bolt,tsfm,168,48,50001,14.663118998209635,18.653223808589843,0.9593317290968594,8.102379902433148,32.80900799995834,1.0751953125,,205292928,true,dcb2c10e4ac97b1d1289825869826fdec84593f7,3d233e3d1d9d3c6c,true,2026-09-20T14:25:41+00:00
20260920T142128Z-gpu_h48,electricity_hourly,T67,chronos_bolt,tsfm,168,48,50002,10.611197471618652,14.425888728526768,1.0945647821726976,6.1207928445529465,36.782521000077395,1.0751953125,,205292928,true,dcb2c10e4ac97b1d1289825869826fdec84593f7,3d233e3d1d9d3c6c,true,2026-09-20T14:25:41+00:00
20260920T142128Z-gpu_h48,electricity_hourly,T67,chronos_bolt,tsfm,168,48,50003,9.399551709493002,12.0949692429206,0.6750800230259313,5.096217044263341,34.421273999896584,1.0751953125,,205292928,true,dcb2c10e4ac97b1d1289825869826fdec84593f7,3d233e3d1d9d3c6c,true,2026-09-20T14:25:41+00:00
20260920T142128Z-gpu_h48,electricity_hourly,T67,chronos_bolt,tsfm,168,48,50004,12.292644500732422,15.846695421891567,0.9839582035049854,6.530715262437198,32.56784499990317,1.0751953125,,205292928,true,dcb2c10e4ac97b1d1289825869826fdec84593f7,3d233e3d1d9d3c6c,true,2026-09-20T14:25:41+00:00
20260920T142128Z-gpu_h48,electricity_hourly,T67,chronos_bolt,tsfm,168,48,50005,7.904921849568685,10.312148016587857,0.5324175614302575,4.443456732901444,33.82975100021213,1.0751953125,,205292928,true,dcb2c10e4ac97b1d1289825869826fdec84593f7,3d233e3d1d9d3c6c,true,2026-09-20T14:25:41+00:00
20260920T142128Z-gpu_h48,electricity_hourly,T67,chronos_bolt,tsfm,168,48,50006,23.042473157246906,27.505721772289316,1.7336029961565071,12.414342841294522,33.172977000049286,1.0751953125,,205292928,true,dcb2c10e4ac97b1d1289825869826fdec84593f7,3d233e3d1d9d3c6c,true,2026-09-20T14:25:41+00:00
20260920T142128Z-gpu_h48,electricity_hourly,T67,chronos_bolt,tsfm,168,48,50007,8.22940762837728,10.724306795298382,0.7173333525946297,4.379115084751888,36.27512000002753,1.0751953125,,205292928,true,dcb2c10e4ac97b1d1289825869826fdec84593f7,3d233e3d1d9d3c6c,true,2026-09-20T14:25:41+00:00
20260920T142128Z-gpu_h48,electricity_hourly,T67,chronos_bolt,tsfm,168,48,50008,8.48306147257487,11.79689599397774,0.6588785609766888,4.518868829097503,36.28398900013963,1.0751953125,,205292928,true,dcb2c10e4ac97b1d1289825869826fdec84593f7,3d233e3d1d9d3c6c,true,2026-09-20T14:25:41+00:00
20260920T142128Z-gpu_h48,electricity_hourly,T67,chronos_bolt,tsfm,168,48,50009,14.488250732421875,19.372038342595037,1.2966489157667807,7.565764565391042,34.450183999979345,1.0751953125,,205292928,true,dcb2c10e4ac97b1d1289825869826fdec84593f7,3d233e3d1d9d3c6c,true,2026-09-20T14:25:41+00:00
20260920T142128Z-gpu_h48,electricity_hourly,T67,chronos_bolt,tsfm,168,48,50010,11.447484970092773,16.34578784549681,0.8436222291163559,5.612796791922889,33.277467999823784,1.0751953125,,205292928,true,dcb2c10e4ac97b1d1289825869826fdec84593f7,3d233e3d1d9d3c6c,true,2026-09-20T14:25:41+00:00
20260920T142128Z-gpu_h48,electricity_hourly,T67,chronos_bolt,tsfm,168,48,50011,10.554117838541666,14.89605129641806,0.7327834950578591,5.64549781195095,33.11415999996825,1.0751953125,,205292928,true,dcb2c10e4ac97b1d1289825869826fdec84593f7,3d233e3d1d9d3c6c,true,2026-09-20T14:25:41+00:00
20260920T142128Z-gpu_h48,electricity_hourly,T67,chronos_bolt,tsfm,168,48,50012,8.439198811848959,10.045375312754542,0.5353500567868943,4.531247687638044,36.48380699996778,1.0751953125,,205292928,true,dcb2c10e4ac97b1d1289825869826fdec84593f7,3d233e3d1d9d3c6c,true,2026-09-20T14:25:41+00:00
20260920T142128Z-gpu_h48,electricity_hourly,T67,chronos_bolt,tsfm,168,48,50013,18.66395918528239,25.690912602147378,0.823409964056576,8.492145176195342,34.63534900015475,1.0751953125,,205292928,true,dcb2c10e4ac97b1d1289825869826fdec84593f7,3d233e3d1d9d3c6c,true,2026-09-20T14:25:41+00:00
20260920T142128Z-gpu_h48,electricity_hourly,T67,chronos_bolt,tsfm,168,48,50014,12.384737014770508,18.592744565671754,0.6999223430639534,6.724613091482777,33.25210499997411,1.0751953125,,205292928,true,dcb2c10e4ac97b1d1289825869826fdec84593f7,3d233e3d1d9d3c6c,true,2026-09-20T14:25:41+00:00
20260920T142128Z-gpu_h48,electricity_hourly,T67,chronos_bolt,tsfm,168,48,50015,10.840861638387045,15.543205513560821,0.6309959886530858,5.301531469184378,31.910154000115654,1.0751953125,,205292928,true,dcb2c10e4ac97b1d1289825869826fdec84593f7,3d233e3d1d9d3c6c,true,2026-09-20T14:25:41+00:00
20260920T142128Z-gpu_h48,electricity_hourly,T67,chronos_bolt,tsfm,168,48,50016,12.982795715332031,17.982981754526914,0.811424732208252,6.2490452459209775,35.240824999846154,1.0751953125,,205292928,true,dcb2c10e4ac97b1d1289825869826fdec84593f7,3d233e3d1d9d3c6c,true,2026-09-20T14:25:41+00:00
20260920T142128Z-gpu_h48,electricity_hourly,T67,chronos_bolt,tsfm,168,48,50017,10.293939590454102,13.793373191748007,0.4535885254055663,4.869450928096375,35.091399999828354,1.0751953125,,205292928,true,dcb2c10e4ac97b1d1289825869826fdec84593f7,3d233e3d1d9d3c6c,true,2026-09-20T14:25:41+00:00
20260920T142128Z-gpu_h48,electricity_hourly,T67,chronos_bolt,tsfm,168,48,50018,9.493342081705729,12.130560365432103,0.5743870839351365,4.573772185030299,33.79277399994862,1.0751953125,,205292928,true,dcb2c10e4ac97b1d1289825869826fdec84593f7,3d233e3d1d9d3c6c,true,2026-09-20T14:25:41+00:00
20260920T142128Z-gpu_h48,electricity_hourly,T67,chronos_bolt,tsfm,168,48,50019,11.366909980773926,16.232964208145354,0.5827109424106249,5.01667964820463,34.80754499992145,1.0751953125,,205292928,true,dcb2c10e4ac97b1d1289825869826fdec84593f7,3d233e3d1d9d3c6c,true,2026-09-20T14:25:41+00:00
20260920T142128Z-gpu_h48,electricity_hourly,T67,chronos_bolt,tsfm,168,48,50020,26.90636094411214,33.19592567500149,1.2703331068695567,9.544692076580336,36.221047000026374,1.0751953125,,205292928,true,dcb2c10e4ac97b1d1289825869826fdec84593f7,3d233e3d1d9d3c6c,true,2026-09-20T14:25:41+00:00
20260920T142128Z-gpu_h48,electricity_hourly,T67,chronos_bolt,tsfm,168,48,50021,20.937878608703613,26.859408937636033,0.7754769855075412,7.912578309766986,35.6371319999198,1.0751953125,,205292928,true,dcb2c10e4ac97b1d1289825869826fdec84593f7,3d233e3d1d9d3c6c,true,2026-09-20T14:25:41+00:00
20260920T142128Z-gpu_h48,electricity_hourly,T81,lstm,deep,168,48,60000,121.84643415873637,159.92011078832562,1.103653699764627,19.165555644046254,338.1444809999721,16.14599609375,0.32013849899999514,4513,false,dcb2c10e4ac97b1d1289825869826fdec84593f7,3d233e3d1d9d3c6c,true,2026-09-20T14:25:53+00:00
20260920T142128Z-gpu_h48,electricity_hourly,T81,lstm,deep,168,48,60001,196.7169168200143,254.62378982848142,1.7727790238489305,26.799736404889018,341.1622420001095,16.10986328125,0.32391881200010175,4513,false,dcb2c10e4ac97b1d1289825869826fdec84593f7,3d233e3d1d9d3c6c,true,2026-09-20T14:25:53+00:00
20260920T142128Z-gpu_h48,electricity_hourly,T81,lstm,deep,168,48,60002,147.61244196925898,177.08401808638226,2.0060581015074836,20.63670411014817,333.86163799991664,16.10986328125,0.31707790299992666,4513,false,dcb2c10e4ac97b1d1289825869826fdec84593f7,3d233e3d1d9d3c6c,true,2026-09-20T14:25:53+00:00
20260920T142128Z-gpu_h48,electricity_hourly,T81,lstm,deep,168,48,60003,122.12257833177522,156.840076810638,1.3617509121709486,18.160435077318617,332.4899460001234,16.10986328125,0.3152496919999521,4513,false,dcb2c10e4ac97b1d1289825869826fdec84593f7,3d233e3d1d9d3c6c,true,2026-09-20T14:25:53+00:00
20260920T142128Z-gpu_h48,electricity_hourly,T81,lstm,deep,168,48,60004,245.8494495089369,306.2970964764262,2.457299974268544,27.705388362031297,330.5654229998254,16.10986328125,0.31317253400015943,4513,false,dcb2c10e4ac97b1d1289825869826fdec84593f7,3d233e3d1d9d3c6c,true,2026-09-20T14:25:53+00:00
20260920T142128Z-gpu_h48,electricity_hourly,T81,lstm,deep,168,48,60005,209.47658316624805,263.4282678418497,1.8852892484962325,26.690735307079567,351.29765400006363,16.10986328125,0.33164208800008055,4513,false,dcb2c10e4ac97b1d1289825869826fdec84593f7,3d233e3d1d9d3c6c,true,2026-09-20T14:25:53+00:00
20260920T142128Z-gpu_h48,electricity_hourly,T81,lstm,deep,168,48,60006,201.87860973327324,242.04616264367206,1.753454358018659,25.109475829628348,340.06550599997354,16.10986328125,0.3222287060000326,4513,false,dcb2c10e4ac97b1d1289825869826fdec84593f7,3d233e3d1d9d3c6c,true,2026-09-20T14:25:53+00:00
20260920T142128Z-gpu_h48,electricity_hourly,T81,lstm,deep,168,48,60007,204.76999802078674,245.20318669430168,2.386442191242578,27.45874246754965,330.06021000005603,16.10986328125,0.31208564899998237,4513,false,dcb2c10e4ac97b1d1289825869826fdec84593f7,3d233e3d1d9d3c6c,true,2026-09-20T14:25:53+00:00
20260920T142128Z-gpu_h48,electricity_hourly,T81,lstm,deep,168,48,60008,162.45563315041287,201.42028595096932,1.7544331163686404,23.408213636939777,339.1746110000895,16.10986328125,0.32147841599999083,4513,false,dcb2c10e4ac97b1d1289825869826fdec84593f7,3d233e3d1d9d3c6c,true,2026-09-20T14:25:53+00:00
20260920T142128Z-gpu_h48,electricity_hourly,T81,lstm,deep,168,48,60009,115.36169361611944,164.81393993123666,1.396090753905471,17.954646936440675,345.60608000015236,16.10986328125,0.3279532139999901,4513,false,dcb2c10e4ac97b1d1289825869826fdec84593f7,3d233e3d1d9d3c6c,true,2026-09-20T14:25:53+00:00
20260920T142128Z-gpu_h48,electricity_hourly,T81,lstm,deep,168,48,60010,98.12148432423153,122.34365322780867,1.052241118758515,13.57523658856896,354.44287700011046,16.10986328125,0.3365022630000567,4513,false,dcb2c10e4ac97b1d1289825869826fdec84593f7,3d233e3d1d9d3c6c,true,2026-09-20T14:25:53+00:00
20260920T142128Z-gpu_h48,electricity_hourly,T81,lstm,deep,168,48,60011,202.32082893794134,249.50387037793067,2.2768208320618593,28.42204816622903,326.44859499987433,16.10986328125,0.308921570999928,4513,false,dcb2c10e4ac97b1d1289825869826fdec84593f7,3d233e3d1d9d3c6c,true,2026-09-20T14:25:53+00:00
20260920T142128Z-gpu_h48,electricity_hourly,T81,lstm,deep,168,48,60012,93.66629324331215,120.29277396478388,1.0315828854330362,13.943996740225026,328.4593109999605,16.10986328125,0.3112873340000988,4513,false,dcb2c10e4ac97b1d1289825869826fdec84593f7,3d233e3d1d9d3c6c,true,2026-09-20T14:25:53+00:00
20260920T142128Z-gpu_h48,electricity_hourly,T81,lstm,deep,168,48,60013,196.16259304598847,229.44648553745378,1.8462361698445975,26.213064019898546,331.0086719998253,16.10986328125,0.3137664199998653,4513,false,dcb2c10e4ac97b1d1289825869826fdec84593f7,3d233e3d1d9d3c6c,true,2026-09-20T14:25:53+00:00
20260920T142128Z-gpu_h48,electricity_hourly,T81,lstm,deep,168,48,60014,211.78423343371662,250.53830240767311,1.6847270806792174,30.051714138676644,328.62386799979504,16.10986328125,0.31132142399997065,4513,false,dcb2c10e4ac97b1d1289825869826fdec84593f7,3d233e3d1d9d3c6c,true,2026-09-20T14:25:53+00:00
20260920T142128Z-gpu_h48,electricity_hourly,T81,lstm,deep,168,48,60015,190.38084780503186,234.32163778595233,1.9576436792291194,27.3952395749722,355.2675819998967,16.10986328125,0.3361006739999084,4513,false,dcb2c10e4ac97b1d1289825869826fdec84593f7,3d233e3d1d9d3c6c,true,2026-09-20T14:25:53+00:00
20260920T142128Z-gpu_h48,electricity_hourly,T81,lstm,deep,168,48,60016,115.88745031075386,178.07984149439298,1.1312223999965128,14.949265407933831,342.9893739998988,16.10986328125,0.32564759000001686,4513,false,dcb2c10e4ac97b1d1289825869826fdec84593f7,3d233e3d1d9d3c6c,true,2026-09-20T14:25:53+00:00
20260920T142128Z-gpu_h48,electricity_hourly,T81,lstm,deep,168,48,60017,77.37431635408497,96.72226064408808,0.7241584268158219,9.608650820927341,337.84447900006853,16.10986328125,0.32018580299995847,4513,false,dcb2c10e4ac97b1d1289825869826fdec84593f7,3d233e3d1d9d3c6c,true,2026-09-20T14:25:53+00:00
20260920T142128Z-gpu_h48,electricity_hourly,T81,lstm,deep,168,48,60018,232.5557530469538,290.15482130854645,2.302373904349354,28.876902899265605,352.99984100015536,16.10986328125,0.3341004209999028,4513,false,dcb2c10e4ac97b1d1289825869826fdec84593f7,3d233e3d1d9d3c6c,true,2026-09-20T14:25:53+00:00
20260920T142128Z-gpu_h48,electricity_hourly,T81,lstm,deep,168,48,60019,214.68029433597485,270.1055683485891,1.7236667066841582,21.19823118622093,347.28542500010917,16.10986328125,0.3297530279999137,4513,false,dcb2c10e4ac97b1d1289825869826fdec84593f7,3d233e3d1d9d3c6c,true,2026-09-20T14:25:53+00:00
20260920T142128Z-gpu_h48,electricity_hourly,T81,lstm,deep,168,48,60020,311.0722515761016,375.30940344943906,2.446444796666228,30.203347435074452,362.29212399985045,16.10986328125,0.344939297999872,4513,false,dcb2c10e4ac97b1d1289825869826fdec84593f7,3d233e3d1d9d3c6c,true,2026-09-20T14:25:53+00:00
20260920T142128Z-gpu_h48,electricity_hourly,T81,lstm,deep,168,48,60021,288.1046164061352,355.0134086372181,1.4540538610151224,27.97285668688197,350.5969150000965,16.10986328125,0.33325100199999724,4513,false,dcb2c10e4ac97b1d1289825869826fdec84593f7,3d233e3d1d9d3c6c,true,2026-09-20T14:25:53+00:00
20260920T142128Z-gpu_h48,electricity_hourly,T81,transformer,deep,168,48,60000,122.06700621025095,152.96920972055187,1.1056515847450081,17.696550934607107,578.8578299998335,10.6845703125,0.5765380960001494,19232,false,dcb2c10e4ac97b1d1289825869826fdec84593f7,3d233e3d1d9d3c6c,true,2026-09-20T14:26:11+00:00
20260920T142128Z-gpu_h48,electricity_hourly,T81,transformer,deep,168,48,60001,172.04494915578934,226.79313979196093,1.550439494238292,24.05124646283866,582.9993289999038,10.525390625,0.5810259160000442,19232,false,dcb2c10e4ac97b1d1289825869826fdec84593f7,3d233e3d1d9d3c6c,true,2026-09-20T14:26:11+00:00
20260920T142128Z-gpu_h48,electricity_hourly,T81,transformer,deep,168,48,60002,204.37571201706228,267.9774142997526,2.7774728699940514,26.63606214221929,581.1870620000263,10.525390625,0.5790641619998951,19232,false,dcb2c10e4ac97b1d1289825869826fdec84593f7,3d233e3d1d9d3c6c,true,2026-09-20T14:26:11+00:00
20260920T142128Z-gpu_h48,electricity_hourly,T81,transformer,deep,168,48,60003,114.06193122184663,144.27345530505258,1.2718691417024868,17.380163605935415,566.2481600002138,10.525390625,0.564278836999847,19232,false,dcb2c10e4ac97b1d1289825869826fdec84593f7,3d233e3d1d9d3c6c,true,2026-09-20T14:26:11+00:00
20260920T142128Z-gpu_h48,electricity_hourly,T81,transformer,deep,168,48,60004,255.4139666723698,327.9960108479379,2.5528986743125737,32.681532720969834,585.2064020000398,10.525390625,0.5831411609999577,19232,false,dcb2c10e4ac97b1d1289825869826fdec84593f7,3d233e3d1d9d3c6c,true,2026-09-20T14:26:11+00:00
20260920T142128Z-gpu_h48,electricity_hourly,T81,transformer,deep,168,48,60005,204.9732267147398,254.24780406399557,1.8447590404326581,27.419838916525656,574.3834490001518,10.525390625,0.5723855429998821,19232,false,dcb2c10e4ac97b1d1289825869826fdec84593f7,3d233e3d1d9d3c6c,true,2026-09-20T14:26:11+00:00
20260920T142128Z-gpu_h48,electricity_hourly,T81,transformer,deep,168,48,60006,164.460751977157,207.86753227321495,1.4284545681108998,21.113469984602126,579.7630259999096,10.525390625,0.5777961109999978,19232,false,dcb2c10e4ac97b1d1289825869826fdec84593f7,3d233e3d1d9d3c6c,true,2026-09-20T14:26:11+00:00
20260920T142128Z-gpu_h48,electricity_hourly,T81,transformer,deep,168,48,60007,182.1315882282457,227.69222163811617,2.1226083445182407,23.835599294451036,586.8961700000455,10.525390625,0.5847267350000038,19232,false,dcb2c10e4ac97b1d1289825869826fdec84593f7,3d233e3d1d9d3c6c,true,2026-09-20T14:26:11+00:00
20260920T142128Z-gpu_h48,electricity_hourly,T81,transformer,deep,168,48,60008,173.67678985908722,220.23336638013353,1.8756155497006568,24.56301328003715,585.0448670000787,10.525390625,0.5829605910000737,19232,false,dcb2c10e4ac97b1d1289825869826fdec84593f7,3d233e3d1d9d3c6c,true,2026-09-20T14:26:11+00:00
20260920T142128Z-gpu_h48,electricity_hourly,T81,transformer,deep,168,48,60009,133.71282864505372,183.51746609062351,1.6181735712990786,21.44159282486495,596.8394380001882,10.525390625,0.5948394849999659,19232,false,dcb2c10e4ac97b1d1289825869826fdec84593f7,3d233e3d1d9d3c6c,true,2026-09-20T14:26:11+00:00
20260920T142128Z-gpu_h48,electricity_hourly,T81,transformer,deep,168,48,60010,140.8721270995951,176.25517402256423,1.5106930520063817,19.237096584786,635.879425999974,10.525390625,0.6338229730001785,19232,false,dcb2c10e4ac97b1d1289825869826fdec84593f7,3d233e3d1d9d3c6c,true,2026-09-20T14:26:11+00:00
20260920T142128Z-gpu_h48,electricity_hourly,T81,transformer,deep,168,48,60011,110.15173451292189,145.59059159659412,1.2395943865161576,15.29226876266289,599.5357160002186,10.525390625,0.597368182000082,19232,false,dcb2c10e4ac97b1d1289825869826fdec84593f7,3d233e3d1d9d3c6c,true,2026-09-20T14:26:11+00:00
20260920T142128Z-gpu_h48,electricity_hourly,T81,transformer,deep,168,48,60012,126.03929328883412,148.0431541892431,1.3881191765653622,18.860047778521714,586.5189609999106,10.525390625,0.5845500840000568,19232,false,dcb2c10e4ac97b1d1289825869826fdec84593f7,3d233e3d1d9d3c6c,true,2026-09-20T14:26:11+00:00
20260920T142128Z-gpu_h48,electricity_hourly,T81,transformer,deep,168,48,60013,114.53227945620677,138.15531483253645,1.0779508654701813,15.734708053520944,598.0413659999613,10.525390625,0.595862397999781,19232,false,dcb2c10e4ac97b1d1289825869826fdec84593f7,3d233e3d1d9d3c6c,true,2026-09-20T14:26:11+00:00
20260920T142128Z-gpu_h48,electricity_hourly,T81,transformer,deep,168,48,60014,183.534525020234,223.20164823566492,1.4600028506747154,24.551625972967607,577.2794009999416,10.525390625,0.5752169810000396,19232,false,dcb2c10e4ac97b1d1289825869826fdec84593f7,3d233e3d1d9d3c6c,true,2026-09-20T14:26:11+00:00
20260920T142128Z-gpu_h48,electricity_hourly,T81,transformer,deep,168,48,60015,95.70397961445563,119.62522439697767,0.9841026181435026,15.034286554824547,587.2980249998818,10.525390625,0.5851989459999913,19232,false,dcb2c10e4ac97b1d1289825869826fdec84593f7,3d233e3d1d9d3c6c,true,2026-09-20T14:26:11+00:00
20260920T142128Z-gpu_h48,electricity_hourly,T81,transformer,deep,168,48,60016,232.44569595899648,294.1756206614595,2.268992693742916,29.426914764046447,591.2212370001271,10.525390625,0.5889914639999461,19232,false,dcb2c10e4ac97b1d1289825869826fdec84593f7,3d233e3d1d9d3c6c,true,2026-09-20T14:26:11+00:00
20260920T142128Z-gpu_h48,electricity_hourly,T81,transformer,deep,168,48,60017,125.20257992809688,159.63782997366937,1.17179068696516,15.34546521939,584.0172599998823,10.525390625,0.5819963880001069,19232,false,dcb2c10e4ac97b1d1289825869826fdec84593f7,3d233e3d1d9d3c6c,true,2026-09-20T14:26:11+00:00
20260920T142128Z-gpu_h48,electricity_hourly,T81,transformer,deep,168,48,60018,246.50443362964276,337.7362454622796,2.440470157625889,29.212659680039614,580.3417289998833,10.525390625,0.5784009150002021,19232,false,dcb2c10e4ac97b1d1289825869826fdec84593f7,3d233e3d1d9d3c6c,true,2026-09-20T14:26:11+00:00
20260920T142128Z-gpu_h48,electricity_hourly,T81,transformer,deep,168,48,60019,312.1039162350657,377.15680366841207,2.505880342227458,31.20045251863171,582.0854830001281,10.525390625,0.5800306369999362,19232,false,dcb2c10e4ac97b1d1289825869826fdec84593f7,3d233e3d1d9d3c6c,true,2026-09-20T14:26:11+00:00
20260920T142128Z-gpu_h48,electricity_hourly,T81,transformer,deep,168,48,60020,297.079375284572,375.522578508243,2.336397053029949,30.452960496383323,589.8659680001401,10.525390625,0.5877963409998301,19232,false,dcb2c10e4ac97b1d1289825869826fdec84593f7,3d233e3d1d9d3c6c,true,2026-09-20T14:26:11+00:00
20260920T142128Z-gpu_h48,electricity_hourly,T81,transformer,deep,168,48,60021,189.79177260753826,245.9466560417428,0.9578723978510273,19.141036184383207,590.1983600001586,10.525390625,0.5881237289997898,19232,false,dcb2c10e4ac97b1d1289825869826fdec84593f7,3d233e3d1d9d3c6c,true,2026-09-20T14:26:11+00:00
20260920T142128Z-gpu_h48,electricity_hourly,T81,timesfm25,tsfm,168,48,60000,34.12274169921875,45.5886390907121,0.3090750286002957,5.309215107779216,115.2437179998742,11.94287109375,,231289280,true,dcb2c10e4ac97b1d1289825869826fdec84593f7,3d233e3d1d9d3c6c,true,2026-09-20T14:26:18+00:00
20260920T142128Z-gpu_h48,electricity_hourly,T81,timesfm25,tsfm,168,48,60001,101.57011159261067,137.78769437318522,0.9153323780797258,13.10517756578646,124.57996700004514,11.94287109375,,231289280,true,dcb2c10e4ac97b1d1289825869826fdec84593f7,3d233e3d1d9d3c6c,true,2026-09-20T14:26:18+00:00
20260920T142128Z-gpu_h48,electricity_hourly,T81,timesfm25,tsfm,168,48,60002,50.02362187703451,67.5519137589448,0.6798227208657012,7.290281957773469,112.19235300018227,11.94287109375,,231289280,true,dcb2c10e4ac97b1d1289825869826fdec84593f7,3d233e3d1d9d3c6c,true,2026-09-20T14:26:18+00:00
20260920T142128Z-gpu_h48,electricity_hourly,T81,timesfm25,tsfm,168,48,60003,46.323961893717446,61.29352082524696,0.5165441004100443,6.866010376246402,125.20734699978675,11.94287109375,,231289280,true,dcb2c10e4ac97b1d1289825869826fdec84593f7,3d233e3d1d9d3c6c,true,2026-09-20T14:26:18+00:00
20260920T142128Z-gpu_h48,electricity_hourly,T81,timesfm25,tsfm,168,48,60004,112.32643000284831,130.85303307911377,1.1227185340744192,14.952368800054117,124.28948199999468,11.94287109375,,231289280,true,dcb2c10e4ac97b1d1289825869826fdec84593f7,3d233e3d1d9d3c6c,true,2026-09-20T14:26:18+00:00
20260920T142128Z-gpu_h48,electricity_hourly,T81,timesfm25,tsfm,168,48,60005,63.23379770914713,83.49996323710286,0.5691041793823242,7.9819025387818545,121.58633499984717,11.94287109375,,231289280,true,dcb2c10e4ac97b1d1289825869826fdec84593f7,3d233e3d1d9d3c6c,true,2026-09-20T14:26:18+00:00
20260920T142128Z-gpu_h48,electricity_hourly,T81,timesfm25,tsfm,168,48,60006,85.9972546895345,106.14844672669618,0.7469452123344573,10.912918899951352,119.41986900001211,11.94287109375,,231289280,true,dcb2c10e4ac97b1d1289825869826fdec84593f7,3d233e3d1d9d3c6c,true,2026-09-20T14:26:18+00:00
20260920T142128Z-gpu_h48,electricity_hourly,T81,timesfm25,tsfm,168,48,60007,106.89079475402832,156.2149449231523,1.2457327973923662,13.650899174459722,122.95279800014214,11.94287109375,,231289280,true,dcb2c10e4ac97b1d1289825869826fdec84593f7,3d233e3d1d9d3c6c,true,2026-09-20T14:26:18+00:00
20260920T142128Z-gpu_h48,electricity_hourly,T81,timesfm25,tsfm,168,48,60008,67.0469462076823,80.79984888268051,0.7240708155021937,10.635365603069607,116.84080300005917,11.94287109375,,231289280,true,dcb2c10e4ac97b1d1289825869826fdec84593f7,3d233e3d1d9d3c6c,true,2026-09-20T14:26:18+00:00
20260920T142128Z-gpu_h48,electricity_hourly,T81,timesfm25,tsfm,168,48,60009,76.40649922688802,95.49512881156599,0.9246605503548092,12.183662350089199,118.28005899997152,11.94287109375,,231289280,true,dcb2c10e4ac97b1d1289825869826fdec84593f7,3d233e3d1d9d3c6c,true,2026-09-20T14:26:18+00:00
20260920T142128Z-gpu_h48,electricity_hourly,T81,timesfm25,tsfm,168,48,60010,36.64299964904785,47.2584197967236,0.39295441982893137,4.958521120470752,119.97339499998816,11.94287109375,,231289280,true,dcb2c10e4ac97b1d1289825869826fdec84593f7,3d233e3d1d9d3c6c,true,2026-09-20T14:26:18+00:00
20260920T142128Z-gpu_h48,electricity_hourly,T81,timesfm25,tsfm,168,48,60011,54.019981384277344,71.8574168864702,0.6079147639368504,7.799086218945958,120.59418500007268,11.94287109375,,231289280,true,dcb2c10e4ac97b1d1289825869826fdec84593f7,3d233e3d1d9d3c6c,true,2026-09-20T14:26:18+00:00
20260920T142128Z-gpu_h48,electricity_hourly,T81,timesfm25,tsfm,168,48,60012,38.770185470581055,49.10912143945466,0.42699095279263266,5.9371916119858295,116.26681600000666,11.94287109375,,231289280,true,dcb2c10e4ac97b1d1289825869826fdec84593f7,3d233e3d1d9d3c6c,true,2026-09-20T14:26:18+00:00
20260920T142128Z-gpu_h48,electricity_hourly,T81,timesfm25,tsfm,168,48,60013,100.89258575439453,121.7219966629969,0.9495772776884192,13.757761875832255,117.70705000003545,11.94287109375,,231289280,true,dcb2c10e4ac97b1d1289825869826fdec84593f7,3d233e3d1d9d3c6c,true,2026-09-20T14:26:18+00:00
20260920T142128Z-gpu_h48,electricity_hourly,T81,timesfm25,tsfm,168,48,60014,55.65032196044922,69.28013705649417,0.4426939764835205,7.908388188114721,113.3612329999778,11.94287109375,,231289280,true,dcb2c10e4ac97b1d1289825869826fdec84593f7,3d233e3d1d9d3c6c,true,2026-09-20T14:26:18+00:00
20260920T142128Z-gpu_h48,electricity_hourly,T81,timesfm25,tsfm,168,48,60015,58.8280226389567,73.59377748221766,0.6049153998864443,8.335539014346665,115.62494999998307,11.94287109375,,231289280,true,dcb2c10e4ac97b1d1289825869826fdec84593f7,3d233e3d1d9d3c6c,true,2026-09-20T14:26:18+00:00
20260920T142128Z-gpu_h48,electricity_hourly,T81,timesfm25,tsfm,168,48,60016,68.16287231445312,92.03589250292427,0.6653642633731867,8.268890672364163,120.88232299993251,11.94287109375,,231289280,true,dcb2c10e4ac97b1d1289825869826fdec84593f7,3d233e3d1d9d3c6c,true,2026-09-20T14:26:18+00:00
20260920T142128Z-gpu_h48,electricity_hourly,T81,timesfm25,tsfm,168,48,60017,57.04887390136719,81.1201628292797,0.5339294060702505,6.569249160138975,118.35887999995975,11.94287109375,,231289280,true,dcb2c10e4ac97b1d1289825869826fdec84593f7,3d233e3d1d9d3c6c,true,2026-09-20T14:26:18+00:00
20260920T142128Z-gpu_h48,electricity_hourly,T81,timesfm25,tsfm,168,48,60018,64.37307675679524,83.75157469125027,0.6373133759352709,8.026736514113592,116.74754899991058,11.94287109375,,231289280,true,dcb2c10e4ac97b1d1289825869826fdec84593f7,3d233e3d1d9d3c6c,true,2026-09-20T14:26:18+00:00
20260920T142128Z-gpu_h48,electricity_hourly,T81,timesfm25,tsfm,168,48,60019,131.50802930196127,175.6524590689272,1.0558771240302438,13.822617751203973,119.20691099999203,11.94287109375,,231289280,true,dcb2c10e4ac97b1d1289825869826fdec84593f7,3d233e3d1d9d3c6c,true,2026-09-20T14:26:18+00:00
20260920T142128Z-gpu_h48,electricity_hourly,T81,timesfm25,tsfm,168,48,60020,78.06302388509114,98.94845920194024,0.613930936070624,7.348385293305386,121.46855399987544,11.94287109375,,231289280,true,dcb2c10e4ac97b1d1289825869826fdec84593f7,3d233e3d1d9d3c6c,true,2026-09-20T14:26:18+00:00
20260920T142128Z-gpu_h48,electricity_hourly,T81,timesfm25,tsfm,168,48,60021,125.64295832316081,143.92389437569477,0.6341155894621883,13.055556729783202,117.39042299996072,11.94287109375,,231289280,true,dcb2c10e4ac97b1d1289825869826fdec84593f7,3d233e3d1d9d3c6c,true,2026-09-20T14:26:18+00:00
20260920T142128Z-gpu_h48,electricity_hourly,T81,chronos_bolt,tsfm,168,48,60000,37.503138860066734,47.13089356749119,0.33969379770094416,5.860764059916796,31.000001000165867,1.0751953125,,205292928,true,dcb2c10e4ac97b1d1289825869826fdec84593f7,3d233e3d1d9d3c6c,true,2026-09-20T14:26:22+00:00
20260920T142128Z-gpu_h48,electricity_hourly,T81,chronos_bolt,tsfm,168,48,60001,88.48320897420247,117.01071238464502,0.7973954623121069,11.614572079202796,34.29939000011473,1.0751953125,,205292928,true,dcb2c10e4ac97b1d1289825869826fdec84593f7,3d233e3d1d9d3c6c,true,2026-09-20T14:26:22+00:00
20260920T142128Z-gpu_h48,electricity_hourly,T81,chronos_bolt,tsfm,168,48,60002,63.29734675089518,83.40597317634435,0.8602130928773978,8.784746481520704,32.86521100017126,1.0751953125,,205292928,true,dcb2c10e4ac97b1d1289825869826fdec84593f7,3d233e3d1d9d3c6c,true,2026-09-20T14:26:22+00:00
20260920T142128Z-gpu_h48,electricity_hourly,T81,chronos_bolt,tsfm,168,48,60003,50.21752103169759,65.28786572560767,0.559959968140348,7.387074414364402,35.11384400007955,1.0751953125,,205292928,true,dcb2c10e4ac97b1d1289825869826fdec84593f7,3d233e3d1d9d3c6c,true,2026-09-20T14:26:22+00:00
20260920T142128Z-gpu_h48,electricity_hourly,T81,chronos_bolt,tsfm,168,48,60004,83.77242724100749,104.3949399005497,0.8373172431946331,10.902524313036459,33.79943400000229,1.0751953125,,205292928,true,dcb2c10e4ac97b1d1289825869826fdec84593f7,3d233e3d1d9d3c6c,true,2026-09-20T14:26:22+00:00
20260920T142128Z-gpu_h48,electricity_hourly,T81,chronos_bolt,tsfm,168,48,60005,50.75807317097982,64.82958495545365,0.45682265853881837,6.663122357402178,33.206207999910475,1.0751953125,,205292928,true,dcb2c10e4ac97b1d1289825869826fdec84593f7,3d233e3d1d9d3c6c,true,2026-09-20T14:26:22+00:00
20260920T142128Z-gpu_h48,electricity_hourly,T81,chronos_bolt,tsfm,168,48,60006,87.23051198323567,103.91499282606736,0.757656898822965,10.654684702992993,34.36589200009621,1.0751953125,,205292928,true,dcb2c10e4ac97b1d1289825869826fdec84593f7,3d233e3d1d9d3c6c,true,2026-09-20T14:26:22+00:00
20260920T142128Z-gpu_h48,electricity_hourly,T81,chronos_bolt,tsfm,168,48,60007,100.49102147420247,140.1783969012247,1.171148194584425,13.002761088016692,35.2159080000547,1.0751953125,,205292928,true,dcb2c10e4ac97b1d1289825869826fdec84593f7,3d233e3d1d9d3c6c,true,2026-09-20T14:26:22+00:00
20260920T142128Z-gpu_h48,electricity_hourly,T81,chronos_bolt,tsfm,168,48,60008,67.38876851399739,83.68542935055127,0.72776231183558,10.341912599392545,35.72865699993599,1.0751953125,,205292928,true,dcb2c10e4ac97b1d1289825869826fdec84593f7,3d233e3d1d9d3c6c,true,2026-09-20T14:26:22+00:00
20260920T142128Z-gpu_h48,electricity_hourly,T81,chronos_bolt,tsfm,168,48,60009,70.0481522878011,94.83200754095559,0.847712743040874,11.195450494386282,34.40419799994743,1.0751953125,,205292928,true,dcb2c10e4ac97b1d1289825869826fdec84593f7,3d233e3d1d9d3c6c,true,2026-09-20T14:26:22+00:00
20260920T142128Z-gpu_h48,electricity_hourly,T81,chronos_bolt,tsfm,168,48,60010,33.64403088887533,44.62751138919241,0.3607938969316389,4.501027525358122,35.687527999925805,1.0751953125,,205292928,true,dcb2c10e4ac97b1d1289825869826fdec84593f7,3d233e3d1d9d3c6c,true,2026-09-20T14:26:22+00:00
20260920T142128Z-gpu_h48,electricity_hourly,T81,chronos_bolt,tsfm,168,48,60011,51.88136100769043,65.75929156388685,0.5838477637626932,7.460471862154787,38.04973499995867,1.0751953125,,205292928,true,dcb2c10e4ac97b1d1289825869826fdec84593f7,3d233e3d1d9d3c6c,true,2026-09-20T14:26:22+00:00
20260920T142128Z-gpu_h48,electricity_hourly,T81,chronos_bolt,tsfm,168,48,60012,38.07910474141439,47.834474672161406,0.4193798151253286,5.9681468061398,35.515139000153795,1.0751953125,,205292928,true,dcb2c10e4ac97b1d1289825869826fdec84593f7,3d233e3d1d9d3c6c,true,2026-09-20T14:26:22+00:00
20260920T142128Z-gpu_h48,electricity_hourly,T81,chronos_bolt,tsfm,168,48,60013,85.30762227376302,107.84829417093259,0.802895268458946,11.068802521063654,35.77486099993621,1.0751953125,,205292928,true,dcb2c10e4ac97b1d1289825869826fdec84593f7,3d233e3d1d9d3c6c,true,2026-09-20T14:26:22+00:00
20260920T142128Z-gpu_h48,electricity_hourly,T81,chronos_bolt,tsfm,168,48,60014,49.72454833984375,59.128558480139,0.39555490890164074,7.106713210767225,35.71486099986032,1.0751953125,,205292928,true,dcb2c10e4ac97b1d1289825869826fdec84593f7,3d233e3d1d9d3c6c,true,2026-09-20T14:26:22+00:00
20260920T142128Z-gpu_h48,electricity_hourly,T81,chronos_bolt,tsfm,168,48,60015,64.08485285441081,77.36254931329977,0.6589702092998541,8.905680987596103,36.614549999967494,1.0751953125,,205292928,true,dcb2c10e4ac97b1d1289825869826fdec84593f7,3d233e3d1d9d3c6c,true,2026-09-20T14:26:22+00:00
20260920T142128Z-gpu_h48,electricity_hourly,T81,chronos_bolt,tsfm,168,48,60016,56.37074597676595,78.47499007517001,0.5502567394695158,6.854128359985602,34.239724999906684,1.0751953125,,205292928,true,dcb2c10e4ac97b1d1289825869826fdec84593f7,3d233e3d1d9d3c6c,true,2026-09-20T14:26:22+00:00
20260920T142128Z-gpu_h48,electricity_hourly,T81,chronos_bolt,tsfm,168,48,60017,53.623281478881836,73.41882948766161,0.501868746455153,6.422067941209514,32.74694700007785,1.0751953125,,205292928,true,dcb2c10e4ac97b1d1289825869826fdec84593f7,3d233e3d1d9d3c6c,true,2026-09-20T14:26:22+00:00
20260920T142128Z-gpu_h48,electricity_hourly,T81,chronos_bolt,tsfm,168,48,60018,58.8272279103597,77.96865740742327,0.5824077565549534,7.380776897146633,35.726887999999235,1.0751953125,,205292928,true,dcb2c10e4ac97b1d1289825869826fdec84593f7,3d233e3d1d9d3c6c,true,2026-09-20T14:26:22+00:00
20260920T142128Z-gpu_h48,electricity_hourly,T81,chronos_bolt,tsfm,168,48,60019,142.6020711263021,191.2334449994386,1.1449511147023976,14.645285267025429,33.112269999946875,1.0751953125,,205292928,true,dcb2c10e4ac97b1d1289825869826fdec84593f7,3d233e3d1d9d3c6c,true,2026-09-20T14:26:22+00:00
20260920T142128Z-gpu_h48,electricity_hourly,T81,chronos_bolt,tsfm,168,48,60020,66.92164738972981,88.94339893060193,0.5263089690945436,5.961396923289121,38.60936199998832,1.0751953125,,205292928,true,dcb2c10e4ac97b1d1289825869826fdec84593f7,3d233e3d1d9d3c6c,true,2026-09-20T14:26:22+00:00
20260920T142128Z-gpu_h48,electricity_hourly,T81,chronos_bolt,tsfm,168,48,60021,105.80651728312175,122.30665211977977,0.5340017695489111,10.862881943369302,32.77855599981194,1.0751953125,,205292928,true,dcb2c10e4ac97b1d1289825869826fdec84593f7,3d233e3d1d9d3c6c,true,2026-09-20T14:26:22+00:00
20260920T142128Z-gpu_h48,electricity_hourly,T94,lstm,deep,168,48,70000,276.30022056512246,444.3830184488952,2.296123716607666,8.174637886723147,378.03509299988036,16.14599609375,0.3572626840000339,4513,false,dcb2c10e4ac97b1d1289825869826fdec84593f7,3d233e3d1d9d3c6c,true,2026-09-20T14:26:35+00:00
20260920T142128Z-gpu_h48,electricity_hourly,T94,lstm,deep,168,48,70001,1929.9852914737592,2517.5967226441367,8.0604971713861,38.188017528360724,359.96355899987975,16.10986328125,0.3432508600001256,4513,false,dcb2c10e4ac97b1d1289825869826fdec84593f7,3d233e3d1d9d3c6c,true,2026-09-20T14:26:35+00:00
20260920T142128Z-gpu_h48,electricity_hourly,T94,lstm,deep,168,48,70002,476.6634870035503,742.4321594294665,2.0800491568990345,13.775027189299136,339.821443999881,16.10986328125,0.32247178400007215,4513,false,dcb2c10e4ac97b1d1289825869826fdec84593f7,3d233e3d1d9d3c6c,true,2026-09-20T14:26:35+00:00
20260920T142128Z-gpu_h48,electricity_hourly,T94,lstm,deep,168,48,70003,421.1507420323498,690.0299061407554,1.565090888865735,13.008979175630186,341.2269530001595,16.10986328125,0.324036015999809,4513,false,dcb2c10e4ac97b1d1289825869826fdec84593f7,3d233e3d1d9d3c6c,true,2026-09-20T14:26:35+00:00
20260920T142128Z-gpu_h48,electricity_hourly,T94,lstm,deep,168,48,70004,610.7820148449839,850.9058120147781,2.4344047756007,15.561211461535015,353.7664279999717,16.10986328125,0.33560254600001826,4513,false,dcb2c10e4ac97b1d1289825869826fdec84593f7,3d233e3d1d9d3c6c,true,2026-09-20T14:26:35+00:00
20260920T142128Z-gpu_h48,electricity_hourly,T94,lstm,deep,168,48,70005,375.51120028673057,591.5784667988472,1.613752323065811,11.819107823004419,349.79372799989505,16.10986328125,0.3324481280001237,4513,false,dcb2c10e4ac97b1d1289825869826fdec84593f7,3d233e3d1d9d3c6c,true,2026-09-20T14:26:35+00:00
20260920T142128Z-gpu_h48,electricity_hourly,T94,lstm,deep,168,48,70006,719.79079081863,1051.0886383611744,2.038586143456115,19.690982484910943,382.76179500007856,16.10986328125,0.3615755740001987,4513,false,dcb2c10e4ac97b1d1289825869826fdec84593f7,3d233e3d1d9d3c6c,true,2026-09-20T14:26:35+00:00
20260920T142128Z-gpu_h48,electricity_hourly,T94,lstm,deep,168,48,70007,734.0486215820338,1173.7243643428626,4.270655792000842,18.60760227236247,344.5963930000744,16.10986328125,0.32702452200010157,4513,false,dcb2c10e4ac97b1d1289825869826fdec84593f7,3d233e3d1d9d3c6c,true,2026-09-20T14:26:35+00:00
20260920T142128Z-gpu_h48,electricity_hourly,T94,lstm,deep,168,48,70008,874.4633793634686,1439.1749592062076,7.252359997024677,24.46623456122504,375.388484000041,16.10986328125,0.35872043800009124,4513,false,dcb2c10e4ac97b1d1289825869826fdec84593f7,3d233e3d1d9d3c6c,true,2026-09-20T14:26:35+00:00
20260920T142128Z-gpu_h48,electricity_hourly,T94,lstm,deep,168,48,70009,1022.6899026029913,1643.0895441269217,5.353229588325363,25.169693316406445,330.9563010000147,16.10986328125,0.312912955999991,4513,false,dcb2c10e4ac97b1d1289825869826fdec84593f7,3d233e3d1d9d3c6c,true,2026-09-20T14:26:35+00:00
20260920T142128Z-gpu_h48,electricity_hourly,T94,lstm,deep,168,48,70010,915.3540479538333,1457.0622373723666,5.136426736238485,23.160558326588802,338.6124310000014,16.10986328125,0.32184513400011383,4513,false,dcb2c10e4ac97b1d1289825869826fdec84593f7,3d233e3d1d9d3c6c,true,2026-09-20T14:26:35+00:00
20260920T142128Z-gpu_h48,electricity_hourly,T94,lstm,deep,168,48,70011,424.0443030241001,620.7905683373359,1.2830117797884228,11.372373044360542,336.5044270001363,16.10986328125,0.3194309539999267,4513,false,dcb2c10e4ac97b1d1289825869826fdec84593f7,3d233e3d1d9d3c6c,true,2026-09-20T14:26:35+00:00
20260920T142128Z-gpu_h48,electricity_hourly,T94,lstm,deep,168,48,70012,627.1138377260185,827.5383751095844,3.920482444757604,11.201522288227594,373.9104139999654,16.10986328125,0.3550788750001175,4513,false,dcb2c10e4ac97b1d1289825869826fdec84593f7,3d233e3d1d9d3c6c,true,2026-09-20T14:26:35+00:00
20260920T142128Z-gpu_h48,electricity_hourly,T94,lstm,deep,168,48,70013,750.7686071874506,1010.1295398679488,3.1634434362836252,20.772064109944257,347.85403999990194,16.10986328125,0.33146695999994336,4513,false,dcb2c10e4ac97b1d1289825869826fdec84593f7,3d233e3d1d9d3c6c,true,2026-09-20T14:26:35+00:00
20260920T142128Z-gpu_h48,electricity_hourly,T94,lstm,deep,168,48,70014,724.6935254245182,946.6711600357088,4.491708675639419,16.78548492485689,329.45319300006304,16.10986328125,0.3114883230000487,4513,false,dcb2c10e4ac97b1d1289825869826fdec84593f7,3d233e3d1d9d3c6c,true,2026-09-20T14:26:35+00:00
20260920T142128Z-gpu_h48,electricity_hourly,T94,lstm,deep,168,48,70015,346.1745829337319,559.9040927252404,1.9102214876784716,10.83474555229688,322.98981800022375,16.10986328125,0.3070645149998654,4513,false,dcb2c10e4ac97b1d1289825869826fdec84593f7,3d233e3d1d9d3c6c,true,2026-09-20T14:26:35+00:00
20260920T142128Z-gpu_h48,electricity_hourly,T94,lstm,deep,168,48,70016,466.96075681101837,616.0584656502984,2.477793093845775,16.897617930938168,330.64129399986086,16.10986328125,0.31212226900015594,4513,false,dcb2c10e4ac97b1d1289825869826fdec84593f7,3d233e3d1d9d3c6c,true,2026-09-20T14:26:35+00:00
20260920T142128Z-gpu_h48,electricity_hourly,T94,lstm,deep,168,48,70017,681.1056507844434,1067.7481295959124,2.9517926298781068,20.780410424106922,365.3306030000749,16.10986328125,0.34862717499981954,4513,false,dcb2c10e4ac97b1d1289825869826fdec84593f7,3d233e3d1d9d3c6c,true,2026-09-20T14:26:35+00:00
20260920T142128Z-gpu_h48,electricity_hourly,T94,lstm,deep,168,48,70018,221.6020516306215,309.8981964914161,1.2222573707219817,7.260000686248745,344.09723599992503,16.10986328125,0.3264989379999861,4513,false,dcb2c10e4ac97b1d1289825869826fdec84593f7,3d233e3d1d9d3c6c,true,2026-09-20T14:26:35+00:00
20260920T142128Z-gpu_h48,electricity_hourly,T94,lstm,deep,168,48,70019,356.21079872693616,479.52101453296746,3.723457826413967,10.32900601337499,360.412358000076,16.10986328125,0.3435034070000711,4513,false,dcb2c10e4ac97b1d1289825869826fdec84593f7,3d233e3d1d9d3c6c,true,2026-09-20T14:26:35+00:00
20260920T142128Z-gpu_h48,electricity_hourly,T94,lstm,deep,168,48,70020,251.70572531178308,317.39591306424126,1.3884552555026533,6.606010695598073,329.12023399990176,16.10986328125,0.31169268500002545,4513,false,dcb2c10e4ac97b1d1289825869826fdec84593f7,3d233e3d1d9d3c6c,true,2026-09-20T14:26:35+00:00
20260920T142128Z-gpu_h48,electricity_hourly,T94,lstm,deep,168,48,70021,2118.670601960037,2280.5809952445943,1.8627495157173186,56.63941015545275,333.81557699999576,16.10986328125,0.31722026500005995,4513,false,dcb2c10e4ac97b1d1289825869826fdec84593f7,3d233e3d1d9d3c6c,true,2026-09-20T14:26:35+00:00
20260920T142128Z-gpu_h48,electricity_hourly,T94,transformer,deep,168,48,70000,298.2984186139672,395.85135361404497,2.4789342267088688,9.551607427067017,568.5227950000353,10.6845703125,0.5666017080000074,19232,false,dcb2c10e4ac97b1d1289825869826fdec84593f7,3d233e3d1d9d3c6c,true,2026-09-20T14:26:52+00:00
20260920T142128Z-gpu_h48,electricity_hourly,T94,transformer,deep,168,48,70001,1261.1490985084724,1632.277817781201,5.267132752841441,23.63691002778173,573.236210999994,10.525390625,0.5713005260001864,19232,false,dcb2c10e4ac97b1d1289825869826fdec84593f7,3d233e3d1d9d3c6c,true,2026-09-20T14:26:52+00:00
20260920T142128Z-gpu_h48,electricity_hourly,T94,transformer,deep,168,48,70002,482.832846219577,612.7274124228128,2.106970812922182,14.991362692810062,576.1414430000968,10.525390625,0.5741899470001499,19232,false,dcb2c10e4ac97b1d1289825869826fdec84593f7,3d233e3d1d9d3c6c,true,2026-09-20T14:26:52+00:00
20260920T142128Z-gpu_h48,electricity_hourly,T94,transformer,deep,168,48,70003,368.6618369949071,468.107162730264,1.3700303111632977,12.700417462056388,571.8113350001204,10.525390625,0.5697800960001587,19232,false,dcb2c10e4ac97b1d1289825869826fdec84593f7,3d233e3d1d9d3c6c,true,2026-09-20T14:26:52+00:00
20260920T142128Z-gpu_h48,electricity_hourly,T94,transformer,deep,168,48,70004,867.3333870963,1084.7626124244057,3.456946157985751,18.77305668235717,571.3517310000498,10.525390625,0.5691877110000405,19232,false,dcb2c10e4ac97b1d1289825869826fdec84593f7,3d233e3d1d9d3c6c,true,2026-09-20T14:26:52+00:00
20260920T142128Z-gpu_h48,electricity_hourly,T94,transformer,deep,168,48,70005,414.2164158761479,536.2769109122747,1.7800872593459858,13.74131115954868,574.2866900000081,10.525390625,0.5722120150001047,19232,false,dcb2c10e4ac97b1d1289825869826fdec84593f7,3d233e3d1d9d3c6c,true,2026-09-20T14:26:52+00:00
20260920T142128Z-gpu_h48,electricity_hourly,T94,transformer,deep,168,48,70006,506.02107536307875,606.6298836355419,1.4331491395697298,12.772869237354598,570.4154519999065,10.525390625,0.5679484500001308,19232,false,dcb2c10e4ac97b1d1289825869826fdec84593f7,3d233e3d1d9d3c6c,true,2026-09-20T14:26:52+00:00
20260920T142128Z-gpu_h48,electricity_hourly,T94,transformer,deep,168,48,70007,528.2052851718072,661.9409163087992,3.0730702220007364,13.90074069223797,579.6670939998876,10.525390625,0.5774416460001248,19232,false,dcb2c10e4ac97b1d1289825869826fdec84593f7,3d233e3d1d9d3c6c,true,2026-09-20T14:26:52+00:00
20260920T142128Z-gpu_h48,electricity_hourly,T94,transformer,deep,168,48,70008,379.68376353425816,535.0865639670861,3.148906407241443,9.394195770154338,560.8876700000565,10.525390625,0.5589515100000426,19232,false,dcb2c10e4ac97b1d1289825869826fdec84593f7,3d233e3d1d9d3c6c,true,2026-09-20T14:26:52+00:00
20260920T142128Z-gpu_h48,electricity_hourly,T94,transformer,deep,168,48,70009,493.2206748768669,642.1461970279004,2.5817439906313644,13.173039013221361,593.1766220001009,10.525390625,0.5911728319999838,19232,false,dcb2c10e4ac97b1d1289825869826fdec84593f7,3d233e3d1d9d3c6c,true,2026-09-20T14:26:52+00:00
20260920T142128Z-gpu_h48,electricity_hourly,T94,transformer,deep,168,48,70010,435.3899519378579,637.922485740924,2.4431514721787675,10.494836000829316,582.3014560000956,10.525390625,0.5801460449999922,19232,false,dcb2c10e4ac97b1d1289825869826fdec84593f7,3d233e3d1d9d3c6c,true,2026-09-20T14:26:52+00:00
20260920T142128Z-gpu_h48,electricity_hourly,T94,transformer,deep,168,48,70011,471.2668585637816,625.367525347794,1.425890942642501,14.51990942521262,581.3991869999882,10.525390625,0.5792446130001281,19232,false,dcb2c10e4ac97b1d1289825869826fdec84593f7,3d233e3d1d9d3c6c,true,2026-09-20T14:26:52+00:00
20260920T142128Z-gpu_h48,electricity_hourly,T94,transformer,deep,168,48,70012,785.0594712207363,970.1649528021342,4.907899794034298,18.518546428023953,572.8231250000135,10.525390625,0.5707918529999461,19232,false,dcb2c10e4ac97b1d1289825869826fdec84593f7,3d233e3d1d9d3c6c,true,2026-09-20T14:26:52+00:00
20260920T142128Z-gpu_h48,electricity_hourly,T94,transformer,deep,168,48,70013,449.1695831249579,570.1007308880548,1.8926238469639778,12.11760255391871,568.8849269999992,10.525390625,0.5667963119999513,19232,false,dcb2c10e4ac97b1d1289825869826fdec84593f7,3d233e3d1d9d3c6c,true,2026-09-20T14:26:52+00:00
20260920T142128Z-gpu_h48,electricity_hourly,T94,transformer,deep,168,48,70014,667.5309997306807,820.2929175008877,4.1374107502783986,16.42240399003609,590.0047310001355,10.525390625,0.5879300300000523,19232,false,dcb2c10e4ac97b1d1289825869826fdec84593f7,3d233e3d1d9d3c6c,true,2026-09-20T14:26:52+00:00
20260920T142128Z-gpu_h48,electricity_hourly,T94,transformer,deep,168,48,70015,281.4093198371626,380.21586655069984,1.5528411272436933,8.352418231060195,604.7102999998515,10.525390625,0.6027626390000478,19232,false,dcb2c10e4ac97b1d1289825869826fdec84593f7,3d233e3d1d9d3c6c,true,2026-09-20T14:26:52+00:00
20260920T142128Z-gpu_h48,electricity_hourly,T94,transformer,deep,168,48,70016,533.2186815873782,660.1512600081546,2.8293717351530128,18.203595778629424,595.2536859999782,10.525390625,0.5931919040001503,19232,false,dcb2c10e4ac97b1d1289825869826fdec84593f7,3d233e3d1d9d3c6c,true,2026-09-20T14:26:52+00:00
20260920T142128Z-gpu_h48,electricity_hourly,T94,transformer,deep,168,48,70017,364.6493283202746,457.42055015081223,1.5803263393661644,10.659058475966,582.1013469999343,10.525390625,0.5800076279999757,19232,false,dcb2c10e4ac97b1d1289825869826fdec84593f7,3d233e3d1d9d3c6c,true,2026-09-20T14:26:52+00:00
20260920T142128Z-gpu_h48,electricity_hourly,T94,transformer,deep,168,48,70018,316.14900186019423,396.3851443250044,1.743735876661099,10.433578203034273,564.2981739999868,10.525390625,0.5621826040000997,19232,false,dcb2c10e4ac97b1d1289825869826fdec84593f7,3d233e3d1d9d3c6c,true,2026-09-20T14:26:52+00:00
20260920T142128Z-gpu_h48,electricity_hourly,T94,transformer,deep,168,48,70019,325.2056498627774,428.4376534174899,3.3993621936875686,9.25864908273365,596.0018959999616,10.525390625,0.593849887000033,19232,false,dcb2c10e4ac97b1d1289825869826fdec84593f7,3d233e3d1d9d3c6c,true,2026-09-20T14:26:52+00:00
20260920T142128Z-gpu_h48,electricity_hourly,T94,transformer,deep,168,48,70020,313.03199533390006,438.2269596146522,1.7267422841632487,8.226932618959319,586.1885619999612,10.525390625,0.5841144460000578,19232,false,dcb2c10e4ac97b1d1289825869826fdec84593f7,3d233e3d1d9d3c6c,true,2026-09-20T14:26:52+00:00
20260920T142128Z-gpu_h48,electricity_hourly,T94,transformer,deep,168,48,70021,794.5908406295588,1078.4828933184622,0.6986096386133961,38.198782370052335,585.1996769999914,10.525390625,0.5831311100000676,19232,false,dcb2c10e4ac97b1d1289825869826fdec84593f7,3d233e3d1d9d3c6c,true,2026-09-20T14:26:52+00:00
20260920T142128Z-gpu_h48,electricity_hourly,T94,timesfm25,tsfm,168,48,70000,86.35596974690755,124.22594657595235,0.7176396377859353,2.6309056022838475,127.89766200012309,11.94287109375,,231289280,true,dcb2c10e4ac97b1d1289825869826fdec84593f7,3d233e3d1d9d3c6c,true,2026-09-20T14:26:59+00:00
20260920T142128Z-gpu_h48,electricity_hourly,T94,timesfm25,tsfm,168,48,70001,642.7491836547852,903.233712095239,2.6844131919803087,12.58178863073162,117.36492199997883,11.94287109375,,231289280,true,dcb2c10e4ac97b1d1289825869826fdec84593f7,3d233e3d1d9d3c6c,true,2026-09-20T14:26:59+00:00
20260920T142128Z-gpu_h48,electricity_hourly,T94,timesfm25,tsfm,168,48,70002,167.95284779866537,278.68349674229626,0.7329073633445805,4.412069811043923,111.4223449999372,11.94287109375,,231289280,true,dcb2c10e4ac97b1d1289825869826fdec84593f7,3d233e3d1d9d3c6c,true,2026-09-20T14:26:59+00:00
20260920T142128Z-gpu_h48,electricity_hourly,T94,timesfm25,tsfm,168,48,70003,143.07832463582358,182.46986652291474,0.5317112376463546,5.378342197205447,117.38959600006638,11.94287109375,,231289280,true,dcb2c10e4ac97b1d1289825869826fdec84593f7,3d233e3d1d9d3c6c,true,2026-09-20T14:26:59+00:00
20260920T142128Z-gpu_h48,electricity_hourly,T94,timesfm25,tsfm,168,48,70004,190.07543182373047,303.8150094964491,0.7575870404001547,4.402847352715538,118.74136899996302,11.94287109375,,231289280,true,dcb2c10e4ac97b1d1289825869826fdec84593f7,3d233e3d1d9d3c6c,true,2026-09-20T14:26:59+00:00
20260920T142128Z-gpu_h48,electricity_hourly,T94,timesfm25,tsfm,168,48,70005,247.3407745361328,301.4781411749209,1.0629423281963448,6.52683368197924,113.3833680000862,11.94287109375,,231289280,true,dcb2c10e4ac97b1d1289825869826fdec84593f7,3d233e3d1d9d3c6c,true,2026-09-20T14:26:59+00:00
20260920T142128Z-gpu_h48,electricity_hourly,T94,timesfm25,tsfm,168,48,70006,228.9471206665039,313.0650138612699,0.6484223384465535,6.035362972246066,116.77614900008848,11.94287109375,,231289280,true,dcb2c10e4ac97b1d1289825869826fdec84593f7,3d233e3d1d9d3c6c,true,2026-09-20T14:26:59+00:00
20260920T142128Z-gpu_h48,electricity_hourly,T94,timesfm25,tsfm,168,48,70007,282.77476755777997,368.30193057669567,1.645168539789112,6.777776463764791,118.91968700001598,11.94287109375,,231289280,true,dcb2c10e4ac97b1d1289825869826fdec84593f7,3d233e3d1d9d3c6c,true,2026-09-20T14:26:59+00:00
20260920T142128Z-gpu_h48,electricity_hourly,T94,timesfm25,tsfm,168,48,70008,123.22432454427083,176.7404446355342,1.0219606481814778,3.195220257150911,120.67149600011362,11.94287109375,,231289280,true,dcb2c10e4ac97b1d1289825869826fdec84593f7,3d233e3d1d9d3c6c,true,2026-09-20T14:26:59+00:00
20260920T142128Z-gpu_h48,electricity_hourly,T94,timesfm25,tsfm,168,48,70009,360.36566670735675,458.03438959378707,1.8863197384899808,8.667833323219126,119.38552499987054,11.94287109375,,231289280,true,dcb2c10e4ac97b1d1289825869826fdec84593f7,3d233e3d1d9d3c6c,true,2026-09-20T14:26:59+00:00
20260920T142128Z-gpu_h48,electricity_hourly,T94,timesfm25,tsfm,168,48,70010,336.9193344116211,467.75096585774924,1.8905924774091434,5.6313999362968765,122.25881799986382,11.94287109375,,231289280,true,dcb2c10e4ac97b1d1289825869826fdec84593f7,3d233e3d1d9d3c6c,true,2026-09-20T14:26:59+00:00
20260920T142128Z-gpu_h48,electricity_hourly,T94,timesfm25,tsfm,168,48,70011,229.14007822672525,334.7964312511412,0.6932988310181841,4.842652467214912,116.96636299984675,11.94287109375,,231289280,true,dcb2c10e4ac97b1d1289825869826fdec84593f7,3d233e3d1d9d3c6c,true,2026-09-20T14:26:59+00:00
20260920T142128Z-gpu_h48,electricity_hourly,T94,timesfm25,tsfm,168,48,70012,462.56483205159503,578.31290374463,2.8917832688820737,11.197080463481617,123.4408650000205,11.94287109375,,231289280,true,dcb2c10e4ac97b1d1289825869826fdec84593f7,3d233e3d1d9d3c6c,true,2026-09-20T14:26:59+00:00
20260920T142128Z-gpu_h48,electricity_hourly,T94,timesfm25,tsfm,168,48,70013,334.7113494873047,416.9160007172307,1.4103418968887163,8.37756320324801,124.54087999981311,11.94287109375,,231289280,true,dcb2c10e4ac97b1d1289825869826fdec84593f7,3d233e3d1d9d3c6c,true,2026-09-20T14:26:59+00:00
20260920T142128Z-gpu_h48,electricity_hourly,T94,timesfm25,tsfm,168,48,70014,350.6840464274089,452.75347125888493,2.1735678855742644,7.074839511087245,117.79218599986052,11.94287109375,,231289280,true,dcb2c10e4ac97b1d1289825869826fdec84593f7,3d233e3d1d9d3c6c,true,2026-09-20T14:26:59+00:00
20260920T142128Z-gpu_h48,electricity_hourly,T94,timesfm25,tsfm,168,48,70015,149.43921407063803,210.4397308419944,0.8246185938907065,5.148566571773204,110.14637299990682,11.94287109375,,231289280,true,dcb2c10e4ac97b1d1289825869826fdec84593f7,3d233e3d1d9d3c6c,true,2026-09-20T14:26:59+00:00
20260920T142128Z-gpu_h48,electricity_hourly,T94,timesfm25,tsfm,168,48,70016,294.4057337443034,481.92270240605933,1.5621794406065181,13.697240392987295,120.52030600011676,11.94287109375,,231289280,true,dcb2c10e4ac97b1d1289825869826fdec84593f7,3d233e3d1d9d3c6c,true,2026-09-20T14:26:59+00:00
20260920T142128Z-gpu_h48,electricity_hourly,T94,timesfm25,tsfm,168,48,70017,289.8279851277669,344.2702825160868,1.256063739079617,11.800211802994548,120.54226100008236,11.94287109375,,231289280,true,dcb2c10e4ac97b1d1289825869826fdec84593f7,3d233e3d1d9d3c6c,true,2026-09-20T14:26:59+00:00
20260920T142128Z-gpu_h48,electricity_hourly,T94,timesfm25,tsfm,168,48,70018,163.2401377360026,213.03459249996476,0.9003592704912048,5.112515611978168,119.10900900011256,11.94287109375,,231289280,true,dcb2c10e4ac97b1d1289825869826fdec84593f7,3d233e3d1d9d3c6c,true,2026-09-20T14:26:59+00:00
20260920T142128Z-gpu_h48,electricity_hourly,T94,timesfm25,tsfm,168,48,70019,261.77886454264325,309.5611655539208,2.736364437727978,7.645380062344724,111.79297600006066,11.94287109375,,231289280,true,dcb2c10e4ac97b1d1289825869826fdec84593f7,3d233e3d1d9d3c6c,true,2026-09-20T14:26:59+00:00
20260920T142128Z-gpu_h48,electricity_hourly,T94,timesfm25,tsfm,168,48,70020,158.22093709309897,207.93058555640087,0.8727759027545011,3.856662464059921,125.28861000009783,11.94287109375,,231289280,true,dcb2c10e4ac97b1d1289825869826fdec84593f7,3d233e3d1d9d3c6c,true,2026-09-20T14:26:59+00:00
20260920T142128Z-gpu_h48,electricity_hourly,T94,timesfm25,tsfm,168,48,70021,356.8364664713542,529.4555559353162,0.31373303358005056,8.66495407325759,120.24168800007828,11.94287109375,,231289280,true,dcb2c10e4ac97b1d1289825869826fdec84593f7,3d233e3d1d9d3c6c,true,2026-09-20T14:26:59+00:00
20260920T142128Z-gpu_h48,electricity_hourly,T94,chronos_bolt,tsfm,168,48,70000,86.0030517578125,116.77052958701273,0.7147068013114612,2.319851392213932,34.49185499994201,1.0751953125,,205292928,true,dcb2c10e4ac97b1d1289825869826fdec84593f7,3d233e3d1d9d3c6c,true,2026-09-20T14:27:03+00:00
20260920T142128Z-gpu_h48,electricity_hourly,T94,chronos_bolt,tsfm,168,48,70001,345.60638936360675,486.99658319810146,1.4434096136303074,7.12785807835158,32.76257000015903,1.0751953125,,205292928,true,dcb2c10e4ac97b1d1289825869826fdec84593f7,3d233e3d1d9d3c6c,true,2026-09-20T14:27:03+00:00
20260920T142128Z-gpu_h48,electricity_hourly,T94,chronos_bolt,tsfm,168,48,70002,165.3596649169922,249.9241587483261,0.7215913133139451,5.268002870723229,34.736072999976386,1.0751953125,,205292928,true,dcb2c10e4ac97b1d1289825869826fdec84593f7,3d233e3d1d9d3c6c,true,2026-09-20T14:27:03+00:00
20260920T142128Z-gpu_h48,electricity_hourly,T94,chronos_bolt,tsfm,168,48,70003,110.96645609537761,150.64275479530255,0.4123763110721406,4.282444531453053,31.63109899992378,1.0751953125,,205292928,true,dcb2c10e4ac97b1d1289825869826fdec84593f7,3d233e3d1d9d3c6c,true,2026-09-20T14:27:03+00:00
20260920T142128Z-gpu_h48,electricity_hourly,T94,chronos_bolt,tsfm,168,48,70004,197.67234802246094,285.17307572533923,0.7878662048557772,4.29827802570817,34.44158999991487,1.0751953125,,205292928,true,dcb2c10e4ac97b1d1289825869826fdec84593f7,3d233e3d1d9d3c6c,true,2026-09-20T14:27:03+00:00
20260920T142128Z-gpu_h48,electricity_hourly,T94,chronos_bolt,tsfm,168,48,70005,266.4731190999349,347.46116798110364,1.1451632192428858,6.715112668056382,34.36335199990026,1.0751953125,,205292928,true,dcb2c10e4ac97b1d1289825869826fdec84593f7,3d233e3d1d9d3c6c,true,2026-09-20T14:27:03+00:00
20260920T142128Z-gpu_h48,electricity_hourly,T94,chronos_bolt,tsfm,168,48,70006,170.2060750325521,232.2753250730148,0.48205638432632175,4.582888568850973,32.840626000052,1.0751953125,,205292928,true,dcb2c10e4ac97b1d1289825869826fdec84593f7,3d233e3d1d9d3c6c,true,2026-09-20T14:27:03+00:00
20260920T142128Z-gpu_h48,electricity_hourly,T94,chronos_bolt,tsfm,168,48,70007,179.95984395345053,271.1217545724455,1.0469967891922296,3.396683989936724,37.15729099985765,1.0751953125,,205292928,true,dcb2c10e4ac97b1d1289825869826fdec84593f7,3d233e3d1d9d3c6c,true,2026-09-20T14:27:03+00:00
20260920T142128Z-gpu_h48,electricity_hourly,T94,chronos_bolt,tsfm,168,48,70008,141.4034220377604,181.9850168614092,1.1727289508401486,3.9071074979693607,33.230327999945075,1.0751953125,,205292928,true,dcb2c10e4ac97b1d1289825869826fdec84593f7,3d233e3d1d9d3c6c,true,2026-09-20T14:27:03+00:00
20260920T142128Z-gpu_h48,electricity_hourly,T94,chronos_bolt,tsfm,168,48,70009,304.36180623372394,410.3794153628649,1.5931697600020447,8.124610945908477,32.58380100010072,1.0751953125,,205292928,true,dcb2c10e4ac97b1d1289825869826fdec84593f7,3d233e3d1d9d3c6c,true,2026-09-20T14:27:03+00:00
20260920T142128Z-gpu_h48,electricity_hourly,T94,chronos_bolt,tsfm,168,48,70010,290.40745544433594,418.8468883898278,1.6295952608520137,5.177534456926276,35.09429399991859,1.0751953125,,205292928,true,dcb2c10e4ac97b1d1289825869826fdec84593f7,3d233e3d1d9d3c6c,true,2026-09-20T14:27:03+00:00
20260920T142128Z-gpu_h48,electricity_hourly,T94,chronos_bolt,tsfm,168,48,70011,209.7364298502604,298.4039311092355,0.6345900846434874,4.450948591861986,36.452098999916416,1.0751953125,,205292928,true,dcb2c10e4ac97b1d1289825869826fdec84593f7,3d233e3d1d9d3c6c,true,2026-09-20T14:27:03+00:00
20260920T142128Z-gpu_h48,electricity_hourly,T94,chronos_bolt,tsfm,168,48,70012,367.16063435872394,539.1572415549887,2.295351712583843,6.010364441890032,34.39627099987774,1.0751953125,,205292928,true,dcb2c10e4ac97b1d1289825869826fdec84593f7,3d233e3d1d9d3c6c,true,2026-09-20T14:27:03+00:00
20260920T142128Z-gpu_h48,electricity_hourly,T94,chronos_bolt,tsfm,168,48,70013,290.233154296875,359.85420284700973,1.2229282873079736,7.7165871669136505,35.708704999933616,1.0751953125,,205292928,true,dcb2c10e4ac97b1d1289825869826fdec84593f7,3d233e3d1d9d3c6c,true,2026-09-20T14:27:03+00:00
20260920T142128Z-gpu_h48,electricity_hourly,T94,chronos_bolt,tsfm,168,48,70014,287.59894307454425,379.2448928997052,1.7825613482001625,5.672624616245764,35.41035800003556,1.0751953125,,205292928,true,dcb2c10e4ac97b1d1289825869826fdec84593f7,3d233e3d1d9d3c6c,true,2026-09-20T14:27:03+00:00
20260920T142128Z-gpu_h48,electricity_hourly,T94,chronos_bolt,tsfm,168,48,70015,162.79597981770834,220.79548112392598,0.8983223901651595,5.1026765204348745,35.008754999807934,1.0751953125,,205292928,true,dcb2c10e4ac97b1d1289825869826fdec84593f7,3d233e3d1d9d3c6c,true,2026-09-20T14:27:03+00:00
20260920T142128Z-gpu_h48,electricity_hourly,T94,chronos_bolt,tsfm,168,48,70016,307.64874776204425,499.6724706660537,1.6324496896504668,14.423130183968924,34.35692199991536,1.0751953125,,205292928,true,dcb2c10e4ac97b1d1289825869826fdec84593f7,3d233e3d1d9d3c6c,true,2026-09-20T14:27:03+00:00
20260920T142128Z-gpu_h48,electricity_hourly,T94,chronos_bolt,tsfm,168,48,70017,201.72848510742188,253.19107614563933,0.8742559320874215,6.981902213486156,35.0288829999954,1.0751953125,,205292928,true,dcb2c10e4ac97b1d1289825869826fdec84593f7,3d233e3d1d9d3c6c,true,2026-09-20T14:27:03+00:00
20260920T142128Z-gpu_h48,electricity_hourly,T94,chronos_bolt,tsfm,168,48,70018,150.97264607747397,206.81253788301433,0.8326972971945861,4.376559140405089,35.526365000123405,1.0751953125,,205292928,true,dcb2c10e4ac97b1d1289825869826fdec84593f7,3d233e3d1d9d3c6c,true,2026-09-20T14:27:03+00:00
20260920T142128Z-gpu_h48,electricity_hourly,T94,chronos_bolt,tsfm,168,48,70019,208.19510650634766,276.55573630419474,2.176255468707467,5.081775795407442,33.157761999973445,1.0751953125,,205292928,true,dcb2c10e4ac97b1d1289825869826fdec84593f7,3d233e3d1d9d3c6c,true,2026-09-20T14:27:03+00:00
20260920T142128Z-gpu_h48,electricity_hourly,T94,chronos_bolt,tsfm,168,48,70020,140.0840098063151,185.31320235610525,0.7727292630572447,3.677087666017045,35.71925200003534,1.0751953125,,205292928,true,dcb2c10e4ac97b1d1289825869826fdec84593f7,3d233e3d1d9d3c6c,true,2026-09-20T14:27:03+00:00
20260920T142128Z-gpu_h48,electricity_hourly,T94,chronos_bolt,tsfm,168,48,70021,226.81263478597006,391.4873622092678,0.19941520178515415,6.93454557812155,36.47955700012062,1.0751953125,,205292928,true,dcb2c10e4ac97b1d1289825869826fdec84593f7,3d233e3d1d9d3c6c,true,2026-09-20T14:27:03+00:00
20260920T142128Z-gpu_h48,electricity_hourly,T108,lstm,deep,168,48,80000,62.35946088897267,70.97702224099507,1.6638433144361804,144.186256241243,342.9909129999942,16.14599609375,0.32517373300015606,4513,false,dcb2c10e4ac97b1d1289825869826fdec84593f7,3d233e3d1d9d3c6c,true,2026-09-20T14:27:16+00:00
20260920T142128Z-gpu_h48,electricity_hourly,T108,lstm,deep,168,48,80001,38.51261611665907,53.43405451485983,0.7008488210285487,92.46894433634792,350.5343880001419,16.10986328125,0.3337834550000025,4513,false,dcb2c10e4ac97b1d1289825869826fdec84593f7,3d233e3d1d9d3c6c,true,2026-09-20T14:27:16+00:00
20260920T142128Z-gpu_h48,electricity_hourly,T108,lstm,deep,168,48,80002,59.952330105054784,76.04361463482688,2.7346010564231515,102.2808146297735,346.4475289999882,16.10986328125,0.32959842099990055,4513,false,dcb2c10e4ac97b1d1289825869826fdec84593f7,3d233e3d1d9d3c6c,true,2026-09-20T14:27:16+00:00
20260920T142128Z-gpu_h48,electricity_hourly,T108,lstm,deep,168,48,80003,26.369924037329536,35.53684483260416,0.8839080682903755,144.44472396203676,349.41992999983995,16.10986328125,0.3317951520000406,4513,false,dcb2c10e4ac97b1d1289825869826fdec84593f7,3d233e3d1d9d3c6c,true,2026-09-20T14:27:16+00:00
20260920T142128Z-gpu_h48,electricity_hourly,T108,lstm,deep,168,48,80004,33.23650743799515,51.828530348120864,1.3268802525842256,58.37255114197553,375.83977799999957,16.10986328125,0.35668662400007634,4513,false,dcb2c10e4ac97b1d1289825869826fdec84593f7,3d233e3d1d9d3c6c,true,2026-09-20T14:27:16+00:00
20260920T142128Z-gpu_h48,electricity_hourly,T108,lstm,deep,168,48,80005,65.7505018990708,75.42321025271022,1.9550015018513722,146.37534909429567,358.3926019998671,16.10986328125,0.3408138689999305,4513,false,dcb2c10e4ac97b1d1289825869826fdec84593f7,3d233e3d1d9d3c6c,true,2026-09-20T14:27:16+00:00
20260920T142128Z-gpu_h48,electricity_hourly,T108,lstm,deep,168,48,80006,63.68099676127158,83.44812575486571,2.6419082493872392,119.40300831462658,379.4869610001115,16.10986328125,0.3616014609999638,4513,false,dcb2c10e4ac97b1d1289825869826fdec84593f7,3d233e3d1d9d3c6c,true,2026-09-20T14:27:16+00:00
20260920T142128Z-gpu_h48,electricity_hourly,T108,lstm,deep,168,48,80007,69.84829616669107,81.08143083513261,2.7052594534705525,141.33424788961156,347.31881299990164,16.10986328125,0.33043964700004835,4513,false,dcb2c10e4ac97b1d1289825869826fdec84593f7,3d233e3d1d9d3c6c,true,2026-09-20T14:27:16+00:00
20260920T142128Z-gpu_h48,electricity_hourly,T108,lstm,deep,168,48,80008,31.841301670325095,45.26140106938408,1.2246654488586575,127.23342689608967,348.42897599992284,16.10986328125,0.33123012999999446,4513,false,dcb2c10e4ac97b1d1289825869826fdec84593f7,3d233e3d1d9d3c6c,true,2026-09-20T14:27:16+00:00
20260920T142128Z-gpu_h48,electricity_hourly,T108,lstm,deep,168,48,80009,65.33058507012198,82.94591603906291,2.3188573453531096,95.50389665624216,359.2619459998332,16.10986328125,0.34100557300007495,4513,false,dcb2c10e4ac97b1d1289825869826fdec84593f7,3d233e3d1d9d3c6c,true,2026-09-20T14:27:16+00:00
20260920T142128Z-gpu_h48,electricity_hourly,T108,lstm,deep,168,48,80010,60.260549296380425,72.27766004877043,1.8245414421107613,141.52609951078662,340.8938620000299,16.10986328125,0.32298830199988515,4513,false,dcb2c10e4ac97b1d1289825869826fdec84593f7,3d233e3d1d9d3c6c,true,2026-09-20T14:27:16+00:00
20260920T142128Z-gpu_h48,electricity_hourly,T108,lstm,deep,168,48,80011,62.74915589845114,90.05969810939828,2.120600434024164,65.55335565065697,330.3467250000267,16.10986328125,0.3123758110000381,4513,false,dcb2c10e4ac97b1d1289825869826fdec84593f7,3d233e3d1d9d3c6c,true,2026-09-20T14:27:16+00:00
20260920T142128Z-gpu_h48,electricity_hourly,T108,lstm,deep,168,48,80012,45.461973637831115,69.77966818906005,1.4157708053303806,141.0028603370261,329.85415099983584,16.10986328125,0.31267765000006875,4513,false,dcb2c10e4ac97b1d1289825869826fdec84593f7,3d233e3d1d9d3c6c,true,2026-09-20T14:27:16+00:00
20260920T142128Z-gpu_h48,electricity_hourly,T108,lstm,deep,168,48,80013,56.61286383628368,69.76148917819249,2.655456805350114,121.59186023772708,349.4117530001404,16.10986328125,0.3323613009999917,4513,false,dcb2c10e4ac97b1d1289825869826fdec84593f7,3d233e3d1d9d3c6c,true,2026-09-20T14:27:16+00:00
20260920T142128Z-gpu_h48,electricity_hourly,T108,lstm,deep,168,48,80014,21.762190095520882,34.342458461696275,0.9057096455939326,143.96016607244923,374.4967170000564,16.10986328125,0.3566506560000562,4513,false,dcb2c10e4ac97b1d1289825869826fdec84593f7,3d233e3d1d9d3c6c,true,2026-09-20T14:27:16+00:00
20260920T142128Z-gpu_h48,electricity_hourly,T108,lstm,deep,168,48,80015,60.28923496711014,80.78567410090007,1.5988305405642467,111.37489032081811,363.6044239999592,16.10986328125,0.3459458319998703,4513,false,dcb2c10e4ac97b1d1289825869826fdec84593f7,3d233e3d1d9d3c6c,true,2026-09-20T14:27:16+00:00
20260920T142128Z-gpu_h48,electricity_hourly,T108,lstm,deep,168,48,80016,65.16091506173964,72.37089715888428,2.1085779255933725,129.81056449665937,344.76782199999434,16.10986328125,0.3269845269999223,4513,false,dcb2c10e4ac97b1d1289825869826fdec84593f7,3d233e3d1d9d3c6c,true,2026-09-20T14:27:16+00:00
20260920T142128Z-gpu_h48,electricity_hourly,T108,lstm,deep,168,48,80017,26.17769753310499,39.11337750197356,0.6315276335679543,143.16526546726152,387.05738399994516,16.10986328125,0.36813389999997526,4513,false,dcb2c10e4ac97b1d1289825869826fdec84593f7,3d233e3d1d9d3c6c,true,2026-09-20T14:27:16+00:00
20260920T142128Z-gpu_h48,electricity_hourly,T108,lstm,deep,168,48,80018,52.94899714192508,65.54089118571389,1.6586155293533198,73.56645630330308,384.3135119998351,16.10986328125,0.36526933000004647,4513,false,dcb2c10e4ac97b1d1289825869826fdec84593f7,3d233e3d1d9d3c6c,true,2026-09-20T14:27:16+00:00
20260920T142128Z-gpu_h48,electricity_hourly,T108,lstm,deep,168,48,80019,57.80523201215696,72.54073903489372,1.6718122935831699,157.4000806910834,360.0978380000015,16.10986328125,0.3427314429998205,4513,false,dcb2c10e4ac97b1d1289825869826fdec84593f7,3d233e3d1d9d3c6c,true,2026-09-20T14:27:16+00:00
20260920T142128Z-gpu_h48,electricity_hourly,T108,lstm,deep,168,48,80020,73.68193471765365,88.61093876709634,2.535292377381631,129.40121179067123,343.9472669999759,16.10986328125,0.326504137000029,4513,false,dcb2c10e4ac97b1d1289825869826fdec84593f7,3d233e3d1d9d3c6c,true,2026-09-20T14:27:16+00:00
20260920T142128Z-gpu_h48,electricity_hourly,T108,lstm,deep,168,48,80021,82.53835576508924,91.16178645630696,1.3143340960049597,143.4354686002408,350.8086169999842,16.10986328125,0.3340476060000128,4513,false,dcb2c10e4ac97b1d1289825869826fdec84593f7,3d233e3d1d9d3c6c,true,2026-09-20T14:27:16+00:00
20260920T142128Z-gpu_h48,electricity_hourly,T108,transformer,deep,168,48,80000,40.64791221664237,51.20310540314702,1.084546851805911,140.6417449822,598.52971600003,10.6845703125,0.5964619549999952,19232,false,dcb2c10e4ac97b1d1289825869826fdec84593f7,3d233e3d1d9d3c6c,true,2026-09-20T14:27:34+00:00
20260920T142128Z-gpu_h48,electricity_hourly,T108,transformer,deep,168,48,80001,51.8282112555785,65.11760074820889,0.9431647189186535,96.22282870451726,637.3099180000281,10.525390625,0.6350253970001631,19232,false,dcb2c10e4ac97b1d1289825869826fdec84593f7,3d233e3d1d9d3c6c,true,2026-09-20T14:27:34+00:00
20260920T142128Z-gpu_h48,electricity_hourly,T108,transformer,deep,168,48,80002,72.62949943373864,83.08990704872417,3.3128438132589055,154.0687021327817,610.2345360000072,10.525390625,0.6080572099999699,19232,false,dcb2c10e4ac97b1d1289825869826fdec84593f7,3d233e3d1d9d3c6c,true,2026-09-20T14:27:34+00:00
20260920T142128Z-gpu_h48,electricity_hourly,T108,transformer,deep,168,48,80003,63.430499465308706,72.3501148116609,2.1261619932505713,145.28514266385574,592.0519399999193,10.525390625,0.5898883049999313,19232,false,dcb2c10e4ac97b1d1289825869826fdec84593f7,3d233e3d1d9d3c6c,true,2026-09-20T14:27:34+00:00
20260920T142128Z-gpu_h48,electricity_hourly,T108,transformer,deep,168,48,80004,70.1967064265571,81.89996067223937,2.802419108795182,146.69794953173073,590.4049790001409,10.525390625,0.5882146840001496,19232,false,dcb2c10e4ac97b1d1289825869826fdec84593f7,3d233e3d1d9d3c6c,true,2026-09-20T14:27:34+00:00
20260920T142128Z-gpu_h48,electricity_hourly,T108,transformer,deep,168,48,80005,75.50015742662417,82.91092373857578,2.2448942121482305,144.64403936393288,591.8976179998481,10.525390625,0.5898055760001171,19232,false,dcb2c10e4ac97b1d1289825869826fdec84593f7,3d233e3d1d9d3c6c,true,2026-09-20T14:27:34+00:00
20260920T142128Z-gpu_h48,electricity_hourly,T108,transformer,deep,168,48,80006,71.97245556536387,88.76395173105061,2.9858927114411977,130.35285357065933,591.3106860000426,10.525390625,0.5891383850000693,19232,false,dcb2c10e4ac97b1d1289825869826fdec84593f7,3d233e3d1d9d3c6c,true,2026-09-20T14:27:34+00:00
20260920T142128Z-gpu_h48,electricity_hourly,T108,transformer,deep,168,48,80007,82.85493895657153,92.78488461513203,3.209013235542308,171.40486067392732,634.3723329998738,10.525390625,0.6322866949999479,19232,false,dcb2c10e4ac97b1d1289825869826fdec84593f7,3d233e3d1d9d3c6c,true,2026-09-20T14:27:34+00:00
20260920T142128Z-gpu_h48,electricity_hourly,T108,transformer,deep,168,48,80008,33.67466673350762,52.32464497668939,1.295179489750293,135.21510841644388,603.7138550000236,10.525390625,0.6017242259999875,19232,false,dcb2c10e4ac97b1d1289825869826fdec84593f7,3d233e3d1d9d3c6c,true,2026-09-20T14:27:34+00:00
20260920T142128Z-gpu_h48,electricity_hourly,T108,transformer,deep,168,48,80009,78.95007149318073,92.5074928389699,2.802270223075678,150.0403751728206,599.7152329998698,10.525390625,0.5976020639998296,19232,false,dcb2c10e4ac97b1d1289825869826fdec84593f7,3d233e3d1d9d3c6c,true,2026-09-20T14:27:34+00:00
20260920T142128Z-gpu_h48,electricity_hourly,T108,transformer,deep,168,48,80010,65.70637848700211,76.29442163226908,1.9894277758890462,142.30100523988057,605.5124670001533,10.525390625,0.6034435399999438,19232,false,dcb2c10e4ac97b1d1289825869826fdec84593f7,3d233e3d1d9d3c6c,true,2026-09-20T14:27:34+00:00
20260920T142128Z-gpu_h48,electricity_hourly,T108,transformer,deep,168,48,80011,99.13409182152797,114.12731409693426,3.3502251167096992,152.99767227905713,612.290203999919,10.525390625,0.6100818039999467,19232,false,dcb2c10e4ac97b1d1289825869826fdec84593f7,3d233e3d1d9d3c6c,true,2026-09-20T14:27:34+00:00
20260920T142128Z-gpu_h48,electricity_hourly,T108,transformer,deep,168,48,80012,43.055635553486695,55.56544473110201,1.3408329411120423,128.99206252928283,601.4591289999771,10.525390625,0.5992345350000505,19232,false,dcb2c10e4ac97b1d1289825869826fdec84593f7,3d233e3d1d9d3c6c,true,2026-09-20T14:27:34+00:00
20260920T142128Z-gpu_h48,electricity_hourly,T108,transformer,deep,168,48,80013,60.58106718289746,74.61681011323701,2.841587516070761,123.92816886774882,600.0879089999671,10.525390625,0.5975757990001966,19232,false,dcb2c10e4ac97b1d1289825869826fdec84593f7,3d233e3d1d9d3c6c,true,2026-09-20T14:27:34+00:00
20260920T142128Z-gpu_h48,electricity_hourly,T108,transformer,deep,168,48,80014,70.1376736274472,84.16342344235615,2.9190245671538717,182.57135740570163,602.6751790000162,10.525390625,0.6005209470001773,19232,false,dcb2c10e4ac97b1d1289825869826fdec84593f7,3d233e3d1d9d3c6c,true,2026-09-20T14:27:34+00:00
20260920T142128Z-gpu_h48,electricity_hourly,T108,transformer,deep,168,48,80015,57.30737125523414,76.06244529654627,1.519753491851513,140.20989424433748,607.3082269999759,10.525390625,0.6051584570000159,19232,false,dcb2c10e4ac97b1d1289825869826fdec84593f7,3d233e3d1d9d3c6c,true,2026-09-20T14:27:34+00:00
20260920T142128Z-gpu_h48,electricity_hourly,T108,transformer,deep,168,48,80016,91.70437169125707,104.85587999417565,2.9675122524811273,187.52412898986537,606.4366629998403,10.525390625,0.6042428840000866,19232,false,dcb2c10e4ac97b1d1289825869826fdec84593f7,3d233e3d1d9d3c6c,true,2026-09-20T14:27:34+00:00
20260920T142128Z-gpu_h48,electricity_hourly,T108,transformer,deep,168,48,80017,80.71003040521258,90.78183009864414,1.947100750268154,161.17607868893407,597.7947240000958,10.525390625,0.5956602320000002,19232,false,dcb2c10e4ac97b1d1289825869826fdec84593f7,3d233e3d1d9d3c6c,true,2026-09-20T14:27:34+00:00
20260920T142128Z-gpu_h48,electricity_hourly,T108,transformer,deep,168,48,80018,68.04444700534897,81.08034349886407,2.1314771304699263,129.69574724322158,592.052466000041,10.525390625,0.5898455720000584,19232,false,dcb2c10e4ac97b1d1289825869826fdec84593f7,3d233e3d1d9d3c6c,true,2026-09-20T14:27:34+00:00
20260920T142128Z-gpu_h48,electricity_hourly,T108,transformer,deep,168,48,80019,76.04711388975925,93.68090173008406,2.1993943362372628,139.94224940395273,626.6800589999093,10.525390625,0.6246619710000232,19232,false,dcb2c10e4ac97b1d1289825869826fdec84593f7,3d233e3d1d9d3c6c,true,2026-09-20T14:27:34+00:00
20260920T142128Z-gpu_h48,electricity_hourly,T108,transformer,deep,168,48,80020,72.49438551586928,86.2410392038835,2.494430469363244,123.7714130950331,616.6176039998845,10.525390625,0.6145261530000425,19232,false,dcb2c10e4ac97b1d1289825869826fdec84593f7,3d233e3d1d9d3c6c,true,2026-09-20T14:27:34+00:00
20260920T142128Z-gpu_h48,electricity_hourly,T108,transformer,deep,168,48,80021,97.70615612424535,109.22418867849662,1.555864921142467,157.3764871910448,605.1706590001231,10.525390625,0.6031114020001951,19232,false,dcb2c10e4ac97b1d1289825869826fdec84593f7,3d233e3d1d9d3c6c,true,2026-09-20T14:27:34+00:00
20260920T142128Z-gpu_h48,electricity_hourly,T108,timesfm25,tsfm,168,48,80000,25.791460414727528,38.41536263692037,0.688154585829306,160.22693226049267,119.00285699994129,11.94287109375,,231289280,true,dcb2c10e4ac97b1d1289825869826fdec84593f7,3d233e3d1d9d3c6c,true,2026-09-20T14:27:41+00:00
20260920T142128Z-gpu_h48,electricity_hourly,T108,timesfm25,tsfm,168,48,80001,37.13540236155192,46.57877733553163,0.6757864198235153,116.41707603253066,121.74523600015164,11.94287109375,,231289280,true,dcb2c10e4ac97b1d1289825869826fdec84593f7,3d233e3d1d9d3c6c,true,2026-09-20T14:27:41+00:00
20260920T142128Z-gpu_h48,electricity_hourly,T108,timesfm25,tsfm,168,48,80002,53.67287953694662,68.22764469680033,2.448176957022589,103.56772571806785,123.17438999980368,11.94287109375,,231289280,true,dcb2c10e4ac97b1d1289825869826fdec84593f7,3d233e3d1d9d3c6c,true,2026-09-20T14:27:41+00:00
20260920T142128Z-gpu_h48,electricity_hourly,T108,timesfm25,tsfm,168,48,80003,14.573198656241098,20.47320235115727,0.488487105795791,141.1868171333162,119.46508400001221,11.94287109375,,231289280,true,dcb2c10e4ac97b1d1289825869826fdec84593f7,3d233e3d1d9d3c6c,true,2026-09-20T14:27:41+00:00
20260920T142128Z-gpu_h48,electricity_hourly,T108,timesfm25,tsfm,168,48,80004,21.341269592444103,30.101831605999976,0.8519941284480042,63.98342967442231,123.50847199991222,11.94287109375,,231289280,true,dcb2c10e4ac97b1d1289825869826fdec84593f7,3d233e3d1d9d3c6c,true,2026-09-20T14:27:41+00:00
20260920T142128Z-gpu_h48,electricity_hourly,T108,timesfm25,tsfm,168,48,80005,12.310476024945578,19.594791128425054,0.3660352152781671,140.64124234895098,117.9233169998497,11.94287109375,,231289280,true,dcb2c10e4ac97b1d1289825869826fdec84593f7,3d233e3d1d9d3c6c,true,2026-09-20T14:27:41+00:00
20260920T142128Z-gpu_h48,electricity_hourly,T108,timesfm25,tsfm,168,48,80006,50.88952759901682,66.52936579429836,2.1112336428287013,87.99266084236298,128.10305600009997,11.94287109375,,231289280,true,dcb2c10e4ac97b1d1289825869826fdec84593f7,3d233e3d1d9d3c6c,true,2026-09-20T14:27:41+00:00
20260920T142128Z-gpu_h48,electricity_hourly,T108,timesfm25,tsfm,168,48,80007,12.895303348700205,18.650134099112073,0.4994415498151774,142.02768637559996,121.2585770001624,11.94287109375,,231289280,true,dcb2c10e4ac97b1d1289825869826fdec84593f7,3d233e3d1d9d3c6c,true,2026-09-20T14:27:41+00:00
20260920T142128Z-gpu_h48,electricity_hourly,T108,timesfm25,tsfm,168,48,80008,25.208163738250732,44.99010517868387,0.9695447591634897,134.6207572223097,120.80028399986986,11.94287109375,,231289280,true,dcb2c10e4ac97b1d1289825869826fdec84593f7,3d233e3d1d9d3c6c,true,2026-09-20T14:27:41+00:00
20260920T142128Z-gpu_h48,electricity_hourly,T108,timesfm25,tsfm,168,48,80009,64.07488409678142,81.22976960739838,2.2742872343940164,95.61851533946357,125.60232800001359,11.94287109375,,231289280,true,dcb2c10e4ac97b1d1289825869826fdec84593f7,3d233e3d1d9d3c6c,true,2026-09-20T14:27:41+00:00
20260920T142128Z-gpu_h48,electricity_hourly,T108,timesfm25,tsfm,168,48,80010,8.846824884414673,14.598935867291031,0.26786013106722306,137.53638536023757,121.57595299981949,11.94287109375,,231289280,true,dcb2c10e4ac97b1d1289825869826fdec84593f7,3d233e3d1d9d3c6c,true,2026-09-20T14:27:41+00:00
20260920T142128Z-gpu_h48,electricity_hourly,T108,timesfm25,tsfm,168,48,80011,32.04923278093338,40.16477140576623,1.0831000986750543,68.4394703034369,111.30578400002378,11.94287109375,,231289280,true,dcb2c10e4ac97b1d1289825869826fdec84593f7,3d233e3d1d9d3c6c,true,2026-09-20T14:27:41+00:00
20260920T142128Z-gpu_h48,electricity_hourly,T108,timesfm25,tsfm,168,48,80012,22.594400862852734,56.05098224316691,0.7036318607808809,135.5581063695824,113.98920800002088,11.94287109375,,231289280,true,dcb2c10e4ac97b1d1289825869826fdec84593f7,3d233e3d1d9d3c6c,true,2026-09-20T14:27:41+00:00
20260920T142128Z-gpu_h48,electricity_hourly,T108,timesfm25,tsfm,168,48,80013,44.66160430510839,54.658339094544345,2.094876553724954,91.51920593410972,123.73322999997072,11.94287109375,,231289280,true,dcb2c10e4ac97b1d1289825869826fdec84593f7,3d233e3d1d9d3c6c,true,2026-09-20T14:27:41+00:00
20260920T142128Z-gpu_h48,electricity_hourly,T108,timesfm25,tsfm,168,48,80014,11.242637952168783,15.197970808118146,0.46790169511916324,140.78348663018792,119.9409129999367,11.94287109375,,231289280,true,dcb2c10e4ac97b1d1289825869826fdec84593f7,3d233e3d1d9d3c6c,true,2026-09-20T14:27:41+00:00
20260920T142128Z-gpu_h48,electricity_hourly,T108,timesfm25,tsfm,168,48,80015,22.447976410388947,28.678721107690055,0.5953054517672206,108.32476057227667,118.66308599996955,11.94287109375,,231289280,true,dcb2c10e4ac97b1d1289825869826fdec84593f7,3d233e3d1d9d3c6c,true,2026-09-20T14:27:41+00:00
20260920T142128Z-gpu_h48,electricity_hourly,T108,timesfm25,tsfm,168,48,80016,26.298602084318798,34.86734904860343,0.8510109438521138,122.54060784011484,119.93881499984127,11.94287109375,,231289280,true,dcb2c10e4ac97b1d1289825869826fdec84593f7,3d233e3d1d9d3c6c,true,2026-09-20T14:27:41+00:00
20260920T142128Z-gpu_h48,electricity_hourly,T108,timesfm25,tsfm,168,48,80017,18.491864065329235,26.158866395158554,0.4461096373609332,143.52203533865327,120.96588999997948,11.94287109375,,231289280,true,dcb2c10e4ac97b1d1289825869826fdec84593f7,3d233e3d1d9d3c6c,true,2026-09-20T14:27:41+00:00
20260920T142128Z-gpu_h48,electricity_hourly,T108,timesfm25,tsfm,168,48,80018,38.74129923184713,47.26005364761654,1.2135625602318876,75.5961727777084,112.32252400009202,11.94287109375,,231289280,true,dcb2c10e4ac97b1d1289825869826fdec84593f7,3d233e3d1d9d3c6c,true,2026-09-20T14:27:41+00:00
20260920T142128Z-gpu_h48,electricity_hourly,T108,timesfm25,tsfm,168,48,80019,24.73873843749364,31.48721000117168,0.715480685880515,147.73711692514982,113.84266999993997,11.94287109375,,231289280,true,dcb2c10e4ac97b1d1289825869826fdec84593f7,3d233e3d1d9d3c6c,true,2026-09-20T14:27:41+00:00
20260920T142128Z-gpu_h48,electricity_hourly,T108,timesfm25,tsfm,168,48,80020,45.149209221204124,55.50346138338398,1.5535211775037978,76.08461537601488,126.62574700016194,11.94287109375,,231289280,true,dcb2c10e4ac97b1d1289825869826fdec84593f7,3d233e3d1d9d3c6c,true,2026-09-20T14:27:41+00:00
20260920T142128Z-gpu_h48,electricity_hourly,T108,timesfm25,tsfm,168,48,80021,38.79846606651942,47.09775239383682,0.6178236330397873,153.638803178551,119.95406500000172,11.94287109375,,231289280,true,dcb2c10e4ac97b1d1289825869826fdec84593f7,3d233e3d1d9d3c6c,true,2026-09-20T14:27:41+00:00
20260920T142128Z-gpu_h48,electricity_hourly,T108,chronos_bolt,tsfm,168,48,80000,5.354410171508789,8.165335953244938,0.14286363992908388,136.56420867243952,33.42342800010556,1.0751953125,,205292928,true,dcb2c10e4ac97b1d1289825869826fdec84593f7,3d233e3d1d9d3c6c,true,2026-09-20T14:27:46+00:00
20260920T142128Z-gpu_h48,electricity_hourly,T108,chronos_bolt,tsfm,168,48,80001,18.296211798985798,38.408956116737805,0.3329526726973278,104.51803966159446,33.2296189999397,1.0751953125,,205292928,true,dcb2c10e4ac97b1d1289825869826fdec84593f7,3d233e3d1d9d3c6c,true,2026-09-20T14:27:46+00:00
20260920T142128Z-gpu_h48,electricity_hourly,T108,chronos_bolt,tsfm,168,48,80002,26.686593373616535,57.49028209898831,1.217253546341711,122.04918809410819,32.49617300002683,1.0751953125,,205292928,true,dcb2c10e4ac97b1d1289825869826fdec84593f7,3d233e3d1d9d3c6c,true,2026-09-20T14:27:46+00:00
20260920T142128Z-gpu_h48,electricity_hourly,T108,chronos_bolt,tsfm,168,48,80003,6.370554129282634,11.720995179371586,0.21353812723852406,138.07216066719624,31.79690899992238,1.0751953125,,205292928,true,dcb2c10e4ac97b1d1289825869826fdec84593f7,3d233e3d1d9d3c6c,true,2026-09-20T14:27:46+00:00
20260920T142128Z-gpu_h48,electricity_hourly,T108,chronos_bolt,tsfm,168,48,80004,14.433285077412924,20.113452269529517,0.5762109928326756,61.22532039295721,30.876783999929103,1.0751953125,,205292928,true,dcb2c10e4ac97b1d1289825869826fdec84593f7,3d233e3d1d9d3c6c,true,2026-09-20T14:27:46+00:00
20260920T142128Z-gpu_h48,electricity_hourly,T108,chronos_bolt,tsfm,168,48,80005,7.046697060267131,14.271818346340543,0.20952392663193617,138.29812689029822,37.027301000080115,1.0751953125,,205292928,true,dcb2c10e4ac97b1d1289825869826fdec84593f7,3d233e3d1d9d3c6c,true,2026-09-20T14:27:46+00:00
20260920T142128Z-gpu_h48,electricity_hourly,T108,chronos_bolt,tsfm,168,48,80006,14.211341460545858,23.203655726307037,0.5895802853121876,36.51579878726037,36.03195000005144,1.0751953125,,205292928,true,dcb2c10e4ac97b1d1289825869826fdec84593f7,3d233e3d1d9d3c6c,true,2026-09-20T14:27:46+00:00
20260920T142128Z-gpu_h48,electricity_hourly,T108,chronos_bolt,tsfm,168,48,80007,6.499833583831787,11.304901455190187,0.25174180636680404,138.41842114157615,38.92439100013689,1.0751953125,,205292928,true,dcb2c10e4ac97b1d1289825869826fdec84593f7,3d233e3d1d9d3c6c,true,2026-09-20T14:27:46+00:00
20260920T142128Z-gpu_h48,electricity_hourly,T108,chronos_bolt,tsfm,168,48,80008,37.344949881235756,46.157436591885656,1.4363442262013753,107.76610598323411,36.78654700001971,1.0751953125,,205292928,true,dcb2c10e4ac97b1d1289825869826fdec84593f7,3d233e3d1d9d3c6c,true,2026-09-20T14:27:46+00:00
20260920T142128Z-gpu_h48,electricity_hourly,T108,chronos_bolt,tsfm,168,48,80009,40.372121493021645,75.8686300905668,1.4329764592051064,122.84282017779621,34.12315899981877,1.0751953125,,205292928,true,dcb2c10e4ac97b1d1289825869826fdec84593f7,3d233e3d1d9d3c6c,true,2026-09-20T14:27:46+00:00
20260920T142128Z-gpu_h48,electricity_hourly,T108,chronos_bolt,tsfm,168,48,80010,3.7242862383524575,7.711681204552531,0.11276224102665136,135.9064194379451,33.0321180001647,1.0751953125,,205292928,true,dcb2c10e4ac97b1d1289825869826fdec84593f7,3d233e3d1d9d3c6c,true,2026-09-20T14:27:46+00:00
20260920T142128Z-gpu_h48,electricity_hourly,T108,chronos_bolt,tsfm,168,48,80011,22.366630872090656,30.345435817766752,0.7558776919927375,64.94575394559699,32.90801200000715,1.0751953125,,205292928,true,dcb2c10e4ac97b1d1289825869826fdec84593f7,3d233e3d1d9d3c6c,true,2026-09-20T14:27:46+00:00
20260920T142128Z-gpu_h48,electricity_hourly,T108,chronos_bolt,tsfm,168,48,80012,21.314316431681316,55.93836756385266,0.6637676397409406,135.91097091669073,34.17426099986187,1.0751953125,,205292928,true,dcb2c10e4ac97b1d1289825869826fdec84593f7,3d233e3d1d9d3c6c,true,2026-09-20T14:27:46+00:00
20260920T142128Z-gpu_h48,electricity_hourly,T108,chronos_bolt,tsfm,168,48,80013,7.327659845352173,9.41852384669663,0.34370782336505307,32.027279601845656,35.01706299994112,1.0751953125,,205292928,true,dcb2c10e4ac97b1d1289825869826fdec84593f7,3d233e3d1d9d3c6c,true,2026-09-20T14:27:46+00:00
20260920T142128Z-gpu_h48,electricity_hourly,T108,chronos_bolt,tsfm,168,48,80014,4.29600731531779,6.863333103101111,0.17879336803634732,136.49692020715906,33.428361999995104,1.0751953125,,205292928,true,dcb2c10e4ac97b1d1289825869826fdec84593f7,3d233e3d1d9d3c6c,true,2026-09-20T14:27:46+00:00
20260920T142128Z-gpu_h48,electricity_hourly,T108,chronos_bolt,tsfm,168,48,80015,6.383345365524292,9.36819505071442,0.16928208704152817,95.61321880729562,33.88149500005966,1.0751953125,,205292928,true,dcb2c10e4ac97b1d1289825869826fdec84593f7,3d233e3d1d9d3c6c,true,2026-09-20T14:27:46+00:00
20260920T142128Z-gpu_h48,electricity_hourly,T108,chronos_bolt,tsfm,168,48,80016,11.569824457168579,24.787471001774534,0.3743943195128709,123.09188894894778,35.878564999848095,1.0751953125,,205292928,true,dcb2c10e4ac97b1d1289825869826fdec84593f7,3d233e3d1d9d3c6c,true,2026-09-20T14:27:46+00:00
20260920T142128Z-gpu_h48,electricity_hourly,T108,chronos_bolt,tsfm,168,48,80017,7.3147077560424805,14.147824359076001,0.17646472053444753,137.25159309844562,31.94346400005088,1.0751953125,,205292928,true,dcb2c10e4ac97b1d1289825869826fdec84593f7,3d233e3d1d9d3c6c,true,2026-09-20T14:27:46+00:00
20260920T142128Z-gpu_h48,electricity_hourly,T108,chronos_bolt,tsfm,168,48,80018,31.254647811253864,38.83505046864056,0.9790448737917243,75.78296309211504,36.89892000011241,1.0751953125,,205292928,true,dcb2c10e4ac97b1d1289825869826fdec84593f7,3d233e3d1d9d3c6c,true,2026-09-20T14:27:46+00:00
20260920T142128Z-gpu_h48,electricity_hourly,T108,chronos_bolt,tsfm,168,48,80019,8.786759694417318,16.189666860966383,0.2541260084346443,139.1547512403548,35.3079390001767,1.0751953125,,205292928,true,dcb2c10e4ac97b1d1289825869826fdec84593f7,3d233e3d1d9d3c6c,true,2026-09-20T14:27:46+00:00
20260920T142128Z-gpu_h48,electricity_hourly,T108,chronos_bolt,tsfm,168,48,80020,11.81069819132487,15.445306545881847,0.40638961518537187,33.74122266819927,36.99517599989122,1.0751953125,,205292928,true,dcb2c10e4ac97b1d1289825869826fdec84593f7,3d233e3d1d9d3c6c,true,2026-09-20T14:27:46+00:00
20260920T142128Z-gpu_h48,electricity_hourly,T108,chronos_bolt,tsfm,168,48,80021,8.098981539408365,16.161129486689962,0.1289675264486127,139.39624520177375,38.386490999982925,1.0751953125,,205292928,true,dcb2c10e4ac97b1d1289825869826fdec84593f7,3d233e3d1d9d3c6c,true,2026-09-20T14:27:46+00:00
20260920T142128Z-gpu_h48,electricity_hourly,T121,lstm,deep,168,48,90000,68.3153255781114,84.50946544428577,2.4428623996146115,5.190846053438542,343.2452590000139,16.14599609375,0.32569351400002233,4513,false,dcb2c10e4ac97b1d1289825869826fdec84593f7,3d233e3d1d9d3c6c,true,2026-09-20T14:27:58+00:00
20260920T142128Z-gpu_h48,electricity_hourly,T121,lstm,deep,168,48,90001,67.44309480366877,83.45570891973263,1.1205498617431986,5.095659636277311,347.4151159998655,16.10986328125,0.33020662800004175,4513,false,dcb2c10e4ac97b1d1289825869826fdec84593f7,3d233e3d1d9d3c6c,true,2026-09-20T14:27:58+00:00
20260920T142128Z-gpu_h48,electricity_hourly,T121,lstm,deep,168,48,90002,40.095954094446704,63.907211797315334,1.0688295797112783,3.05369572054322,331.8434220000199,16.10986328125,0.314418028000091,4513,false,dcb2c10e4ac97b1d1289825869826fdec84593f7,3d233e3d1d9d3c6c,true,2026-09-20T14:27:58+00:00
20260920T142128Z-gpu_h48,electricity_hourly,T121,lstm,deep,168,48,90003,44.00642585207024,54.76255438481933,1.4233884372637273,3.250887907978743,342.0083370001521,16.10986328125,0.32428558500009785,4513,false,dcb2c10e4ac97b1d1289825869826fdec84593f7,3d233e3d1d9d3c6c,true,2026-09-20T14:27:58+00:00
20260920T142128Z-gpu_h48,electricity_hourly,T121,lstm,deep,168,48,90004,65.29945771760401,78.96347485788586,1.7115256482226024,4.842815474841823,350.16523400008737,16.10986328125,0.3328717990000314,4513,false,dcb2c10e4ac97b1d1289825869826fdec84593f7,3d233e3d1d9d3c6c,true,2026-09-20T14:27:58+00:00
20260920T142128Z-gpu_h48,electricity_hourly,T121,lstm,deep,168,48,90005,50.44577075018166,62.00160827333967,1.6025129027192055,3.729903664750372,358.99340099990695,16.10986328125,0.34201367700006813,4513,false,dcb2c10e4ac97b1d1289825869826fdec84593f7,3d233e3d1d9d3c6c,true,2026-09-20T14:27:58+00:00
20260920T142128Z-gpu_h48,electricity_hourly,T121,lstm,deep,168,48,90006,180.923446891304,184.59987700514614,3.4457051120682154,13.103756919494838,344.56578700019236,16.10986328125,0.3279649439998593,4513,false,dcb2c10e4ac97b1d1289825869826fdec84593f7,3d233e3d1d9d3c6c,true,2026-09-20T14:27:58+00:00
20260920T142128Z-gpu_h48,electricity_hourly,T121,lstm,deep,168,48,90007,48.019206971884984,57.50320320421642,1.307633472759349,3.3476280875012776,324.9263830000473,16.10986328125,0.30829668199999105,4513,false,dcb2c10e4ac97b1d1289825869826fdec84593f7,3d233e3d1d9d3c6c,true,2026-09-20T14:27:58+00:00
20260920T142128Z-gpu_h48,electricity_hourly,T121,lstm,deep,168,48,90008,58.11673748167433,82.5819648726068,1.9154978707624406,4.14663316503758,344.97194800019315,16.10986328125,0.3271621630001391,4513,false,dcb2c10e4ac97b1d1289825869826fdec84593f7,3d233e3d1d9d3c6c,true,2026-09-20T14:27:58+00:00
20260920T142128Z-gpu_h48,electricity_hourly,T121,lstm,deep,168,48,90009,81.09461793424343,94.94944625717969,2.8329997531613427,6.005730262991715,342.6409530000001,16.10986328125,0.3248762910000096,4513,false,dcb2c10e4ac97b1d1289825869826fdec84593f7,3d233e3d1d9d3c6c,true,2026-09-20T14:27:58+00:00
20260920T142128Z-gpu_h48,electricity_hourly,T121,lstm,deep,168,48,90010,43.78328324843443,52.527709490949235,1.0248362788970349,3.168631377754528,331.38812800007145,16.10986328125,0.31495688100017105,4513,false,dcb2c10e4ac97b1d1289825869826fdec84593f7,3d233e3d1d9d3c6c,true,2026-09-20T14:27:58+00:00
20260920T142128Z-gpu_h48,electricity_hourly,T121,lstm,deep,168,48,90011,87.23003070358776,98.31737198548257,2.1792374082783894,6.617633486397663,369.9860120000267,16.10986328125,0.3533511499999804,4513,false,dcb2c10e4ac97b1d1289825869826fdec84593f7,3d233e3d1d9d3c6c,true,2026-09-20T14:27:58+00:00
20260920T142128Z-gpu_h48,electricity_hourly,T121,lstm,deep,168,48,90012,61.82093515572228,78.77114342862933,1.4479854688392988,4.427493026188438,346.7961029998605,16.10986328125,0.3292110929999126,4513,false,dcb2c10e4ac97b1d1289825869826fdec84593f7,3d233e3d1d9d3c6c,true,2026-09-20T14:27:58+00:00
20260920T142128Z-gpu_h48,electricity_hourly,T121,lstm,deep,168,48,90013,99.11485781170887,119.43406514532329,3.0627767220785573,7.449913692640051,352.07594100006645,16.10986328125,0.3350460300000577,4513,false,dcb2c10e4ac97b1d1289825869826fdec84593f7,3d233e3d1d9d3c6c,true,2026-09-20T14:27:58+00:00
20260920T142128Z-gpu_h48,electricity_hourly,T121,lstm,deep,168,48,90014,110.97043263880805,137.28285202901995,2.29363317066002,8.092088099271772,334.23101299990776,16.10986328125,0.31747834399993735,4513,false,dcb2c10e4ac97b1d1289825869826fdec84593f7,3d233e3d1d9d3c6c,true,2026-09-20T14:27:58+00:00
20260920T142128Z-gpu_h48,electricity_hourly,T121,lstm,deep,168,48,90015,53.45049915850213,74.04809554930391,0.7891799322079674,4.072894301947509,338.99575500004175,16.10986328125,0.32130809799991766,4513,false,dcb2c10e4ac97b1d1289825869826fdec84593f7,3d233e3d1d9d3c6c,true,2026-09-20T14:27:58+00:00
20260920T142128Z-gpu_h48,electricity_hourly,T121,lstm,deep,168,48,90016,72.85314334250184,93.76914324476563,1.5402808165203734,5.700050327538446,330.78757100020084,16.10986328125,0.3129610800001501,4513,false,dcb2c10e4ac97b1d1289825869826fdec84593f7,3d233e3d1d9d3c6c,true,2026-09-20T14:27:58+00:00
20260920T142128Z-gpu_h48,electricity_hourly,T121,lstm,deep,168,48,90017,73.11979226053428,91.76530226238103,1.8079069514967268,5.466725059929513,332.95621599995684,16.10986328125,0.3155166359999839,4513,false,dcb2c10e4ac97b1d1289825869826fdec84593f7,3d233e3d1d9d3c6c,true,2026-09-20T14:27:58+00:00
20260920T142128Z-gpu_h48,electricity_hourly,T121,lstm,deep,168,48,90018,88.14493986264837,100.73667331201614,1.4431917385129467,6.264054419003869,337.53499500016915,16.10986328125,0.31926561800014497,4513,false,dcb2c10e4ac97b1d1289825869826fdec84593f7,3d233e3d1d9d3c6c,true,2026-09-20T14:27:58+00:00
20260920T142128Z-gpu_h48,electricity_hourly,T121,lstm,deep,168,48,90019,46.773387120832496,53.58356739677388,1.1883147045518487,3.256329487914956,340.3786139999738,16.10986328125,0.3228136440000071,4513,false,dcb2c10e4ac97b1d1289825869826fdec84593f7,3d233e3d1d9d3c6c,true,2026-09-20T14:27:58+00:00
20260920T142128Z-gpu_h48,electricity_hourly,T121,lstm,deep,168,48,90020,63.51954478770147,68.6696452972853,1.667909272324765,4.530569451646996,350.8107039999686,16.10986328125,0.3332694159998937,4513,false,dcb2c10e4ac97b1d1289825869826fdec84593f7,3d233e3d1d9d3c6c,true,2026-09-20T14:27:58+00:00
20260920T142128Z-gpu_h48,electricity_hourly,T121,lstm,deep,168,48,90021,86.30185288893591,100.22314095737703,1.8307994720104261,6.010469553087452,359.8704490000273,16.10986328125,0.3418110899999647,4513,false,dcb2c10e4ac97b1d1289825869826fdec84593f7,3d233e3d1d9d3c6c,true,2026-09-20T14:27:58+00:00
20260920T142128Z-gpu_h48,electricity_hourly,T121,transformer,deep,168,48,90000,71.79908044234816,89.27420042813935,2.5674366982116053,5.477982364894734,585.6244870001319,10.6845703125,0.5835538100000122,19232,false,dcb2c10e4ac97b1d1289825869826fdec84593f7,3d233e3d1d9d3c6c,true,2026-09-20T14:28:15+00:00
20260920T142128Z-gpu_h48,electricity_hourly,T121,transformer,deep,168,48,90001,95.2609146955859,113.66361136887686,1.5827358620242724,7.248245709609748,592.4312950000967,10.525390625,0.590421145999926,19232,false,dcb2c10e4ac97b1d1289825869826fdec84593f7,3d233e3d1d9d3c6c,true,2026-09-20T14:28:15+00:00
20260920T142128Z-gpu_h48,electricity_hourly,T121,transformer,deep,168,48,90002,71.7810455200199,80.72724432364531,1.91345252774581,5.498113129140218,590.6990539999697,10.525390625,0.5886375619998034,19232,false,dcb2c10e4ac97b1d1289825869826fdec84593f7,3d233e3d1d9d3c6c,true,2026-09-20T14:28:15+00:00
20260920T142128Z-gpu_h48,electricity_hourly,T121,transformer,deep,168,48,90003,44.054717139498564,54.455855286192374,1.4249504196064224,3.2774137931496825,599.7433360000741,10.525390625,0.5976254419999805,19232,false,dcb2c10e4ac97b1d1289825869826fdec84593f7,3d233e3d1d9d3c6c,true,2026-09-20T14:28:15+00:00
20260920T142128Z-gpu_h48,electricity_hourly,T121,transformer,deep,168,48,90004,116.01393876374739,136.7559104482297,3.04077305824165,8.439718636204619,601.3706810001622,10.525390625,0.5993406850000156,19232,false,dcb2c10e4ac97b1d1289825869826fdec84593f7,3d233e3d1d9d3c6c,true,2026-09-20T14:28:15+00:00
20260920T142128Z-gpu_h48,electricity_hourly,T121,transformer,deep,168,48,90005,47.3819564822735,62.21622487116485,1.505184587127153,3.5153375613598103,626.6377879999254,10.525390625,0.6244106650001413,19232,false,dcb2c10e4ac97b1d1289825869826fdec84593f7,3d233e3d1d9d3c6c,true,2026-09-20T14:28:15+00:00
20260920T142128Z-gpu_h48,electricity_hourly,T121,transformer,deep,168,48,90006,36.14561377954149,45.96058622866982,0.6883968237341589,2.7458678049700835,597.4019110001336,10.525390625,0.5954136240000025,19232,false,dcb2c10e4ac97b1d1289825869826fdec84593f7,3d233e3d1d9d3c6c,true,2026-09-20T14:28:15+00:00
20260920T142128Z-gpu_h48,electricity_hourly,T121,transformer,deep,168,48,90007,82.92878763803002,101.16989400773103,2.2582725831838735,5.8837100882417,590.3590120001354,10.525390625,0.5882426299999679,19232,false,dcb2c10e4ac97b1d1289825869826fdec84593f7,3d233e3d1d9d3c6c,true,2026-09-20T14:28:15+00:00
20260920T142128Z-gpu_h48,electricity_hourly,T121,transformer,deep,168,48,90008,55.791469836647515,78.12228761443441,1.83885824135437,4.003237788700025,582.8452880000441,10.525390625,0.5805463309998231,19232,false,dcb2c10e4ac97b1d1289825869826fdec84593f7,3d233e3d1d9d3c6c,true,2026-09-20T14:28:15+00:00
20260920T142128Z-gpu_h48,electricity_hourly,T121,transformer,deep,168,48,90009,110.56314415058107,127.59418007983687,3.8624679179242296,8.243428432525194,591.6967389998717,10.525390625,0.5895386629999848,19232,false,dcb2c10e4ac97b1d1289825869826fdec84593f7,3d233e3d1d9d3c6c,true,2026-09-20T14:28:15+00:00
20260920T142128Z-gpu_h48,electricity_hourly,T121,transformer,deep,168,48,90010,81.54569369466208,105.06012103341946,1.9087418550115962,5.945088434741112,581.5598499998487,10.525390625,0.5796040000000175,19232,false,dcb2c10e4ac97b1d1289825869826fdec84593f7,3d233e3d1d9d3c6c,true,2026-09-20T14:28:15+00:00
20260920T142128Z-gpu_h48,electricity_hourly,T121,transformer,deep,168,48,90011,104.92732875565679,114.64737712173847,2.621362828038615,7.912563562290107,594.0699990001121,10.525390625,0.5918881059999421,19232,false,dcb2c10e4ac97b1d1289825869826fdec84593f7,3d233e3d1d9d3c6c,true,2026-09-20T14:28:15+00:00
20260920T142128Z-gpu_h48,electricity_hourly,T121,transformer,deep,168,48,90012,102.44919461167358,120.55773036931083,2.399590765140045,7.378577230481332,595.6046290000359,10.525390625,0.5936136059999626,19232,false,dcb2c10e4ac97b1d1289825869826fdec84593f7,3d233e3d1d9d3c6c,true,2026-09-20T14:28:15+00:00
20260920T142128Z-gpu_h48,electricity_hourly,T121,transformer,deep,168,48,90013,98.88291104732342,114.33141932347618,3.055609268415144,7.461381004758795,593.186378999917,10.525390625,0.5912087480000991,19232,false,dcb2c10e4ac97b1d1289825869826fdec84593f7,3d233e3d1d9d3c6c,true,2026-09-20T14:28:15+00:00
20260920T142128Z-gpu_h48,electricity_hourly,T121,transformer,deep,168,48,90014,138.1688803151774,168.82328202885967,2.855794282386328,10.209772167427007,589.539774999821,10.525390625,0.5874785519999932,19232,false,dcb2c10e4ac97b1d1289825869826fdec84593f7,3d233e3d1d9d3c6c,true,2026-09-20T14:28:15+00:00
20260920T142128Z-gpu_h48,electricity_hourly,T121,transformer,deep,168,48,90015,52.63178356204088,71.07841575580059,0.7770918520387456,3.979405112295647,576.4340839998567,10.525390625,0.5744295659999352,19232,false,dcb2c10e4ac97b1d1289825869826fdec84593f7,3d233e3d1d9d3c6c,true,2026-09-20T14:28:15+00:00
20260920T142128Z-gpu_h48,electricity_hourly,T121,transformer,deep,168,48,90016,81.68985035819314,89.52283833681176,1.7271088608985188,6.302178350578395,586.0217709998778,10.525390625,0.5839307460000782,19232,false,dcb2c10e4ac97b1d1289825869826fdec84593f7,3d233e3d1d9d3c6c,true,2026-09-20T14:28:15+00:00
20260920T142128Z-gpu_h48,electricity_hourly,T121,transformer,deep,168,48,90017,95.25101064102982,118.21129875939263,2.3551074059595285,7.198747850282632,589.3802489999871,10.525390625,0.5873002579999138,19232,false,dcb2c10e4ac97b1d1289825869826fdec84593f7,3d233e3d1d9d3c6c,true,2026-09-20T14:28:15+00:00
20260920T142128Z-gpu_h48,electricity_hourly,T121,transformer,deep,168,48,90018,71.27259653116626,88.15784897649296,1.1669418874915227,5.01346163759066,634.0865009999561,10.525390625,0.631980866000049,19232,false,dcb2c10e4ac97b1d1289825869826fdec84593f7,3d233e3d1d9d3c6c,true,2026-09-20T14:28:15+00:00
20260920T142128Z-gpu_h48,electricity_hourly,T121,transformer,deep,168,48,90019,44.13920705781967,64.99726220091469,1.1213912872840563,3.0876999848809605,627.4339849999251,10.525390625,0.625475010999935,19232,false,dcb2c10e4ac97b1d1289825869826fdec84593f7,3d233e3d1d9d3c6c,true,2026-09-20T14:28:15+00:00
20260920T142128Z-gpu_h48,electricity_hourly,T121,transformer,deep,168,48,90020,88.63377495559114,104.89974775020657,2.32736389380108,6.221427885992783,618.8859280000543,10.525390625,0.6168338630000108,19232,false,dcb2c10e4ac97b1d1289825869826fdec84593f7,3d233e3d1d9d3c6c,true,2026-09-20T14:28:15+00:00
20260920T142128Z-gpu_h48,electricity_hourly,T121,transformer,deep,168,48,90021,68.4291699108003,86.34033752693449,1.4516500393569893,4.767330588677835,604.2831700001443,10.525390625,0.6022263289999046,19232,false,dcb2c10e4ac97b1d1289825869826fdec84593f7,3d233e3d1d9d3c6c,true,2026-09-20T14:28:15+00:00
20260920T142128Z-gpu_h48,electricity_hourly,T121,timesfm25,tsfm,168,48,90000,11.194297790527344,15.316365106464223,0.4002927444340545,0.830393683729621,116.45170600013444,11.94287109375,,231289280,true,dcb2c10e4ac97b1d1289825869826fdec84593f7,3d233e3d1d9d3c6c,true,2026-09-20T14:28:22+00:00
20260920T142128Z-gpu_h48,electricity_hourly,T121,timesfm25,tsfm,168,48,90001,16.118621826171875,23.086479037044253,0.2678068008502077,1.219477002280625,114.8631779999505,11.94287109375,,231289280,true,dcb2c10e4ac97b1d1289825869826fdec84593f7,3d233e3d1d9d3c6c,true,2026-09-20T14:28:22+00:00
20260920T142128Z-gpu_h48,electricity_hourly,T121,timesfm25,tsfm,168,48,90002,41.00074259440104,53.65685110801168,1.0929483401691504,3.103455204505756,114.38144799990368,11.94287109375,,231289280,true,dcb2c10e4ac97b1d1289825869826fdec84593f7,3d233e3d1d9d3c6c,true,2026-09-20T14:28:22+00:00
20260920T142128Z-gpu_h48,electricity_hourly,T121,timesfm25,tsfm,168,48,90003,26.00352732340495,31.90673682735575,0.8410844417273837,1.8931516469579326,120.43347200005883,11.94287109375,,231289280,true,dcb2c10e4ac97b1d1289825869826fdec84593f7,3d233e3d1d9d3c6c,true,2026-09-20T14:28:22+00:00
20260920T142128Z-gpu_h48,electricity_hourly,T121,timesfm25,tsfm,168,48,90004,14.66064707438151,20.454432708712364,0.38426159059172504,1.0740221319432195,108.33213899991279,11.94287109375,,231289280,true,dcb2c10e4ac97b1d1289825869826fdec84593f7,3d233e3d1d9d3c6c,true,2026-09-20T14:28:22+00:00
20260920T142128Z-gpu_h48,electricity_hourly,T121,timesfm25,tsfm,168,48,90005,13.51983896891276,17.113844574860952,0.4294852882248924,0.9901861972734705,117.13396300001477,11.94287109375,,231289280,true,dcb2c10e4ac97b1d1289825869826fdec84593f7,3d233e3d1d9d3c6c,true,2026-09-20T14:28:22+00:00
20260920T142128Z-gpu_h48,electricity_hourly,T121,timesfm25,tsfm,168,48,90006,22.642262776692707,27.696620479284096,0.43122415551431686,1.7367629741306096,111.26516099989203,11.94287109375,,231289280,true,dcb2c10e4ac97b1d1289825869826fdec84593f7,3d233e3d1d9d3c6c,true,2026-09-20T14:28:22+00:00
20260920T142128Z-gpu_h48,electricity_hourly,T121,timesfm25,tsfm,168,48,90007,21.37921396891276,24.986858160717944,0.5821873698039783,1.5151512556350317,110.839876,11.94287109375,,231289280,true,dcb2c10e4ac97b1d1289825869826fdec84593f7,3d233e3d1d9d3c6c,true,2026-09-20T14:28:22+00:00
20260920T142128Z-gpu_h48,electricity_hourly,T121,timesfm25,tsfm,168,48,90008,33.290270487467446,41.57057097582693,1.0972302472408588,2.4331528141303282,116.27749199988102,11.94287109375,,231289280,true,dcb2c10e4ac97b1d1289825869826fdec84593f7,3d233e3d1d9d3c6c,true,2026-09-20T14:28:22+00:00
20260920T142128Z-gpu_h48,electricity_hourly,T121,timesfm25,tsfm,168,48,90009,51.087493896484375,64.76082419823337,1.7847159439819869,3.758596057595832,117.56058499986466,11.94287109375,,231289280,true,dcb2c10e4ac97b1d1289825869826fdec84593f7,3d233e3d1d9d3c6c,true,2026-09-20T14:28:22+00:00
20260920T142128Z-gpu_h48,electricity_hourly,T121,timesfm25,tsfm,168,48,90010,25.626942952473957,35.57361581801477,0.5998504202139548,1.809168461975794,117.5020239998048,11.94287109375,,231289280,true,dcb2c10e4ac97b1d1289825869826fdec84593f7,3d233e3d1d9d3c6c,true,2026-09-20T14:28:22+00:00
20260920T142128Z-gpu_h48,electricity_hourly,T121,timesfm25,tsfm,168,48,90011,15.315956115722656,19.064582296439696,0.38263318540320307,1.1672911770123153,119.00086800005738,11.94287109375,,231289280,true,dcb2c10e4ac97b1d1289825869826fdec84593f7,3d233e3d1d9d3c6c,true,2026-09-20T14:28:22+00:00
20260920T142128Z-gpu_h48,electricity_hourly,T121,timesfm25,tsfm,168,48,90012,43.453636169433594,49.60786145279018,1.017781979245029,3.080467819515585,119.16920299995581,11.94287109375,,231289280,true,dcb2c10e4ac97b1d1289825869826fdec84593f7,3d233e3d1d9d3c6c,true,2026-09-20T14:28:22+00:00
20260920T142128Z-gpu_h48,electricity_hourly,T121,timesfm25,tsfm,168,48,90013,57.92669932047526,64.5383133778124,1.790009592735716,4.469851299643249,122.05954499995642,11.94287109375,,231289280,true,dcb2c10e4ac97b1d1289825869826fdec84593f7,3d233e3d1d9d3c6c,true,2026-09-20T14:28:22+00:00
20260920T142128Z-gpu_h48,electricity_hourly,T121,timesfm25,tsfm,168,48,90014,43.638285319010414,60.9145326925,0.9019539379844266,3.071264293289101,116.62900699980128,11.94287109375,,231289280,true,dcb2c10e4ac97b1d1289825869826fdec84593f7,3d233e3d1d9d3c6c,true,2026-09-20T14:28:22+00:00
20260920T142128Z-gpu_h48,electricity_hourly,T121,timesfm25,tsfm,168,48,90015,19.256591796875,22.640812503177802,0.2843175657490003,1.4599976232508498,118.45554999990782,11.94287109375,,231289280,true,dcb2c10e4ac97b1d1289825869826fdec84593f7,3d233e3d1d9d3c6c,true,2026-09-20T14:28:22+00:00
20260920T142128Z-gpu_h48,electricity_hourly,T121,timesfm25,tsfm,168,48,90016,55.21133168538412,61.72572040535419,1.1672928736889314,4.3125869450305405,116.04621899982703,11.94287109375,,231289280,true,dcb2c10e4ac97b1d1289825869826fdec84593f7,3d233e3d1d9d3c6c,true,2026-09-20T14:28:22+00:00
20260920T142128Z-gpu_h48,electricity_hourly,T121,timesfm25,tsfm,168,48,90017,29.591283162434895,40.974397858705125,0.7316526056645991,2.1623624780017847,112.74299699994117,11.94287109375,,231289280,true,dcb2c10e4ac97b1d1289825869826fdec84593f7,3d233e3d1d9d3c6c,true,2026-09-20T14:28:22+00:00
20260920T142128Z-gpu_h48,electricity_hourly,T121,timesfm25,tsfm,168,48,90018,82.01212819417317,87.14938594076922,1.3427795861240406,5.962825137625658,118.79383299992696,11.94287109375,,231289280,true,dcb2c10e4ac97b1d1289825869826fdec84593f7,3d233e3d1d9d3c6c,true,2026-09-20T14:28:22+00:00
20260920T142128Z-gpu_h48,electricity_hourly,T121,timesfm25,tsfm,168,48,90019,31.60021209716797,37.67176606594295,0.8028282537036322,2.2075798966030615,119.43490500016196,11.94287109375,,231289280,true,dcb2c10e4ac97b1d1289825869826fdec84593f7,3d233e3d1d9d3c6c,true,2026-09-20T14:28:22+00:00
20260920T142128Z-gpu_h48,electricity_hourly,T121,timesfm25,tsfm,168,48,90020,13.165412902832031,16.27298975890527,0.3457001199868367,0.9598286465010972,118.10581000008824,11.94287109375,,231289280,true,dcb2c10e4ac97b1d1289825869826fdec84593f7,3d233e3d1d9d3c6c,true,2026-09-20T14:28:22+00:00
20260920T142128Z-gpu_h48,electricity_hourly,T121,timesfm25,tsfm,168,48,90021,38.54849751790365,46.58036584184907,0.8177642372684334,2.6632985572944534,119.05498999999509,11.94287109375,,231289280,true,dcb2c10e4ac97b1d1289825869826fdec84593f7,3d233e3d1d9d3c6c,true,2026-09-20T14:28:22+00:00
20260920T142128Z-gpu_h48,electricity_hourly,T121,chronos_bolt,tsfm,168,48,90000,13.148028055826822,15.103854113567015,0.47015546065037556,0.9994789117489139,34.15799800018249,1.0751953125,,205292928,true,dcb2c10e4ac97b1d1289825869826fdec84593f7,3d233e3d1d9d3c6c,true,2026-09-20T14:28:27+00:00
20260920T142128Z-gpu_h48,electricity_hourly,T121,chronos_bolt,tsfm,168,48,90001,18.698097229003906,28.081519198650952,0.31066412841543356,1.4407997161746544,35.09429500013539,1.0751953125,,205292928,true,dcb2c10e4ac97b1d1289825869826fdec84593f7,3d233e3d1d9d3c6c,true,2026-09-20T14:28:27+00:00
20260920T142128Z-gpu_h48,electricity_hourly,T121,chronos_bolt,tsfm,168,48,90002,32.211507161458336,53.633469538653344,0.8586555037486118,2.4331039462420407,34.55155299980106,1.0751953125,,205292928,true,dcb2c10e4ac97b1d1289825869826fdec84593f7,3d233e3d1d9d3c6c,true,2026-09-20T14:28:27+00:00
20260920T142128Z-gpu_h48,electricity_hourly,T121,chronos_bolt,tsfm,168,48,90003,22.317845662434895,27.469490878907624,0.7218710187310478,1.625155045265235,35.110253999846464,1.0751953125,,205292928,true,dcb2c10e4ac97b1d1289825869826fdec84593f7,3d233e3d1d9d3c6c,true,2026-09-20T14:28:27+00:00
20260920T142128Z-gpu_h48,electricity_hourly,T121,chronos_bolt,tsfm,168,48,90004,11.911636352539062,14.842572048508547,0.31220888874510827,0.8892495093965372,34.006093000016335,1.0751953125,,205292928,true,dcb2c10e4ac97b1d1289825869826fdec84593f7,3d233e3d1d9d3c6c,true,2026-09-20T14:28:27+00:00
20260920T142128Z-gpu_h48,electricity_hourly,T121,chronos_bolt,tsfm,168,48,90005,12.427080790201822,15.691447584784921,0.39477159360005787,0.9090260837248515,35.11269799992078,1.0751953125,,205292928,true,dcb2c10e4ac97b1d1289825869826fdec84593f7,3d233e3d1d9d3c6c,true,2026-09-20T14:28:27+00:00
20260920T142128Z-gpu_h48,electricity_hourly,T121,chronos_bolt,tsfm,168,48,90006,9.57049814860026,11.725886736317555,0.1822710928975582,0.7420229335825594,37.12555199990675,1.0751953125,,205292928,true,dcb2c10e4ac97b1d1289825869826fdec84593f7,3d233e3d1d9d3c6c,true,2026-09-20T14:28:27+00:00
20260920T142128Z-gpu_h48,electricity_hourly,T121,chronos_bolt,tsfm,168,48,90007,23.676432291666668,27.6986802160456,0.6447439958396369,1.6617513427988575,33.26414699995439,1.0751953125,,205292928,true,dcb2c10e4ac97b1d1289825869826fdec84593f7,3d233e3d1d9d3c6c,true,2026-09-20T14:28:27+00:00
20260920T142128Z-gpu_h48,electricity_hourly,T121,chronos_bolt,tsfm,168,48,90008,27.053263346354168,34.02007656025014,0.891661689602884,1.974023203828543,36.24330999991798,1.0751953125,,205292928,true,dcb2c10e4ac97b1d1289825869826fdec84593f7,3d233e3d1d9d3c6c,true,2026-09-20T14:28:27+00:00
20260920T142128Z-gpu_h48,electricity_hourly,T121,chronos_bolt,tsfm,168,48,90009,30.07800547281901,39.35350698312526,1.0507600165176947,2.1966861230451036,34.3928979998509,1.0751953125,,205292928,true,dcb2c10e4ac97b1d1289825869826fdec84593f7,3d233e3d1d9d3c6c,true,2026-09-20T14:28:27+00:00
20260920T142128Z-gpu_h48,electricity_hourly,T121,chronos_bolt,tsfm,168,48,90010,24.997909545898438,35.44137969010428,0.5851266213604316,1.7629413625930328,35.79932499997085,1.0751953125,,205292928,true,dcb2c10e4ac97b1d1289825869826fdec84593f7,3d233e3d1d9d3c6c,true,2026-09-20T14:28:27+00:00
20260920T142128Z-gpu_h48,electricity_hourly,T121,chronos_bolt,tsfm,168,48,90011,14.289021809895834,19.05561010886814,0.3569776441056558,1.0983232620904604,37.457101999962106,1.0751953125,,205292928,true,dcb2c10e4ac97b1d1289825869826fdec84593f7,3d233e3d1d9d3c6c,true,2026-09-20T14:28:27+00:00
20260920T142128Z-gpu_h48,electricity_hourly,T121,chronos_bolt,tsfm,168,48,90012,55.02801005045573,63.07204044838322,1.2888798710581693,3.9086316001849255,36.31082200013225,1.0751953125,,205292928,true,dcb2c10e4ac97b1d1289825869826fdec84593f7,3d233e3d1d9d3c6c,true,2026-09-20T14:28:27+00:00
20260920T142128Z-gpu_h48,electricity_hourly,T121,chronos_bolt,tsfm,168,48,90013,45.213897705078125,50.95394075180784,1.3971676544058476,3.514882636248063,33.142330999908154,1.0751953125,,205292928,true,dcb2c10e4ac97b1d1289825869826fdec84593f7,3d233e3d1d9d3c6c,true,2026-09-20T14:28:27+00:00
20260920T142128Z-gpu_h48,electricity_hourly,T121,chronos_bolt,tsfm,168,48,90014,25.77430470784505,33.53184473371807,0.5327256893827598,1.8329555633624757,35.62476699994477,1.0751953125,,205292928,true,dcb2c10e4ac97b1d1289825869826fdec84593f7,3d233e3d1d9d3c6c,true,2026-09-20T14:28:27+00:00
20260920T142128Z-gpu_h48,electricity_hourly,T121,chronos_bolt,tsfm,168,48,90015,11.294102986653646,14.39190723584834,0.16675390444766994,0.8493129893458311,36.05171499998505,1.0751953125,,205292928,true,dcb2c10e4ac97b1d1289825869826fdec84593f7,3d233e3d1d9d3c6c,true,2026-09-20T14:28:27+00:00
20260920T142128Z-gpu_h48,electricity_hourly,T121,chronos_bolt,tsfm,168,48,90016,19.944569905598957,24.993468885553124,0.4216734791376082,1.5381090884215307,37.98803199993017,1.0751953125,,205292928,true,dcb2c10e4ac97b1d1289825869826fdec84593f7,3d233e3d1d9d3c6c,true,2026-09-20T14:28:27+00:00
20260920T142128Z-gpu_h48,electricity_hourly,T121,chronos_bolt,tsfm,168,48,90017,28.585667928059895,38.56563789244371,0.7067884927267557,2.0900637255655847,35.07667600001696,1.0751953125,,205292928,true,dcb2c10e4ac97b1d1289825869826fdec84593f7,3d233e3d1d9d3c6c,true,2026-09-20T14:28:27+00:00
20260920T142128Z-gpu_h48,electricity_hourly,T121,chronos_bolt,tsfm,168,48,90018,92.42158508300781,98.04656579615114,1.51321299055749,6.788943071346688,35.658820999969976,1.0751953125,,205292928,true,dcb2c10e4ac97b1d1289825869826fdec84593f7,3d233e3d1d9d3c6c,true,2026-09-20T14:28:27+00:00
20260920T142128Z-gpu_h48,electricity_hourly,T121,chronos_bolt,tsfm,168,48,90019,31.311208089192707,37.54492246595924,0.7954858794713743,2.1894997224471053,35.932701999854544,1.0751953125,,205292928,true,dcb2c10e4ac97b1d1289825869826fdec84593f7,3d233e3d1d9d3c6c,true,2026-09-20T14:28:27+00:00
20260920T142128Z-gpu_h48,electricity_hourly,T121,chronos_bolt,tsfm,168,48,90020,20.10621388753255,23.353096961698515,0.5279530998914455,1.4737785271716586,38.394081999967966,1.0751953125,,205292928,true,dcb2c10e4ac97b1d1289825869826fdec84593f7,3d233e3d1d9d3c6c,true,2026-09-20T14:28:27+00:00
20260920T142128Z-gpu_h48,electricity_hourly,T121,chronos_bolt,tsfm,168,48,90021,29.227396647135418,37.58891397596853,0.6200272712415292,2.020400362674813,36.8411310000738,1.0751953125,,205292928,true,dcb2c10e4ac97b1d1289825869826fdec84593f7,3d233e3d1d9d3c6c,true,2026-09-20T14:28:27+00:00
20260920T142128Z-gpu_h48,electricity_hourly,T134,lstm,deep,168,48,100000,866.0565357072952,1119.1571371529053,0.7341536047250312,7.9283145282746865,324.0508469998531,16.14599609375,0.30743288099984056,4513,false,dcb2c10e4ac97b1d1289825869826fdec84593f7,3d233e3d1d9d3c6c,true,2026-09-20T14:28:39+00:00
20260920T142128Z-gpu_h48,electricity_hourly,T134,lstm,deep,168,48,100001,1003.0708324517649,1237.653008238229,0.5582846646943826,8.435504712682961,343.53047300010076,16.10986328125,0.3258062859999882,4513,false,dcb2c10e4ac97b1d1289825869826fdec84593f7,3d233e3d1d9d3c6c,true,2026-09-20T14:28:39+00:00
20260920T142128Z-gpu_h48,electricity_hourly,T134,lstm,deep,168,48,100002,2137.932717622767,2509.4470009150855,2.2778799681670288,21.54218969167184,369.9795439999889,16.10986328125,0.35276191100001597,4513,false,dcb2c10e4ac97b1d1289825869826fdec84593f7,3d233e3d1d9d3c6c,true,2026-09-20T14:28:39+00:00
20260920T142128Z-gpu_h48,electricity_hourly,T134,lstm,deep,168,48,100003,1309.5369949318867,1553.4346445600545,0.9726541703169139,10.669662970009105,338.49452100002964,16.10986328125,0.32033499599992865,4513,false,dcb2c10e4ac97b1d1289825869826fdec84593f7,3d233e3d1d9d3c6c,true,2026-09-20T14:28:39+00:00
20260920T142128Z-gpu_h48,electricity_hourly,T134,lstm,deep,168,48,100004,1946.2417614100232,2327.365189377789,1.7414410391962178,17.20359091190414,333.75526500003616,16.10986328125,0.3168213909998485,4513,false,dcb2c10e4ac97b1d1289825869826fdec84593f7,3d233e3d1d9d3c6c,true,2026-09-20T14:28:39+00:00
20260920T142128Z-gpu_h48,electricity_hourly,T134,lstm,deep,168,48,100005,1014.1935324278053,1234.2941471678696,1.092570275077459,9.252559877365982,347.00238200002786,16.10986328125,0.32982304199981627,4513,false,dcb2c10e4ac97b1d1289825869826fdec84593f7,3d233e3d1d9d3c6c,true,2026-09-20T14:28:39+00:00
20260920T142128Z-gpu_h48,electricity_hourly,T134,lstm,deep,168,48,100006,829.6248523890184,1127.683612783136,1.2029965535563318,8.616275378588858,349.7636179999972,16.10986328125,0.33174798300001385,4513,false,dcb2c10e4ac97b1d1289825869826fdec84593f7,3d233e3d1d9d3c6c,true,2026-09-20T14:28:39+00:00
20260920T142128Z-gpu_h48,electricity_hourly,T134,lstm,deep,168,48,100007,524.603096055389,670.1875964715568,0.8600246571185137,5.196089264977183,345.0455409999904,16.10986328125,0.3276665099999718,4513,false,dcb2c10e4ac97b1d1289825869826fdec84593f7,3d233e3d1d9d3c6c,true,2026-09-20T14:28:39+00:00
20260920T142128Z-gpu_h48,electricity_hourly,T134,lstm,deep,168,48,100008,574.1647501799456,711.4837505966989,0.7572235412857838,6.071939318008967,344.50385200011624,16.10986328125,0.3267443719998937,4513,false,dcb2c10e4ac97b1d1289825869826fdec84593f7,3d233e3d1d9d3c6c,true,2026-09-20T14:28:39+00:00
20260920T142128Z-gpu_h48,electricity_hourly,T134,lstm,deep,168,48,100009,1693.1481249264787,1922.8581483577682,2.8440669799411262,17.384635912270934,345.990989000029,16.10986328125,0.3280078720001711,4513,false,dcb2c10e4ac97b1d1289825869826fdec84593f7,3d233e3d1d9d3c6c,true,2026-09-20T14:28:39+00:00
20260920T142128Z-gpu_h48,electricity_hourly,T134,lstm,deep,168,48,100010,498.74912022415737,632.1478535682024,0.738682395962836,4.815021224412154,340.7362479999847,16.10986328125,0.3230679490000057,4513,false,dcb2c10e4ac97b1d1289825869826fdec84593f7,3d233e3d1d9d3c6c,true,2026-09-20T14:28:39+00:00
20260920T142128Z-gpu_h48,electricity_hourly,T134,lstm,deep,168,48,100011,1190.7738874111149,1471.7909493484763,1.6869472461995607,12.573904145779002,330.1152290000573,16.10986328125,0.3131236409999474,4513,false,dcb2c10e4ac97b1d1289825869826fdec84593f7,3d233e3d1d9d3c6c,true,2026-09-20T14:28:39+00:00
20260920T142128Z-gpu_h48,electricity_hourly,T134,lstm,deep,168,48,100012,832.4661509590343,1161.37277202014,1.0945600830732654,8.344486861469957,327.3939939999764,16.10986328125,0.3100621409998894,4513,false,dcb2c10e4ac97b1d1289825869826fdec84593f7,3d233e3d1d9d3c6c,true,2026-09-20T14:28:39+00:00
20260920T142128Z-gpu_h48,electricity_hourly,T134,lstm,deep,168,48,100013,877.347952450726,1022.0745848630065,1.1438695599096818,9.253944128141658,341.2339450001127,16.10986328125,0.32353252200005045,4513,false,dcb2c10e4ac97b1d1289825869826fdec84593f7,3d233e3d1d9d3c6c,true,2026-09-20T14:28:39+00:00
20260920T142128Z-gpu_h48,electricity_hourly,T134,lstm,deep,168,48,100014,391.80335890394446,517.1424925192495,0.5494335571412935,3.9774909514904153,340.5030839999199,16.10986328125,0.32301196000003074,4513,false,dcb2c10e4ac97b1d1289825869826fdec84593f7,3d233e3d1d9d3c6c,true,2026-09-20T14:28:39+00:00
20260920T142128Z-gpu_h48,electricity_hourly,T134,lstm,deep,168,48,100015,1124.3099648460427,1308.7992196770163,1.351356651067811,11.67928600300564,334.49509399997623,16.10986328125,0.31669636600008744,4513,false,dcb2c10e4ac97b1d1289825869826fdec84593f7,3d233e3d1d9d3c6c,true,2026-09-20T14:28:39+00:00
20260920T142128Z-gpu_h48,electricity_hourly,T134,lstm,deep,168,48,100016,2224.009638181949,2387.1523691321368,3.1250415969613945,25.909713778109133,330.2599010000904,16.10986328125,0.31370840199997474,4513,false,dcb2c10e4ac97b1d1289825869826fdec84593f7,3d233e3d1d9d3c6c,true,2026-09-20T14:28:39+00:00
20260920T142128Z-gpu_h48,electricity_hourly,T134,lstm,deep,168,48,100017,1050.6141126227913,1203.5939850049979,1.36006717445505,10.791309487788757,345.8821149999949,16.10986328125,0.3258524899999884,4513,false,dcb2c10e4ac97b1d1289825869826fdec84593f7,3d233e3d1d9d3c6c,true,2026-09-20T14:28:39+00:00
20260920T142128Z-gpu_h48,electricity_hourly,T134,lstm,deep,168,48,100018,1557.578470695328,1834.1881603584882,2.2039905251275203,17.334278762175806,347.98901899989687,16.10986328125,0.3301365000002079,4513,false,dcb2c10e4ac97b1d1289825869826fdec84593f7,3d233e3d1d9d3c6c,true,2026-09-20T14:28:39+00:00
20260920T142128Z-gpu_h48,electricity_hourly,T134,lstm,deep,168,48,100019,1271.1944126768442,1604.7009752679867,1.3162768963777833,14.070507696174564,395.8643010000742,16.10986328125,0.37805336799988254,4513,false,dcb2c10e4ac97b1d1289825869826fdec84593f7,3d233e3d1d9d3c6c,true,2026-09-20T14:28:39+00:00
20260920T142128Z-gpu_h48,electricity_hourly,T134,lstm,deep,168,48,100020,1614.1816312012504,1783.4390074305104,1.7225337915028684,17.075479842627885,350.95240400005423,16.10986328125,0.3330601350000961,4513,false,dcb2c10e4ac97b1d1289825869826fdec84593f7,3d233e3d1d9d3c6c,true,2026-09-20T14:28:39+00:00
20260920T142128Z-gpu_h48,electricity_hourly,T134,lstm,deep,168,48,100021,538.6093876132483,665.1644882693308,0.3217272436826511,5.854140119248333,370.69068400001015,16.10986328125,0.35325350200014327,4513,false,dcb2c10e4ac97b1d1289825869826fdec84593f7,3d233e3d1d9d3c6c,true,2026-09-20T14:28:39+00:00
20260920T142128Z-gpu_h48,electricity_hourly,T134,transformer,deep,168,48,100000,1454.0891823658287,1589.6258513784946,1.23262716787157,13.351494819965392,584.1922739998608,10.6845703125,0.5820459859999119,19232,false,dcb2c10e4ac97b1d1289825869826fdec84593f7,3d233e3d1d9d3c6c,true,2026-09-20T14:28:57+00:00
20260920T142128Z-gpu_h48,electricity_hourly,T134,transformer,deep,168,48,100001,3073.2836541727606,3226.6122618424447,1.7105144311561602,29.374717419000905,617.5984369999696,10.525390625,0.6154923210001471,19232,false,dcb2c10e4ac97b1d1289825869826fdec84593f7,3d233e3d1d9d3c6c,true,2026-09-20T14:28:57+00:00
20260920T142128Z-gpu_h48,electricity_hourly,T134,transformer,deep,168,48,100002,1273.8904360215479,1698.5590114523275,1.3572782164443475,12.205399693533453,589.9811470001168,10.525390625,0.5877998339999522,19232,false,dcb2c10e4ac97b1d1289825869826fdec84593f7,3d233e3d1d9d3c6c,true,2026-09-20T14:28:57+00:00
20260920T142128Z-gpu_h48,electricity_hourly,T134,transformer,deep,168,48,100003,2465.2311410202856,2841.8010615881153,1.8310420853999798,22.111994899214924,616.5006849998917,10.525390625,0.6145099459999983,19232,false,dcb2c10e4ac97b1d1289825869826fdec84593f7,3d233e3d1d9d3c6c,true,2026-09-20T14:28:57+00:00
20260920T142128Z-gpu_h48,electricity_hourly,T134,transformer,deep,168,48,100004,2027.6969885667934,2261.5266975887625,1.8143248289906995,17.77621404102127,580.6467689999408,10.525390625,0.5787620369999331,19232,false,dcb2c10e4ac97b1d1289825869826fdec84593f7,3d233e3d1d9d3c6c,true,2026-09-20T14:28:57+00:00
20260920T142128Z-gpu_h48,electricity_hourly,T134,transformer,deep,168,48,100005,1503.2377465487798,2053.1456899807445,1.6194077616744542,14.075023333980527,596.7273870001009,10.525390625,0.5945566959999269,19232,false,dcb2c10e4ac97b1d1289825869826fdec84593f7,3d233e3d1d9d3c6c,true,2026-09-20T14:28:57+00:00
20260920T142128Z-gpu_h48,electricity_hourly,T134,transformer,deep,168,48,100006,996.3359585671132,1272.1168570463872,1.4447357994266696,10.215384963659698,584.2846210000516,10.525390625,0.5822539319999578,19232,false,dcb2c10e4ac97b1d1289825869826fdec84593f7,3d233e3d1d9d3c6c,true,2026-09-20T14:28:57+00:00
20260920T142128Z-gpu_h48,electricity_hourly,T134,transformer,deep,168,48,100007,728.3914832705728,916.0583537186723,1.1941115871372583,7.09837722497041,588.7943919999543,10.525390625,0.5868029640000714,19232,false,dcb2c10e4ac97b1d1289825869826fdec84593f7,3d233e3d1d9d3c6c,true,2026-09-20T14:28:57+00:00
20260920T142128Z-gpu_h48,electricity_hourly,T134,transformer,deep,168,48,100008,818.7800573678568,995.3237584496582,1.0798286282464316,8.74749902504075,586.8697949999842,10.525390625,0.5848500219999551,19232,false,dcb2c10e4ac97b1d1289825869826fdec84593f7,3d233e3d1d9d3c6c,true,2026-09-20T14:28:57+00:00
20260920T142128Z-gpu_h48,electricity_hourly,T134,transformer,deep,168,48,100009,1188.8332616418459,1414.7392515533222,1.9969436662478075,11.932967415226035,577.3440080001819,10.525390625,0.5752759470001365,19232,false,dcb2c10e4ac97b1d1289825869826fdec84593f7,3d233e3d1d9d3c6c,true,2026-09-20T14:28:57+00:00
20260920T142128Z-gpu_h48,electricity_hourly,T134,transformer,deep,168,48,100010,843.0341920173423,991.7314938764725,1.2485927124203904,8.41828489400685,632.5364369999988,10.525390625,0.6303321699997468,19232,false,dcb2c10e4ac97b1d1289825869826fdec84593f7,3d233e3d1d9d3c6c,true,2026-09-20T14:28:57+00:00
20260920T142128Z-gpu_h48,electricity_hourly,T134,transformer,deep,168,48,100011,1422.0200253823689,1808.9816091855582,2.0145493541807955,14.78999059803592,580.4678270001205,10.525390625,0.5783930569996301,19232,false,dcb2c10e4ac97b1d1289825869826fdec84593f7,3d233e3d1d9d3c6c,true,2026-09-20T14:28:57+00:00
20260920T142128Z-gpu_h48,electricity_hourly,T134,transformer,deep,168,48,100012,1355.8291798462697,1846.3305646621486,1.7826989097586978,14.30585428055792,572.2893390002355,10.525390625,0.5702950170002623,19232,false,dcb2c10e4ac97b1d1289825869826fdec84593f7,3d233e3d1d9d3c6c,true,2026-09-20T14:28:57+00:00
20260920T142128Z-gpu_h48,electricity_hourly,T134,transformer,deep,168,48,100013,836.6262496219865,1074.5348306732037,1.090777378907414,8.717774847267195,586.2512939997941,10.525390625,0.5842148060000909,19232,false,dcb2c10e4ac97b1d1289825869826fdec84593f7,3d233e3d1d9d3c6c,true,2026-09-20T14:28:57+00:00
20260920T142128Z-gpu_h48,electricity_hourly,T134,transformer,deep,168,48,100014,660.89144561487,819.3571924170025,0.9267810742210921,6.826657856952596,589.8870579999311,10.525390625,0.5877760059997854,19232,false,dcb2c10e4ac97b1d1289825869826fdec84593f7,3d233e3d1d9d3c6c,true,2026-09-20T14:28:57+00:00
20260920T142128Z-gpu_h48,electricity_hourly,T134,transformer,deep,168,48,100015,673.5392188315003,813.3219977349215,0.8095558445464839,6.874515680093409,584.2045350000262,10.525390625,0.581927333999829,19232,false,dcb2c10e4ac97b1d1289825869826fdec84593f7,3d233e3d1d9d3c6c,true,2026-09-20T14:28:57+00:00
20260920T142128Z-gpu_h48,electricity_hourly,T134,transformer,deep,168,48,100016,869.8186986333579,1002.5622198045149,1.222215753195261,9.122069915936065,603.7963170001603,10.525390625,0.6016139069997735,19232,false,dcb2c10e4ac97b1d1289825869826fdec84593f7,3d233e3d1d9d3c6c,true,2026-09-20T14:28:57+00:00
20260920T142128Z-gpu_h48,electricity_hourly,T134,transformer,deep,168,48,100017,1598.2662285592096,1741.5025635717673,2.0690274453641466,17.064811749534346,586.5500370000518,10.525390625,0.584393830999943,19232,false,dcb2c10e4ac97b1d1289825869826fdec84593f7,3d233e3d1d9d3c6c,true,2026-09-20T14:28:57+00:00
20260920T142128Z-gpu_h48,electricity_hourly,T134,transformer,deep,168,48,100018,1686.338195338201,1971.2085648071015,2.386186939927883,18.579306889486347,583.6261620002006,10.525390625,0.5817257489998156,19232,false,dcb2c10e4ac97b1d1289825869826fdec84593f7,3d233e3d1d9d3c6c,true,2026-09-20T14:28:57+00:00
20260920T142128Z-gpu_h48,electricity_hourly,T134,transformer,deep,168,48,100019,862.5863015491805,1186.5459792344195,0.8931776355673626,9.274989498372415,582.9925809998713,10.525390625,0.5810006689998772,19232,false,dcb2c10e4ac97b1d1289825869826fdec84593f7,3d233e3d1d9d3c6c,true,2026-09-20T14:28:57+00:00
20260920T142128Z-gpu_h48,electricity_hourly,T134,transformer,deep,168,48,100020,1222.5432067369522,1463.5382116275462,1.3046065848299353,13.164493467635443,571.2279790000139,10.525390625,0.5692901499996879,19232,false,dcb2c10e4ac97b1d1289825869826fdec84593f7,3d233e3d1d9d3c6c,true,2026-09-20T14:28:57+00:00
20260920T142128Z-gpu_h48,electricity_hourly,T134,transformer,deep,168,48,100021,826.7654031701223,1047.109730167647,0.49385131498134427,9.195823443177257,572.2529290001148,10.525390625,0.5701423579998846,19232,false,dcb2c10e4ac97b1d1289825869826fdec84593f7,3d233e3d1d9d3c6c,true,2026-09-20T14:28:57+00:00
20260920T142128Z-gpu_h48,electricity_hourly,T134,timesfm25,tsfm,168,48,100000,299.7119140625,383.22193772100354,0.254064917261232,2.658669713322969,123.23685799992745,11.94287109375,,231289280,true,dcb2c10e4ac97b1d1289825869826fdec84593f7,3d233e3d1d9d3c6c,true,2026-09-20T14:29:04+00:00
20260920T142128Z-gpu_h48,electricity_hourly,T134,timesfm25,tsfm,168,48,100001,925.0538940429688,1096.0127237496677,0.5148623470564789,7.760451950114799,123.87791400033166,11.94287109375,,231289280,true,dcb2c10e4ac97b1d1289825869826fdec84593f7,3d233e3d1d9d3c6c,true,2026-09-20T14:29:04+00:00
20260920T142128Z-gpu_h48,electricity_hourly,T134,timesfm25,tsfm,168,48,100002,972.7205810546875,1208.5751197060263,1.0363940398798028,8.949713040641756,120.04673699993873,11.94287109375,,231289280,true,dcb2c10e4ac97b1d1289825869826fdec84593f7,3d233e3d1d9d3c6c,true,2026-09-20T14:29:04+00:00
20260920T142128Z-gpu_h48,electricity_hourly,T134,timesfm25,tsfm,168,48,100003,622.4798787434896,752.2034820069972,0.4623448228965184,5.059429050828044,119.1198120000081,11.94287109375,,231289280,true,dcb2c10e4ac97b1d1289825869826fdec84593f7,3d233e3d1d9d3c6c,true,2026-09-20T14:29:04+00:00
20260920T142128Z-gpu_h48,electricity_hourly,T134,timesfm25,tsfm,168,48,100004,1266.168233235677,1571.258372538558,1.1329308452849751,11.21152663312645,123.40868999990562,11.94287109375,,231289280,true,dcb2c10e4ac97b1d1289825869826fdec84593f7,3d233e3d1d9d3c6c,true,2026-09-20T14:29:04+00:00
20260920T142128Z-gpu_h48,electricity_hourly,T134,timesfm25,tsfm,168,48,100005,791.6088053385416,1230.7362302230151,0.8527842295859205,7.122914419099358,114.30377999977281,11.94287109375,,231289280,true,dcb2c10e4ac97b1d1289825869826fdec84593f7,3d233e3d1d9d3c6c,true,2026-09-20T14:29:04+00:00
20260920T142128Z-gpu_h48,electricity_hourly,T134,timesfm25,tsfm,168,48,100006,756.0672607421875,953.641170303046,1.0963344532296313,7.91139797815648,119.52233500005605,11.94287109375,,231289280,true,dcb2c10e4ac97b1d1289825869826fdec84593f7,3d233e3d1d9d3c6c,true,2026-09-20T14:29:04+00:00
20260920T142128Z-gpu_h48,electricity_hourly,T134,timesfm25,tsfm,168,48,100007,299.6704508463542,427.0584637125366,0.49127421983509423,2.9552440366745736,121.24488099971131,11.94287109375,,231289280,true,dcb2c10e4ac97b1d1289825869826fdec84593f7,3d233e3d1d9d3c6c,true,2026-09-20T14:29:04+00:00
20260920T142128Z-gpu_h48,electricity_hourly,T134,timesfm25,tsfm,168,48,100008,524.5302327473959,645.5696376369698,0.6917642370555831,5.56937575125902,118.61503000000084,11.94287109375,,231289280,true,dcb2c10e4ac97b1d1289825869826fdec84593f7,3d233e3d1d9d3c6c,true,2026-09-20T14:29:04+00:00
20260920T142128Z-gpu_h48,electricity_hourly,T134,timesfm25,tsfm,168,48,100009,811.0508015950521,999.5009294583468,1.362363262795706,7.9856453420148865,118.5078240000621,11.94287109375,,231289280,true,dcb2c10e4ac97b1d1289825869826fdec84593f7,3d233e3d1d9d3c6c,true,2026-09-20T14:29:04+00:00
20260920T142128Z-gpu_h48,electricity_hourly,T134,timesfm25,tsfm,168,48,100010,314.18861897786456,420.2698305734868,0.46533536088547933,3.0317724472234393,111.48559899993415,11.94287109375,,231289280,true,dcb2c10e4ac97b1d1289825869826fdec84593f7,3d233e3d1d9d3c6c,true,2026-09-20T14:29:04+00:00
20260920T142128Z-gpu_h48,electricity_hourly,T134,timesfm25,tsfm,168,48,100011,650.2555135091146,821.5774367664576,0.9212049066890238,7.214529361891038,118.52794300011738,11.94287109375,,231289280,true,dcb2c10e4ac97b1d1289825869826fdec84593f7,3d233e3d1d9d3c6c,true,2026-09-20T14:29:04+00:00
20260920T142128Z-gpu_h48,electricity_hourly,T134,timesfm25,tsfm,168,48,100012,472.42620849609375,818.5850234983185,0.621165040070102,4.535979237940032,122.43417799982126,11.94287109375,,231289280,true,dcb2c10e4ac97b1d1289825869826fdec84593f7,3d233e3d1d9d3c6c,true,2026-09-20T14:29:04+00:00
20260920T142128Z-gpu_h48,electricity_hourly,T134,timesfm25,tsfm,168,48,100013,510.82314046223956,605.7221125877726,0.666001486912959,5.4739427118134145,122.39778599996498,11.94287109375,,231289280,true,dcb2c10e4ac97b1d1289825869826fdec84593f7,3d233e3d1d9d3c6c,true,2026-09-20T14:29:04+00:00
20260920T142128Z-gpu_h48,electricity_hourly,T134,timesfm25,tsfm,168,48,100014,318.5430094401042,389.94640427716433,0.44669912802375183,3.2310705329922826,120.30150999999023,11.94287109375,,231289280,true,dcb2c10e4ac97b1d1289825869826fdec84593f7,3d233e3d1d9d3c6c,true,2026-09-20T14:29:04+00:00
20260920T142128Z-gpu_h48,electricity_hourly,T134,timesfm25,tsfm,168,48,100015,421.24383544921875,533.1853577624603,0.5063111388802523,4.216028798783335,120.6887349999306,11.94287109375,,231289280,true,dcb2c10e4ac97b1d1289825869826fdec84593f7,3d233e3d1d9d3c6c,true,2026-09-20T14:29:04+00:00
20260920T142128Z-gpu_h48,electricity_hourly,T134,timesfm25,tsfm,168,48,100016,786.2207743326823,898.7322884760172,1.1047490901133503,8.532615240416252,115.99438299981557,11.94287109375,,231289280,true,dcb2c10e4ac97b1d1289825869826fdec84593f7,3d233e3d1d9d3c6c,true,2026-09-20T14:29:04+00:00
20260920T142128Z-gpu_h48,electricity_hourly,T134,timesfm25,tsfm,168,48,100017,351.7452799479167,460.7670597315515,0.455350069334568,3.527499736349137,153.82565500021883,11.94287109375,,231289280,true,dcb2c10e4ac97b1d1289825869826fdec84593f7,3d233e3d1d9d3c6c,true,2026-09-20T14:29:04+00:00
20260920T142128Z-gpu_h48,electricity_hourly,T134,timesfm25,tsfm,168,48,100018,583.7236328125,757.5713706045983,0.8259753073226814,7.048246998569023,112.68300700021427,11.94287109375,,231289280,true,dcb2c10e4ac97b1d1289825869826fdec84593f7,3d233e3d1d9d3c6c,true,2026-09-20T14:29:04+00:00
20260920T142128Z-gpu_h48,electricity_hourly,T134,timesfm25,tsfm,168,48,100019,340.6844889322917,412.7628174999543,0.3527667501240401,3.5548547847987146,112.61061499999414,11.94287109375,,231289280,true,dcb2c10e4ac97b1d1289825869826fdec84593f7,3d233e3d1d9d3c6c,true,2026-09-20T14:29:04+00:00
20260920T142128Z-gpu_h48,electricity_hourly,T134,timesfm25,tsfm,168,48,100020,613.942372639974,775.0215205998618,0.6551533374350185,7.118704396915128,118.84830200006036,11.94287109375,,231289280,true,dcb2c10e4ac97b1d1289825869826fdec84593f7,3d233e3d1d9d3c6c,true,2026-09-20T14:29:04+00:00
20260920T142128Z-gpu_h48,electricity_hourly,T134,timesfm25,tsfm,168,48,100021,674.760752360026,799.5700358297225,0.40305446209174706,7.495554234223829,117.97757299973455,11.94287109375,,231289280,true,dcb2c10e4ac97b1d1289825869826fdec84593f7,3d233e3d1d9d3c6c,true,2026-09-20T14:29:04+00:00
20260920T142128Z-gpu_h48,electricity_hourly,T134,chronos_bolt,tsfm,168,48,100000,264.71372477213544,334.035189977948,0.2243970540594536,2.358078150135208,32.03560399970229,1.0751953125,,205292928,true,dcb2c10e4ac97b1d1289825869826fdec84593f7,3d233e3d1d9d3c6c,true,2026-09-20T14:29:08+00:00
20260920T142128Z-gpu_h48,electricity_hourly,T134,chronos_bolt,tsfm,168,48,100001,563.2361246744791,697.59345592602,0.3134834358996038,4.921166000462432,36.06318899983307,1.0751953125,,205292928,true,dcb2c10e4ac97b1d1289825869826fdec84593f7,3d233e3d1d9d3c6c,true,2026-09-20T14:29:08+00:00
20260920T142128Z-gpu_h48,electricity_hourly,T134,chronos_bolt,tsfm,168,48,100002,875.935068766276,1009.3852123460982,0.9332730305827007,8.257370627021322,33.185049000167055,1.0751953125,,205292928,true,dcb2c10e4ac97b1d1289825869826fdec84593f7,3d233e3d1d9d3c6c,true,2026-09-20T14:29:08+00:00
20260920T142128Z-gpu_h48,electricity_hourly,T134,chronos_bolt,tsfm,168,48,100003,455.82102457682294,572.4165403736635,0.33855952308994197,3.69284063763107,34.186346999831585,1.0751953125,,205292928,true,dcb2c10e4ac97b1d1289825869826fdec84593f7,3d233e3d1d9d3c6c,true,2026-09-20T14:29:08+00:00
20260920T142128Z-gpu_h48,electricity_hourly,T134,chronos_bolt,tsfm,168,48,100004,1259.8344217936199,1499.6741776200217,1.1272635333412946,11.52146443983208,33.77018599985604,1.0751953125,,205292928,true,dcb2c10e4ac97b1d1289825869826fdec84593f7,3d233e3d1d9d3c6c,true,2026-09-20T14:29:08+00:00
20260920T142128Z-gpu_h48,electricity_hourly,T134,chronos_bolt,tsfm,168,48,100005,894.0088094075521,1286.976585241948,0.9630976924866276,8.05240185608582,33.89667100009319,1.0751953125,,205292928,true,dcb2c10e4ac97b1d1289825869826fdec84593f7,3d233e3d1d9d3c6c,true,2026-09-20T14:29:08+00:00
20260920T142128Z-gpu_h48,electricity_hourly,T134,chronos_bolt,tsfm,168,48,100006,463.76804606119794,563.8359163058099,0.6724863165014803,4.92757724263684,33.32981199991991,1.0751953125,,205292928,true,dcb2c10e4ac97b1d1289825869826fdec84593f7,3d233e3d1d9d3c6c,true,2026-09-20T14:29:08+00:00
20260920T142128Z-gpu_h48,electricity_hourly,T134,chronos_bolt,tsfm,168,48,100007,393.15037027994794,463.0130360590738,0.6445234786802125,3.9461751270459997,33.015011999850685,1.0751953125,,205292928,true,dcb2c10e4ac97b1d1289825869826fdec84593f7,3d233e3d1d9d3c6c,true,2026-09-20T14:29:08+00:00
20260920T142128Z-gpu_h48,electricity_hourly,T134,chronos_bolt,tsfm,168,48,100008,451.69045003255206,546.2480894359949,0.5957012199572068,4.80301215786417,35.65236099984759,1.0751953125,,205292928,true,dcb2c10e4ac97b1d1289825869826fdec84593f7,3d233e3d1d9d3c6c,true,2026-09-20T14:29:08+00:00
20260920T142128Z-gpu_h48,electricity_hourly,T134,chronos_bolt,tsfm,168,48,100009,750.7551879882812,911.5496657732841,1.2610816553747652,7.472942504281825,35.886132000086945,1.0751953125,,205292928,true,dcb2c10e4ac97b1d1289825869826fdec84593f7,3d233e3d1d9d3c6c,true,2026-09-20T14:29:08+00:00
20260920T142128Z-gpu_h48,electricity_hourly,T134,chronos_bolt,tsfm,168,48,100010,294.54083251953125,367.8320315859424,0.4362356123588355,2.839727594235557,32.275566999942384,1.0751953125,,205292928,true,dcb2c10e4ac97b1d1289825869826fdec84593f7,3d233e3d1d9d3c6c,true,2026-09-20T14:29:08+00:00
20260920T142128Z-gpu_h48,electricity_hourly,T134,chronos_bolt,tsfm,168,48,100011,348.00364176432294,436.22608903309833,0.49301029469002716,3.8691263866041847,33.11298900007387,1.0751953125,,205292928,true,dcb2c10e4ac97b1d1289825869826fdec84593f7,3d233e3d1d9d3c6c,true,2026-09-20T14:29:08+00:00
20260920T142128Z-gpu_h48,electricity_hourly,T134,chronos_bolt,tsfm,168,48,100012,457.00893147786456,810.036455835958,0.600893782200463,4.369375425763736,34.81840199992803,1.0751953125,,205292928,true,dcb2c10e4ac97b1d1289825869826fdec84593f7,3d233e3d1d9d3c6c,true,2026-09-20T14:29:08+00:00
20260920T142128Z-gpu_h48,electricity_hourly,T134,chronos_bolt,tsfm,168,48,100013,719.6762084960938,812.9412789511192,0.9383001414551417,7.919397633902306,35.322044999702484,1.0751953125,,205292928,true,dcb2c10e4ac97b1d1289825869826fdec84593f7,3d233e3d1d9d3c6c,true,2026-09-20T14:29:08+00:00
20260920T142128Z-gpu_h48,electricity_hourly,T134,chronos_bolt,tsfm,168,48,100014,283.1188151041667,341.89288292320504,0.39702308349645044,2.8733525267917863,36.15873399985503,1.0751953125,,205292928,true,dcb2c10e4ac97b1d1289825869826fdec84593f7,3d233e3d1d9d3c6c,true,2026-09-20T14:29:08+00:00
20260920T142128Z-gpu_h48,electricity_hourly,T134,chronos_bolt,tsfm,168,48,100015,395.1228434244792,497.4856251818391,0.4749151916692403,3.9730741042280493,32.2284789999685,1.0751953125,,205292928,true,dcb2c10e4ac97b1d1289825869826fdec84593f7,3d233e3d1d9d3c6c,true,2026-09-20T14:29:08+00:00
20260920T142128Z-gpu_h48,electricity_hourly,T134,chronos_bolt,tsfm,168,48,100016,262.0694274902344,349.31146628149713,0.3682438457723261,2.8402974902851366,32.8108799999427,1.0751953125,,205292928,true,dcb2c10e4ac97b1d1289825869826fdec84593f7,3d233e3d1d9d3c6c,true,2026-09-20T14:29:08+00:00
20260920T142128Z-gpu_h48,electricity_hourly,T134,chronos_bolt,tsfm,168,48,100017,338.94968668619794,435.112535950733,0.4387855989321129,3.3528159355919094,32.68026500018095,1.0751953125,,205292928,true,dcb2c10e4ac97b1d1289825869826fdec84593f7,3d233e3d1d9d3c6c,true,2026-09-20T14:29:08+00:00
20260920T142128Z-gpu_h48,electricity_hourly,T134,chronos_bolt,tsfm,168,48,100018,558.7760620117188,717.0311423029514,0.7906742225270473,6.710024033557644,35.47422000019651,1.0751953125,,205292928,true,dcb2c10e4ac97b1d1289825869826fdec84593f7,3d233e3d1d9d3c6c,true,2026-09-20T14:29:08+00:00
20260920T142128Z-gpu_h48,electricity_hourly,T134,chronos_bolt,tsfm,168,48,100019,271.7561442057292,338.23101649761946,0.2813938847587152,2.8438404264989536,37.10876599961921,1.0751953125,,205292928,true,dcb2c10e4ac97b1d1289825869826fdec84593f7,3d233e3d1d9d3c6c,true,2026-09-20T14:29:08+00:00
20260920T142128Z-gpu_h48,electricity_hourly,T134,chronos_bolt,tsfm,168,48,100020,627.1885681152344,791.4432665443494,0.6692886855730147,7.381503272158279,35.40250400010336,1.0751953125,,205292928,true,dcb2c10e4ac97b1d1289825869826fdec84593f7,3d233e3d1d9d3c6c,true,2026-09-20T14:29:08+00:00
20260920T142128Z-gpu_h48,electricity_hourly,T134,chronos_bolt,tsfm,168,48,100021,619.2209269205729,773.3897625086082,0.36987888928483276,6.740583081428476,32.31839600039166,1.0751953125,,205292928,true,dcb2c10e4ac97b1d1289825869826fdec84593f7,3d233e3d1d9d3c6c,true,2026-09-20T14:29:08+00:00
20260920T142128Z-gpu_h48,electricity_hourly,T148,lstm,deep,168,48,110000,20.855999145453556,30.00300170987793,1.952707332214117,13.657544856545242,340.6202860001031,16.14599609375,0.3234612510000261,4513,false,dcb2c10e4ac97b1d1289825869826fdec84593f7,3d233e3d1d9d3c6c,true,2026-09-20T14:29:21+00:00
20260920T142128Z-gpu_h48,electricity_hourly,T148,lstm,deep,168,48,110001,28.4320720916692,36.189976416541874,3.3367712968218126,15.700444475770201,347.5965190000352,16.10986328125,0.33024746599994614,4513,false,dcb2c10e4ac97b1d1289825869826fdec84593f7,3d233e3d1d9d3c6c,true,2026-09-20T14:29:21+00:00
20260920T142128Z-gpu_h48,electricity_hourly,T148,lstm,deep,168,48,110002,8.966424849609476,11.119647632950597,1.1922116143525066,5.479648442030299,334.33607000006305,16.10986328125,0.3169897810003022,4513,false,dcb2c10e4ac97b1d1289825869826fdec84593f7,3d233e3d1d9d3c6c,true,2026-09-20T14:29:21+00:00
20260920T142128Z-gpu_h48,electricity_hourly,T148,lstm,deep,168,48,110003,10.26195973525452,14.017047302991225,1.720281957947207,6.139012932190751,347.3730829996384,16.10986328125,0.32911307900030806,4513,false,dcb2c10e4ac97b1d1289825869826fdec84593f7,3d233e3d1d9d3c6c,true,2026-09-20T14:29:21+00:00
20260920T142128Z-gpu_h48,electricity_hourly,T148,lstm,deep,168,48,110004,18.46099202192668,25.821983132757094,2.588493525956613,10.43050088734491,348.90128899996853,16.10986328125,0.3314323620002142,4513,false,dcb2c10e4ac97b1d1289825869826fdec84593f7,3d233e3d1d9d3c6c,true,2026-09-20T14:29:21+00:00
20260920T142128Z-gpu_h48,electricity_hourly,T148,lstm,deep,168,48,110005,14.77631396789105,21.22512120202998,2.2026803430396598,8.522466133331474,387.96235300014814,16.10986328125,0.36993619899976693,4513,false,dcb2c10e4ac97b1d1289825869826fdec84593f7,3d233e3d1d9d3c6c,true,2026-09-20T14:29:21+00:00
20260920T142128Z-gpu_h48,electricity_hourly,T148,lstm,deep,168,48,110006,9.541469153060818,13.534521996499764,1.3684975677696791,5.642823520987731,386.11340800025573,16.10986328125,0.36795823800002836,4513,false,dcb2c10e4ac97b1d1289825869826fdec84593f7,3d233e3d1d9d3c6c,true,2026-09-20T14:29:21+00:00
20260920T142128Z-gpu_h48,electricity_hourly,T148,lstm,deep,168,48,110007,25.522224671830205,33.23019608431359,4.253704111971701,14.478035475538123,351.4086440000028,16.10986328125,0.3341921910000565,4513,false,dcb2c10e4ac97b1d1289825869826fdec84593f7,3d233e3d1d9d3c6c,true,2026-09-20T14:29:21+00:00
20260920T142128Z-gpu_h48,electricity_hourly,T148,lstm,deep,168,48,110008,14.44495979889822,19.886963763049746,1.936754386444454,8.631797508929019,382.9506360002597,16.10986328125,0.3635885120002058,4513,false,dcb2c10e4ac97b1d1289825869826fdec84593f7,3d233e3d1d9d3c6c,true,2026-09-20T14:29:21+00:00
20260920T142128Z-gpu_h48,electricity_hourly,T148,lstm,deep,168,48,110009,17.84739084604568,24.714482998986423,2.3237109238974485,9.945767333459631,356.0627219999333,16.10986328125,0.3386733469997125,4513,false,dcb2c10e4ac97b1d1289825869826fdec84593f7,3d233e3d1d9d3c6c,true,2026-09-20T14:29:21+00:00
20260920T142128Z-gpu_h48,electricity_hourly,T148,lstm,deep,168,48,110010,18.551334344151282,27.172693814909902,3.1171436937663763,10.565758452450682,386.6095700000187,16.10986328125,0.36858581399974355,4513,false,dcb2c10e4ac97b1d1289825869826fdec84593f7,3d233e3d1d9d3c6c,true,2026-09-20T14:29:21+00:00
20260920T142128Z-gpu_h48,electricity_hourly,T148,lstm,deep,168,48,110011,20.74803013701273,25.072610633515907,2.4610513506835527,12.523621369310248,355.6304150001779,16.10986328125,0.3384746499996254,4513,false,dcb2c10e4ac97b1d1289825869826fdec84593f7,3d233e3d1d9d3c6c,true,2026-09-20T14:29:21+00:00
20260920T142128Z-gpu_h48,electricity_hourly,T148,lstm,deep,168,48,110012,13.901257585721728,19.847900704082484,1.7636837818008184,8.364453753056694,332.1903870000824,16.10986328125,0.3150311240001429,4513,false,dcb2c10e4ac97b1d1289825869826fdec84593f7,3d233e3d1d9d3c6c,true,2026-09-20T14:29:21+00:00
20260920T142128Z-gpu_h48,electricity_hourly,T148,lstm,deep,168,48,110013,24.865112563068298,32.602492526405406,3.1799078233408835,15.248849368723095,337.46109599997,16.10986328125,0.3202683330000582,4513,false,dcb2c10e4ac97b1d1289825869826fdec84593f7,3d233e3d1d9d3c6c,true,2026-09-20T14:29:21+00:00
20260920T142128Z-gpu_h48,electricity_hourly,T148,lstm,deep,168,48,110014,12.14302587827624,16.86287921631259,1.4644855330584412,6.848375207455125,359.96081500024957,16.10986328125,0.34223172800011525,4513,false,dcb2c10e4ac97b1d1289825869826fdec84593f7,3d233e3d1d9d3c6c,true,2026-09-20T14:29:21+00:00
20260920T142128Z-gpu_h48,electricity_hourly,T148,lstm,deep,168,48,110015,32.037838642690296,41.61450901183145,3.5244070011821256,18.450906740860532,353.2886799998778,16.10986328125,0.3357233249998899,4513,false,dcb2c10e4ac97b1d1289825869826fdec84593f7,3d233e3d1d9d3c6c,true,2026-09-20T14:29:21+00:00
20260920T142128Z-gpu_h48,electricity_hourly,T148,lstm,deep,168,48,110016,6.329137353423604,8.415843259726683,0.842325119124768,4.243067677380164,373.4960429997045,16.10986328125,0.35619461200030855,4513,false,dcb2c10e4ac97b1d1289825869826fdec84593f7,3d233e3d1d9d3c6c,true,2026-09-20T14:29:21+00:00
20260920T142128Z-gpu_h48,electricity_hourly,T148,lstm,deep,168,48,110017,10.095728147836267,12.709599891694328,1.2064604591605166,6.602555042355483,351.685290000205,16.10986328125,0.3342051240001638,4513,false,dcb2c10e4ac97b1d1289825869826fdec84593f7,3d233e3d1d9d3c6c,true,2026-09-20T14:29:21+00:00
20260920T142128Z-gpu_h48,electricity_hourly,T148,lstm,deep,168,48,110018,11.633498069690845,16.849680290789625,1.6092446897555057,7.852482584379421,352.819393000118,16.10986328125,0.33451354999988325,4513,false,dcb2c10e4ac97b1d1289825869826fdec84593f7,3d233e3d1d9d3c6c,true,2026-09-20T14:29:21+00:00
20260920T142128Z-gpu_h48,electricity_hourly,T148,lstm,deep,168,48,110019,24.867683792747783,33.89142861185824,2.155897932664468,18.975179761170345,356.4541010000539,16.10986328125,0.3394800959999884,4513,false,dcb2c10e4ac97b1d1289825869826fdec84593f7,3d233e3d1d9d3c6c,true,2026-09-20T14:29:21+00:00
20260920T142128Z-gpu_h48,electricity_hourly,T148,lstm,deep,168,48,110020,9.403405982718708,12.105929874920944,1.2243132563395063,6.855316469194893,353.49548300018796,16.10986328125,0.3357281349999539,4513,false,dcb2c10e4ac97b1d1289825869826fdec84593f7,3d233e3d1d9d3c6c,true,2026-09-20T14:29:21+00:00
20260920T142128Z-gpu_h48,electricity_hourly,T148,lstm,deep,168,48,110021,18.236210316037162,26.022414284284025,0.8067632213546394,13.293667898585337,342.2801009996874,16.10986328125,0.32477814899993973,4513,false,dcb2c10e4ac97b1d1289825869826fdec84593f7,3d233e3d1d9d3c6c,true,2026-09-20T14:29:21+00:00
20260920T142128Z-gpu_h48,electricity_hourly,T148,transformer,deep,168,48,110000,8.274445269628698,10.770980343757177,0.7747204933852617,5.33914058489895,586.3351419998253,10.6845703125,0.5842388260002735,19232,false,dcb2c10e4ac97b1d1289825869826fdec84593f7,3d233e3d1d9d3c6c,true,2026-09-20T14:29:38+00:00
20260920T142128Z-gpu_h48,electricity_hourly,T148,transformer,deep,168,48,110001,23.76825064266791,27.134189106172638,2.7894279482837643,13.65176338096842,629.1262439999628,10.525390625,0.6271897960000388,19232,false,dcb2c10e4ac97b1d1289825869826fdec84593f7,3d233e3d1d9d3c6c,true,2026-09-20T14:29:38+00:00
20260920T142128Z-gpu_h48,electricity_hourly,T148,transformer,deep,168,48,110002,11.498668007335544,14.946026180771154,1.5289087655182996,7.0742715338837305,596.6647989998819,10.525390625,0.594525429999976,19232,false,dcb2c10e4ac97b1d1289825869826fdec84593f7,3d233e3d1d9d3c6c,true,2026-09-20T14:29:38+00:00
20260920T142128Z-gpu_h48,electricity_hourly,T148,transformer,deep,168,48,110003,9.62169614695466,11.995130091585871,1.6129502271961247,5.844852619184745,652.3253860000295,10.525390625,0.650180674999774,19232,false,dcb2c10e4ac97b1d1289825869826fdec84593f7,3d233e3d1d9d3c6c,true,2026-09-20T14:29:38+00:00
20260920T142128Z-gpu_h48,electricity_hourly,T148,transformer,deep,168,48,110004,10.510722809745316,13.824450938596105,1.4737527600811349,6.10305254603958,599.2516559999785,10.525390625,0.5972901529999035,19232,false,dcb2c10e4ac97b1d1289825869826fdec84593f7,3d233e3d1d9d3c6c,true,2026-09-20T14:29:38+00:00
20260920T142128Z-gpu_h48,electricity_hourly,T148,transformer,deep,168,48,110005,16.41447531675606,21.18604599654987,2.44687830808786,10.081819699257395,582.3770000001787,10.525390625,0.580412430999786,19232,false,dcb2c10e4ac97b1d1289825869826fdec84593f7,3d233e3d1d9d3c6c,true,2026-09-20T14:29:38+00:00
20260920T142128Z-gpu_h48,electricity_hourly,T148,transformer,deep,168,48,110006,8.757301796872829,11.759281115704564,1.2560273493522782,4.943294935323569,585.0113510000483,10.525390625,0.582934638000097,19232,false,dcb2c10e4ac97b1d1289825869826fdec84593f7,3d233e3d1d9d3c6c,true,2026-09-20T14:29:38+00:00
20260920T142128Z-gpu_h48,electricity_hourly,T148,transformer,deep,168,48,110007,14.941306069406641,18.781693047174873,2.49021767823444,8.314174958056512,600.5638010001348,10.525390625,0.5985894149998785,19232,false,dcb2c10e4ac97b1d1289825869826fdec84593f7,3d233e3d1d9d3c6c,true,2026-09-20T14:29:38+00:00
20260920T142128Z-gpu_h48,electricity_hourly,T148,transformer,deep,168,48,110008,10.565758145121972,14.586480629599109,1.4166379635917727,6.2419590026953795,577.0704390001811,10.525390625,0.574968280000121,19232,false,dcb2c10e4ac97b1d1289825869826fdec84593f7,3d233e3d1d9d3c6c,true,2026-09-20T14:29:38+00:00
20260920T142128Z-gpu_h48,electricity_hourly,T148,transformer,deep,168,48,110009,14.628859072814054,18.427750790730045,1.904661579100564,8.061940875123451,585.0495630002115,10.525390625,0.5830429440002263,19232,false,dcb2c10e4ac97b1d1289825869826fdec84593f7,3d233e3d1d9d3c6c,true,2026-09-20T14:29:38+00:00
20260920T142128Z-gpu_h48,electricity_hourly,T148,transformer,deep,168,48,110010,8.780744073442621,11.233618324393703,1.475410906156053,4.798477289364145,581.6363020003337,10.525390625,0.5797113470002841,19232,false,dcb2c10e4ac97b1d1289825869826fdec84593f7,3d233e3d1d9d3c6c,true,2026-09-20T14:29:38+00:00
20260920T142128Z-gpu_h48,electricity_hourly,T148,transformer,deep,168,48,110011,15.499839451629143,20.28585494020066,1.8385312034881356,9.380359145456262,588.9699910003401,10.525390625,0.58695091699974,19232,false,dcb2c10e4ac97b1d1289825869826fdec84593f7,3d233e3d1d9d3c6c,true,2026-09-20T14:29:38+00:00
20260920T142128Z-gpu_h48,electricity_hourly,T148,transformer,deep,168,48,110012,12.641017199610294,16.336985317351854,1.6037942526377817,7.626799199860463,575.1894129998618,10.525390625,0.5732113770000069,19232,false,dcb2c10e4ac97b1d1289825869826fdec84593f7,3d233e3d1d9d3c6c,true,2026-09-20T14:29:38+00:00
20260920T142128Z-gpu_h48,electricity_hourly,T148,transformer,deep,168,48,110013,13.808464873541205,16.427349531712498,1.7659138026553582,8.549189721577887,590.35985599985,10.525390625,0.5882574659999591,19232,false,dcb2c10e4ac97b1d1289825869826fdec84593f7,3d233e3d1d9d3c6c,true,2026-09-20T14:29:38+00:00
20260920T142128Z-gpu_h48,electricity_hourly,T148,transformer,deep,168,48,110014,10.802140647503244,13.925189564544706,1.3027707313571752,6.273441707118112,583.1768319999355,10.525390625,0.5812238749999779,19232,false,dcb2c10e4ac97b1d1289825869826fdec84593f7,3d233e3d1d9d3c6c,true,2026-09-20T14:29:38+00:00
20260920T142128Z-gpu_h48,electricity_hourly,T148,transformer,deep,168,48,110015,11.109335297130643,14.225783772517664,1.2221117515560065,6.706594300226697,579.8145009998734,10.525390625,0.577726752000217,19232,false,dcb2c10e4ac97b1d1289825869826fdec84593f7,3d233e3d1d9d3c6c,true,2026-09-20T14:29:38+00:00
20260920T142128Z-gpu_h48,electricity_hourly,T148,transformer,deep,168,48,110016,9.717146183389357,12.122103772916056,1.2932246306913746,6.7653058811065865,594.0696550001121,10.525390625,0.5920171650000157,19232,false,dcb2c10e4ac97b1d1289825869826fdec84593f7,3d233e3d1d9d3c6c,true,2026-09-20T14:29:38+00:00
20260920T142128Z-gpu_h48,electricity_hourly,T148,transformer,deep,168,48,110017,10.09353047717556,11.984567377202472,1.2061978329570795,6.590948470708015,585.7828220000556,10.525390625,0.5838294939999287,19232,false,dcb2c10e4ac97b1d1289825869826fdec84593f7,3d233e3d1d9d3c6c,true,2026-09-20T14:29:38+00:00
20260920T142128Z-gpu_h48,electricity_hourly,T148,transformer,deep,168,48,110018,10.158284745383485,12.2759138761973,1.4051805987850352,6.642970268467789,586.994101000073,10.525390625,0.5847007889997258,19232,false,dcb2c10e4ac97b1d1289825869826fdec84593f7,3d233e3d1d9d3c6c,true,2026-09-20T14:29:38+00:00
20260920T142128Z-gpu_h48,electricity_hourly,T148,transformer,deep,168,48,110019,11.146437123643468,13.917229126005354,0.9663377157162308,9.167371699926086,573.3953429999019,10.525390625,0.5713010529998428,19232,false,dcb2c10e4ac97b1d1289825869826fdec84593f7,3d233e3d1d9d3c6c,true,2026-09-20T14:29:38+00:00
20260920T142128Z-gpu_h48,electricity_hourly,T148,transformer,deep,168,48,110020,8.140474120058089,10.452951348696363,1.0598808980907457,5.889422182897924,586.0242640001161,10.525390625,0.5839646139997967,19232,false,dcb2c10e4ac97b1d1289825869826fdec84593f7,3d233e3d1d9d3c6c,true,2026-09-20T14:29:38+00:00
20260920T142128Z-gpu_h48,electricity_hourly,T148,transformer,deep,168,48,110021,19.354365889063047,24.513734954620954,0.8562300116820518,13.226860240483898,575.5639220001285,10.525390625,0.5735966699999153,19232,false,dcb2c10e4ac97b1d1289825869826fdec84593f7,3d233e3d1d9d3c6c,true,2026-09-20T14:29:38+00:00
20260920T142128Z-gpu_h48,electricity_hourly,T148,timesfm25,tsfm,168,48,110000,7.145488421122233,8.68164014527744,0.6690184217435641,4.7410489110640155,115.50486400028603,11.94287109375,,231289280,true,dcb2c10e4ac97b1d1289825869826fdec84593f7,3d233e3d1d9d3c6c,true,2026-09-20T14:29:45+00:00
20260920T142128Z-gpu_h48,electricity_hourly,T148,timesfm25,tsfm,168,48,110001,16.164519151051838,17.375324552581443,1.8970584822750323,9.221095797603319,125.59487199996511,11.94287109375,,231289280,true,dcb2c10e4ac97b1d1289825869826fdec84593f7,3d233e3d1d9d3c6c,true,2026-09-20T14:29:45+00:00
20260920T142128Z-gpu_h48,electricity_hourly,T148,timesfm25,tsfm,168,48,110002,8.248692830403646,10.13995584067565,1.096779102103532,5.017233567481743,120.57071199978964,11.94287109375,,231289280,true,dcb2c10e4ac97b1d1289825869826fdec84593f7,3d233e3d1d9d3c6c,true,2026-09-20T14:29:45+00:00
20260920T142128Z-gpu_h48,electricity_hourly,T148,timesfm25,tsfm,168,48,110003,5.270877520243327,6.434866472615936,0.8835929719616288,2.9725306792538504,119.46199700014404,11.94287109375,,231289280,true,dcb2c10e4ac97b1d1289825869826fdec84593f7,3d233e3d1d9d3c6c,true,2026-09-20T14:29:45+00:00
20260920T142128Z-gpu_h48,electricity_hourly,T148,timesfm25,tsfm,168,48,110004,5.436948935190837,6.834253416020713,0.7623375332692117,2.9134684408518683,118.12273500027004,11.94287109375,,231289280,true,dcb2c10e4ac97b1d1289825869826fdec84593f7,3d233e3d1d9d3c6c,true,2026-09-20T14:29:45+00:00
20260920T142128Z-gpu_h48,electricity_hourly,T148,timesfm25,tsfm,168,48,110005,7.9704922040303545,14.013512263252116,1.1881479061908604,4.569350335125295,114.43663899990497,11.94287109375,,231289280,true,dcb2c10e4ac97b1d1289825869826fdec84593f7,3d233e3d1d9d3c6c,true,2026-09-20T14:29:45+00:00
20260920T142128Z-gpu_h48,electricity_hourly,T148,timesfm25,tsfm,168,48,110006,5.337471644083659,6.798721259630414,0.7655337816215607,2.913397527950083,121.04354399980366,11.94287109375,,231289280,true,dcb2c10e4ac97b1d1289825869826fdec84593f7,3d233e3d1d9d3c6c,true,2026-09-20T14:29:45+00:00
20260920T142128Z-gpu_h48,electricity_hourly,T148,timesfm25,tsfm,168,48,110007,6.371540228525798,8.460071340126722,1.0619233714209664,3.3054919421715323,113.45152100011546,11.94287109375,,231289280,true,dcb2c10e4ac97b1d1289825869826fdec84593f7,3d233e3d1d9d3c6c,true,2026-09-20T14:29:45+00:00
20260920T142128Z-gpu_h48,electricity_hourly,T148,timesfm25,tsfm,168,48,110008,4.734392007191976,6.101107742871857,0.6347788166067454,2.7436239716128363,119.38934299996617,11.94287109375,,231289280,true,dcb2c10e4ac97b1d1289825869826fdec84593f7,3d233e3d1d9d3c6c,true,2026-09-20T14:29:45+00:00
20260920T142128Z-gpu_h48,electricity_hourly,T148,timesfm25,tsfm,168,48,110009,5.849157810211182,8.196407750096267,0.7615540006061575,3.115391076832641,118.86252400017838,11.94287109375,,231289280,true,dcb2c10e4ac97b1d1289825869826fdec84593f7,3d233e3d1d9d3c6c,true,2026-09-20T14:29:45+00:00
20260920T142128Z-gpu_h48,electricity_hourly,T148,timesfm25,tsfm,168,48,110010,5.112144311269124,6.234484970633825,0.8589834081945785,2.7766920367844743,119.55562000002828,11.94287109375,,231289280,true,dcb2c10e4ac97b1d1289825869826fdec84593f7,3d233e3d1d9d3c6c,true,2026-09-20T14:29:45+00:00
20260920T142128Z-gpu_h48,electricity_hourly,T148,timesfm25,tsfm,168,48,110011,12.762812296549479,15.262282264363948,1.5138755936599053,8.070129315490128,131.28078799991272,11.94287109375,,231289280,true,dcb2c10e4ac97b1d1289825869826fdec84593f7,3d233e3d1d9d3c6c,true,2026-09-20T14:29:45+00:00
20260920T142128Z-gpu_h48,electricity_hourly,T148,timesfm25,tsfm,168,48,110012,6.4823540051778155,8.080400938308884,0.8224308165159518,3.749751514116112,122.99003099997208,11.94287109375,,231289280,true,dcb2c10e4ac97b1d1289825869826fdec84593f7,3d233e3d1d9d3c6c,true,2026-09-20T14:29:45+00:00
20260920T142128Z-gpu_h48,electricity_hourly,T148,timesfm25,tsfm,168,48,110013,9.472343921661377,11.111268451761958,1.2113832368732134,5.851341382158445,116.38609900001029,11.94287109375,,231289280,true,dcb2c10e4ac97b1d1289825869826fdec84593f7,3d233e3d1d9d3c6c,true,2026-09-20T14:29:45+00:00
20260920T142128Z-gpu_h48,electricity_hourly,T148,timesfm25,tsfm,168,48,110014,14.28093926111857,17.022565717777553,1.7223243329992246,7.852686885033093,118.75761400006013,11.94287109375,,231289280,true,dcb2c10e4ac97b1d1289825869826fdec84593f7,3d233e3d1d9d3c6c,true,2026-09-20T14:29:45+00:00
20260920T142128Z-gpu_h48,electricity_hourly,T148,timesfm25,tsfm,168,48,110015,8.344053904215494,10.172729842811242,0.9179096731910092,4.498031161473585,119.00332100003652,11.94287109375,,231289280,true,dcb2c10e4ac97b1d1289825869826fdec84593f7,3d233e3d1d9d3c6c,true,2026-09-20T14:29:45+00:00
20260920T142128Z-gpu_h48,electricity_hourly,T148,timesfm25,tsfm,168,48,110016,5.21821403503418,6.8213615090040625,0.6944758050322752,3.2283774951588775,115.8326049999232,11.94287109375,,231289280,true,dcb2c10e4ac97b1d1289825869826fdec84593f7,3d233e3d1d9d3c6c,true,2026-09-20T14:29:45+00:00
20260920T142128Z-gpu_h48,electricity_hourly,T148,timesfm25,tsfm,168,48,110017,7.1509108543396,9.538098196537037,0.8545486830082177,4.262206814759372,119.60217100022419,11.94287109375,,231289280,true,dcb2c10e4ac97b1d1289825869826fdec84593f7,3d233e3d1d9d3c6c,true,2026-09-20T14:29:45+00:00
20260920T142128Z-gpu_h48,electricity_hourly,T148,timesfm25,tsfm,168,48,110018,5.417551199595134,6.936648331707186,0.74940189504486,3.371197618070016,122.47359899993171,11.94287109375,,231289280,true,dcb2c10e4ac97b1d1289825869826fdec84593f7,3d233e3d1d9d3c6c,true,2026-09-20T14:29:45+00:00
20260920T142128Z-gpu_h48,electricity_hourly,T148,timesfm25,tsfm,168,48,110019,11.445732275644938,14.595838586843504,0.9922850377440524,9.575515514083053,123.4360349999406,11.94287109375,,231289280,true,dcb2c10e4ac97b1d1289825869826fdec84593f7,3d233e3d1d9d3c6c,true,2026-09-20T14:29:45+00:00
20260920T142128Z-gpu_h48,electricity_hourly,T148,timesfm25,tsfm,168,48,110020,4.915852069854736,6.556578169702903,0.640038605840038,3.3491012528365025,116.77506900014123,11.94287109375,,231289280,true,dcb2c10e4ac97b1d1289825869826fdec84593f7,3d233e3d1d9d3c6c,true,2026-09-20T14:29:45+00:00
20260920T142128Z-gpu_h48,electricity_hourly,T148,timesfm25,tsfm,168,48,110021,9.109784444173178,11.551921943219217,0.4030135053643433,6.089489175743107,119.80463600002622,11.94287109375,,231289280,true,dcb2c10e4ac97b1d1289825869826fdec84593f7,3d233e3d1d9d3c6c,true,2026-09-20T14:29:45+00:00
20260920T142128Z-gpu_h48,electricity_hourly,T148,chronos_bolt,tsfm,168,48,110000,6.852116743723552,8.253504597138589,0.6415505923902415,4.252646810913165,31.42692400024316,1.0751953125,,205292928,true,dcb2c10e4ac97b1d1289825869826fdec84593f7,3d233e3d1d9d3c6c,true,2026-09-20T14:29:50+00:00
20260920T142128Z-gpu_h48,electricity_hourly,T148,chronos_bolt,tsfm,168,48,110001,13.258144696553549,14.42490043803191,1.5559680817471155,7.63680785582249,32.30177600016759,1.0751953125,,205292928,true,dcb2c10e4ac97b1d1289825869826fdec84593f7,3d233e3d1d9d3c6c,true,2026-09-20T14:29:50+00:00
20260920T142128Z-gpu_h48,electricity_hourly,T148,chronos_bolt,tsfm,168,48,110002,8.598103841145834,10.152037588903072,1.143238183864266,5.175144557761855,31.275664999611763,1.0751953125,,205292928,true,dcb2c10e4ac97b1d1289825869826fdec84593f7,3d233e3d1d9d3c6c,true,2026-09-20T14:29:50+00:00
20260920T142128Z-gpu_h48,electricity_hourly,T148,chronos_bolt,tsfm,168,48,110003,5.640827655792236,6.884315706767067,0.9456102240210501,3.1716299444297524,34.195156000350835,1.0751953125,,205292928,true,dcb2c10e4ac97b1d1289825869826fdec84593f7,3d233e3d1d9d3c6c,true,2026-09-20T14:29:50+00:00
20260920T142128Z-gpu_h48,electricity_hourly,T148,chronos_bolt,tsfm,168,48,110004,5.2929887771606445,6.658631425136024,0.7421522725522228,2.733849998001772,32.786520999707136,1.0751953125,,205292928,true,dcb2c10e4ac97b1d1289825869826fdec84593f7,3d233e3d1d9d3c6c,true,2026-09-20T14:29:50+00:00
20260920T142128Z-gpu_h48,electricity_hourly,T148,chronos_bolt,tsfm,168,48,110005,7.433194001515706,13.529283881498452,1.108053764201099,4.220139757688022,33.73371900033817,1.0751953125,,205292928,true,dcb2c10e4ac97b1d1289825869826fdec84593f7,3d233e3d1d9d3c6c,true,2026-09-20T14:29:50+00:00
20260920T142128Z-gpu_h48,electricity_hourly,T148,chronos_bolt,tsfm,168,48,110006,5.21445353825887,6.967962904572808,0.7478897505072483,2.800189375727484,32.16208200001347,1.0751953125,,205292928,true,dcb2c10e4ac97b1d1289825869826fdec84593f7,3d233e3d1d9d3c6c,true,2026-09-20T14:29:50+00:00
20260920T142128Z-gpu_h48,electricity_hourly,T148,chronos_bolt,tsfm,168,48,110007,6.53933048248291,8.571489627836192,1.0898884137471516,3.4596702535573733,32.680670999980066,1.0751953125,,205292928,true,dcb2c10e4ac97b1d1289825869826fdec84593f7,3d233e3d1d9d3c6c,true,2026-09-20T14:29:50+00:00
20260920T142128Z-gpu_h48,electricity_hourly,T148,chronos_bolt,tsfm,168,48,110008,5.327847003936768,6.617746070908285,0.7143482016451532,3.136085150881663,33.13221700000213,1.0751953125,,205292928,true,dcb2c10e4ac97b1d1289825869826fdec84593f7,3d233e3d1d9d3c6c,true,2026-09-20T14:29:50+00:00
20260920T142128Z-gpu_h48,electricity_hourly,T148,chronos_bolt,tsfm,168,48,110009,5.845393975575765,8.207904532665886,0.7610639534203527,3.0454274331708664,36.451358000249456,1.0751953125,,205292928,true,dcb2c10e4ac97b1d1289825869826fdec84593f7,3d233e3d1d9d3c6c,true,2026-09-20T14:29:50+00:00
20260920T142128Z-gpu_h48,electricity_hourly,T148,chronos_bolt,tsfm,168,48,110010,5.5323561032613116,6.853414390647863,0.9295907571407571,2.8615906246296263,37.319839999781834,1.0751953125,,205292928,true,dcb2c10e4ac97b1d1289825869826fdec84593f7,3d233e3d1d9d3c6c,true,2026-09-20T14:29:50+00:00
20260920T142128Z-gpu_h48,electricity_hourly,T148,chronos_bolt,tsfm,168,48,110011,12.649666786193848,15.207308832100853,1.5004547094002587,8.002441940275759,32.22232799998892,1.0751953125,,205292928,true,dcb2c10e4ac97b1d1289825869826fdec84593f7,3d233e3d1d9d3c6c,true,2026-09-20T14:29:50+00:00
20260920T142128Z-gpu_h48,electricity_hourly,T148,chronos_bolt,tsfm,168,48,110012,6.699653307596843,8.162629440033799,0.8500000672193351,3.9063146330183423,34.79083599995647,1.0751953125,,205292928,true,dcb2c10e4ac97b1d1289825869826fdec84593f7,3d233e3d1d9d3c6c,true,2026-09-20T14:29:50+00:00
20260920T142128Z-gpu_h48,electricity_hourly,T148,chronos_bolt,tsfm,168,48,110013,8.562301794687906,10.082278937070852,1.0950012952353982,5.210941103002343,33.79670200001783,1.0751953125,,205292928,true,dcb2c10e4ac97b1d1289825869826fdec84593f7,3d233e3d1d9d3c6c,true,2026-09-20T14:29:50+00:00
20260920T142128Z-gpu_h48,electricity_hourly,T148,chronos_bolt,tsfm,168,48,110014,10.03803809483846,12.761053187326116,1.2106176596790104,5.475848555327278,33.17863699976442,1.0751953125,,205292928,true,dcb2c10e4ac97b1d1289825869826fdec84593f7,3d233e3d1d9d3c6c,true,2026-09-20T14:29:50+00:00
20260920T142128Z-gpu_h48,electricity_hourly,T148,chronos_bolt,tsfm,168,48,110015,7.444576899210612,9.59557500540989,0.8189603311583866,3.9318160781816665,35.76424599987149,1.0751953125,,205292928,true,dcb2c10e4ac97b1d1289825869826fdec84593f7,3d233e3d1d9d3c6c,true,2026-09-20T14:29:50+00:00
20260920T142128Z-gpu_h48,electricity_hourly,T148,chronos_bolt,tsfm,168,48,110016,5.368816216786702,6.9289349270409195,0.7145189789438864,3.3593856450967525,34.418598000229395,1.0751953125,,205292928,true,dcb2c10e4ac97b1d1289825869826fdec84593f7,3d233e3d1d9d3c6c,true,2026-09-20T14:29:50+00:00
20260920T142128Z-gpu_h48,electricity_hourly,T148,chronos_bolt,tsfm,168,48,110017,7.1841193834940595,9.779221645737994,0.8585171711395391,4.264209755601624,33.773104999909265,1.0751953125,,205292928,true,dcb2c10e4ac97b1d1289825869826fdec84593f7,3d233e3d1d9d3c6c,true,2026-09-20T14:29:50+00:00
20260920T142128Z-gpu_h48,electricity_hourly,T148,chronos_bolt,tsfm,168,48,110018,5.812410990397136,7.611682584811454,0.8040222695650217,3.683866036448782,33.69339000028049,1.0751953125,,205292928,true,dcb2c10e4ac97b1d1289825869826fdec84593f7,3d233e3d1d9d3c6c,true,2026-09-20T14:29:50+00:00
20260920T142128Z-gpu_h48,electricity_hourly,T148,chronos_bolt,tsfm,168,48,110019,8.672085762023926,11.073197416954136,0.7518244128425319,6.986489747195115,32.79380999993009,1.0751953125,,205292928,true,dcb2c10e4ac97b1d1289825869826fdec84593f7,3d233e3d1d9d3c6c,true,2026-09-20T14:29:50+00:00
20260920T142128Z-gpu_h48,electricity_hourly,T148,chronos_bolt,tsfm,168,48,110020,5.127615928649902,6.497052312679966,0.6676100304932965,3.5700988334629127,35.26808300011908,1.0751953125,,205292928,true,dcb2c10e4ac97b1d1289825869826fdec84593f7,3d233e3d1d9d3c6c,true,2026-09-20T14:29:50+00:00
20260920T142128Z-gpu_h48,electricity_hourly,T148,chronos_bolt,tsfm,168,48,110021,6.536697705586751,8.305312626686375,0.28918109665268577,4.610313569597806,32.54714300010164,1.0751953125,,205292928,true,dcb2c10e4ac97b1d1289825869826fdec84593f7,3d233e3d1d9d3c6c,true,2026-09-20T14:29:50+00:00
20260920T142128Z-gpu_h48,electricity_hourly,T161,lstm,deep,168,48,120000,96.25565752857976,113.08681869571616,1.5988942997018671,9.013065786284125,374.90962199990463,16.14599609375,0.3562844539997059,4513,false,dcb2c10e4ac97b1d1289825869826fdec84593f7,3d233e3d1d9d3c6c,true,2026-09-20T14:30:02+00:00
20260920T142128Z-gpu_h48,electricity_hourly,T161,lstm,deep,168,48,120001,333.4948272985756,448.6365655833281,5.54413012364291,24.93440578940742,351.1324080000122,16.10986328125,0.3329276750000645,4513,false,dcb2c10e4ac97b1d1289825869826fdec84593f7,3d233e3d1d9d3c6c,true,2026-09-20T14:30:02+00:00
20260920T142128Z-gpu_h48,electricity_hourly,T161,lstm,deep,168,48,120002,166.83957256974887,203.7468699232068,1.760839816039566,13.619713247292323,379.74200299959193,16.10986328125,0.36027104699996926,4513,false,dcb2c10e4ac97b1d1289825869826fdec84593f7,3d233e3d1d9d3c6c,true,2026-09-20T14:30:02+00:00
20260920T142128Z-gpu_h48,electricity_hourly,T161,lstm,deep,168,48,120003,119.57561515809407,158.64667328373275,1.7359500537116188,9.393913063783828,369.17343899995103,16.10986328125,0.35134211200011123,4513,false,dcb2c10e4ac97b1d1289825869826fdec84593f7,3d233e3d1d9d3c6c,true,2026-09-20T14:30:02+00:00
20260920T142128Z-gpu_h48,electricity_hourly,T161,lstm,deep,168,48,120004,120.30042211579381,161.40003128948513,1.5074191424185788,9.160173997445035,337.70520200005194,16.10986328125,0.3178978420000931,4513,false,dcb2c10e4ac97b1d1289825869826fdec84593f7,3d233e3d1d9d3c6c,true,2026-09-20T14:30:02+00:00
20260920T142128Z-gpu_h48,electricity_hourly,T161,lstm,deep,168,48,120005,111.78414127736748,144.35393153027098,1.5207289885631476,9.285629771114783,334.5775259999755,16.10986328125,0.3161584900003618,4513,false,dcb2c10e4ac97b1d1289825869826fdec84593f7,3d233e3d1d9d3c6c,true,2026-09-20T14:30:02+00:00
20260920T142128Z-gpu_h48,electricity_hourly,T161,lstm,deep,168,48,120006,406.5366314795124,479.5416098786105,3.8529205563413047,30.227870067929935,341.19520400008696,16.10986328125,0.3232872930002486,4513,false,dcb2c10e4ac97b1d1289825869826fdec84593f7,3d233e3d1d9d3c6c,true,2026-09-20T14:30:02+00:00
20260920T142128Z-gpu_h48,electricity_hourly,T161,lstm,deep,168,48,120007,194.6930543023138,247.2657299784181,2.4254520131095414,14.847784894785523,379.8870119999265,16.10986328125,0.36111934400014434,4513,false,dcb2c10e4ac97b1d1289825869826fdec84593f7,3d233e3d1d9d3c6c,true,2026-09-20T14:30:02+00:00
20260920T142128Z-gpu_h48,electricity_hourly,T161,lstm,deep,168,48,120008,152.6570873498716,200.70570055812976,1.9110336936783023,13.375618446646056,355.89151899966964,16.10986328125,0.33810269899959167,4513,false,dcb2c10e4ac97b1d1289825869826fdec84593f7,3d233e3d1d9d3c6c,true,2026-09-20T14:30:02+00:00
20260920T142128Z-gpu_h48,electricity_hourly,T161,lstm,deep,168,48,120009,461.03506389842545,516.3058734616486,5.27148238854798,33.42064844629236,348.32334400016407,16.10986328125,0.3311120070002289,4513,false,dcb2c10e4ac97b1d1289825869826fdec84593f7,3d233e3d1d9d3c6c,true,2026-09-20T14:30:02+00:00
20260920T142128Z-gpu_h48,electricity_hourly,T161,lstm,deep,168,48,120010,329.799665318678,374.20848897630043,2.5381407624333083,26.343670936057677,347.992387999966,16.10986328125,0.3295723920000455,4513,false,dcb2c10e4ac97b1d1289825869826fdec84593f7,3d233e3d1d9d3c6c,true,2026-09-20T14:30:02+00:00
20260920T142128Z-gpu_h48,electricity_hourly,T161,lstm,deep,168,48,120011,238.20091058599107,288.6070545085169,2.019008247947655,19.771164823141476,350.13805900007355,16.10986328125,0.33063322899988634,4513,false,dcb2c10e4ac97b1d1289825869826fdec84593f7,3d233e3d1d9d3c6c,true,2026-09-20T14:30:02+00:00
20260920T142128Z-gpu_h48,electricity_hourly,T161,lstm,deep,168,48,120012,148.40475721835654,199.88628685684625,2.8263834201088933,13.981230278132204,334.16878599973643,16.10986328125,0.3167161000001215,4513,false,dcb2c10e4ac97b1d1289825869826fdec84593f7,3d233e3d1d9d3c6c,true,2026-09-20T14:30:02+00:00
20260920T142128Z-gpu_h48,electricity_hourly,T161,lstm,deep,168,48,120013,348.75893073082915,423.4865943899771,4.145722802149529,30.631630297300944,349.1131129999303,16.10986328125,0.3312973500001135,4513,false,dcb2c10e4ac97b1d1289825869826fdec84593f7,3d233e3d1d9d3c6c,true,2026-09-20T14:30:02+00:00
20260920T142128Z-gpu_h48,electricity_hourly,T161,lstm,deep,168,48,120014,128.2684416342348,149.5152152185666,1.7937899966329816,10.606971927930603,346.85615999978836,16.10986328125,0.3291389060000256,4513,false,dcb2c10e4ac97b1d1289825869826fdec84593f7,3d233e3d1d9d3c6c,true,2026-09-20T14:30:02+00:00
20260920T142128Z-gpu_h48,electricity_hourly,T161,lstm,deep,168,48,120015,57.41676024328901,72.58559943248319,0.7749567414971992,4.819978110959414,352.5960820002183,16.10986328125,0.3350753960003203,4513,false,dcb2c10e4ac97b1d1289825869826fdec84593f7,3d233e3d1d9d3c6c,true,2026-09-20T14:30:02+00:00
20260920T142128Z-gpu_h48,electricity_hourly,T161,lstm,deep,168,48,120016,195.5744185340925,253.75470319722248,2.8585785900232765,20.587730625296196,350.8740150000449,16.10986328125,0.33196358200029863,4513,false,dcb2c10e4ac97b1d1289825869826fdec84593f7,3d233e3d1d9d3c6c,true,2026-09-20T14:30:02+00:00
20260920T142128Z-gpu_h48,electricity_hourly,T161,lstm,deep,168,48,120017,48.26869907955935,63.54947243880012,0.857580834973047,4.560865838390833,353.1064650001099,16.10986328125,0.33512297200013563,4513,false,dcb2c10e4ac97b1d1289825869826fdec84593f7,3d233e3d1d9d3c6c,true,2026-09-20T14:30:02+00:00
20260920T142128Z-gpu_h48,electricity_hourly,T161,lstm,deep,168,48,120018,58.39632795902738,79.70500812319663,1.2733299857813358,5.707974699420937,328.59281799983364,16.10986328125,0.31082355699982145,4513,false,dcb2c10e4ac97b1d1289825869826fdec84593f7,3d233e3d1d9d3c6c,true,2026-09-20T14:30:02+00:00
20260920T142128Z-gpu_h48,electricity_hourly,T161,lstm,deep,168,48,120019,140.82015895952796,184.95223864529095,2.624317702882364,14.651728465791312,353.4157779999987,16.10986328125,0.334275739000077,4513,false,dcb2c10e4ac97b1d1289825869826fdec84593f7,3d233e3d1d9d3c6c,true,2026-09-20T14:30:02+00:00
20260920T142128Z-gpu_h48,electricity_hourly,T161,lstm,deep,168,48,120020,144.5908075036015,172.2084958540554,2.074225570882508,15.144758822395834,357.5710770001024,16.10986328125,0.3397356740001669,4513,false,dcb2c10e4ac97b1d1289825869826fdec84593f7,3d233e3d1d9d3c6c,true,2026-09-20T14:30:02+00:00
20260920T142128Z-gpu_h48,electricity_hourly,T161,lstm,deep,168,48,120021,411.03439771347786,484.4296052733857,1.6414474408813557,41.23946609586239,359.82799899966267,16.10986328125,0.3410508909996679,4513,false,dcb2c10e4ac97b1d1289825869826fdec84593f7,3d233e3d1d9d3c6c,true,2026-09-20T14:30:02+00:00
20260920T142128Z-gpu_h48,electricity_hourly,T161,transformer,deep,168,48,120000,76.23518178585577,99.37366663061307,1.2663359299992192,7.80293035572674,577.4951180001153,10.6845703125,0.5754810049998014,19232,false,dcb2c10e4ac97b1d1289825869826fdec84593f7,3d233e3d1d9d3c6c,true,2026-09-20T14:30:20+00:00
20260920T142128Z-gpu_h48,electricity_hourly,T161,transformer,deep,168,48,120001,278.4728679573014,384.7811363611372,4.629426574215123,19.43103422244429,577.3519900003521,10.525390625,0.5753342619996147,19232,false,dcb2c10e4ac97b1d1289825869826fdec84593f7,3d233e3d1d9d3c6c,true,2026-09-20T14:30:20+00:00
20260920T142128Z-gpu_h48,electricity_hourly,T161,transformer,deep,168,48,120002,130.57314639297172,159.46899886523687,1.3780807007173796,10.218099719906178,576.9976869996754,10.525390625,0.5749475470001926,19232,false,dcb2c10e4ac97b1d1289825869826fdec84593f7,3d233e3d1d9d3c6c,true,2026-09-20T14:30:20+00:00
20260920T142128Z-gpu_h48,electricity_hourly,T161,transformer,deep,168,48,120003,183.90776649126303,246.9974446833206,2.6698980113662545,15.28895025690378,570.612285000152,10.525390625,0.5685556820003512,19232,false,dcb2c10e4ac97b1d1289825869826fdec84593f7,3d233e3d1d9d3c6c,true,2026-09-20T14:30:20+00:00
20260920T142128Z-gpu_h48,electricity_hourly,T161,transformer,deep,168,48,120004,122.50647343196249,159.07025233304222,1.5350619713020013,9.990708782320791,596.92713000004,10.525390625,0.5949599049999961,19232,false,dcb2c10e4ac97b1d1289825869826fdec84593f7,3d233e3d1d9d3c6c,true,2026-09-20T14:30:20+00:00
20260920T142128Z-gpu_h48,electricity_hourly,T161,transformer,deep,168,48,120005,73.5993196432735,102.78706053196511,1.0012566866916754,6.260893036272992,576.1670389997562,10.525390625,0.5740671620001194,19232,false,dcb2c10e4ac97b1d1289825869826fdec84593f7,3d233e3d1d9d3c6c,true,2026-09-20T14:30:20+00:00
20260920T142128Z-gpu_h48,electricity_hourly,T161,transformer,deep,168,48,120006,136.3777120738349,165.80921022501605,1.2925095786910772,9.489240009054225,572.067473000061,10.525390625,0.5700713080000241,19232,false,dcb2c10e4ac97b1d1289825869826fdec84593f7,3d233e3d1d9d3c6c,true,2026-09-20T14:30:20+00:00
20260920T142128Z-gpu_h48,electricity_hourly,T161,transformer,deep,168,48,120007,110.86637506883987,126.43358223581654,1.381153906904831,8.356621506973937,582.2604680001859,10.525390625,0.5802120640000794,19232,false,dcb2c10e4ac97b1d1289825869826fdec84593f7,3d233e3d1d9d3c6c,true,2026-09-20T14:30:20+00:00
20260920T142128Z-gpu_h48,electricity_hourly,T161,transformer,deep,168,48,120008,102.28876411069398,127.76083085636249,1.2804991769051493,9.399927374244783,587.7098569999362,10.525390625,0.5855573979997644,19232,false,dcb2c10e4ac97b1d1289825869826fdec84593f7,3d233e3d1d9d3c6c,true,2026-09-20T14:30:20+00:00
20260920T142128Z-gpu_h48,electricity_hourly,T161,transformer,deep,168,48,120009,325.97898662829044,389.69286719536944,3.7272490133773086,22.877604256413324,589.5012119999592,10.525390625,0.5875134570001137,19232,false,dcb2c10e4ac97b1d1289825869826fdec84593f7,3d233e3d1d9d3c6c,true,2026-09-20T14:30:20+00:00
20260920T142128Z-gpu_h48,electricity_hourly,T161,transformer,deep,168,48,120010,145.58737485072774,194.4639564453061,1.120441557292758,11.078413703241623,573.4182279998095,10.525390625,0.5714562389998719,19232,false,dcb2c10e4ac97b1d1289825869826fdec84593f7,3d233e3d1d9d3c6c,true,2026-09-20T14:30:20+00:00
20260920T142128Z-gpu_h48,electricity_hourly,T161,transformer,deep,168,48,120011,140.91449696504063,169.59776984550479,1.194401528222135,11.65190518744571,572.4530170000435,10.525390625,0.5703715159997955,19232,false,dcb2c10e4ac97b1d1289825869826fdec84593f7,3d233e3d1d9d3c6c,true,2026-09-20T14:30:20+00:00
20260920T142128Z-gpu_h48,electricity_hourly,T161,transformer,deep,168,48,120012,157.1316583264786,202.42547619614623,2.9925881231335696,14.719023781591314,610.1452699999754,10.525390625,0.6080822610001633,19232,false,dcb2c10e4ac97b1d1289825869826fdec84593f7,3d233e3d1d9d3c6c,true,2026-09-20T14:30:20+00:00
20260920T142128Z-gpu_h48,electricity_hourly,T161,transformer,deep,168,48,120013,72.8836722958214,88.76183215903549,0.8663735191182336,6.917718805517935,583.0803660001038,10.525390625,0.5810839090004265,19232,false,dcb2c10e4ac97b1d1289825869826fdec84593f7,3d233e3d1d9d3c6c,true,2026-09-20T14:30:20+00:00
20260920T142128Z-gpu_h48,electricity_hourly,T161,transformer,deep,168,48,120014,138.11859140468908,160.96220935436946,1.9315409500121616,12.03806321305448,578.325864999897,10.525390625,0.5763326269998288,19232,false,dcb2c10e4ac97b1d1289825869826fdec84593f7,3d233e3d1d9d3c6c,true,2026-09-20T14:30:20+00:00
20260920T142128Z-gpu_h48,electricity_hourly,T161,transformer,deep,168,48,120015,74.65531561505817,96.47100407017328,1.0076263425408545,6.665759286907484,586.4500380002937,10.525390625,0.5841975660000571,19232,false,dcb2c10e4ac97b1d1289825869826fdec84593f7,3d233e3d1d9d3c6c,true,2026-09-20T14:30:20+00:00
20260920T142128Z-gpu_h48,electricity_hourly,T161,transformer,deep,168,48,120016,70.25453984931178,90.50985735008923,1.0268629454223401,7.450039978629302,572.091153999736,10.525390625,0.5700745589997496,19232,false,dcb2c10e4ac97b1d1289825869826fdec84593f7,3d233e3d1d9d3c6c,true,2026-09-20T14:30:20+00:00
20260920T142128Z-gpu_h48,electricity_hourly,T161,transformer,deep,168,48,120017,45.178406227548955,52.611154683809154,0.802676187139673,4.217890583350659,593.1463010001607,10.525390625,0.5912311349998163,19232,false,dcb2c10e4ac97b1d1289825869826fdec84593f7,3d233e3d1d9d3c6c,true,2026-09-20T14:30:20+00:00
20260920T142128Z-gpu_h48,electricity_hourly,T161,transformer,deep,168,48,120018,53.42409238189841,74.27691050589638,1.1649105546628362,5.322417210504928,600.3887179999765,10.525390625,0.5982161460001407,19232,false,dcb2c10e4ac97b1d1289825869826fdec84593f7,3d233e3d1d9d3c6c,true,2026-09-20T14:30:20+00:00
20260920T142128Z-gpu_h48,electricity_hourly,T161,transformer,deep,168,48,120019,134.8056857192356,178.20269122281704,2.512232269130313,14.064513539705636,591.538252999726,10.525390625,0.5894387079997614,19232,false,dcb2c10e4ac97b1d1289825869826fdec84593f7,3d233e3d1d9d3c6c,true,2026-09-20T14:30:20+00:00
20260920T142128Z-gpu_h48,electricity_hourly,T161,transformer,deep,168,48,120020,114.8395600047546,141.76799437902656,1.6474294322260075,11.580444218815535,595.2833619999183,10.525390625,0.5930827039996984,19232,false,dcb2c10e4ac97b1d1289825869826fdec84593f7,3d233e3d1d9d3c6c,true,2026-09-20T14:30:20+00:00
20260920T142128Z-gpu_h48,electricity_hourly,T161,transformer,deep,168,48,120021,139.25219009881258,173.86849370352354,0.5560973785803547,14.428459000355213,592.8730099999484,10.525390625,0.5907304859997566,19232,false,dcb2c10e4ac97b1d1289825869826fdec84593f7,3d233e3d1d9d3c6c,true,2026-09-20T14:30:20+00:00
20260920T142128Z-gpu_h48,electricity_hourly,T161,timesfm25,tsfm,168,48,120000,37.387779235839844,50.569965726842334,0.6210451274611763,3.7818902602171196,121.12524300027872,11.94287109375,,231289280,true,dcb2c10e4ac97b1d1289825869826fdec84593f7,3d233e3d1d9d3c6c,true,2026-09-20T14:30:27+00:00
20260920T142128Z-gpu_h48,electricity_hourly,T161,timesfm25,tsfm,168,48,120001,259.74597422281903,371.4554028151352,4.318104397146842,17.800904321645252,121.11009699992792,11.94287109375,,231289280,true,dcb2c10e4ac97b1d1289825869826fdec84593f7,3d233e3d1d9d3c6c,true,2026-09-20T14:30:27+00:00
20260920T142128Z-gpu_h48,electricity_hourly,T161,timesfm25,tsfm,168,48,120002,138.6973965962728,175.6433696818876,1.4638247661875756,10.562394347267638,117.51604399978532,11.94287109375,,231289280,true,dcb2c10e4ac97b1d1289825869826fdec84593f7,3d233e3d1d9d3c6c,true,2026-09-20T14:30:27+00:00
20260920T142128Z-gpu_h48,electricity_hourly,T161,timesfm25,tsfm,168,48,120003,94.8371976216634,152.4381520915153,1.3768077888415697,7.4652677563471865,118.40023100012331,11.94287109375,,231289280,true,dcb2c10e4ac97b1d1289825869826fdec84593f7,3d233e3d1d9d3c6c,true,2026-09-20T14:30:27+00:00
20260920T142128Z-gpu_h48,electricity_hourly,T161,timesfm25,tsfm,168,48,120004,83.77653376261394,134.5505041751297,1.0497581675788727,6.217641807707532,114.99976300001435,11.94287109375,,231289280,true,dcb2c10e4ac97b1d1289825869826fdec84593f7,3d233e3d1d9d3c6c,true,2026-09-20T14:30:27+00:00
20260920T142128Z-gpu_h48,electricity_hourly,T161,timesfm25,tsfm,168,48,120005,52.20677693684896,66.99994437064315,0.710229180813061,4.381637145111524,117.21016599994982,11.94287109375,,231289280,true,dcb2c10e4ac97b1d1289825869826fdec84593f7,3d233e3d1d9d3c6c,true,2026-09-20T14:30:27+00:00
20260920T142128Z-gpu_h48,electricity_hourly,T161,timesfm25,tsfm,168,48,120006,99.67061614990234,132.38796548837095,0.9446208191118822,6.656574066827557,115.98192900009963,11.94287109375,,231289280,true,dcb2c10e4ac97b1d1289825869826fdec84593f7,3d233e3d1d9d3c6c,true,2026-09-20T14:30:27+00:00
20260920T142128Z-gpu_h48,electricity_hourly,T161,timesfm25,tsfm,168,48,120007,84.26510492960612,106.77065263262521,1.04975993683392,5.858079326810645,143.14050499979203,11.94287109375,,231289280,true,dcb2c10e4ac97b1d1289825869826fdec84593f7,3d233e3d1d9d3c6c,true,2026-09-20T14:30:27+00:00
20260920T142128Z-gpu_h48,electricity_hourly,T161,timesfm25,tsfm,168,48,120008,40.17095438639323,53.005696210487436,0.5028790256142419,3.503153743528921,116.79898400007005,11.94287109375,,231289280,true,dcb2c10e4ac97b1d1289825869826fdec84593f7,3d233e3d1d9d3c6c,true,2026-09-20T14:30:27+00:00
20260920T142128Z-gpu_h48,electricity_hourly,T161,timesfm25,tsfm,168,48,120009,250.783810933431,336.0890151065671,2.867466156456572,15.951638223870512,117.02826600003391,11.94287109375,,231289280,true,dcb2c10e4ac97b1d1289825869826fdec84593f7,3d233e3d1d9d3c6c,true,2026-09-20T14:30:27+00:00
20260920T142128Z-gpu_h48,electricity_hourly,T161,timesfm25,tsfm,168,48,120010,156.31243133544922,213.7301846440676,1.2029816745392918,10.759908225516163,123.19926300006045,11.94287109375,,231289280,true,dcb2c10e4ac97b1d1289825869826fdec84593f7,3d233e3d1d9d3c6c,true,2026-09-20T14:30:27+00:00
20260920T142128Z-gpu_h48,electricity_hourly,T161,timesfm25,tsfm,168,48,120011,74.71272404988606,91.63443442140306,0.6332704846184939,6.022085996419873,117.81848200007516,11.94287109375,,231289280,true,dcb2c10e4ac97b1d1289825869826fdec84593f7,3d233e3d1d9d3c6c,true,2026-09-20T14:30:27+00:00
20260920T142128Z-gpu_h48,electricity_hourly,T161,timesfm25,tsfm,168,48,120012,38.5685920715332,49.00662485187307,0.734542687250467,3.6890356476472244,117.40884199980428,11.94287109375,,231289280,true,dcb2c10e4ac97b1d1289825869826fdec84593f7,3d233e3d1d9d3c6c,true,2026-09-20T14:30:27+00:00
20260920T142128Z-gpu_h48,electricity_hourly,T161,timesfm25,tsfm,168,48,120013,55.685595194498696,68.35628802112404,0.6619387244516932,5.277714419781749,114.51171999988219,11.94287109375,,231289280,true,dcb2c10e4ac97b1d1289825869826fdec84593f7,3d233e3d1d9d3c6c,true,2026-09-20T14:30:27+00:00
20260920T142128Z-gpu_h48,electricity_hourly,T161,timesfm25,tsfm,168,48,120014,123.49869155883789,153.0935179450991,1.7270866839344137,10.030994050275648,117.89276200033783,11.94287109375,,231289280,true,dcb2c10e4ac97b1d1289825869826fdec84593f7,3d233e3d1d9d3c6c,true,2026-09-20T14:30:27+00:00
20260920T142128Z-gpu_h48,electricity_hourly,T161,timesfm25,tsfm,168,48,120015,51.56175104777018,67.50026172170507,0.6959314041502396,4.200483458389233,114.02669500012053,11.94287109375,,231289280,true,dcb2c10e4ac97b1d1289825869826fdec84593f7,3d233e3d1d9d3c6c,true,2026-09-20T14:30:27+00:00
20260920T142128Z-gpu_h48,electricity_hourly,T161,timesfm25,tsfm,168,48,120016,58.90266545613607,80.03526316203286,0.8609402989934626,6.600629957443473,119.780659999833,11.94287109375,,231289280,true,dcb2c10e4ac97b1d1289825869826fdec84593f7,3d233e3d1d9d3c6c,true,2026-09-20T14:30:27+00:00
20260920T142128Z-gpu_h48,electricity_hourly,T161,timesfm25,tsfm,168,48,120017,22.197683970133465,28.645496519089587,0.3943820470942898,2.0231837321691306,117.48604199965484,11.94287109375,,231289280,true,dcb2c10e4ac97b1d1289825869826fdec84593f7,3d233e3d1d9d3c6c,true,2026-09-20T14:30:27+00:00
20260920T142128Z-gpu_h48,electricity_hourly,T161,timesfm25,tsfm,168,48,120018,43.07482020060221,55.843633951991016,0.9392450195164624,4.242211243807579,120.0932719998491,11.94287109375,,231289280,true,dcb2c10e4ac97b1d1289825869826fdec84593f7,3d233e3d1d9d3c6c,true,2026-09-20T14:30:27+00:00
20260920T142128Z-gpu_h48,electricity_hourly,T161,timesfm25,tsfm,168,48,120019,38.71027755737305,51.97048543858877,0.7214028689351261,4.094628247226372,113.67540899982487,11.94287109375,,231289280,true,dcb2c10e4ac97b1d1289825869826fdec84593f7,3d233e3d1d9d3c6c,true,2026-09-20T14:30:27+00:00
20260920T142128Z-gpu_h48,electricity_hourly,T161,timesfm25,tsfm,168,48,120020,82.45555877685547,98.41173608527644,1.182865158783342,8.901769051747268,122.73797299985745,11.94287109375,,231289280,true,dcb2c10e4ac97b1d1289825869826fdec84593f7,3d233e3d1d9d3c6c,true,2026-09-20T14:30:27+00:00
20260920T142128Z-gpu_h48,electricity_hourly,T161,timesfm25,tsfm,168,48,120021,116.89248657226562,151.85042715359947,0.466804904917115,10.985415151372703,115.53386400009913,11.94287109375,,231289280,true,dcb2c10e4ac97b1d1289825869826fdec84593f7,3d233e3d1d9d3c6c,true,2026-09-20T14:30:27+00:00
20260920T142128Z-gpu_h48,electricity_hourly,T161,chronos_bolt,tsfm,168,48,120000,48.375083923339844,64.11192420062568,0.8035542836498948,4.443127162997149,34.376306000012846,1.0751953125,,205292928,true,dcb2c10e4ac97b1d1289825869826fdec84593f7,3d233e3d1d9d3c6c,true,2026-09-20T14:30:31+00:00
20260920T142128Z-gpu_h48,electricity_hourly,T161,chronos_bolt,tsfm,168,48,120001,243.31451670328775,355.5487983733099,4.044942323397995,16.402283360641743,33.37946600004216,1.0751953125,,205292928,true,dcb2c10e4ac97b1d1289825869826fdec84593f7,3d233e3d1d9d3c6c,true,2026-09-20T14:30:31+00:00
20260920T142128Z-gpu_h48,electricity_hourly,T161,chronos_bolt,tsfm,168,48,120002,117.699281056722,145.80618537112508,1.2422087710471978,9.18130959852168,33.47957200003293,1.0751953125,,205292928,true,dcb2c10e4ac97b1d1289825869826fdec84593f7,3d233e3d1d9d3c6c,true,2026-09-20T14:30:31+00:00
20260920T142128Z-gpu_h48,electricity_hourly,T161,chronos_bolt,tsfm,168,48,120003,101.27198537190755,168.2011297609704,1.4702254152187406,8.025499889420711,32.80654499985758,1.0751953125,,205292928,true,dcb2c10e4ac97b1d1289825869826fdec84593f7,3d233e3d1d9d3c6c,true,2026-09-20T14:30:31+00:00
20260920T142128Z-gpu_h48,electricity_hourly,T161,chronos_bolt,tsfm,168,48,120004,78.23761240641277,122.12931006715755,0.9803529574071909,5.767514474596972,36.893894000058935,1.0751953125,,205292928,true,dcb2c10e4ac97b1d1289825869826fdec84593f7,3d233e3d1d9d3c6c,true,2026-09-20T14:30:31+00:00
20260920T142128Z-gpu_h48,electricity_hourly,T161,chronos_bolt,tsfm,168,48,120005,49.085723876953125,61.81853729430543,0.6677698855249173,4.067396684434453,35.33474200003184,1.0751953125,,205292928,true,dcb2c10e4ac97b1d1289825869826fdec84593f7,3d233e3d1d9d3c6c,true,2026-09-20T14:30:31+00:00
20260920T142128Z-gpu_h48,electricity_hourly,T161,chronos_bolt,tsfm,168,48,120006,100.8607177734375,138.01817172045426,0.955899918347703,6.558423870250333,36.52424499978224,1.0751953125,,205292928,true,dcb2c10e4ac97b1d1289825869826fdec84593f7,3d233e3d1d9d3c6c,true,2026-09-20T14:30:31+00:00
20260920T142128Z-gpu_h48,electricity_hourly,T161,chronos_bolt,tsfm,168,48,120007,78.24475860595703,100.49793322083383,0.9747595154648164,5.4359997327561045,36.543179000091186,1.0751953125,,205292928,true,dcb2c10e4ac97b1d1289825869826fdec84593f7,3d233e3d1d9d3c6c,true,2026-09-20T14:30:31+00:00
20260920T142128Z-gpu_h48,electricity_hourly,T161,chronos_bolt,tsfm,168,48,120008,42.85153325398763,55.666299563400315,0.5364357809766338,3.7100807779941714,32.904755000345176,1.0751953125,,205292928,true,dcb2c10e4ac97b1d1289825869826fdec84593f7,3d233e3d1d9d3c6c,true,2026-09-20T14:30:31+00:00
20260920T142128Z-gpu_h48,electricity_hourly,T161,chronos_bolt,tsfm,168,48,120009,255.9049860636393,349.8948067987464,2.9260217558491397,15.705399557950914,36.668683999778295,1.0751953125,,205292928,true,dcb2c10e4ac97b1d1289825869826fdec84593f7,3d233e3d1d9d3c6c,true,2026-09-20T14:30:31+00:00
20260920T142128Z-gpu_h48,electricity_hourly,T161,chronos_bolt,tsfm,168,48,120010,134.18466313680014,178.64113824644946,1.032686200187014,9.37922204884045,33.881338000355754,1.0751953125,,205292928,true,dcb2c10e4ac97b1d1289825869826fdec84593f7,3d233e3d1d9d3c6c,true,2026-09-20T14:30:31+00:00
20260920T142128Z-gpu_h48,electricity_hourly,T161,chronos_bolt,tsfm,168,48,120011,69.22997665405273,86.8713609077681,0.5867983188053207,5.87517974055183,32.92529500004093,1.0751953125,,205292928,true,dcb2c10e4ac97b1d1289825869826fdec84593f7,3d233e3d1d9d3c6c,true,2026-09-20T14:30:31+00:00
20260920T142128Z-gpu_h48,electricity_hourly,T161,chronos_bolt,tsfm,168,48,120012,29.496551513671875,37.11849236175049,0.5617647689417736,2.675761590117731,34.103667000181304,1.0751953125,,205292928,true,dcb2c10e4ac97b1d1289825869826fdec84593f7,3d233e3d1d9d3c6c,true,2026-09-20T14:30:31+00:00
20260920T142128Z-gpu_h48,electricity_hourly,T161,chronos_bolt,tsfm,168,48,120013,74.14173634847005,86.4045772040178,0.8813282181095994,6.769387255062205,34.3192350001118,1.0751953125,,205292928,true,dcb2c10e4ac97b1d1289825869826fdec84593f7,3d233e3d1d9d3c6c,true,2026-09-20T14:30:31+00:00
20260920T142128Z-gpu_h48,electricity_hourly,T161,chronos_bolt,tsfm,168,48,120014,113.51932017008464,139.59792562029833,1.5875286107110993,9.360426205366801,37.77567599991016,1.0751953125,,205292928,true,dcb2c10e4ac97b1d1289825869826fdec84593f7,3d233e3d1d9d3c6c,true,2026-09-20T14:30:31+00:00
20260920T142128Z-gpu_h48,electricity_hourly,T161,chronos_bolt,tsfm,168,48,120015,48.74396514892578,60.820699115319925,0.6578996139699422,3.976458214953361,31.50604599977669,1.0751953125,,205292928,true,dcb2c10e4ac97b1d1289825869826fdec84593f7,3d233e3d1d9d3c6c,true,2026-09-20T14:30:31+00:00
20260920T142128Z-gpu_h48,electricity_hourly,T161,chronos_bolt,tsfm,168,48,120016,55.63840993245443,69.71457704413226,0.8132288906083472,6.008750644875837,33.62246200003938,1.0751953125,,205292928,true,dcb2c10e4ac97b1d1289825869826fdec84593f7,3d233e3d1d9d3c6c,true,2026-09-20T14:30:31+00:00
20260920T142128Z-gpu_h48,electricity_hourly,T161,chronos_bolt,tsfm,168,48,120017,20.448052724202473,24.11811832509219,0.3632966801092111,1.8439988874954631,33.44517300001826,1.0751953125,,205292928,true,dcb2c10e4ac97b1d1289825869826fdec84593f7,3d233e3d1d9d3c6c,true,2026-09-20T14:30:31+00:00
20260920T142128Z-gpu_h48,electricity_hourly,T161,chronos_bolt,tsfm,168,48,120018,38.59981028238932,52.237647315005965,0.8416675773264781,3.8745121598568346,32.23613899990596,1.0751953125,,205292928,true,dcb2c10e4ac97b1d1289825869826fdec84593f7,3d233e3d1d9d3c6c,true,2026-09-20T14:30:31+00:00
20260920T142128Z-gpu_h48,electricity_hourly,T161,chronos_bolt,tsfm,168,48,120019,33.227959950764976,43.95839356738526,0.6192346619529128,3.3956122696160578,31.963621000159037,1.0751953125,,205292928,true,dcb2c10e4ac97b1d1289825869826fdec84593f7,3d233e3d1d9d3c6c,true,2026-09-20T14:30:31+00:00
20260920T142128Z-gpu_h48,electricity_hourly,T161,chronos_bolt,tsfm,168,48,120020,84.885191599528,98.29986027696926,1.2177194252173773,8.920605483219635,33.51497800031211,1.0751953125,,205292928,true,dcb2c10e4ac97b1d1289825869826fdec84593f7,3d233e3d1d9d3c6c,true,2026-09-20T14:30:31+00:00
20260920T142128Z-gpu_h48,electricity_hourly,T161,chronos_bolt,tsfm,168,48,120021,81.11205800374348,97.30186557016754,0.32391736744055744,8.183102636100529,34.61070100001962,1.0751953125,,205292928,true,dcb2c10e4ac97b1d1289825869826fdec84593f7,3d233e3d1d9d3c6c,true,2026-09-20T14:30:31+00:00
20260920T142128Z-gpu_h48,electricity_hourly,T174,lstm,deep,168,48,130000,429.919071550434,551.7597033248726,8.077811365248238,32.651119954843985,343.9116969998395,16.14599609375,0.32588703800001895,4513,false,dcb2c10e4ac97b1d1289825869826fdec84593f7,3d233e3d1d9d3c6c,true,2026-09-20T14:30:43+00:00
20260920T142128Z-gpu_h48,electricity_hourly,T174,lstm,deep,168,48,130001,1172.4936760062856,1314.717592299676,11.996524750952474,61.57488547103674,347.0107180000923,16.10986328125,0.32939530300018305,4513,false,dcb2c10e4ac97b1d1289825869826fdec84593f7,3d233e3d1d9d3c6c,true,2026-09-20T14:30:43+00:00
20260920T142128Z-gpu_h48,electricity_hourly,T174,lstm,deep,168,48,130002,254.85126536140874,336.21662374443025,1.7938499468199656,15.158309212927582,341.1173899999085,16.10986328125,0.32324079899990465,4513,false,dcb2c10e4ac97b1d1289825869826fdec84593f7,3d233e3d1d9d3c6c,true,2026-09-20T14:30:43+00:00
20260920T142128Z-gpu_h48,electricity_hourly,T174,lstm,deep,168,48,130003,251.56776698825328,310.8371354024922,1.9261848485302533,14.686903036528593,332.05756699999256,16.10986328125,0.31329312100024254,4513,false,dcb2c10e4ac97b1d1289825869826fdec84593f7,3d233e3d1d9d3c6c,true,2026-09-20T14:30:43+00:00
20260920T142128Z-gpu_h48,electricity_hourly,T174,lstm,deep,168,48,130004,367.05295730581366,478.66854454405325,3.3347398013903575,20.232838140386804,348.6891120001019,16.10986328125,0.3300818679999793,4513,false,dcb2c10e4ac97b1d1289825869826fdec84593f7,3d233e3d1d9d3c6c,true,2026-09-20T14:30:43+00:00
20260920T142128Z-gpu_h48,electricity_hourly,T174,lstm,deep,168,48,130005,180.92329983939007,254.12624416213512,1.1397740474613776,11.265144298431744,344.28747200036014,16.10986328125,0.32691871799988803,4513,false,dcb2c10e4ac97b1d1289825869826fdec84593f7,3d233e3d1d9d3c6c,true,2026-09-20T14:30:43+00:00
20260920T142128Z-gpu_h48,electricity_hourly,T174,lstm,deep,168,48,130006,310.0795798804282,372.877080106679,1.6718383818624254,15.337777415196644,344.829791000393,16.10986328125,0.32726958700004616,4513,false,dcb2c10e4ac97b1d1289825869826fdec84593f7,3d233e3d1d9d3c6c,true,2026-09-20T14:30:43+00:00
20260920T142128Z-gpu_h48,electricity_hourly,T174,lstm,deep,168,48,130007,239.9164597712446,305.01349081154797,2.487792194646736,14.116845758358673,342.7892699996846,16.10986328125,0.3259335719999399,4513,false,dcb2c10e4ac97b1d1289825869826fdec84593f7,3d233e3d1d9d3c6c,true,2026-09-20T14:30:43+00:00
20260920T142128Z-gpu_h48,electricity_hourly,T174,lstm,deep,168,48,130008,87.73599724490698,112.71429520241543,0.8266690835089057,4.831904746964951,365.5798939998931,16.10986328125,0.34788692599977367,4513,false,dcb2c10e4ac97b1d1289825869826fdec84593f7,3d233e3d1d9d3c6c,true,2026-09-20T14:30:43+00:00
20260920T142128Z-gpu_h48,electricity_hourly,T174,lstm,deep,168,48,130009,218.80147311381208,253.1073972269101,1.8881411954448937,11.797159248872296,348.22658399980355,16.10986328125,0.33120746200029316,4513,false,dcb2c10e4ac97b1d1289825869826fdec84593f7,3d233e3d1d9d3c6c,true,2026-09-20T14:30:43+00:00
20260920T142128Z-gpu_h48,electricity_hourly,T174,lstm,deep,168,48,130010,341.3489991291346,434.9382311574758,3.4354386269636135,22.092885086817606,345.82995700020547,16.10986328125,0.3288862370000061,4513,false,dcb2c10e4ac97b1d1289825869826fdec84593f7,3d233e3d1d9d3c6c,true,2026-09-20T14:30:43+00:00
20260920T142128Z-gpu_h48,electricity_hourly,T174,lstm,deep,168,48,130011,248.72022690903714,324.17460332399014,2.329477247148055,17.96044866559463,367.7522860002682,16.10986328125,0.34981454499984466,4513,false,dcb2c10e4ac97b1d1289825869826fdec84593f7,3d233e3d1d9d3c6c,true,2026-09-20T14:30:43+00:00
20260920T142128Z-gpu_h48,electricity_hourly,T174,lstm,deep,168,48,130012,569.5227611455438,680.1802920475942,8.998384639560928,40.313955214596305,340.18478000007235,16.10986328125,0.32353159099966433,4513,false,dcb2c10e4ac97b1d1289825869826fdec84593f7,3d233e3d1d9d3c6c,true,2026-09-20T14:30:43+00:00
20260920T142128Z-gpu_h48,electricity_hourly,T174,lstm,deep,168,48,130013,121.14468785397368,145.20425601606934,1.3420136203532742,9.033371516810798,353.1070940002792,16.10986328125,0.3362426349999623,4513,false,dcb2c10e4ac97b1d1289825869826fdec84593f7,3d233e3d1d9d3c6c,true,2026-09-20T14:30:43+00:00
20260920T142128Z-gpu_h48,electricity_hourly,T174,lstm,deep,168,48,130014,226.09342730905487,312.12653352528605,3.4332440717604027,17.050105473734835,331.70327300013014,16.10986328125,0.3142915260000336,4513,false,dcb2c10e4ac97b1d1289825869826fdec84593f7,3d233e3d1d9d3c6c,true,2026-09-20T14:30:43+00:00
20260920T142128Z-gpu_h48,electricity_hourly,T174,lstm,deep,168,48,130015,417.6246784960759,518.4077045977164,4.628844958700348,31.500716632349164,342.6617659997646,16.10986328125,0.3247045950001848,4513,false,dcb2c10e4ac97b1d1289825869826fdec84593f7,3d233e3d1d9d3c6c,true,2026-09-20T14:30:43+00:00
20260920T142128Z-gpu_h48,electricity_hourly,T174,lstm,deep,168,48,130016,224.09017560115362,311.4304416581872,3.4226755713370935,19.682595782442732,352.9729739998402,16.10986328125,0.33380062900005214,4513,false,dcb2c10e4ac97b1d1289825869826fdec84593f7,3d233e3d1d9d3c6c,true,2026-09-20T14:30:43+00:00
20260920T142128Z-gpu_h48,electricity_hourly,T174,lstm,deep,168,48,130017,207.60241963470443,289.52681511607636,2.4419823907365985,16.770707379870277,350.4113630001484,16.10986328125,0.3324045770000339,4513,false,dcb2c10e4ac97b1d1289825869826fdec84593f7,3d233e3d1d9d3c6c,true,2026-09-20T14:30:43+00:00
20260920T142128Z-gpu_h48,electricity_hourly,T174,lstm,deep,168,48,130018,178.44597801217154,248.32586724377677,3.654183850078598,14.46983475268466,336.63239999987127,16.10986328125,0.31842555100001846,4513,false,dcb2c10e4ac97b1d1289825869826fdec84593f7,3d233e3d1d9d3c6c,true,2026-09-20T14:30:43+00:00
20260920T142128Z-gpu_h48,electricity_hourly,T174,lstm,deep,168,48,130019,254.34643300799814,349.41814459751885,5.426861216943507,22.397595539672196,362.1688919997723,16.10986328125,0.33213197499981106,4513,false,dcb2c10e4ac97b1d1289825869826fdec84593f7,3d233e3d1d9d3c6c,true,2026-09-20T14:30:43+00:00
20260920T142128Z-gpu_h48,electricity_hourly,T174,lstm,deep,168,48,130020,235.50372442056718,331.47688996051704,4.242248726114796,20.71794705534647,346.0670360000222,16.10986328125,0.32908778899991376,4513,false,dcb2c10e4ac97b1d1289825869826fdec84593f7,3d233e3d1d9d3c6c,true,2026-09-20T14:30:43+00:00
20260920T142128Z-gpu_h48,electricity_hourly,T174,lstm,deep,168,48,130021,375.5002914264931,476.59868533267314,1.311377827599617,30.585217470268038,349.7197869996853,16.10986328125,0.3331021150002016,4513,false,dcb2c10e4ac97b1d1289825869826fdec84593f7,3d233e3d1d9d3c6c,true,2026-09-20T14:30:43+00:00
20260920T142128Z-gpu_h48,electricity_hourly,T174,transformer,deep,168,48,130000,77.61994962531375,96.68277132732482,1.458412414671866,5.742918539268229,589.1543430002457,10.6845703125,0.5872189770002478,19232,false,dcb2c10e4ac97b1d1289825869826fdec84593f7,3d233e3d1d9d3c6c,true,2026-09-20T14:31:01+00:00
20260920T142128Z-gpu_h48,electricity_hourly,T174,transformer,deep,168,48,130001,679.9887889620032,814.6175679691654,6.957395595461735,35.10748200131222,582.3164250000445,10.525390625,0.5802404620003472,19232,false,dcb2c10e4ac97b1d1289825869826fdec84593f7,3d233e3d1d9d3c6c,true,2026-09-20T14:31:01+00:00
20260920T142128Z-gpu_h48,electricity_hourly,T174,transformer,deep,168,48,130002,157.7806092856649,190.47731983544168,1.1105879234106826,9.460820076864497,590.8494210002573,10.525390625,0.5886559870000383,19232,false,dcb2c10e4ac97b1d1289825869826fdec84593f7,3d233e3d1d9d3c6c,true,2026-09-20T14:31:01+00:00
20260920T142128Z-gpu_h48,electricity_hourly,T174,transformer,deep,168,48,130003,175.16827259005416,215.42691794581617,1.341215039770713,9.770213228079056,608.2458870000664,10.525390625,0.6061130809998758,19232,false,dcb2c10e4ac97b1d1289825869826fdec84593f7,3d233e3d1d9d3c6c,true,2026-09-20T14:31:01+00:00
20260920T142128Z-gpu_h48,electricity_hourly,T174,transformer,deep,168,48,130004,210.27893298858575,288.05279646126996,1.9104205899278452,11.122324436385856,590.5866230000356,10.525390625,0.588576828999976,19232,false,dcb2c10e4ac97b1d1289825869826fdec84593f7,3d233e3d1d9d3c6c,true,2026-09-20T14:31:01+00:00
20260920T142128Z-gpu_h48,electricity_hourly,T174,transformer,deep,168,48,130005,230.74117240844097,281.6002056364892,1.4536148756153426,12.482207505438659,585.4625739998482,10.525390625,0.5835951799999748,19232,false,dcb2c10e4ac97b1d1289825869826fdec84593f7,3d233e3d1d9d3c6c,true,2026-09-20T14:31:01+00:00
20260920T142128Z-gpu_h48,electricity_hourly,T174,transformer,deep,168,48,130006,407.7047938623346,467.2088388899817,2.1981986789043053,22.25528982075231,584.0959730003306,10.525390625,0.5820613099999719,19232,false,dcb2c10e4ac97b1d1289825869826fdec84593f7,3d233e3d1d9d3c6c,true,2026-09-20T14:31:01+00:00
20260920T142128Z-gpu_h48,electricity_hourly,T174,transformer,deep,168,48,130007,175.06397902296453,203.33349734197958,1.8153102166995674,10.31290029806743,603.5311689997798,10.525390625,0.6014874709999276,19232,false,dcb2c10e4ac97b1d1289825869826fdec84593f7,3d233e3d1d9d3c6c,true,2026-09-20T14:31:01+00:00
20260920T142128Z-gpu_h48,electricity_hourly,T174,transformer,deep,168,48,130008,114.60631861434257,145.47759800720104,1.0798475352002441,6.437542954619717,594.5901770001001,10.525390625,0.5925241970003299,19232,false,dcb2c10e4ac97b1d1289825869826fdec84593f7,3d233e3d1d9d3c6c,true,2026-09-20T14:31:01+00:00
20260920T142128Z-gpu_h48,electricity_hourly,T174,transformer,deep,168,48,130009,311.6438527041839,368.2847999916283,2.6893219146283025,17.346525923842083,593.1001490002927,10.525390625,0.5909649639997951,19232,false,dcb2c10e4ac97b1d1289825869826fdec84593f7,3d233e3d1d9d3c6c,true,2026-09-20T14:31:01+00:00
20260920T142128Z-gpu_h48,electricity_hourly,T174,transformer,deep,168,48,130010,109.21554929592916,142.822990852917,1.099178019193025,6.395671900706038,638.2504450002671,10.525390625,0.636115186999632,19232,false,dcb2c10e4ac97b1d1289825869826fdec84593f7,3d233e3d1d9d3c6c,true,2026-09-20T14:31:01+00:00
20260920T142128Z-gpu_h48,electricity_hourly,T174,transformer,deep,168,48,130011,105.26056090551272,141.07655905426765,0.9858550094565094,7.437606040422791,590.3849460000856,10.525390625,0.5883669899999404,19232,false,dcb2c10e4ac97b1d1289825869826fdec84593f7,3d233e3d1d9d3c6c,true,2026-09-20T14:31:01+00:00
20260920T142128Z-gpu_h48,electricity_hourly,T174,transformer,deep,168,48,130012,116.43460950802522,151.82060002468336,1.8396514997976336,7.520609381385457,593.4971100000439,10.525390625,0.5915881489995627,19232,false,dcb2c10e4ac97b1d1289825869826fdec84593f7,3d233e3d1d9d3c6c,true,2026-09-20T14:31:01+00:00
20260920T142128Z-gpu_h48,electricity_hourly,T174,transformer,deep,168,48,130013,102.04961989772532,145.91893294296875,1.130482749847869,8.82682838921699,597.0757889999732,10.525390625,0.5950221179996333,19232,false,dcb2c10e4ac97b1d1289825869826fdec84593f7,3d233e3d1d9d3c6c,true,2026-09-20T14:31:01+00:00
20260920T142128Z-gpu_h48,electricity_hourly,T174,transformer,deep,168,48,130014,112.29534097425885,141.2736174705053,1.7052123906246202,8.782668729646966,585.1916510000592,10.525390625,0.5831005780000851,19232,false,dcb2c10e4ac97b1d1289825869826fdec84593f7,3d233e3d1d9d3c6c,true,2026-09-20T14:31:01+00:00
20260920T142128Z-gpu_h48,electricity_hourly,T174,transformer,deep,168,48,130015,82.63645096042612,112.7617996815357,0.9159212544874815,6.776405961645919,598.8894740003161,10.525390625,0.5968123060001744,19232,false,dcb2c10e4ac97b1d1289825869826fdec84593f7,3d233e3d1d9d3c6c,true,2026-09-20T14:31:01+00:00
20260920T142128Z-gpu_h48,electricity_hourly,T174,transformer,deep,168,48,130016,92.70745929369481,141.2211766998358,1.4159815590042482,8.582569936660267,596.3862519997747,10.525390625,0.5943163209999511,19232,false,dcb2c10e4ac97b1d1289825869826fdec84593f7,3d233e3d1d9d3c6c,true,2026-09-20T14:31:01+00:00
20260920T142128Z-gpu_h48,electricity_hourly,T174,transformer,deep,168,48,130017,109.62061703870734,132.60895766919938,1.2894436246997105,8.315761055899978,578.7261390000822,10.525390625,0.5766052250000939,19232,false,dcb2c10e4ac97b1d1289825869826fdec84593f7,3d233e3d1d9d3c6c,true,2026-09-20T14:31:01+00:00
20260920T142128Z-gpu_h48,electricity_hourly,T174,transformer,deep,168,48,130018,80.77463426027295,105.87669611126553,1.654088073589207,6.862504847233475,580.4538630000025,10.525390625,0.5784137840000767,19232,false,dcb2c10e4ac97b1d1289825869826fdec84593f7,3d233e3d1d9d3c6c,true,2026-09-20T14:31:01+00:00
20260920T142128Z-gpu_h48,electricity_hourly,T174,transformer,deep,168,48,130019,70.11798518983458,95.36481854332092,1.4960719910114357,6.036575594251622,596.0514590001367,10.525390625,0.5939802170000803,19232,false,dcb2c10e4ac97b1d1289825869826fdec84593f7,3d233e3d1d9d3c6c,true,2026-09-20T14:31:01+00:00
20260920T142128Z-gpu_h48,electricity_hourly,T174,transformer,deep,168,48,130020,67.12566608205167,104.4315606351416,1.209168866126525,5.466100687005207,587.352201000158,10.525390625,0.5852574099999401,19232,false,dcb2c10e4ac97b1d1289825869826fdec84593f7,3d233e3d1d9d3c6c,true,2026-09-20T14:31:01+00:00
20260920T142128Z-gpu_h48,electricity_hourly,T174,transformer,deep,168,48,130021,184.45771068300203,249.91941824947662,0.6441905837157688,15.055222169471508,585.0607269999273,10.525390625,0.5830298330001824,19232,false,dcb2c10e4ac97b1d1289825869826fdec84593f7,3d233e3d1d9d3c6c,true,2026-09-20T14:31:01+00:00
20260920T142128Z-gpu_h48,electricity_hourly,T174,timesfm25,tsfm,168,48,130000,54.10751469930013,69.04907953738524,1.0166338878782906,4.116976718078118,118.69876599985218,11.94287109375,,231289280,true,dcb2c10e4ac97b1d1289825869826fdec84593f7,3d233e3d1d9d3c6c,true,2026-09-20T14:31:08+00:00
20260920T142128Z-gpu_h48,electricity_hourly,T174,timesfm25,tsfm,168,48,130001,479.2547543843587,641.8778895210068,4.90355866358872,22.641115222024847,115.1167850002821,11.94287109375,,231289280,true,dcb2c10e4ac97b1d1289825869826fdec84593f7,3d233e3d1d9d3c6c,true,2026-09-20T14:31:08+00:00
20260920T142128Z-gpu_h48,electricity_hourly,T174,timesfm25,tsfm,168,48,130002,125.73123677571614,161.43563750007735,0.8849984404977574,6.961338629425201,126.61612900001273,11.94287109375,,231289280,true,dcb2c10e4ac97b1d1289825869826fdec84593f7,3d233e3d1d9d3c6c,true,2026-09-20T14:31:08+00:00
20260920T142128Z-gpu_h48,electricity_hourly,T174,timesfm25,tsfm,168,48,130003,113.8268051147461,150.5424383201709,0.8715403805244557,6.214800459114925,117.70825799976592,11.94287109375,,231289280,true,dcb2c10e4ac97b1d1289825869826fdec84593f7,3d233e3d1d9d3c6c,true,2026-09-20T14:31:08+00:00
20260920T142128Z-gpu_h48,electricity_hourly,T174,timesfm25,tsfm,168,48,130004,200.11308415730795,290.3064560589372,1.8180620895048798,10.009769542393824,118.92430099987905,11.94287109375,,231289280,true,dcb2c10e4ac97b1d1289825869826fdec84593f7,3d233e3d1d9d3c6c,true,2026-09-20T14:31:08+00:00
20260920T142128Z-gpu_h48,electricity_hourly,T174,timesfm25,tsfm,168,48,130005,111.26049931844075,135.6815851223622,0.7009148613988743,6.248057489737851,117.5791069999832,11.94287109375,,231289280,true,dcb2c10e4ac97b1d1289825869826fdec84593f7,3d233e3d1d9d3c6c,true,2026-09-20T14:31:08+00:00
20260920T142128Z-gpu_h48,electricity_hourly,T174,timesfm25,tsfm,168,48,130006,197.43352890014648,251.29525522784854,1.0644910948637523,9.499024771320768,114.0695889998824,11.94287109375,,231289280,true,dcb2c10e4ac97b1d1289825869826fdec84593f7,3d233e3d1d9d3c6c,true,2026-09-20T14:31:08+00:00
20260920T142128Z-gpu_h48,electricity_hourly,T174,timesfm25,tsfm,168,48,130007,163.13045247395834,214.32029952765185,1.6915665843054657,8.099898471716898,116.77368099981322,11.94287109375,,231289280,true,dcb2c10e4ac97b1d1289825869826fdec84593f7,3d233e3d1d9d3c6c,true,2026-09-20T14:31:08+00:00
20260920T142128Z-gpu_h48,electricity_hourly,T174,timesfm25,tsfm,168,48,130008,57.1356455485026,79.80565357919852,0.538345413792081,3.610714060016972,121.0355010002786,11.94287109375,,231289280,true,dcb2c10e4ac97b1d1289825869826fdec84593f7,3d233e3d1d9d3c6c,true,2026-09-20T14:31:08+00:00
20260920T142128Z-gpu_h48,electricity_hourly,T174,timesfm25,tsfm,168,48,130009,119.51678975423177,167.86459769590425,1.0313667959854602,6.233028526835743,120.34604299969942,11.94287109375,,231289280,true,dcb2c10e4ac97b1d1289825869826fdec84593f7,3d233e3d1d9d3c6c,true,2026-09-20T14:31:08+00:00
20260920T142128Z-gpu_h48,electricity_hourly,T174,timesfm25,tsfm,168,48,130010,71.22501373291016,95.63311784528868,0.7168298838089924,3.8379445206431355,118.92437599999539,11.94287109375,,231289280,true,dcb2c10e4ac97b1d1289825869826fdec84593f7,3d233e3d1d9d3c6c,true,2026-09-20T14:31:08+00:00
20260920T142128Z-gpu_h48,electricity_hourly,T174,timesfm25,tsfm,168,48,130011,114.18733978271484,143.1513635274567,1.0694619140625001,7.7802006284174245,108.71549200010122,11.94287109375,,231289280,true,dcb2c10e4ac97b1d1289825869826fdec84593f7,3d233e3d1d9d3c6c,true,2026-09-20T14:31:08+00:00
20260920T142128Z-gpu_h48,electricity_hourly,T174,timesfm25,tsfm,168,48,130012,74.3630765279134,105.37909626598763,1.1749268180842145,4.485035723556214,125.67970899999636,11.94287109375,,231289280,true,dcb2c10e4ac97b1d1289825869826fdec84593f7,3d233e3d1d9d3c6c,true,2026-09-20T14:31:08+00:00
20260920T142128Z-gpu_h48,electricity_hourly,T174,timesfm25,tsfm,168,48,130013,40.079603830973305,50.73774247939631,0.4439928418847724,3.1619473076327678,123.25796499999342,11.94287109375,,231289280,true,dcb2c10e4ac97b1d1289825869826fdec84593f7,3d233e3d1d9d3c6c,true,2026-09-20T14:31:08+00:00
20260920T142128Z-gpu_h48,electricity_hourly,T174,timesfm25,tsfm,168,48,130014,99.5540262858073,132.6287333862221,1.5117346604614836,8.081010150041678,121.39232800018362,11.94287109375,,231289280,true,dcb2c10e4ac97b1d1289825869826fdec84593f7,3d233e3d1d9d3c6c,true,2026-09-20T14:31:08+00:00
20260920T142128Z-gpu_h48,electricity_hourly,T174,timesfm25,tsfm,168,48,130015,35.10525131225586,43.24601308168353,0.38909761306687524,2.827079781912656,123.1848480001645,11.94287109375,,231289280,true,dcb2c10e4ac97b1d1289825869826fdec84593f7,3d233e3d1d9d3c6c,true,2026-09-20T14:31:08+00:00
20260920T142128Z-gpu_h48,electricity_hourly,T174,timesfm25,tsfm,168,48,130016,63.49029413859049,98.48837851047352,0.9697287182813991,6.1398997237424116,120.25933900031305,11.94287109375,,231289280,true,dcb2c10e4ac97b1d1289825869826fdec84593f7,3d233e3d1d9d3c6c,true,2026-09-20T14:31:08+00:00
20260920T142128Z-gpu_h48,electricity_hourly,T174,timesfm25,tsfm,168,48,130017,52.990919748942055,64.52148090840689,0.6233207354882908,4.444935281255361,118.0120829999396,11.94287109375,,231289280,true,dcb2c10e4ac97b1d1289825869826fdec84593f7,3d233e3d1d9d3c6c,true,2026-09-20T14:31:08+00:00
20260920T142128Z-gpu_h48,electricity_hourly,T174,timesfm25,tsfm,168,48,130018,52.33981577555338,71.5737932545674,1.0718051012058714,4.144900448927407,122.77369000003091,11.94287109375,,231289280,true,dcb2c10e4ac97b1d1289825869826fdec84593f7,3d233e3d1d9d3c6c,true,2026-09-20T14:31:08+00:00
20260920T142128Z-gpu_h48,electricity_hourly,T174,timesfm25,tsfm,168,48,130019,24.60833485921224,31.900798202823115,0.5250555963441342,2.057671690920738,124.13080099986473,11.94287109375,,231289280,true,dcb2c10e4ac97b1d1289825869826fdec84593f7,3d233e3d1d9d3c6c,true,2026-09-20T14:31:08+00:00
20260920T142128Z-gpu_h48,electricity_hourly,T174,timesfm25,tsfm,168,48,130020,52.46826934814453,86.60897938532372,0.9451377015427587,4.625604811923181,119.69203999979072,11.94287109375,,231289280,true,dcb2c10e4ac97b1d1289825869826fdec84593f7,3d233e3d1d9d3c6c,true,2026-09-20T14:31:08+00:00
20260920T142128Z-gpu_h48,electricity_hourly,T174,timesfm25,tsfm,168,48,130021,99.2398173014323,131.23090051269995,0.34658001337293554,8.04454393843859,117.44139000029463,11.94287109375,,231289280,true,dcb2c10e4ac97b1d1289825869826fdec84593f7,3d233e3d1d9d3c6c,true,2026-09-20T14:31:08+00:00
20260920T142128Z-gpu_h48,electricity_hourly,T174,chronos_bolt,tsfm,168,48,130000,82.23538462320964,102.14804758695871,1.545132487701225,5.126696955096436,38.79830400001083,1.0751953125,,205292928,true,dcb2c10e4ac97b1d1289825869826fdec84593f7,3d233e3d1d9d3c6c,true,2026-09-20T14:31:13+00:00
20260920T142128Z-gpu_h48,electricity_hourly,T174,chronos_bolt,tsfm,168,48,130001,336.9454879760742,432.05330209973323,3.4475025059368116,16.50256697047285,34.68178999992233,1.0751953125,,205292928,true,dcb2c10e4ac97b1d1289825869826fdec84593f7,3d233e3d1d9d3c6c,true,2026-09-20T14:31:13+00:00
20260920T142128Z-gpu_h48,electricity_hourly,T174,chronos_bolt,tsfm,168,48,130002,111.20187123616536,147.86864215208095,0.7827289792749932,6.243985329957058,35.36736000023666,1.0751953125,,205292928,true,dcb2c10e4ac97b1d1289825869826fdec84593f7,3d233e3d1d9d3c6c,true,2026-09-20T14:31:13+00:00
20260920T142128Z-gpu_h48,electricity_hourly,T174,chronos_bolt,tsfm,168,48,130003,112.66751352945964,161.3734095674239,0.8626640053300467,5.864603338229979,34.663754000121116,1.0751953125,,205292928,true,dcb2c10e4ac97b1d1289825869826fdec84593f7,3d233e3d1d9d3c6c,true,2026-09-20T14:31:13+00:00
20260920T142128Z-gpu_h48,electricity_hourly,T174,chronos_bolt,tsfm,168,48,130004,180.16498057047525,268.7668183840716,1.6368301073910685,8.985992333681047,35.72244499991939,1.0751953125,,205292928,true,dcb2c10e4ac97b1d1289825869826fdec84593f7,3d233e3d1d9d3c6c,true,2026-09-20T14:31:13+00:00
20260920T142128Z-gpu_h48,electricity_hourly,T174,chronos_bolt,tsfm,168,48,130005,107.06531143188477,136.32581038790738,0.6744861687895444,6.0338881276373035,36.35080399999424,1.0751953125,,205292928,true,dcb2c10e4ac97b1d1289825869826fdec84593f7,3d233e3d1d9d3c6c,true,2026-09-20T14:31:13+00:00
20260920T142128Z-gpu_h48,electricity_hourly,T174,chronos_bolt,tsfm,168,48,130006,166.8002166748047,228.76414650068824,0.8993272128640061,7.731188688612138,32.97553600032188,1.0751953125,,205292928,true,dcb2c10e4ac97b1d1289825869826fdec84593f7,3d233e3d1d9d3c6c,true,2026-09-20T14:31:13+00:00
20260920T142128Z-gpu_h48,electricity_hourly,T174,chronos_bolt,tsfm,168,48,130007,147.37258021036783,189.1926260392285,1.5281667422980463,7.474287652797934,35.04308400033551,1.0751953125,,205292928,true,dcb2c10e4ac97b1d1289825869826fdec84593f7,3d233e3d1d9d3c6c,true,2026-09-20T14:31:13+00:00
20260920T142128Z-gpu_h48,electricity_hourly,T174,chronos_bolt,tsfm,168,48,130008,48.38196690877279,65.31252105077019,0.4558662065604451,2.763786503524743,35.49497499989229,1.0751953125,,205292928,true,dcb2c10e4ac97b1d1289825869826fdec84593f7,3d233e3d1d9d3c6c,true,2026-09-20T14:31:13+00:00
20260920T142128Z-gpu_h48,electricity_hourly,T174,chronos_bolt,tsfm,168,48,130009,105.52319590250652,148.57945630996824,0.9106094690454208,6.007729945329831,33.93305899999177,1.0751953125,,205292928,true,dcb2c10e4ac97b1d1289825869826fdec84593f7,3d233e3d1d9d3c6c,true,2026-09-20T14:31:13+00:00
20260920T142128Z-gpu_h48,electricity_hourly,T174,chronos_bolt,tsfm,168,48,130010,68.27960586547852,95.88844535764467,0.6871864163145727,3.515688204416947,34.99057199996969,1.0751953125,,205292928,true,dcb2c10e4ac97b1d1289825869826fdec84593f7,3d233e3d1d9d3c6c,true,2026-09-20T14:31:13+00:00
20260920T142128Z-gpu_h48,electricity_hourly,T174,chronos_bolt,tsfm,168,48,130011,105.68870671590169,132.4919983529391,0.989864960461128,7.481314282501031,35.69872200023383,1.0751953125,,205292928,true,dcb2c10e4ac97b1d1289825869826fdec84593f7,3d233e3d1d9d3c6c,true,2026-09-20T14:31:13+00:00
20260920T142128Z-gpu_h48,electricity_hourly,T174,chronos_bolt,tsfm,168,48,130012,66.1260871887207,92.39197419800362,1.0447834710528616,4.179339590679825,32.23472700028651,1.0751953125,,205292928,true,dcb2c10e4ac97b1d1289825869826fdec84593f7,3d233e3d1d9d3c6c,true,2026-09-20T14:31:13+00:00
20260920T142128Z-gpu_h48,electricity_hourly,T174,chronos_bolt,tsfm,168,48,130013,48.90331013997396,59.46633600022106,0.541739876925629,3.5566473034822135,33.50994200036439,1.0751953125,,205292928,true,dcb2c10e4ac97b1d1289825869826fdec84593f7,3d233e3d1d9d3c6c,true,2026-09-20T14:31:13+00:00
20260920T142128Z-gpu_h48,electricity_hourly,T174,chronos_bolt,tsfm,168,48,130014,94.96066538492839,128.00239347158646,1.4419841627575332,7.740338026671472,33.36677499964935,1.0751953125,,205292928,true,dcb2c10e4ac97b1d1289825869826fdec84593f7,3d233e3d1d9d3c6c,true,2026-09-20T14:31:13+00:00
20260920T142128Z-gpu_h48,electricity_hourly,T174,chronos_bolt,tsfm,168,48,130015,30.3135503133138,37.81730946535772,0.33598762662539927,2.330702615030522,32.78822499987655,1.0751953125,,205292928,true,dcb2c10e4ac97b1d1289825869826fdec84593f7,3d233e3d1d9d3c6c,true,2026-09-20T14:31:13+00:00
20260920T142128Z-gpu_h48,electricity_hourly,T174,chronos_bolt,tsfm,168,48,130016,59.9080696105957,93.71959648415014,0.9150150640566165,5.526698337959993,32.4817460000304,1.0751953125,,205292928,true,dcb2c10e4ac97b1d1289825869826fdec84593f7,3d233e3d1d9d3c6c,true,2026-09-20T14:31:13+00:00
20260920T142128Z-gpu_h48,electricity_hourly,T174,chronos_bolt,tsfm,168,48,130017,45.460076649983726,54.80042932040248,0.5347370558403576,3.4060130865275067,32.80364099964572,1.0751953125,,205292928,true,dcb2c10e4ac97b1d1289825869826fdec84593f7,3d233e3d1d9d3c6c,true,2026-09-20T14:31:13+00:00
20260920T142128Z-gpu_h48,electricity_hourly,T174,chronos_bolt,tsfm,168,48,130018,47.764269510904946,69.3207906242686,0.9781079080731387,3.6649932275783677,33.79626100013411,1.0751953125,,205292928,true,dcb2c10e4ac97b1d1289825869826fdec84593f7,3d233e3d1d9d3c6c,true,2026-09-20T14:31:13+00:00
20260920T142128Z-gpu_h48,electricity_hourly,T174,chronos_bolt,tsfm,168,48,130019,27.168357849121094,34.93625861496725,0.5796775122645484,2.2419131918448687,51.11817900024107,1.0751953125,,205292928,true,dcb2c10e4ac97b1d1289825869826fdec84593f7,3d233e3d1d9d3c6c,true,2026-09-20T14:31:13+00:00
20260920T142128Z-gpu_h48,electricity_hourly,T174,chronos_bolt,tsfm,168,48,130020,48.71752166748047,84.62954474282013,0.8775735701922928,4.222035939696444,32.87443999988682,1.0751953125,,205292928,true,dcb2c10e4ac97b1d1289825869826fdec84593f7,3d233e3d1d9d3c6c,true,2026-09-20T14:31:13+00:00
20260920T142128Z-gpu_h48,electricity_hourly,T174,chronos_bolt,tsfm,168,48,130021,36.31069564819336,50.28679319590308,0.1268095984609377,3.6153882864356746,33.54522800009363,1.0751953125,,205292928,true,dcb2c10e4ac97b1d1289825869826fdec84593f7,3d233e3d1d9d3c6c,true,2026-09-20T14:31:13+00:00
20260920T142128Z-gpu_h48,electricity_hourly,T188,lstm,deep,168,48,140000,255.14323361354298,343.19907656320385,1.9440513064368588,8.428024897485779,330.48192899968853,16.14599609375,0.31339148600000044,4513,false,dcb2c10e4ac97b1d1289825869826fdec84593f7,3d233e3d1d9d3c6c,true,2026-09-20T14:31:25+00:00
20260920T142128Z-gpu_h48,electricity_hourly,T188,lstm,deep,168,48,140001,370.4540038380829,424.76617832480014,1.874069086691865,9.315360327424536,337.473578999834,16.10986328125,0.3200958770003126,4513,false,dcb2c10e4ac97b1d1289825869826fdec84593f7,3d233e3d1d9d3c6c,true,2026-09-20T14:31:25+00:00
20260920T142128Z-gpu_h48,electricity_hourly,T188,lstm,deep,168,48,140002,165.55863108311,195.88430256902987,0.9148289668445064,4.824798142353301,352.49362700005804,16.10986328125,0.33439281299979484,4513,false,dcb2c10e4ac97b1d1289825869826fdec84593f7,3d233e3d1d9d3c6c,true,2026-09-20T14:31:25+00:00
20260920T142128Z-gpu_h48,electricity_hourly,T188,lstm,deep,168,48,140003,454.71824677849463,585.600165816869,3.9024630512010985,13.12622803006375,358.56220400000893,16.10986328125,0.3413546300002963,4513,false,dcb2c10e4ac97b1d1289825869826fdec84593f7,3d233e3d1d9d3c6c,true,2026-09-20T14:31:25+00:00
20260920T142128Z-gpu_h48,electricity_hourly,T188,lstm,deep,168,48,140004,432.3560462548559,639.4093068173061,1.9313584396544003,12.173549927542773,349.29487200042786,16.10986328125,0.33225745200024903,4513,false,dcb2c10e4ac97b1d1289825869826fdec84593f7,3d233e3d1d9d3c6c,true,2026-09-20T14:31:25+00:00
20260920T142128Z-gpu_h48,electricity_hourly,T188,lstm,deep,168,48,140005,349.7205402822813,495.1661179592166,2.907271550666696,10.079447458661479,346.7417309998382,16.10986328125,0.32906255599982615,4513,false,dcb2c10e4ac97b1d1289825869826fdec84593f7,3d233e3d1d9d3c6c,true,2026-09-20T14:31:25+00:00
20260920T142128Z-gpu_h48,electricity_hourly,T188,lstm,deep,168,48,140006,145.36792506105456,186.1900043148622,0.9010796439581532,4.210194578681,338.99791299973003,16.10986328125,0.32209187199987355,4513,false,dcb2c10e4ac97b1d1289825869826fdec84593f7,3d233e3d1d9d3c6c,true,2026-09-20T14:31:25+00:00
20260920T142128Z-gpu_h48,electricity_hourly,T188,lstm,deep,168,48,140007,287.9859793637986,354.8017855988129,2.225381326986155,7.485761866405645,326.20841700008896,16.10986328125,0.3082014349997735,4513,false,dcb2c10e4ac97b1d1289825869826fdec84593f7,3d233e3d1d9d3c6c,true,2026-09-20T14:31:25+00:00
20260920T142128Z-gpu_h48,electricity_hourly,T188,lstm,deep,168,48,140008,598.9228810497799,830.3509594997992,4.192547512088295,16.7018701051891,336.15915400014273,16.10986328125,0.318363046000286,4513,false,dcb2c10e4ac97b1d1289825869826fdec84593f7,3d233e3d1d9d3c6c,true,2026-09-20T14:31:25+00:00
20260920T142128Z-gpu_h48,electricity_hourly,T188,lstm,deep,168,48,140009,211.42342562301977,307.00980459813167,1.0602832517139669,6.216876906240141,350.4511959999945,16.10986328125,0.33319119899988436,4513,false,dcb2c10e4ac97b1d1289825869826fdec84593f7,3d233e3d1d9d3c6c,true,2026-09-20T14:31:25+00:00
20260920T142128Z-gpu_h48,electricity_hourly,T188,lstm,deep,168,48,140010,126.05347858677642,170.6513621051685,0.9609667487159619,3.483091151041187,338.3073150002929,16.10986328125,0.32029297300005055,4513,false,dcb2c10e4ac97b1d1289825869826fdec84593f7,3d233e3d1d9d3c6c,true,2026-09-20T14:31:25+00:00
20260920T142128Z-gpu_h48,electricity_hourly,T188,lstm,deep,168,48,140011,170.31110602422882,215.49920711066602,1.2709125391246798,4.604385178944209,344.91935699998066,16.10986328125,0.3283721869997862,4513,false,dcb2c10e4ac97b1d1289825869826fdec84593f7,3d233e3d1d9d3c6c,true,2026-09-20T14:31:25+00:00
20260920T142128Z-gpu_h48,electricity_hourly,T188,lstm,deep,168,48,140012,303.9152089835182,424.150046983617,2.533799796990888,8.62341966735795,326.07606900000974,16.10986328125,0.30823644499969305,4513,false,dcb2c10e4ac97b1d1289825869826fdec84593f7,3d233e3d1d9d3c6c,true,2026-09-20T14:31:25+00:00
20260920T142128Z-gpu_h48,electricity_hourly,T188,lstm,deep,168,48,140013,860.0599545127379,1184.1756319955082,4.883043545709666,24.689433043420532,342.73867199999586,16.10986328125,0.32592582400002357,4513,false,dcb2c10e4ac97b1d1289825869826fdec84593f7,3d233e3d1d9d3c6c,true,2026-09-20T14:31:25+00:00
20260920T142128Z-gpu_h48,electricity_hourly,T188,lstm,deep,168,48,140014,138.35272875102206,180.20590927178898,0.9223515250068137,3.7820795240713245,330.5652750000263,16.10986328125,0.31327514200029327,4513,false,dcb2c10e4ac97b1d1289825869826fdec84593f7,3d233e3d1d9d3c6c,true,2026-09-20T14:31:25+00:00
20260920T142128Z-gpu_h48,electricity_hourly,T188,lstm,deep,168,48,140015,264.92228234935254,383.6185036904508,1.2905987570048636,7.115999917191179,337.3586630000318,16.10986328125,0.3201309329997457,4513,false,dcb2c10e4ac97b1d1289825869826fdec84593f7,3d233e3d1d9d3c6c,true,2026-09-20T14:31:25+00:00
20260920T142128Z-gpu_h48,electricity_hourly,T188,lstm,deep,168,48,140016,310.97321154373236,447.6833198848393,2.061700850013695,8.609307317535812,324.3063209997672,16.10986328125,0.3074713360001624,4513,false,dcb2c10e4ac97b1d1289825869826fdec84593f7,3d233e3d1d9d3c6c,true,2026-09-20T14:31:25+00:00
20260920T142128Z-gpu_h48,electricity_hourly,T188,lstm,deep,168,48,140017,274.43732298878297,361.39076225742457,1.6250246519340739,7.551571651325674,362.1573880000142,16.10986328125,0.3458139049998863,4513,false,dcb2c10e4ac97b1d1289825869826fdec84593f7,3d233e3d1d9d3c6c,true,2026-09-20T14:31:25+00:00
20260920T142128Z-gpu_h48,electricity_hourly,T188,lstm,deep,168,48,140018,317.50484725929647,401.3752877089613,2.538205629564131,9.165219745791038,352.9924510003184,16.10986328125,0.334988021999834,4513,false,dcb2c10e4ac97b1d1289825869826fdec84593f7,3d233e3d1d9d3c6c,true,2026-09-20T14:31:25+00:00
20260920T142128Z-gpu_h48,electricity_hourly,T188,lstm,deep,168,48,140019,340.4004647190579,515.8311100719905,2.0712273692024143,9.333107812915658,390.8191649998116,16.10986328125,0.37328722399979597,4513,false,dcb2c10e4ac97b1d1289825869826fdec84593f7,3d233e3d1d9d3c6c,true,2026-09-20T14:31:25+00:00
20260920T142128Z-gpu_h48,electricity_hourly,T188,lstm,deep,168,48,140020,301.2212054983792,443.77828248387345,1.8191517191648467,8.799956689767718,346.6807150002751,16.10986328125,0.32951173799983735,4513,false,dcb2c10e4ac97b1d1289825869826fdec84593f7,3d233e3d1d9d3c6c,true,2026-09-20T14:31:25+00:00
20260920T142128Z-gpu_h48,electricity_hourly,T188,lstm,deep,168,48,140021,563.7462685426682,751.883549623937,0.3892584604584257,16.41140016443736,345.3580039999906,16.10986328125,0.32752257899983306,4513,false,dcb2c10e4ac97b1d1289825869826fdec84593f7,3d233e3d1d9d3c6c,true,2026-09-20T14:31:25+00:00
20260920T142128Z-gpu_h48,electricity_hourly,T188,transformer,deep,168,48,140000,236.22405532921593,320.8280891898572,1.7998975589929147,7.684061740556509,590.1892819997556,10.6845703125,0.58816217399999,19232,false,dcb2c10e4ac97b1d1289825869826fdec84593f7,3d233e3d1d9d3c6c,true,2026-09-20T14:31:42+00:00
20260920T142128Z-gpu_h48,electricity_hourly,T188,transformer,deep,168,48,140001,490.8642757999951,551.0085820882229,2.4832058919795994,13.332155457886696,642.6332500000171,10.525390625,0.6403053439998985,19232,false,dcb2c10e4ac97b1d1289825869826fdec84593f7,3d233e3d1d9d3c6c,true,2026-09-20T14:31:42+00:00
20260920T142128Z-gpu_h48,electricity_hourly,T188,transformer,deep,168,48,140002,343.16361140374585,467.8553028923183,1.8962225649324405,9.878142348914231,606.6119430001891,10.525390625,0.604459745999975,19232,false,dcb2c10e4ac97b1d1289825869826fdec84593f7,3d233e3d1d9d3c6c,true,2026-09-20T14:31:42+00:00
20260920T142128Z-gpu_h48,electricity_hourly,T188,transformer,deep,168,48,140003,377.15742538147305,435.8029619914472,3.2368239617934393,10.957065054187513,578.4577720000925,10.525390625,0.5765413849999277,19232,false,dcb2c10e4ac97b1d1289825869826fdec84593f7,3d233e3d1d9d3c6c,true,2026-09-20T14:31:42+00:00
20260920T142128Z-gpu_h48,electricity_hourly,T188,transformer,deep,168,48,140004,483.6972279403173,605.2836771209356,2.1607023459301926,12.662204794538786,570.872080999834,10.525390625,0.568958769999881,19232,false,dcb2c10e4ac97b1d1289825869826fdec84593f7,3d233e3d1d9d3c6c,true,2026-09-20T14:31:42+00:00
20260920T142128Z-gpu_h48,electricity_hourly,T188,transformer,deep,168,48,140005,334.97898367027886,451.71005123875216,2.7847231063687885,10.12425515618897,571.5730339998117,10.525390625,0.5696293559999503,19232,false,dcb2c10e4ac97b1d1289825869826fdec84593f7,3d233e3d1d9d3c6c,true,2026-09-20T14:31:42+00:00
20260920T142128Z-gpu_h48,electricity_hourly,T188,transformer,deep,168,48,140006,211.07112798055837,299.80232443926207,1.3083484322328098,5.843616591397651,569.61483699979,10.525390625,0.5675954119997186,19232,false,dcb2c10e4ac97b1d1289825869826fdec84593f7,3d233e3d1d9d3c6c,true,2026-09-20T14:31:42+00:00
20260920T142128Z-gpu_h48,electricity_hourly,T188,transformer,deep,168,48,140007,229.8377308572391,280.27483062162526,1.776046860394013,5.8793427143402575,575.7619569999406,10.525390625,0.5736701539999558,19232,false,dcb2c10e4ac97b1d1289825869826fdec84593f7,3d233e3d1d9d3c6c,true,2026-09-20T14:31:42+00:00
20260920T142128Z-gpu_h48,electricity_hourly,T188,transformer,deep,168,48,140008,291.80239618753245,422.54795632744504,2.0426593287154087,8.558089771204818,619.1159130003143,10.525390625,0.617091511000126,19232,false,dcb2c10e4ac97b1d1289825869826fdec84593f7,3d233e3d1d9d3c6c,true,2026-09-20T14:31:42+00:00
20260920T142128Z-gpu_h48,electricity_hourly,T188,transformer,deep,168,48,140009,239.2056224157418,310.4196107094781,1.1996102816698064,6.853157923992315,582.7511709999271,10.525390625,0.5806844749999982,19232,false,dcb2c10e4ac97b1d1289825869826fdec84593f7,3d233e3d1d9d3c6c,true,2026-09-20T14:31:42+00:00
20260920T142128Z-gpu_h48,electricity_hourly,T188,transformer,deep,168,48,140010,169.3069184939993,228.89635406374913,1.2907086803502514,4.630892989342175,582.5861029998123,10.525390625,0.5806392399999822,19232,false,dcb2c10e4ac97b1d1289825869826fdec84593f7,3d233e3d1d9d3c6c,true,2026-09-20T14:31:42+00:00
20260920T142128Z-gpu_h48,electricity_hourly,T188,transformer,deep,168,48,140011,265.5649940754525,350.8370998803587,1.9817256126271003,7.3854103161142755,572.8538039998057,10.525390625,0.5709728390002056,19232,false,dcb2c10e4ac97b1d1289825869826fdec84593f7,3d233e3d1d9d3c6c,true,2026-09-20T14:31:42+00:00
20260920T142128Z-gpu_h48,electricity_hourly,T188,transformer,deep,168,48,140012,165.4443035914963,199.51142080182578,1.379341113778107,4.5669652399695,570.9972370000287,10.525390625,0.5689637410000614,19232,false,dcb2c10e4ac97b1d1289825869826fdec84593f7,3d233e3d1d9d3c6c,true,2026-09-20T14:31:42+00:00
20260920T142128Z-gpu_h48,electricity_hourly,T188,transformer,deep,168,48,140013,360.85783695631216,484.6646639176491,2.0487926712813525,10.978105153851219,568.3630510002331,10.525390625,0.5662907699997959,19232,false,dcb2c10e4ac97b1d1289825869826fdec84593f7,3d233e3d1d9d3c6c,true,2026-09-20T14:31:42+00:00
20260920T142128Z-gpu_h48,electricity_hourly,T188,transformer,deep,168,48,140014,192.94583443547893,245.0277145957387,1.2863055629031928,5.437798731641341,563.8000409999222,10.525390625,0.5618236909999723,19232,false,dcb2c10e4ac97b1d1289825869826fdec84593f7,3d233e3d1d9d3c6c,true,2026-09-20T14:31:42+00:00
20260920T142128Z-gpu_h48,electricity_hourly,T188,transformer,deep,168,48,140015,161.1030566007606,197.11550520198068,0.7848316976389433,4.482362510973962,568.3282909999434,10.525390625,0.5663178129998414,19232,false,dcb2c10e4ac97b1d1289825869826fdec84593f7,3d233e3d1d9d3c6c,true,2026-09-20T14:31:42+00:00
20260920T142128Z-gpu_h48,electricity_hourly,T188,transformer,deep,168,48,140016,220.9321369277558,296.5142384336985,1.4647434492447897,6.165042071689892,571.5054160000363,10.525390625,0.5694577570002366,19232,false,dcb2c10e4ac97b1d1289825869826fdec84593f7,3d233e3d1d9d3c6c,true,2026-09-20T14:31:42+00:00
20260920T142128Z-gpu_h48,electricity_hourly,T188,transformer,deep,168,48,140017,156.9878233300218,209.09814644787093,0.9295713869617639,4.422828715733938,604.8548769999798,10.525390625,0.6029378969997197,19232,false,dcb2c10e4ac97b1d1289825869826fdec84593f7,3d233e3d1d9d3c6c,true,2026-09-20T14:31:42+00:00
20260920T142128Z-gpu_h48,electricity_hourly,T188,transformer,deep,168,48,140018,259.40561205137413,325.9501610516294,2.073747190107027,7.517231024399523,589.4097529999272,10.525390625,0.5874257350001244,19232,false,dcb2c10e4ac97b1d1289825869826fdec84593f7,3d233e3d1d9d3c6c,true,2026-09-20T14:31:42+00:00
20260920T142128Z-gpu_h48,electricity_hourly,T188,transformer,deep,168,48,140019,153.1179054139148,207.61322560779476,0.9316732181020759,4.311147855790588,605.6478299997252,10.525390625,0.6035986040001262,19232,false,dcb2c10e4ac97b1d1289825869826fdec84593f7,3d233e3d1d9d3c6c,true,2026-09-20T14:31:42+00:00
20260920T142128Z-gpu_h48,electricity_hourly,T188,transformer,deep,168,48,140020,339.0262930654777,452.9783045664983,2.0474662892731414,9.709766627873854,576.1674059999677,10.525390625,0.5740592110000762,19232,false,dcb2c10e4ac97b1d1289825869826fdec84593f7,3d233e3d1d9d3c6c,true,2026-09-20T14:31:42+00:00
20260920T142128Z-gpu_h48,electricity_hourly,T188,transformer,deep,168,48,140021,1609.9554775175166,2245.0598861808135,1.1116504455189062,53.27382621340703,597.3180890000549,10.525390625,0.5942455099998369,19232,false,dcb2c10e4ac97b1d1289825869826fdec84593f7,3d233e3d1d9d3c6c,true,2026-09-20T14:31:42+00:00
20260920T142128Z-gpu_h48,electricity_hourly,T188,timesfm25,tsfm,168,48,140000,166.9914093017578,276.6718176888293,1.2723828212843604,6.271203697213804,113.14999400019587,11.94287109375,,231289280,true,dcb2c10e4ac97b1d1289825869826fdec84593f7,3d233e3d1d9d3c6c,true,2026-09-20T14:31:49+00:00
20260920T142128Z-gpu_h48,electricity_hourly,T188,timesfm25,tsfm,168,48,140001,217.82960001627603,277.56962002930055,1.101966007459819,4.855547625759319,118.48434900002758,11.94287109375,,231289280,true,dcb2c10e4ac97b1d1289825869826fdec84593f7,3d233e3d1d9d3c6c,true,2026-09-20T14:31:49+00:00
20260920T142128Z-gpu_h48,electricity_hourly,T188,timesfm25,tsfm,168,48,140002,136.80675760904947,166.41052748445207,0.755954454938723,4.077707771908052,118.36021999988589,11.94287109375,,231289280,true,dcb2c10e4ac97b1d1289825869826fdec84593f7,3d233e3d1d9d3c6c,true,2026-09-20T14:31:49+00:00
20260920T142128Z-gpu_h48,electricity_hourly,T188,timesfm25,tsfm,168,48,140003,178.28548177083334,199.1573658431426,1.530073864652244,5.074154008351678,121.76787300040814,11.94287109375,,231289280,true,dcb2c10e4ac97b1d1289825869826fdec84593f7,3d233e3d1d9d3c6c,true,2026-09-20T14:31:49+00:00
20260920T142128Z-gpu_h48,electricity_hourly,T188,timesfm25,tsfm,168,48,140004,128.22506713867188,177.4110198046429,0.5727884870321612,3.8005147080020047,113.84006399975988,11.94287109375,,231289280,true,dcb2c10e4ac97b1d1289825869826fdec84593f7,3d233e3d1d9d3c6c,true,2026-09-20T14:31:49+00:00
20260920T142128Z-gpu_h48,electricity_hourly,T188,timesfm25,tsfm,168,48,140005,92.96626790364583,114.8616940148092,0.7728404675051956,2.7776240380135273,117.6815329999954,11.94287109375,,231289280,true,dcb2c10e4ac97b1d1289825869826fdec84593f7,3d233e3d1d9d3c6c,true,2026-09-20T14:31:49+00:00
20260920T142128Z-gpu_h48,electricity_hourly,T188,timesfm25,tsfm,168,48,140006,122.24619547526042,164.06511428325953,0.757756969068809,3.457848492765916,120.2267710000342,11.94287109375,,231289280,true,dcb2c10e4ac97b1d1289825869826fdec84593f7,3d233e3d1d9d3c6c,true,2026-09-20T14:31:49+00:00
20260920T142128Z-gpu_h48,electricity_hourly,T188,timesfm25,tsfm,168,48,140007,217.8982187906901,270.8197434955638,1.683785538280621,6.0371147916246315,117.95370599975286,11.94287109375,,231289280,true,dcb2c10e4ac97b1d1289825869826fdec84593f7,3d233e3d1d9d3c6c,true,2026-09-20T14:31:49+00:00
20260920T142128Z-gpu_h48,electricity_hourly,T188,timesfm25,tsfm,168,48,140008,87.5306905110677,119.27175367805745,0.612727598735781,2.8171799737020513,119.54894400014382,11.94287109375,,231289280,true,dcb2c10e4ac97b1d1289825869826fdec84593f7,3d233e3d1d9d3c6c,true,2026-09-20T14:31:49+00:00
20260920T142128Z-gpu_h48,electricity_hourly,T188,timesfm25,tsfm,168,48,140009,140.18221537272134,154.82084935631508,0.703010343862641,3.6804739806745124,121.33730000005016,11.94287109375,,231289280,true,dcb2c10e4ac97b1d1289825869826fdec84593f7,3d233e3d1d9d3c6c,true,2026-09-20T14:31:49+00:00
20260920T142128Z-gpu_h48,electricity_hourly,T188,timesfm25,tsfm,168,48,140010,117.48680114746094,135.84720158985118,0.8956588154605524,3.085127942786406,122.36622899990834,11.94287109375,,231289280,true,dcb2c10e4ac97b1d1289825869826fdec84593f7,3d233e3d1d9d3c6c,true,2026-09-20T14:31:49+00:00
20260920T142128Z-gpu_h48,electricity_hourly,T188,timesfm25,tsfm,168,48,140011,129.07713826497397,151.41192846703746,0.9632123081388946,3.497668534588731,121.35100600016813,11.94287109375,,231289280,true,dcb2c10e4ac97b1d1289825869826fdec84593f7,3d233e3d1d9d3c6c,true,2026-09-20T14:31:49+00:00
20260920T142128Z-gpu_h48,electricity_hourly,T188,timesfm25,tsfm,168,48,140012,120.55758666992188,143.88232593858356,1.005111885159145,3.206139460231535,120.33416600024793,11.94287109375,,231289280,true,dcb2c10e4ac97b1d1289825869826fdec84593f7,3d233e3d1d9d3c6c,true,2026-09-20T14:31:49+00:00
20260920T142128Z-gpu_h48,electricity_hourly,T188,timesfm25,tsfm,168,48,140013,264.80658467610675,307.1828470107818,1.5034557502408772,7.812736774787779,126.90361400018446,11.94287109375,,231289280,true,dcb2c10e4ac97b1d1289825869826fdec84593f7,3d233e3d1d9d3c6c,true,2026-09-20T14:31:49+00:00
20260920T142128Z-gpu_h48,electricity_hourly,T188,timesfm25,tsfm,168,48,140014,93.94150797526042,112.08262768004649,0.6262767198350695,2.453459220353781,116.81340499990256,11.94287109375,,231289280,true,dcb2c10e4ac97b1d1289825869826fdec84593f7,3d233e3d1d9d3c6c,true,2026-09-20T14:31:49+00:00
20260920T142128Z-gpu_h48,electricity_hourly,T188,timesfm25,tsfm,168,48,140015,91.68317159016927,121.89443355179563,0.44664490371745913,2.6135640320937914,122.96923999974751,11.94287109375,,231289280,true,dcb2c10e4ac97b1d1289825869826fdec84593f7,3d233e3d1d9d3c6c,true,2026-09-20T14:31:49+00:00
20260920T142128Z-gpu_h48,electricity_hourly,T188,timesfm25,tsfm,168,48,140016,101.30556742350261,135.46808150149693,0.6716391210397963,3.0764681393717073,115.54351199993107,11.94287109375,,231289280,true,dcb2c10e4ac97b1d1289825869826fdec84593f7,3d233e3d1d9d3c6c,true,2026-09-20T14:31:49+00:00
20260920T142128Z-gpu_h48,electricity_hourly,T188,timesfm25,tsfm,168,48,140017,64.67963155110677,78.98176241212097,0.38298725043625864,1.7621522464994865,117.43446400032553,11.94287109375,,231289280,true,dcb2c10e4ac97b1d1289825869826fdec84593f7,3d233e3d1d9d3c6c,true,2026-09-20T14:31:49+00:00
20260920T142128Z-gpu_h48,electricity_hourly,T188,timesfm25,tsfm,168,48,140018,329.2705535888672,366.93127265979047,2.6322633496250973,9.493536582784785,120.60484799985716,11.94287109375,,231289280,true,dcb2c10e4ac97b1d1289825869826fdec84593f7,3d233e3d1d9d3c6c,true,2026-09-20T14:31:49+00:00
20260920T142128Z-gpu_h48,electricity_hourly,T188,timesfm25,tsfm,168,48,140019,66.16915384928386,81.38716387432841,0.40261802392871104,1.685213647124752,117.93289999968692,11.94287109375,,231289280,true,dcb2c10e4ac97b1d1289825869826fdec84593f7,3d233e3d1d9d3c6c,true,2026-09-20T14:31:49+00:00
20260920T142128Z-gpu_h48,electricity_hourly,T188,timesfm25,tsfm,168,48,140020,163.43827311197916,224.86286058617665,0.9870454339928283,5.071577756165983,116.61540400018566,11.94287109375,,231289280,true,dcb2c10e4ac97b1d1289825869826fdec84593f7,3d233e3d1d9d3c6c,true,2026-09-20T14:31:49+00:00
20260920T142128Z-gpu_h48,electricity_hourly,T188,timesfm25,tsfm,168,48,140021,218.02232869466147,282.55502904600047,0.15054119335039368,5.891385929558074,120.11328600010529,11.94287109375,,231289280,true,dcb2c10e4ac97b1d1289825869826fdec84593f7,3d233e3d1d9d3c6c,true,2026-09-20T14:31:49+00:00
20260920T142128Z-gpu_h48,electricity_hourly,T188,chronos_bolt,tsfm,168,48,140000,166.28036499023438,282.00159842816964,1.2669650541612654,5.753602752673605,33.7221929999032,1.0751953125,,205292928,true,dcb2c10e4ac97b1d1289825869826fdec84593f7,3d233e3d1d9d3c6c,true,2026-09-20T14:31:54+00:00
20260920T142128Z-gpu_h48,electricity_hourly,T188,chronos_bolt,tsfm,168,48,140001,230.01363881429037,261.02490975924434,1.1636031614002393,5.895272643148844,34.32023900040804,1.0751953125,,205292928,true,dcb2c10e4ac97b1d1289825869826fdec84593f7,3d233e3d1d9d3c6c,true,2026-09-20T14:31:54+00:00
20260920T142128Z-gpu_h48,electricity_hourly,T188,chronos_bolt,tsfm,168,48,140002,107.19520568847656,129.25569676337543,0.5923296093300316,3.2669766271291567,35.21312199973181,1.0751953125,,205292928,true,dcb2c10e4ac97b1d1289825869826fdec84593f7,3d233e3d1d9d3c6c,true,2026-09-20T14:31:54+00:00
20260920T142128Z-gpu_h48,electricity_hourly,T188,chronos_bolt,tsfm,168,48,140003,176.2330525716146,199.23290968823488,1.5124595965380834,5.068378104693414,34.31863200012231,1.0751953125,,205292928,true,dcb2c10e4ac97b1d1289825869826fdec84593f7,3d233e3d1d9d3c6c,true,2026-09-20T14:31:54+00:00
20260920T142128Z-gpu_h48,electricity_hourly,T188,chronos_bolt,tsfm,168,48,140004,144.76473490397134,182.59072276113918,0.6466721003279524,4.064468171892663,32.52131399995051,1.0751953125,,205292928,true,dcb2c10e4ac97b1d1289825869826fdec84593f7,3d233e3d1d9d3c6c,true,2026-09-20T14:31:54+00:00
20260920T142128Z-gpu_h48,electricity_hourly,T188,chronos_bolt,tsfm,168,48,140005,99.56676737467448,129.01402993732793,0.8277112632463414,3.138165315670558,37.47874499958925,1.0751953125,,205292928,true,dcb2c10e4ac97b1d1289825869826fdec84593f7,3d233e3d1d9d3c6c,true,2026-09-20T14:31:54+00:00
20260920T142128Z-gpu_h48,electricity_hourly,T188,chronos_bolt,tsfm,168,48,140006,109.19342549641927,149.37192618583452,0.6768478873696515,3.1535670134343388,35.90411400000448,1.0751953125,,205292928,true,dcb2c10e4ac97b1d1289825869826fdec84593f7,3d233e3d1d9d3c6c,true,2026-09-20T14:31:54+00:00
20260920T142128Z-gpu_h48,electricity_hourly,T188,chronos_bolt,tsfm,168,48,140007,133.01918029785156,180.21409948802088,1.0278917071580695,3.4569173119587364,33.169614000144065,1.0751953125,,205292928,true,dcb2c10e4ac97b1d1289825869826fdec84593f7,3d233e3d1d9d3c6c,true,2026-09-20T14:31:54+00:00
20260920T142128Z-gpu_h48,electricity_hourly,T188,chronos_bolt,tsfm,168,48,140008,73.61996459960938,98.16162158293295,0.5153504886657795,2.1778531780800425,33.56195300011677,1.0751953125,,205292928,true,dcb2c10e4ac97b1d1289825869826fdec84593f7,3d233e3d1d9d3c6c,true,2026-09-20T14:31:54+00:00
20260920T142128Z-gpu_h48,electricity_hourly,T188,chronos_bolt,tsfm,168,48,140009,118.4401143391927,138.74092679494817,0.593974244788039,3.1564299939664227,37.517653000122664,1.0751953125,,205292928,true,dcb2c10e4ac97b1d1289825869826fdec84593f7,3d233e3d1d9d3c6c,true,2026-09-20T14:31:54+00:00
20260920T142128Z-gpu_h48,electricity_hourly,T188,chronos_bolt,tsfm,168,48,140010,147.79841105143228,173.8440501822893,1.1267389057867674,3.921366566713918,34.18787100008558,1.0751953125,,205292928,true,dcb2c10e4ac97b1d1289825869826fdec84593f7,3d233e3d1d9d3c6c,true,2026-09-20T14:31:54+00:00
20260920T142128Z-gpu_h48,electricity_hourly,T188,chronos_bolt,tsfm,168,48,140011,113.36533101399739,139.98381377044151,0.8459660914139826,3.0338587250351825,34.645478000129515,1.0751953125,,205292928,true,dcb2c10e4ac97b1d1289825869826fdec84593f7,3d233e3d1d9d3c6c,true,2026-09-20T14:31:54+00:00
20260920T142128Z-gpu_h48,electricity_hourly,T188,chronos_bolt,tsfm,168,48,140012,129.3729705810547,152.20091676547267,1.0786074434733601,3.5843852506611507,32.96231900003477,1.0751953125,,205292928,true,dcb2c10e4ac97b1d1289825869826fdec84593f7,3d233e3d1d9d3c6c,true,2026-09-20T14:31:54+00:00
20260920T142128Z-gpu_h48,electricity_hourly,T188,chronos_bolt,tsfm,168,48,140013,205.56214904785156,246.78467725723684,1.1670918054997683,5.864810998318632,34.37420399995972,1.0751953125,,205292928,true,dcb2c10e4ac97b1d1289825869826fdec84593f7,3d233e3d1d9d3c6c,true,2026-09-20T14:31:54+00:00
20260920T142128Z-gpu_h48,electricity_hourly,T188,chronos_bolt,tsfm,168,48,140014,115.81978352864583,138.08305349352617,0.7721318901909722,3.208897998948721,38.73108099969613,1.0751953125,,205292928,true,dcb2c10e4ac97b1d1289825869826fdec84593f7,3d233e3d1d9d3c6c,true,2026-09-20T14:31:54+00:00
20260920T142128Z-gpu_h48,electricity_hourly,T188,chronos_bolt,tsfm,168,48,140015,116.99649047851562,151.1470591479596,0.5699615896649497,3.497710523473385,35.02367300006881,1.0751953125,,205292928,true,dcb2c10e4ac97b1d1289825869826fdec84593f7,3d233e3d1d9d3c6c,true,2026-09-20T14:31:54+00:00
20260920T142128Z-gpu_h48,electricity_hourly,T188,chronos_bolt,tsfm,168,48,140016,93.73972066243489,119.90728607275157,0.6214788110216678,2.7902740352383075,33.72528400041119,1.0751953125,,205292928,true,dcb2c10e4ac97b1d1289825869826fdec84593f7,3d233e3d1d9d3c6c,true,2026-09-20T14:31:54+00:00
20260920T142128Z-gpu_h48,electricity_hourly,T188,chronos_bolt,tsfm,168,48,140017,96.15047200520833,144.29227582466396,0.56933541546733,2.9508843533283287,32.75844300014796,1.0751953125,,205292928,true,dcb2c10e4ac97b1d1289825869826fdec84593f7,3d233e3d1d9d3c6c,true,2026-09-20T14:31:54+00:00
20260920T142128Z-gpu_h48,electricity_hourly,T188,chronos_bolt,tsfm,168,48,140018,305.3321838378906,336.3229669102949,2.4408946023791844,8.651127013313697,32.39012799986085,1.0751953125,,205292928,true,dcb2c10e4ac97b1d1289825869826fdec84593f7,3d233e3d1d9d3c6c,true,2026-09-20T14:31:54+00:00
20260920T142128Z-gpu_h48,electricity_hourly,T188,chronos_bolt,tsfm,168,48,140019,78.84442647298177,95.78913021450175,0.4797429820041145,2.058305118554754,36.617686999761645,1.0751953125,,205292928,true,dcb2c10e4ac97b1d1289825869826fdec84593f7,3d233e3d1d9d3c6c,true,2026-09-20T14:31:54+00:00
20260920T142128Z-gpu_h48,electricity_hourly,T188,chronos_bolt,tsfm,168,48,140020,155.36660766601562,195.97581728817065,0.938298586810361,4.793731356413508,36.18503799998507,1.0751953125,,205292928,true,dcb2c10e4ac97b1d1289825869826fdec84593f7,3d233e3d1d9d3c6c,true,2026-09-20T14:31:54+00:00
20260920T142128Z-gpu_h48,electricity_hourly,T188,chronos_bolt,tsfm,168,48,140021,80.86955261230469,105.32800165168909,0.05583922999473445,2.11328990769496,32.89077899989934,1.0751953125,,205292928,true,dcb2c10e4ac97b1d1289825869826fdec84593f7,3d233e3d1d9d3c6c,true,2026-09-20T14:31:54+00:00
20260920T142128Z-gpu_h48,electricity_hourly,T201,lstm,deep,168,48,150000,25.82892883839763,36.557064253353296,0.4758047528117256,4.490383241647539,343.124681000063,16.14599609375,0.32610688399972787,4513,false,dcb2c10e4ac97b1d1289825869826fdec84593f7,3d233e3d1d9d3c6c,true,2026-09-20T14:32:06+00:00
20260920T142128Z-gpu_h48,electricity_hourly,T201,lstm,deep,168,48,150001,46.75543996451907,67.74880025719587,1.775054931423872,6.952667559415227,344.5068599999104,16.10986328125,0.3266155279998202,4513,false,dcb2c10e4ac97b1d1289825869826fdec84593f7,3d233e3d1d9d3c6c,true,2026-09-20T14:32:06+00:00
20260920T142128Z-gpu_h48,electricity_hourly,T201,lstm,deep,168,48,150002,128.2390440276716,165.99142409286898,3.12407754017674,19.925832878037987,370.3789070000312,16.10986328125,0.352103575000001,4513,false,dcb2c10e4ac97b1d1289825869826fdec84593f7,3d233e3d1d9d3c6c,true,2026-09-20T14:32:06+00:00
20260920T142128Z-gpu_h48,electricity_hourly,T201,lstm,deep,168,48,150003,31.356685959763393,44.32789863838828,1.1521721812212116,5.094423865119547,359.27186700018865,16.10986328125,0.34167573100012305,4513,false,dcb2c10e4ac97b1d1289825869826fdec84593f7,3d233e3d1d9d3c6c,true,2026-09-20T14:32:06+00:00
20260920T142128Z-gpu_h48,electricity_hourly,T201,lstm,deep,168,48,150004,57.92512470317656,76.43365471295301,1.4768445391744731,9.020490647591439,350.5131550000442,16.10986328125,0.3318035089996556,4513,false,dcb2c10e4ac97b1d1289825869826fdec84593f7,3d233e3d1d9d3c6c,true,2026-09-20T14:32:06+00:00
20260920T142128Z-gpu_h48,electricity_hourly,T201,lstm,deep,168,48,150005,33.37509337872051,44.929922887950674,1.0611643732690998,5.068424920978306,358.3919910001896,16.10986328125,0.34036712500028443,4513,false,dcb2c10e4ac97b1d1289825869826fdec84593f7,3d233e3d1d9d3c6c,true,2026-09-20T14:32:06+00:00
20260920T142128Z-gpu_h48,electricity_hourly,T201,lstm,deep,168,48,150006,118.08820855127051,151.05032399201846,1.5264544013808754,15.64964351065829,350.0196110003344,16.10986328125,0.33281344399983936,4513,false,dcb2c10e4ac97b1d1289825869826fdec84593f7,3d233e3d1d9d3c6c,true,2026-09-20T14:32:06+00:00
20260920T142128Z-gpu_h48,electricity_hourly,T201,lstm,deep,168,48,150007,102.42378324938664,132.39704142416124,1.5823436099036237,12.82963091525939,351.9042510001782,16.10986328125,0.33491053300031126,4513,false,dcb2c10e4ac97b1d1289825869826fdec84593f7,3d233e3d1d9d3c6c,true,2026-09-20T14:32:06+00:00
20260920T142128Z-gpu_h48,electricity_hourly,T201,lstm,deep,168,48,150008,75.63160577160401,102.86671433419224,1.0247413653661064,9.257508779933362,346.3795430002392,16.10986328125,0.32956428599982246,4513,false,dcb2c10e4ac97b1d1289825869826fdec84593f7,3d233e3d1d9d3c6c,true,2026-09-20T14:32:06+00:00
20260920T142128Z-gpu_h48,electricity_hourly,T201,lstm,deep,168,48,150009,157.05893562066598,191.7827296691318,2.459918069325201,21.55676749892966,339.12974500026394,16.10986328125,0.3225244410000414,4513,false,dcb2c10e4ac97b1d1289825869826fdec84593f7,3d233e3d1d9d3c6c,true,2026-09-20T14:32:06+00:00
20260920T142128Z-gpu_h48,electricity_hourly,T201,lstm,deep,168,48,150010,63.90061793308079,86.93673566112898,1.4918432202275669,8.59204128297827,324.3229619997692,16.10986328125,0.3076344819996848,4513,false,dcb2c10e4ac97b1d1289825869826fdec84593f7,3d233e3d1d9d3c6c,true,2026-09-20T14:32:06+00:00
20260920T142128Z-gpu_h48,electricity_hourly,T201,lstm,deep,168,48,150011,72.40413939838767,93.83746733525076,1.5883906266556709,9.884137308604444,330.93365500008076,16.10986328125,0.3141045140000642,4513,false,dcb2c10e4ac97b1d1289825869826fdec84593f7,3d233e3d1d9d3c6c,true,2026-09-20T14:32:06+00:00
20260920T142128Z-gpu_h48,electricity_hourly,T201,lstm,deep,168,48,150012,77.07319513273278,95.02869269556489,2.140509180156899,10.384842358512469,322.39641099977234,16.10986328125,0.30610154499981945,4513,false,dcb2c10e4ac97b1d1289825869826fdec84593f7,3d233e3d1d9d3c6c,true,2026-09-20T14:32:06+00:00
20260920T142128Z-gpu_h48,electricity_hourly,T201,lstm,deep,168,48,150013,63.12925556317214,90.0446616443566,0.9282766058507902,9.221923398404234,331.81338099984714,16.10986328125,0.3154177390001678,4513,false,dcb2c10e4ac97b1d1289825869826fdec84593f7,3d233e3d1d9d3c6c,true,2026-09-20T14:32:06+00:00
20260920T142128Z-gpu_h48,electricity_hourly,T201,lstm,deep,168,48,150014,81.70054194758974,126.07221996000008,1.2733930122797836,12.344518190740631,345.88796399975763,16.10986328125,0.3280379289999473,4513,false,dcb2c10e4ac97b1d1289825869826fdec84593f7,3d233e3d1d9d3c6c,true,2026-09-20T14:32:06+00:00
20260920T142128Z-gpu_h48,electricity_hourly,T201,lstm,deep,168,48,150015,54.816452909606674,78.07870714483632,1.6656613671625577,8.544465788777938,336.81654499969227,16.10986328125,0.3194143270002314,4513,false,dcb2c10e4ac97b1d1289825869826fdec84593f7,3d233e3d1d9d3c6c,true,2026-09-20T14:32:06+00:00
20260920T142128Z-gpu_h48,electricity_hourly,T201,lstm,deep,168,48,150016,52.825006348551234,81.45689591858326,1.3222320379265389,8.788664315140398,331.9832319998568,16.10986328125,0.31421315800025695,4513,false,dcb2c10e4ac97b1d1289825869826fdec84593f7,3d233e3d1d9d3c6c,true,2026-09-20T14:32:06+00:00
20260920T142128Z-gpu_h48,electricity_hourly,T201,lstm,deep,168,48,150017,60.29904165261784,90.86813496446476,1.5241463924832312,10.50780646042675,334.04861700000765,16.10986328125,0.31702046500004144,4513,false,dcb2c10e4ac97b1d1289825869826fdec84593f7,3d233e3d1d9d3c6c,true,2026-09-20T14:32:06+00:00
20260920T142128Z-gpu_h48,electricity_hourly,T201,lstm,deep,168,48,150018,113.78862498644612,157.3740780274765,1.8879550637225764,18.998280411946535,329.2856819998633,16.10986328125,0.3113920349996988,4513,false,dcb2c10e4ac97b1d1289825869826fdec84593f7,3d233e3d1d9d3c6c,true,2026-09-20T14:32:06+00:00
20260920T142128Z-gpu_h48,electricity_hourly,T201,lstm,deep,168,48,150019,101.32903720841843,143.30646811841723,2.544712479597533,14.71139803806423,324.8315270002422,16.10986328125,0.30843798000023526,4513,false,dcb2c10e4ac97b1d1289825869826fdec84593f7,3d233e3d1d9d3c6c,true,2026-09-20T14:32:06+00:00
20260920T142128Z-gpu_h48,electricity_hourly,T201,lstm,deep,168,48,150020,68.37896666710054,94.19382088926099,1.1938131910841996,11.881487065609305,331.36964200002694,16.10986328125,0.31524996300004204,4513,false,dcb2c10e4ac97b1d1289825869826fdec84593f7,3d233e3d1d9d3c6c,true,2026-09-20T14:32:06+00:00
20260920T142128Z-gpu_h48,electricity_hourly,T201,lstm,deep,168,48,150021,142.69149595158535,200.96519346264768,1.1591118303733452,18.60612293877802,349.50252699991324,16.10986328125,0.3316186289998768,4513,false,dcb2c10e4ac97b1d1289825869826fdec84593f7,3d233e3d1d9d3c6c,true,2026-09-20T14:32:06+00:00
20260920T142128Z-gpu_h48,electricity_hourly,T201,transformer,deep,168,48,150000,36.624834321304284,50.686768386983175,0.6746803303400047,6.147640920148911,584.0069969999604,10.6845703125,0.5820457960003296,19232,false,dcb2c10e4ac97b1d1289825869826fdec84593f7,3d233e3d1d9d3c6c,true,2026-09-20T14:32:23+00:00
20260920T142128Z-gpu_h48,electricity_hourly,T201,transformer,deep,168,48,150001,56.76376808397134,72.5896311133667,2.155017823383041,8.800709725835027,575.8795090000604,10.525390625,0.5737716789999467,19232,false,dcb2c10e4ac97b1d1289825869826fdec84593f7,3d233e3d1d9d3c6c,true,2026-09-20T14:32:23+00:00
20260920T142128Z-gpu_h48,electricity_hourly,T201,transformer,deep,168,48,150002,38.66658818909431,47.30790419408801,0.9419706816493961,5.736610318452776,583.7326979999489,10.525390625,0.5816907190001075,19232,false,dcb2c10e4ac97b1d1289825869826fdec84593f7,3d233e3d1d9d3c6c,true,2026-09-20T14:32:23+00:00
20260920T142128Z-gpu_h48,electricity_hourly,T201,transformer,deep,168,48,150003,35.00795309363827,47.82653100005495,1.2863345867527203,5.371459800393611,571.028300999842,10.525390625,0.5689648879997549,19232,false,dcb2c10e4ac97b1d1289825869826fdec84593f7,3d233e3d1d9d3c6c,true,2026-09-20T14:32:23+00:00
20260920T142128Z-gpu_h48,electricity_hourly,T201,transformer,deep,168,48,150004,49.97958754971312,65.316673006685,1.274267104666907,7.727222527611416,581.1541479997686,10.525390625,0.5792294749999201,19232,false,dcb2c10e4ac97b1d1289825869826fdec84593f7,3d233e3d1d9d3c6c,true,2026-09-20T14:32:23+00:00
20260920T142128Z-gpu_h48,electricity_hourly,T201,transformer,deep,168,48,150005,38.62514117512481,51.96003021951798,1.2280901588028201,6.012176452556151,582.752136000181,10.525390625,0.5806158560003496,19232,false,dcb2c10e4ac97b1d1289825869826fdec84593f7,3d233e3d1d9d3c6c,true,2026-09-20T14:32:23+00:00
20260920T142128Z-gpu_h48,electricity_hourly,T201,transformer,deep,168,48,150006,140.3411950732955,170.02128451492777,1.8141052145919705,19.431887508698964,630.2655770000456,10.525390625,0.6281517769998572,19232,false,dcb2c10e4ac97b1d1289825869826fdec84593f7,3d233e3d1d9d3c6c,true,2026-09-20T14:32:23+00:00
20260920T142128Z-gpu_h48,electricity_hourly,T201,transformer,deep,168,48,150007,120.42300478168427,158.96779518066214,1.8604133342519615,14.433573137046135,624.1184440000325,10.525390625,0.6220762590000959,19232,false,dcb2c10e4ac97b1d1289825869826fdec84593f7,3d233e3d1d9d3c6c,true,2026-09-20T14:32:23+00:00
20260920T142128Z-gpu_h48,electricity_hourly,T201,transformer,deep,168,48,150008,134.56738356419035,171.22855588138574,1.8232690283443178,17.167347802632946,586.9890220001253,10.525390625,0.5848497580000185,19232,false,dcb2c10e4ac97b1d1289825869826fdec84593f7,3d233e3d1d9d3c6c,true,2026-09-20T14:32:23+00:00
20260920T142128Z-gpu_h48,electricity_hourly,T201,transformer,deep,168,48,150009,84.67437786681108,122.31234504608435,1.326203003352273,10.581741120778055,581.1734989997603,10.525390625,0.5792225729996971,19232,false,dcb2c10e4ac97b1d1289825869826fdec84593f7,3d233e3d1d9d3c6c,true,2026-09-20T14:32:23+00:00
20260920T142128Z-gpu_h48,electricity_hourly,T201,transformer,deep,168,48,150010,42.001149593057534,50.848382327203,0.9805715858301369,5.546859612412216,578.8803969999208,10.525390625,0.5769295929999316,19232,false,dcb2c10e4ac97b1d1289825869826fdec84593f7,3d233e3d1d9d3c6c,true,2026-09-20T14:32:23+00:00
20260920T142128Z-gpu_h48,electricity_hourly,T201,transformer,deep,168,48,150011,48.75688417482437,56.567267016274776,1.0696208594111378,7.285393203497691,576.2281960001019,10.525390625,0.5737799220000852,19232,false,dcb2c10e4ac97b1d1289825869826fdec84593f7,3d233e3d1d9d3c6c,true,2026-09-20T14:32:23+00:00
20260920T142128Z-gpu_h48,electricity_hourly,T201,transformer,deep,168,48,150012,48.66647324183399,61.21951628183725,1.3515857563788032,6.516917342936115,577.42661400016,10.525390625,0.5753431629996157,19232,false,dcb2c10e4ac97b1d1289825869826fdec84593f7,3d233e3d1d9d3c6c,true,2026-09-20T14:32:23+00:00
20260920T142128Z-gpu_h48,electricity_hourly,T201,transformer,deep,168,48,150013,139.48904308301374,171.36508521111477,2.0510999901923803,19.4985064940863,575.8813389998068,10.525390625,0.57370336699978,19232,false,dcb2c10e4ac97b1d1289825869826fdec84593f7,3d233e3d1d9d3c6c,true,2026-09-20T14:32:23+00:00
20260920T142128Z-gpu_h48,electricity_hourly,T201,transformer,deep,168,48,150014,77.11175882061407,112.09862078112174,1.201871768607904,11.276464671733597,586.5908499999932,10.525390625,0.5843767799997295,19232,false,dcb2c10e4ac97b1d1289825869826fdec84593f7,3d233e3d1d9d3c6c,true,2026-09-20T14:32:23+00:00
20260920T142128Z-gpu_h48,electricity_hourly,T201,transformer,deep,168,48,150015,37.70680565578322,51.07458263613188,1.1457649323555146,6.111068281534824,606.7255349998959,10.525390625,0.6042387749998852,19232,false,dcb2c10e4ac97b1d1289825869826fdec84593f7,3d233e3d1d9d3c6c,true,2026-09-20T14:32:23+00:00
20260920T142128Z-gpu_h48,electricity_hourly,T201,transformer,deep,168,48,150016,110.45273000762931,149.29480068616726,2.764678102050864,18.639462032384493,577.3180230003163,10.525390625,0.5752076750000015,19232,false,dcb2c10e4ac97b1d1289825869826fdec84593f7,3d233e3d1d9d3c6c,true,2026-09-20T14:32:23+00:00
20260920T142128Z-gpu_h48,electricity_hourly,T201,transformer,deep,168,48,150017,59.62714498058318,83.2777318786955,1.5071632222580267,10.234674356460316,571.8204290001268,10.525390625,0.5697416949997205,19232,false,dcb2c10e4ac97b1d1289825869826fdec84593f7,3d233e3d1d9d3c6c,true,2026-09-20T14:32:23+00:00
20260920T142128Z-gpu_h48,electricity_hourly,T201,transformer,deep,168,48,150018,77.14786328733327,91.51374907958696,1.2800198540587613,12.434920057520234,563.4763100001692,10.525390625,0.5614742600000682,19232,false,dcb2c10e4ac97b1d1289825869826fdec84593f7,3d233e3d1d9d3c6c,true,2026-09-20T14:32:23+00:00
20260920T142128Z-gpu_h48,electricity_hourly,T201,transformer,deep,168,48,150019,74.93699760192001,101.16299858813609,1.8819197165462997,10.558574891202396,574.0545670000756,10.525390625,0.5719317450002563,19232,false,dcb2c10e4ac97b1d1289825869826fdec84593f7,3d233e3d1d9d3c6c,true,2026-09-20T14:32:23+00:00
20260920T142128Z-gpu_h48,electricity_hourly,T201,transformer,deep,168,48,150020,73.0327271254507,90.97093001297645,1.2750621612590811,11.316764611600698,618.607756000074,10.525390625,0.6165898939998442,19232,false,dcb2c10e4ac97b1d1289825869826fdec84593f7,3d233e3d1d9d3c6c,true,2026-09-20T14:32:23+00:00
20260920T142128Z-gpu_h48,electricity_hourly,T201,transformer,deep,168,48,150021,166.42185503844132,215.68084349665023,1.3518783282865432,22.517489627126373,588.6057920001804,10.525390625,0.5865849219999291,19232,false,dcb2c10e4ac97b1d1289825869826fdec84593f7,3d233e3d1d9d3c6c,true,2026-09-20T14:32:23+00:00
20260920T142128Z-gpu_h48,electricity_hourly,T201,timesfm25,tsfm,168,48,150000,26.736984252929688,33.78757032475564,0.4925323950904279,4.25307708858954,115.64524899995376,11.94287109375,,231289280,true,dcb2c10e4ac97b1d1289825869826fdec84593f7,3d233e3d1d9d3c6c,true,2026-09-20T14:32:30+00:00
20260920T142128Z-gpu_h48,electricity_hourly,T201,timesfm25,tsfm,168,48,150001,51.14721171061198,75.55010850073369,1.9417871042257118,7.896486742926403,120.54188000001886,11.94287109375,,231289280,true,dcb2c10e4ac97b1d1289825869826fdec84593f7,3d233e3d1d9d3c6c,true,2026-09-20T14:32:30+00:00
20260920T142128Z-gpu_h48,electricity_hourly,T201,timesfm25,tsfm,168,48,150002,33.60047403971354,39.22586124723078,0.8185532501638892,4.8643624548064315,120.17193000019688,11.94287109375,,231289280,true,dcb2c10e4ac97b1d1289825869826fdec84593f7,3d233e3d1d9d3c6c,true,2026-09-20T14:32:30+00:00
20260920T142128Z-gpu_h48,electricity_hourly,T201,timesfm25,tsfm,168,48,150003,21.03860855102539,29.98185875369134,0.7730440498463016,3.3604192769371384,117.47805699997116,11.94287109375,,231289280,true,dcb2c10e4ac97b1d1289825869826fdec84593f7,3d233e3d1d9d3c6c,true,2026-09-20T14:32:30+00:00
20260920T142128Z-gpu_h48,electricity_hourly,T201,timesfm25,tsfm,168,48,150004,26.861857096354168,40.0047736279128,0.6848632120883499,3.928854877227398,115.68722300035006,11.94287109375,,231289280,true,dcb2c10e4ac97b1d1289825869826fdec84593f7,3d233e3d1d9d3c6c,true,2026-09-20T14:32:30+00:00
20260920T142128Z-gpu_h48,electricity_hourly,T201,timesfm25,tsfm,168,48,150005,26.55291175842285,35.03918013483978,0.8442524383336035,3.7891223072392766,114.93505099997492,11.94287109375,,231289280,true,dcb2c10e4ac97b1d1289825869826fdec84593f7,3d233e3d1d9d3c6c,true,2026-09-20T14:32:30+00:00
20260920T142128Z-gpu_h48,electricity_hourly,T201,timesfm25,tsfm,168,48,150006,63.417938232421875,77.77126465327308,0.8197650902575179,8.28551845924048,115.84291899998789,11.94287109375,,231289280,true,dcb2c10e4ac97b1d1289825869826fdec84593f7,3d233e3d1d9d3c6c,true,2026-09-20T14:32:30+00:00
20260920T142128Z-gpu_h48,electricity_hourly,T201,timesfm25,tsfm,168,48,150007,70.83112907409668,85.62910987536539,1.0942691327829548,8.70738985519537,113.711899000009,11.94287109375,,231289280,true,dcb2c10e4ac97b1d1289825869826fdec84593f7,3d233e3d1d9d3c6c,true,2026-09-20T14:32:30+00:00
20260920T142128Z-gpu_h48,electricity_hourly,T201,timesfm25,tsfm,168,48,150008,61.81974411010742,79.16626102603468,0.8376028558388661,7.533765416972428,119.61009500009823,11.94287109375,,231289280,true,dcb2c10e4ac97b1d1289825869826fdec84593f7,3d233e3d1d9d3c6c,true,2026-09-20T14:32:30+00:00
20260920T142128Z-gpu_h48,electricity_hourly,T201,timesfm25,tsfm,168,48,150009,69.40581448872884,109.80593935954987,1.0870608316703234,8.16508290361988,118.0067809996217,11.94287109375,,231289280,true,dcb2c10e4ac97b1d1289825869826fdec84593f7,3d233e3d1d9d3c6c,true,2026-09-20T14:32:30+00:00
20260920T142128Z-gpu_h48,electricity_hourly,T201,timesfm25,tsfm,168,48,150010,31.884899775187176,40.13262499474439,0.7443945472806344,4.227732560886246,117.03097000008711,11.94287109375,,231289280,true,dcb2c10e4ac97b1d1289825869826fdec84593f7,3d233e3d1d9d3c6c,true,2026-09-20T14:32:30+00:00
20260920T142128Z-gpu_h48,electricity_hourly,T201,timesfm25,tsfm,168,48,150011,25.345205942789715,35.45466542351262,0.5560191431690613,3.7727546263447156,119.72937000018646,11.94287109375,,231289280,true,dcb2c10e4ac97b1d1289825869826fdec84593f7,3d233e3d1d9d3c6c,true,2026-09-20T14:32:30+00:00
20260920T142128Z-gpu_h48,electricity_hourly,T201,timesfm25,tsfm,168,48,150012,45.972817738850914,62.524462949291056,1.2767764232197747,6.010172998127374,117.37822600025538,11.94287109375,,231289280,true,dcb2c10e4ac97b1d1289825869826fdec84593f7,3d233e3d1d9d3c6c,true,2026-09-20T14:32:30+00:00
20260920T142128Z-gpu_h48,electricity_hourly,T201,timesfm25,tsfm,168,48,150013,27.824580510457356,35.70503309825512,0.40914322408923304,4.157830848734562,114.82146900016232,11.94287109375,,231289280,true,dcb2c10e4ac97b1d1289825869826fdec84593f7,3d233e3d1d9d3c6c,true,2026-09-20T14:32:30+00:00
20260920T142128Z-gpu_h48,electricity_hourly,T201,timesfm25,tsfm,168,48,150014,71.76509475708008,117.99921205716146,1.118538115057856,10.923146558389451,110.39320099962424,11.94287109375,,231289280,true,dcb2c10e4ac97b1d1289825869826fdec84593f7,3d233e3d1d9d3c6c,true,2026-09-20T14:32:30+00:00
20260920T142128Z-gpu_h48,electricity_hourly,T201,timesfm25,tsfm,168,48,150015,19.38508478800456,23.859794240031498,0.5890382379136224,2.906348014658398,118.99848100028976,11.94287109375,,231289280,true,dcb2c10e4ac97b1d1289825869826fdec84593f7,3d233e3d1d9d3c6c,true,2026-09-20T14:32:30+00:00
20260920T142128Z-gpu_h48,electricity_hourly,T201,timesfm25,tsfm,168,48,150016,49.67945671081543,63.47450889934672,1.2434976127859243,9.065034985867982,120.35542500007068,11.94287109375,,231289280,true,dcb2c10e4ac97b1d1289825869826fdec84593f7,3d233e3d1d9d3c6c,true,2026-09-20T14:32:30+00:00
20260920T142128Z-gpu_h48,electricity_hourly,T201,timesfm25,tsfm,168,48,150017,26.143516540527344,32.655759951545626,0.6608155839627765,4.215930563158159,120.41436500021518,11.94287109375,,231289280,true,dcb2c10e4ac97b1d1289825869826fdec84593f7,3d233e3d1d9d3c6c,true,2026-09-20T14:32:30+00:00
20260920T142128Z-gpu_h48,electricity_hourly,T201,timesfm25,tsfm,168,48,150018,20.19313367207845,25.794502811114604,0.3350398950085605,3.3320903693067443,118.58642300012434,11.94287109375,,231289280,true,dcb2c10e4ac97b1d1289825869826fdec84593f7,3d233e3d1d9d3c6c,true,2026-09-20T14:32:30+00:00
20260920T142128Z-gpu_h48,electricity_hourly,T201,timesfm25,tsfm,168,48,150019,46.20653406778971,96.78054707204238,1.1604012741126122,5.773349605142642,112.80216000022847,11.94287109375,,231289280,true,dcb2c10e4ac97b1d1289825869826fdec84593f7,3d233e3d1d9d3c6c,true,2026-09-20T14:32:30+00:00
20260920T142128Z-gpu_h48,electricity_hourly,T201,timesfm25,tsfm,168,48,150020,30.53544743855794,41.5276378047221,0.5331115944656091,4.809593578551479,109.3816469997364,11.94287109375,,231289280,true,dcb2c10e4ac97b1d1289825869826fdec84593f7,3d233e3d1d9d3c6c,true,2026-09-20T14:32:30+00:00
20260920T142128Z-gpu_h48,electricity_hourly,T201,timesfm25,tsfm,168,48,150021,132.67849731445312,203.7323230536635,1.077774220865417,16.07276673587741,120.24967000024844,11.94287109375,,231289280,true,dcb2c10e4ac97b1d1289825869826fdec84593f7,3d233e3d1d9d3c6c,true,2026-09-20T14:32:30+00:00
20260920T142128Z-gpu_h48,electricity_hourly,T201,chronos_bolt,tsfm,168,48,150000,26.029218673706055,31.878072651406868,0.47949436983672405,3.912579815612063,34.285690000160685,1.0751953125,,205292928,true,dcb2c10e4ac97b1d1289825869826fdec84593f7,3d233e3d1d9d3c6c,true,2026-09-20T14:32:35+00:00
20260920T142128Z-gpu_h48,electricity_hourly,T201,chronos_bolt,tsfm,168,48,150001,44.43412780761719,72.34727371264276,1.6869270773258305,6.890633798884441,37.441274000229896,1.0751953125,,205292928,true,dcb2c10e4ac97b1d1289825869826fdec84593f7,3d233e3d1d9d3c6c,true,2026-09-20T14:32:35+00:00
20260920T142128Z-gpu_h48,electricity_hourly,T201,chronos_bolt,tsfm,168,48,150002,28.282108942667644,37.09501690122673,0.6889906424875893,4.0781258300543834,35.878752000371605,1.0751953125,,205292928,true,dcb2c10e4ac97b1d1289825869826fdec84593f7,3d233e3d1d9d3c6c,true,2026-09-20T14:32:35+00:00
20260920T142128Z-gpu_h48,electricity_hourly,T201,chronos_bolt,tsfm,168,48,150003,22.271591186523438,31.270364085767874,0.8183488468638365,3.599237234715307,33.238565000374365,1.0751953125,,205292928,true,dcb2c10e4ac97b1d1289825869826fdec84593f7,3d233e3d1d9d3c6c,true,2026-09-20T14:32:35+00:00
20260920T142128Z-gpu_h48,electricity_hourly,T201,chronos_bolt,tsfm,168,48,150004,27.197595596313477,42.02997262847979,0.6934231171864625,3.9038680711782794,33.799134000219055,1.0751953125,,205292928,true,dcb2c10e4ac97b1d1289825869826fdec84593f7,3d233e3d1d9d3c6c,true,2026-09-20T14:32:35+00:00
20260920T142128Z-gpu_h48,electricity_hourly,T201,chronos_bolt,tsfm,168,48,150005,24.044833501180012,31.739973936317025,0.7645078437116188,3.447342915539774,35.65134300015416,1.0751953125,,205292928,true,dcb2c10e4ac97b1d1289825869826fdec84593f7,3d233e3d1d9d3c6c,true,2026-09-20T14:32:35+00:00
20260920T142128Z-gpu_h48,electricity_hourly,T201,chronos_bolt,tsfm,168,48,150006,46.36896578470866,58.17015947897317,0.5993833997305248,6.084752766802706,32.841977999851224,1.0751953125,,205292928,true,dcb2c10e4ac97b1d1289825869826fdec84593f7,3d233e3d1d9d3c6c,true,2026-09-20T14:32:35+00:00
20260920T142128Z-gpu_h48,electricity_hourly,T201,chronos_bolt,tsfm,168,48,150007,73.48849105834961,89.00159458988509,1.135322681300541,9.126030163678143,34.65356500009875,1.0751953125,,205292928,true,dcb2c10e4ac97b1d1289825869826fdec84593f7,3d233e3d1d9d3c6c,true,2026-09-20T14:32:35+00:00
20260920T142128Z-gpu_h48,electricity_hourly,T201,chronos_bolt,tsfm,168,48,150008,58.70456186930338,77.00695224920217,0.7953948917180736,7.2902560982225735,34.595143999922584,1.0751953125,,205292928,true,dcb2c10e4ac97b1d1289825869826fdec84593f7,3d233e3d1d9d3c6c,true,2026-09-20T14:32:35+00:00
20260920T142128Z-gpu_h48,electricity_hourly,T201,chronos_bolt,tsfm,168,48,150009,66.39705085754395,104.6987499345907,1.0399364067311647,7.506974120429688,37.30022800027655,1.0751953125,,205292928,true,dcb2c10e4ac97b1d1289825869826fdec84593f7,3d233e3d1d9d3c6c,true,2026-09-20T14:32:35+00:00
20260920T142128Z-gpu_h48,electricity_hourly,T201,chronos_bolt,tsfm,168,48,150010,26.509179433186848,29.76288878538374,0.6188913486347124,3.795045663014412,34.9197020000247,1.0751953125,,205292928,true,dcb2c10e4ac97b1d1289825869826fdec84593f7,3d233e3d1d9d3c6c,true,2026-09-20T14:32:35+00:00
20260920T142128Z-gpu_h48,electricity_hourly,T201,chronos_bolt,tsfm,168,48,150011,23.451602300008137,35.34548050893308,0.5144775641683687,3.3017355897092004,35.979749000034644,1.0751953125,,205292928,true,dcb2c10e4ac97b1d1289825869826fdec84593f7,3d233e3d1d9d3c6c,true,2026-09-20T14:32:35+00:00
20260920T142128Z-gpu_h48,electricity_hourly,T201,chronos_bolt,tsfm,168,48,150012,46.16656239827474,62.87348755474602,1.2821571813599928,6.080551396305631,37.26726100012456,1.0751953125,,205292928,true,dcb2c10e4ac97b1d1289825869826fdec84593f7,3d233e3d1d9d3c6c,true,2026-09-20T14:32:35+00:00
20260920T142128Z-gpu_h48,electricity_hourly,T201,chronos_bolt,tsfm,168,48,150013,26.048271814982098,35.253625096416464,0.3830237048256328,3.7130032053765007,35.57093099971098,1.0751953125,,205292928,true,dcb2c10e4ac97b1d1289825869826fdec84593f7,3d233e3d1d9d3c6c,true,2026-09-20T14:32:35+00:00
20260920T142128Z-gpu_h48,electricity_hourly,T201,chronos_bolt,tsfm,168,48,150014,70.30776913960774,121.13800975222028,1.0958240887653983,10.737827191321287,32.31212399987271,1.0751953125,,205292928,true,dcb2c10e4ac97b1d1289825869826fdec84593f7,3d233e3d1d9d3c6c,true,2026-09-20T14:32:35+00:00
20260920T142128Z-gpu_h48,electricity_hourly,T201,chronos_bolt,tsfm,168,48,150015,17.037487030029297,21.53116622039033,0.5177037628875751,2.4775088595488675,32.69813599990812,1.0751953125,,205292928,true,dcb2c10e4ac97b1d1289825869826fdec84593f7,3d233e3d1d9d3c6c,true,2026-09-20T14:32:35+00:00
20260920T142128Z-gpu_h48,electricity_hourly,T201,chronos_bolt,tsfm,168,48,150016,25.057490666707356,31.204646688061384,0.6271994882680096,4.033669622205576,31.720347999907972,1.0751953125,,205292928,true,dcb2c10e4ac97b1d1289825869826fdec84593f7,3d233e3d1d9d3c6c,true,2026-09-20T14:32:35+00:00
20260920T142128Z-gpu_h48,electricity_hourly,T201,chronos_bolt,tsfm,168,48,150017,23.28866132100423,28.72149937729452,0.5886549465024766,3.6691356444631444,33.70190499981618,1.0751953125,,205292928,true,dcb2c10e4ac97b1d1289825869826fdec84593f7,3d233e3d1d9d3c6c,true,2026-09-20T14:32:35+00:00
20260920T142128Z-gpu_h48,electricity_hourly,T201,chronos_bolt,tsfm,168,48,150018,21.504738489786785,27.331673201106522,0.35680174473203097,3.4558044017971,32.625032999931136,1.0751953125,,205292928,true,dcb2c10e4ac97b1d1289825869826fdec84593f7,3d233e3d1d9d3c6c,true,2026-09-20T14:32:35+00:00
20260920T142128Z-gpu_h48,electricity_hourly,T201,chronos_bolt,tsfm,168,48,150019,50.03168932596842,97.78881402854809,1.256463771004439,6.326005817049,31.74215600029129,1.0751953125,,205292928,true,dcb2c10e4ac97b1d1289825869826fdec84593f7,3d233e3d1d9d3c6c,true,2026-09-20T14:32:35+00:00
20260920T142128Z-gpu_h48,electricity_hourly,T201,chronos_bolt,tsfm,168,48,150020,33.1279411315918,45.126329940754005,0.5783733660219712,5.4627127967007105,31.0858670000016,1.0751953125,,205292928,true,dcb2c10e4ac97b1d1289825869826fdec84593f7,3d233e3d1d9d3c6c,true,2026-09-20T14:32:35+00:00
20260920T142128Z-gpu_h48,electricity_hourly,T201,chronos_bolt,tsfm,168,48,150021,123.85814030965169,200.4892062736105,1.006124680125788,14.471899916862716,33.81322499990347,1.0751953125,,205292928,true,dcb2c10e4ac97b1d1289825869826fdec84593f7,3d233e3d1d9d3c6c,true,2026-09-20T14:32:35+00:00
20260920T142128Z-gpu_h48,electricity_hourly,T215,lstm,deep,168,48,160000,45.772342116907005,60.420481405270635,1.4895406248213805,8.778342319653236,327.9932860000372,16.14599609375,0.31141495200017744,4513,false,dcb2c10e4ac97b1d1289825869826fdec84593f7,3d233e3d1d9d3c6c,true,2026-09-20T14:32:47+00:00
20260920T142128Z-gpu_h48,electricity_hourly,T215,lstm,deep,168,48,160001,93.55146432542631,115.03522383422094,2.987009060501417,14.828552708012596,339.70189700039555,16.10986328125,0.3218140889998722,4513,false,dcb2c10e4ac97b1d1289825869826fdec84593f7,3d233e3d1d9d3c6c,true,2026-09-20T14:32:47+00:00
20260920T142128Z-gpu_h48,electricity_hourly,T215,lstm,deep,168,48,160002,50.446906359552166,65.58952005570696,1.8679235062420962,8.28968741237043,341.45444700016014,16.10986328125,0.32428518200003964,4513,false,dcb2c10e4ac97b1d1289825869826fdec84593f7,3d233e3d1d9d3c6c,true,2026-09-20T14:32:47+00:00
20260920T142128Z-gpu_h48,electricity_hourly,T215,lstm,deep,168,48,160003,43.25791610633636,56.47444189809259,1.5886610352747859,7.911779728343005,352.06534400003875,16.10986328125,0.3347648229996594,4513,false,dcb2c10e4ac97b1d1289825869826fdec84593f7,3d233e3d1d9d3c6c,true,2026-09-20T14:32:47+00:00
20260920T142128Z-gpu_h48,electricity_hourly,T215,lstm,deep,168,48,160004,93.5286521957094,114.148666257808,2.934232225747746,13.879205609068526,340.1766669999233,16.10986328125,0.32311614600030225,4513,false,dcb2c10e4ac97b1d1289825869826fdec84593f7,3d233e3d1d9d3c6c,true,2026-09-20T14:32:47+00:00
20260920T142128Z-gpu_h48,electricity_hourly,T215,lstm,deep,168,48,160005,62.23700989066885,91.13557029405848,3.0013829284180558,10.423408292636504,341.2177270001848,16.10986328125,0.3235222419998536,4513,false,dcb2c10e4ac97b1d1289825869826fdec84593f7,3d233e3d1d9d3c6c,true,2026-09-20T14:32:47+00:00
20260920T142128Z-gpu_h48,electricity_hourly,T215,lstm,deep,168,48,160006,53.00660938434143,69.71048024578272,2.0055049267853824,8.585247840194432,327.67669400027444,16.10986328125,0.31040691800035347,4513,false,dcb2c10e4ac97b1d1289825869826fdec84593f7,3d233e3d1d9d3c6c,true,2026-09-20T14:32:47+00:00
20260920T142128Z-gpu_h48,electricity_hourly,T215,lstm,deep,168,48,160007,44.9229134030033,61.536215851900714,1.8653112831696872,8.23941680845691,326.4021049999428,16.10986328125,0.30989362199989046,4513,false,dcb2c10e4ac97b1d1289825869826fdec84593f7,3d233e3d1d9d3c6c,true,2026-09-20T14:32:47+00:00
20260920T142128Z-gpu_h48,electricity_hourly,T215,lstm,deep,168,48,160008,65.21166494131808,86.73973532309643,2.863824260917903,12.337400356244004,324.7091849998469,16.10986328125,0.3065368010002203,4513,false,dcb2c10e4ac97b1d1289825869826fdec84593f7,3d233e3d1d9d3c6c,true,2026-09-20T14:32:47+00:00
20260920T142128Z-gpu_h48,electricity_hourly,T215,lstm,deep,168,48,160009,59.38735817333097,73.03959321327997,1.5966728112321995,8.901239352775601,337.99892099978024,16.10986328125,0.32102960099973643,4513,false,dcb2c10e4ac97b1d1289825869826fdec84593f7,3d233e3d1d9d3c6c,true,2026-09-20T14:32:47+00:00
20260920T142128Z-gpu_h48,electricity_hourly,T215,lstm,deep,168,48,160010,38.57575833802071,49.01169796813537,1.7913283459126033,6.890588974171664,342.93967900021016,16.10986328125,0.32573272500030725,4513,false,dcb2c10e4ac97b1d1289825869826fdec84593f7,3d233e3d1d9d3c6c,true,2026-09-20T14:32:47+00:00
20260920T142128Z-gpu_h48,electricity_hourly,T215,lstm,deep,168,48,160011,40.847992520796055,49.05933436766714,1.9973211962630328,7.309812226704413,383.0592809999871,16.10986328125,0.3639135119997263,4513,false,dcb2c10e4ac97b1d1289825869826fdec84593f7,3d233e3d1d9d3c6c,true,2026-09-20T14:32:47+00:00
20260920T142128Z-gpu_h48,electricity_hourly,T215,lstm,deep,168,48,160012,83.00315507216757,115.05549570875304,3.258575335439512,15.762571522061933,366.01180000025124,16.10986328125,0.34849493599995185,4513,false,dcb2c10e4ac97b1d1289825869826fdec84593f7,3d233e3d1d9d3c6c,true,2026-09-20T14:32:47+00:00
20260920T142128Z-gpu_h48,electricity_hourly,T215,lstm,deep,168,48,160013,38.91735429074449,51.10970692868527,1.1830481355007825,8.07030951883906,344.4518880000942,16.10986328125,0.32677100199998677,4513,false,dcb2c10e4ac97b1d1289825869826fdec84593f7,3d233e3d1d9d3c6c,true,2026-09-20T14:32:47+00:00
20260920T142128Z-gpu_h48,electricity_hourly,T215,lstm,deep,168,48,160014,35.0640699945778,43.222481343378256,1.4348468539980685,6.214233328844959,329.4779089997064,16.10986328125,0.31218896699965626,4513,false,dcb2c10e4ac97b1d1289825869826fdec84593f7,3d233e3d1d9d3c6c,true,2026-09-20T14:32:47+00:00
20260920T142128Z-gpu_h48,electricity_hourly,T215,lstm,deep,168,48,160015,85.08544770408116,115.35195279670411,2.0238362189276,15.938433533360238,329.91317699998035,16.10986328125,0.3124986100001479,4513,false,dcb2c10e4ac97b1d1289825869826fdec84593f7,3d233e3d1d9d3c6c,true,2026-09-20T14:32:47+00:00
20260920T142128Z-gpu_h48,electricity_hourly,T215,lstm,deep,168,48,160016,61.5978038543521,91.6854285038581,1.8087446482517744,13.567393561057905,329.42744000001767,16.10986328125,0.31162682000012865,4513,false,dcb2c10e4ac97b1d1289825869826fdec84593f7,3d233e3d1d9d3c6c,true,2026-09-20T14:32:47+00:00
20260920T142128Z-gpu_h48,electricity_hourly,T215,lstm,deep,168,48,160017,95.31180199893265,112.38946428721138,2.683789497036821,18.005301049192752,363.03887599979134,16.10986328125,0.3444520449997981,4513,false,dcb2c10e4ac97b1d1289825869826fdec84593f7,3d233e3d1d9d3c6c,true,2026-09-20T14:32:47+00:00
20260920T142128Z-gpu_h48,electricity_hourly,T215,lstm,deep,168,48,160018,47.31307779179466,64.88722153372508,2.410004669974684,10.110902315515037,337.7830429999449,16.10986328125,0.31918009900027755,4513,false,dcb2c10e4ac97b1d1289825869826fdec84593f7,3d233e3d1d9d3c6c,true,2026-09-20T14:32:47+00:00
20260920T142128Z-gpu_h48,electricity_hourly,T215,lstm,deep,168,48,160019,27.75972565181355,37.929485446648464,1.391368080007362,6.08103118866084,343.63449599959495,16.10986328125,0.3267384010000569,4513,false,dcb2c10e4ac97b1d1289825869826fdec84593f7,3d233e3d1d9d3c6c,true,2026-09-20T14:32:47+00:00
20260920T142128Z-gpu_h48,electricity_hourly,T215,lstm,deep,168,48,160020,73.66467993555155,98.75903269310425,3.2252094590208036,14.408577806499814,339.761166000244,16.10986328125,0.3211253160002343,4513,false,dcb2c10e4ac97b1d1289825869826fdec84593f7,3d233e3d1d9d3c6c,true,2026-09-20T14:32:47+00:00
20260920T142128Z-gpu_h48,electricity_hourly,T215,lstm,deep,168,48,160021,53.17185874537936,73.1311371159837,0.815849510850786,11.060355614366687,347.78132600013123,16.10986328125,0.3297277310002755,4513,false,dcb2c10e4ac97b1d1289825869826fdec84593f7,3d233e3d1d9d3c6c,true,2026-09-20T14:32:47+00:00
20260920T142128Z-gpu_h48,electricity_hourly,T215,transformer,deep,168,48,160000,40.48464714116431,52.00213845122693,1.3174664832378893,7.552018512621489,584.8002949996953,10.6845703125,0.5828155559997867,19232,false,dcb2c10e4ac97b1d1289825869826fdec84593f7,3d233e3d1d9d3c6c,true,2026-09-20T14:33:05+00:00
20260920T142128Z-gpu_h48,electricity_hourly,T215,transformer,deep,168,48,160001,99.05024255745451,116.35034848407938,3.162579806712517,15.88712405211754,587.1597179998389,10.525390625,0.585170719999951,19232,false,dcb2c10e4ac97b1d1289825869826fdec84593f7,3d233e3d1d9d3c6c,true,2026-09-20T14:33:05+00:00
20260920T142128Z-gpu_h48,electricity_hourly,T215,transformer,deep,168,48,160002,45.36568763992947,59.08144535401445,1.6797786115067739,7.598460474145238,587.34117899985,10.525390625,0.5853559030001634,19232,false,dcb2c10e4ac97b1d1289825869826fdec84593f7,3d233e3d1d9d3c6c,true,2026-09-20T14:33:05+00:00
20260920T142128Z-gpu_h48,electricity_hourly,T215,transformer,deep,168,48,160003,31.75113757361767,38.704200207517545,1.1660708519767773,5.951213846377276,576.1491919997752,10.525390625,0.5740943179998794,19232,false,dcb2c10e4ac97b1d1289825869826fdec84593f7,3d233e3d1d9d3c6c,true,2026-09-20T14:33:05+00:00
20260920T142128Z-gpu_h48,electricity_hourly,T215,transformer,deep,168,48,160004,121.24881791180627,144.1522705485258,3.8038844835076477,20.11808599792846,597.487473000001,10.525390625,0.5949054330003491,19232,false,dcb2c10e4ac97b1d1289825869826fdec84593f7,3d233e3d1d9d3c6c,true,2026-09-20T14:33:05+00:00
20260920T142128Z-gpu_h48,electricity_hourly,T215,transformer,deep,168,48,160005,35.14011785521427,50.600441215118835,1.6946339488114048,5.966851707186564,589.238880999801,10.525390625,0.5872666359996401,19232,false,dcb2c10e4ac97b1d1289825869826fdec84593f7,3d233e3d1d9d3c6c,true,2026-09-20T14:33:05+00:00
20260920T142128Z-gpu_h48,electricity_hourly,T215,transformer,deep,168,48,160006,48.224380918678555,59.385601939179836,1.824569325352,7.682683247278008,593.9726740002698,10.525390625,0.5919273819999944,19232,false,dcb2c10e4ac97b1d1289825869826fdec84593f7,3d233e3d1d9d3c6c,true,2026-09-20T14:33:05+00:00
20260920T142128Z-gpu_h48,electricity_hourly,T215,transformer,deep,168,48,160007,48.603779813633174,56.613612244621955,2.0181500268636614,8.035399168596875,600.6230540001525,10.525390625,0.5985132270002396,19232,false,dcb2c10e4ac97b1d1289825869826fdec84593f7,3d233e3d1d9d3c6c,true,2026-09-20T14:33:05+00:00
20260920T142128Z-gpu_h48,electricity_hourly,T215,transformer,deep,168,48,160008,69.9990628739518,90.20595938557453,3.074066805077481,13.68382355062328,593.6963359999936,10.525390625,0.5915920549996372,19232,false,dcb2c10e4ac97b1d1289825869826fdec84593f7,3d233e3d1d9d3c6c,true,2026-09-20T14:33:05+00:00
20260920T142128Z-gpu_h48,electricity_hourly,T215,transformer,deep,168,48,160009,77.9785760262314,88.50191924723437,2.096511379346027,12.69008947599306,591.9786430004024,10.525390625,0.5899611980003101,19232,false,dcb2c10e4ac97b1d1289825869826fdec84593f7,3d233e3d1d9d3c6c,true,2026-09-20T14:33:05+00:00
20260920T142128Z-gpu_h48,electricity_hourly,T215,transformer,deep,168,48,160010,27.804080629127807,35.48198544806705,1.2911278976441163,4.91654382208869,588.1149370002277,10.525390625,0.5859666060000563,19232,false,dcb2c10e4ac97b1d1289825869826fdec84593f7,3d233e3d1d9d3c6c,true,2026-09-20T14:33:05+00:00
20260920T142128Z-gpu_h48,electricity_hourly,T215,transformer,deep,168,48,160011,42.78002184273486,50.114966669167146,2.091790541716068,7.799284339549241,593.1753290001325,10.525390625,0.5910624600001029,19232,false,dcb2c10e4ac97b1d1289825869826fdec84593f7,3d233e3d1d9d3c6c,true,2026-09-20T14:33:05+00:00
20260920T142128Z-gpu_h48,electricity_hourly,T215,transformer,deep,168,48,160012,39.868900236665326,48.939225113104925,1.565191285190787,7.355768078489117,631.2176940000427,10.525390625,0.6292036250001729,19232,false,dcb2c10e4ac97b1d1289825869826fdec84593f7,3d233e3d1d9d3c6c,true,2026-09-20T14:33:05+00:00
20260920T142128Z-gpu_h48,electricity_hourly,T215,transformer,deep,168,48,160013,31.34713851603099,39.33238349602489,0.9529212468457805,6.100231064816744,580.5998780001573,10.525390625,0.5785268530003123,19232,false,dcb2c10e4ac97b1d1289825869826fdec84593f7,3d233e3d1d9d3c6c,true,2026-09-20T14:33:05+00:00
20260920T142128Z-gpu_h48,electricity_hourly,T215,transformer,deep,168,48,160014,80.50170477463165,103.01682465440177,3.294187407657561,15.85996318170119,586.286409999957,10.525390625,0.5842843919999723,19232,false,dcb2c10e4ac97b1d1289825869826fdec84593f7,3d233e3d1d9d3c6c,true,2026-09-20T14:33:05+00:00
20260920T142128Z-gpu_h48,electricity_hourly,T215,transformer,deep,168,48,160015,54.124988718527334,68.99705599366212,1.2874130121354372,10.585738074416334,580.5411689998436,10.525390625,0.5785534149999876,19232,false,dcb2c10e4ac97b1d1289825869826fdec84593f7,3d233e3d1d9d3c6c,true,2026-09-20T14:33:05+00:00
20260920T142128Z-gpu_h48,electricity_hourly,T215,transformer,deep,168,48,160016,38.31750277136161,51.284160644180645,1.1251469003009933,8.585555566496804,583.3371120002084,10.525390625,0.5812431000003926,19232,false,dcb2c10e4ac97b1d1289825869826fdec84593f7,3d233e3d1d9d3c6c,true,2026-09-20T14:33:05+00:00
20260920T142128Z-gpu_h48,electricity_hourly,T215,transformer,deep,168,48,160017,69.16360669701396,83.0311325818091,1.9475086750821298,12.576193169621497,581.482959999903,10.525390625,0.5793690900000001,19232,false,dcb2c10e4ac97b1d1289825869826fdec84593f7,3d233e3d1d9d3c6c,true,2026-09-20T14:33:05+00:00
20260920T142128Z-gpu_h48,electricity_hourly,T215,transformer,deep,168,48,160018,28.18304474160256,36.90830778975395,1.4355707261375201,6.394547660905914,646.4405450001323,10.525390625,0.6427843440001197,19232,false,dcb2c10e4ac97b1d1289825869826fdec84593f7,3d233e3d1d9d3c6c,true,2026-09-20T14:33:05+00:00
20260920T142128Z-gpu_h48,electricity_hourly,T215,transformer,deep,168,48,160019,28.00484286760666,36.98073638564729,1.4036538019266824,6.211662218530969,590.0737769998159,10.525390625,0.5879768859999785,19232,false,dcb2c10e4ac97b1d1289825869826fdec84593f7,3d233e3d1d9d3c6c,true,2026-09-20T14:33:05+00:00
20260920T142128Z-gpu_h48,electricity_hourly,T215,transformer,deep,168,48,160020,60.281858382705366,81.1687389556385,2.6392786886924817,11.92257970066722,576.9610590000411,10.525390625,0.5749120000000403,19232,false,dcb2c10e4ac97b1d1289825869826fdec84593f7,3d233e3d1d9d3c6c,true,2026-09-20T14:33:05+00:00
20260920T142128Z-gpu_h48,electricity_hourly,T215,transformer,deep,168,48,160021,39.4400879015409,51.58907627337644,0.6051542522985497,8.50494431735744,586.1238940001385,10.525390625,0.5841459680000298,19232,false,dcb2c10e4ac97b1d1289825869826fdec84593f7,3d233e3d1d9d3c6c,true,2026-09-20T14:33:05+00:00
20260920T142128Z-gpu_h48,electricity_hourly,T215,timesfm25,tsfm,168,48,160000,38.75964673360189,52.51278335540639,1.2613308767545022,7.109022758248977,118.01139499993951,11.94287109375,,231289280,true,dcb2c10e4ac97b1d1289825869826fdec84593f7,3d233e3d1d9d3c6c,true,2026-09-20T14:33:11+00:00
20260920T142128Z-gpu_h48,electricity_hourly,T215,timesfm25,tsfm,168,48,160001,77.54234059651692,91.05936816164784,2.4758530035251525,12.06074721558955,117.93631699993057,11.94287109375,,231289280,true,dcb2c10e4ac97b1d1289825869826fdec84593f7,3d233e3d1d9d3c6c,true,2026-09-20T14:33:11+00:00
20260920T142128Z-gpu_h48,electricity_hourly,T215,timesfm25,tsfm,168,48,160002,36.86330540974935,46.92484466291524,1.364956538699899,5.780864668135649,121.57147600009921,11.94287109375,,231289280,true,dcb2c10e4ac97b1d1289825869826fdec84593f7,3d233e3d1d9d3c6c,true,2026-09-20T14:33:11+00:00
20260920T142128Z-gpu_h48,electricity_hourly,T215,timesfm25,tsfm,168,48,160003,23.112205505371094,26.506983508176884,0.8488032626303079,4.262314901104868,120.48166099975788,11.94287109375,,231289280,true,dcb2c10e4ac97b1d1289825869826fdec84593f7,3d233e3d1d9d3c6c,true,2026-09-20T14:33:11+00:00
20260920T142128Z-gpu_h48,electricity_hourly,T215,timesfm25,tsfm,168,48,160004,53.758591969807945,68.43987447394407,1.6865440617978964,7.71828722292333,117.62390800004141,11.94287109375,,231289280,true,dcb2c10e4ac97b1d1289825869826fdec84593f7,3d233e3d1d9d3c6c,true,2026-09-20T14:33:11+00:00
20260920T142128Z-gpu_h48,electricity_hourly,T215,timesfm25,tsfm,168,48,160005,25.52784601847331,30.077268535336138,1.231081656617601,4.379212602482183,120.62786299975414,11.94287109375,,231289280,true,dcb2c10e4ac97b1d1289825869826fdec84593f7,3d233e3d1d9d3c6c,true,2026-09-20T14:33:11+00:00
20260920T142128Z-gpu_h48,electricity_hourly,T215,timesfm25,tsfm,168,48,160006,18.220104853312176,24.55228412089004,0.6893576192530092,2.895242730102976,121.47067400019296,11.94287109375,,231289280,true,dcb2c10e4ac97b1d1289825869826fdec84593f7,3d233e3d1d9d3c6c,true,2026-09-20T14:33:11+00:00
20260920T142128Z-gpu_h48,electricity_hourly,T215,timesfm25,tsfm,168,48,160007,22.883384068806965,28.152202761460543,0.9501751170438879,3.9925462259007505,115.1719670001512,11.94287109375,,231289280,true,dcb2c10e4ac97b1d1289825869826fdec84593f7,3d233e3d1d9d3c6c,true,2026-09-20T14:33:11+00:00
20260920T142128Z-gpu_h48,electricity_hourly,T215,timesfm25,tsfm,168,48,160008,39.540225982666016,57.97144732770754,1.7364417631911884,8.538226612804463,118.94036300009247,11.94287109375,,231289280,true,dcb2c10e4ac97b1d1289825869826fdec84593f7,3d233e3d1d9d3c6c,true,2026-09-20T14:33:11+00:00
20260920T142128Z-gpu_h48,electricity_hourly,T215,timesfm25,tsfm,168,48,160009,30.811713536580402,36.15845728885438,0.8283955842545889,5.104877242519188,113.83937399978095,11.94287109375,,231289280,true,dcb2c10e4ac97b1d1289825869826fdec84593f7,3d233e3d1d9d3c6c,true,2026-09-20T14:33:11+00:00
20260920T142128Z-gpu_h48,electricity_hourly,T215,timesfm25,tsfm,168,48,160010,17.19352086385091,22.143592926017433,0.7984092242484783,2.960039140757569,120.45369099996606,11.94287109375,,231289280,true,dcb2c10e4ac97b1d1289825869826fdec84593f7,3d233e3d1d9d3c6c,true,2026-09-20T14:33:11+00:00
20260920T142128Z-gpu_h48,electricity_hourly,T215,timesfm25,tsfm,168,48,160011,25.552204132080078,32.995294959837324,1.2494116791237797,4.381669923067853,118.06775199966069,11.94287109375,,231289280,true,dcb2c10e4ac97b1d1289825869826fdec84593f7,3d233e3d1d9d3c6c,true,2026-09-20T14:33:11+00:00
20260920T142128Z-gpu_h48,electricity_hourly,T215,timesfm25,tsfm,168,48,160012,20.13152567545573,25.899830906914815,0.7903325237910647,3.5373846537619826,121.35061899971333,11.94287109375,,231289280,true,dcb2c10e4ac97b1d1289825869826fdec84593f7,3d233e3d1d9d3c6c,true,2026-09-20T14:33:11+00:00
20260920T142128Z-gpu_h48,electricity_hourly,T215,timesfm25,tsfm,168,48,160013,24.733513514200848,29.65971668276103,0.7518737483734266,5.094310706765701,110.7649739997214,11.94287109375,,231289280,true,dcb2c10e4ac97b1d1289825869826fdec84593f7,3d233e3d1d9d3c6c,true,2026-09-20T14:33:11+00:00
20260920T142128Z-gpu_h48,electricity_hourly,T215,timesfm25,tsfm,168,48,160014,20.923277537027996,24.90729645919412,0.8561955002364398,4.011902544128237,119.41511099985291,11.94287109375,,231289280,true,dcb2c10e4ac97b1d1289825869826fdec84593f7,3d233e3d1d9d3c6c,true,2026-09-20T14:33:11+00:00
20260920T142128Z-gpu_h48,electricity_hourly,T215,timesfm25,tsfm,168,48,160015,34.135040918986,38.25066301992736,0.8119335798371299,6.235329387672828,114.09392099994875,11.94287109375,,231289280,true,dcb2c10e4ac97b1d1289825869826fdec84593f7,3d233e3d1d9d3c6c,true,2026-09-20T14:33:11+00:00
20260920T142128Z-gpu_h48,electricity_hourly,T215,timesfm25,tsfm,168,48,160016,56.6987361907959,64.47355953216307,1.6648894803170085,12.654169608421832,118.377756999962,11.94287109375,,231289280,true,dcb2c10e4ac97b1d1289825869826fdec84593f7,3d233e3d1d9d3c6c,true,2026-09-20T14:33:11+00:00
20260920T142128Z-gpu_h48,electricity_hourly,T215,timesfm25,tsfm,168,48,160017,63.78521410624186,76.96357284475305,1.796063909131566,11.628553321598528,117.01540699959878,11.94287109375,,231289280,true,dcb2c10e4ac97b1d1289825869826fdec84593f7,3d233e3d1d9d3c6c,true,2026-09-20T14:33:11+00:00
20260920T142128Z-gpu_h48,electricity_hourly,T215,timesfm25,tsfm,168,48,160018,13.48191769917806,17.53830755085599,0.6867336924943901,2.899039572476288,119.99783200008096,11.94287109375,,231289280,true,dcb2c10e4ac97b1d1289825869826fdec84593f7,3d233e3d1d9d3c6c,true,2026-09-20T14:33:11+00:00
20260920T142128Z-gpu_h48,electricity_hourly,T215,timesfm25,tsfm,168,48,160019,17.51994450887044,22.792658046868823,0.8781315730168269,3.6874213881190387,118.34293300034915,11.94287109375,,231289280,true,dcb2c10e4ac97b1d1289825869826fdec84593f7,3d233e3d1d9d3c6c,true,2026-09-20T14:33:11+00:00
20260920T142128Z-gpu_h48,electricity_hourly,T215,timesfm25,tsfm,168,48,160020,18.6696834564209,26.942075174799708,0.8174017688429946,3.4423554585072993,118.78694100005305,11.94287109375,,231289280,true,dcb2c10e4ac97b1d1289825869826fdec84593f7,3d233e3d1d9d3c6c,true,2026-09-20T14:33:11+00:00
20260920T142128Z-gpu_h48,electricity_hourly,T215,timesfm25,tsfm,168,48,160021,33.88668950398763,44.69304502225823,0.5199449428422183,6.937953066891919,118.4740740000052,11.94287109375,,231289280,true,dcb2c10e4ac97b1d1289825869826fdec84593f7,3d233e3d1d9d3c6c,true,2026-09-20T14:33:11+00:00
20260920T142128Z-gpu_h48,electricity_hourly,T215,chronos_bolt,tsfm,168,48,160000,41.84431711832682,55.61565855504034,1.3617133706302964,7.484180212188036,35.11443399975178,1.0751953125,,205292928,true,dcb2c10e4ac97b1d1289825869826fdec84593f7,3d233e3d1d9d3c6c,true,2026-09-20T14:33:16+00:00
20260920T142128Z-gpu_h48,electricity_hourly,T215,chronos_bolt,tsfm,168,48,160001,52.76305834452311,62.95423166180713,1.6846741466987425,8.432813448642335,32.91780900008234,1.0751953125,,205292928,true,dcb2c10e4ac97b1d1289825869826fdec84593f7,3d233e3d1d9d3c6c,true,2026-09-20T14:33:16+00:00
20260920T142128Z-gpu_h48,electricity_hourly,T215,chronos_bolt,tsfm,168,48,160002,33.52239672342936,43.90333890664718,1.2412509972162067,5.138765963539541,35.76176999968084,1.0751953125,,205292928,true,dcb2c10e4ac97b1d1289825869826fdec84593f7,3d233e3d1d9d3c6c,true,2026-09-20T14:33:16+00:00
20260920T142128Z-gpu_h48,electricity_hourly,T215,chronos_bolt,tsfm,168,48,160003,26.523046493530273,30.195944070517506,0.9740675070309511,4.88897588243043,42.87242800000968,1.0751953125,,205292928,true,dcb2c10e4ac97b1d1289825869826fdec84593f7,3d233e3d1d9d3c6c,true,2026-09-20T14:33:16+00:00
20260920T142128Z-gpu_h48,electricity_hourly,T215,chronos_bolt,tsfm,168,48,160004,45.904924392700195,57.38007228815944,1.4401544907513786,7.37809440406469,35.54079500008811,1.0751953125,,205292928,true,dcb2c10e4ac97b1d1289825869826fdec84593f7,3d233e3d1d9d3c6c,true,2026-09-20T14:33:16+00:00
20260920T142128Z-gpu_h48,electricity_hourly,T215,chronos_bolt,tsfm,168,48,160005,26.660667419433594,31.375367360781535,1.285712025585545,4.350949548746944,35.44699399981255,1.0751953125,,205292928,true,dcb2c10e4ac97b1d1289825869826fdec84593f7,3d233e3d1d9d3c6c,true,2026-09-20T14:33:16+00:00
20260920T142128Z-gpu_h48,electricity_hourly,T215,chronos_bolt,tsfm,168,48,160006,17.288209915161133,25.58635324113274,0.6540993767165536,2.6092989940688103,34.54238600033932,1.0751953125,,205292928,true,dcb2c10e4ac97b1d1289825869826fdec84593f7,3d233e3d1d9d3c6c,true,2026-09-20T14:33:16+00:00
20260920T142128Z-gpu_h48,electricity_hourly,T215,chronos_bolt,tsfm,168,48,160007,21.42925516764323,26.087427630250314,0.8897960623242864,3.585967313682439,36.3031450001472,1.0751953125,,205292928,true,dcb2c10e4ac97b1d1289825869826fdec84593f7,3d233e3d1d9d3c6c,true,2026-09-20T14:33:16+00:00
20260920T142128Z-gpu_h48,electricity_hourly,T215,chronos_bolt,tsfm,168,48,160008,29.209742228190105,41.17854950024528,1.282770015510636,6.198687189240194,34.1389920004076,1.0751953125,,205292928,true,dcb2c10e4ac97b1d1289825869826fdec84593f7,3d233e3d1d9d3c6c,true,2026-09-20T14:33:16+00:00
20260920T142128Z-gpu_h48,electricity_hourly,T215,chronos_bolt,tsfm,168,48,160009,21.384780248006184,27.076346343543815,0.5749455481166711,3.657056907674847,34.42759199970169,1.0751953125,,205292928,true,dcb2c10e4ac97b1d1289825869826fdec84593f7,3d233e3d1d9d3c6c,true,2026-09-20T14:33:16+00:00
20260920T142128Z-gpu_h48,electricity_hourly,T215,chronos_bolt,tsfm,168,48,160010,17.025082270304363,20.94605358837258,0.7905875030389643,2.8938521866572056,32.940043000053265,1.0751953125,,205292928,true,dcb2c10e4ac97b1d1289825869826fdec84593f7,3d233e3d1d9d3c6c,true,2026-09-20T14:33:16+00:00
20260920T142128Z-gpu_h48,electricity_hourly,T215,chronos_bolt,tsfm,168,48,160011,27.04633903503418,35.045467152725905,1.322469548741909,4.695183668237224,33.47474099973624,1.0751953125,,205292928,true,dcb2c10e4ac97b1d1289825869826fdec84593f7,3d233e3d1d9d3c6c,true,2026-09-20T14:33:16+00:00
20260920T142128Z-gpu_h48,electricity_hourly,T215,chronos_bolt,tsfm,168,48,160012,15.921881993611654,21.03262650120107,0.6250684315921696,2.753749173800722,35.262307000266446,1.0751953125,,205292928,true,dcb2c10e4ac97b1d1289825869826fdec84593f7,3d233e3d1d9d3c6c,true,2026-09-20T14:33:16+00:00
20260920T142128Z-gpu_h48,electricity_hourly,T215,chronos_bolt,tsfm,168,48,160013,24.918121973673504,30.20853600709065,0.7574856584777252,5.075854346811396,37.859931999719265,1.0751953125,,205292928,true,dcb2c10e4ac97b1d1289825869826fdec84593f7,3d233e3d1d9d3c6c,true,2026-09-20T14:33:16+00:00
20260920T142128Z-gpu_h48,electricity_hourly,T215,chronos_bolt,tsfm,168,48,160014,19.113014856974285,23.313211576050357,0.7821182550168505,3.5868603273351387,32.3799699999654,1.0751953125,,205292928,true,dcb2c10e4ac97b1d1289825869826fdec84593f7,3d233e3d1d9d3c6c,true,2026-09-20T14:33:16+00:00
20260920T142128Z-gpu_h48,electricity_hourly,T215,chronos_bolt,tsfm,168,48,160015,29.232648213704426,35.20456448782572,0.6953256264904918,5.026529062317109,33.158386000195605,1.0751953125,,205292928,true,dcb2c10e4ac97b1d1289825869826fdec84593f7,3d233e3d1d9d3c6c,true,2026-09-20T14:33:16+00:00
20260920T142128Z-gpu_h48,electricity_hourly,T215,chronos_bolt,tsfm,168,48,160016,19.312231063842773,25.274241438425918,0.5670801943705871,3.9413833760629506,35.728657000163366,1.0751953125,,205292928,true,dcb2c10e4ac97b1d1289825869826fdec84593f7,3d233e3d1d9d3c6c,true,2026-09-20T14:33:16+00:00
20260920T142128Z-gpu_h48,electricity_hourly,T215,chronos_bolt,tsfm,168,48,160017,61.54551442464193,74.90685260349699,1.73299845075253,11.258538828073927,35.96226499985278,1.0751953125,,205292928,true,dcb2c10e4ac97b1d1289825869826fdec84593f7,3d233e3d1d9d3c6c,true,2026-09-20T14:33:16+00:00
20260920T142128Z-gpu_h48,electricity_hourly,T215,chronos_bolt,tsfm,168,48,160018,13.184326171875,16.937346033808225,0.6715751569685179,2.887213745407564,36.17125399978249,1.0751953125,,205292928,true,dcb2c10e4ac97b1d1289825869826fdec84593f7,3d233e3d1d9d3c6c,true,2026-09-20T14:33:16+00:00
20260920T142128Z-gpu_h48,electricity_hourly,T215,chronos_bolt,tsfm,168,48,160019,18.433303197224934,23.59279145266332,0.9239107763314969,3.8657482167779778,31.888868999885744,1.0751953125,,205292928,true,dcb2c10e4ac97b1d1289825869826fdec84593f7,3d233e3d1d9d3c6c,true,2026-09-20T14:33:16+00:00
20260920T142128Z-gpu_h48,electricity_hourly,T215,chronos_bolt,tsfm,168,48,160020,20.236195246378582,27.572890711229682,0.8859872652716679,3.81497759145279,32.431725000151346,1.0751953125,,205292928,true,dcb2c10e4ac97b1d1289825869826fdec84593f7,3d233e3d1d9d3c6c,true,2026-09-20T14:33:16+00:00
20260920T142128Z-gpu_h48,electricity_hourly,T215,chronos_bolt,tsfm,168,48,160021,25.742387135823567,30.880287592275113,0.3949817525368773,5.4429715424303895,34.19680499973765,1.0751953125,,205292928,true,dcb2c10e4ac97b1d1289825869826fdec84593f7,3d233e3d1d9d3c6c,true,2026-09-20T14:33:16+00:00
20260920T142128Z-gpu_h48,electricity_hourly,T228,lstm,deep,168,48,170000,41.69962403758212,54.352978014446364,2.4650024061624896,17.884889338341083,332.96805500003757,16.14599609375,0.3166562999999769,4513,false,dcb2c10e4ac97b1d1289825869826fdec84593f7,3d233e3d1d9d3c6c,true,2026-09-20T14:33:28+00:00
20260920T142128Z-gpu_h48,electricity_hourly,T228,lstm,deep,168,48,170001,68.62359599893438,86.52015713323873,3.552048103467488,28.963587849406675,360.91660500005673,16.10986328125,0.3430054780001228,4513,false,dcb2c10e4ac97b1d1289825869826fdec84593f7,3d233e3d1d9d3c6c,true,2026-09-20T14:33:28+00:00
20260920T142128Z-gpu_h48,electricity_hourly,T228,lstm,deep,168,48,170002,48.25912849448529,70.72523133502222,3.653687961727593,20.284666158244345,340.49752500004615,16.10986328125,0.32371706200001427,4513,false,dcb2c10e4ac97b1d1289825869826fdec84593f7,3d233e3d1d9d3c6c,true,2026-09-20T14:33:28+00:00
20260920T142128Z-gpu_h48,electricity_hourly,T228,lstm,deep,168,48,170003,35.475439104777564,57.479480971319,3.08295910144114,14.939754984218057,359.1387440001199,16.10986328125,0.34037238300015815,4513,false,dcb2c10e4ac97b1d1289825869826fdec84593f7,3d233e3d1d9d3c6c,true,2026-09-20T14:33:28+00:00
20260920T142128Z-gpu_h48,electricity_hourly,T228,lstm,deep,168,48,170004,68.87179097912042,90.74277658241263,4.9687063632231165,28.58358425232781,326.0455310000907,16.10986328125,0.3090697160000673,4513,false,dcb2c10e4ac97b1d1289825869826fdec84593f7,3d233e3d1d9d3c6c,true,2026-09-20T14:33:28+00:00
20260920T142128Z-gpu_h48,electricity_hourly,T228,lstm,deep,168,48,170005,24.433092747645485,33.85375513675804,1.4215617598630101,11.049308143544927,372.06840199996805,16.10986328125,0.3534477429998333,4513,false,dcb2c10e4ac97b1d1289825869826fdec84593f7,3d233e3d1d9d3c6c,true,2026-09-20T14:33:28+00:00
20260920T142128Z-gpu_h48,electricity_hourly,T228,lstm,deep,168,48,170006,66.09900238224009,87.51110233666844,4.196762056015244,26.37374467552708,342.2170270000606,16.10986328125,0.3249278550001691,4513,false,dcb2c10e4ac97b1d1289825869826fdec84593f7,3d233e3d1d9d3c6c,true,2026-09-20T14:33:28+00:00
20260920T142128Z-gpu_h48,electricity_hourly,T228,lstm,deep,168,48,170007,26.343327510039412,30.304846590562835,1.8361273772728341,10.296304845847944,345.2134170001955,16.10986328125,0.3279849750001631,4513,false,dcb2c10e4ac97b1d1289825869826fdec84593f7,3d233e3d1d9d3c6c,true,2026-09-20T14:33:28+00:00
20260920T142128Z-gpu_h48,electricity_hourly,T228,lstm,deep,168,48,170008,64.72705783080106,90.05981209495738,3.235229547947016,26.755549387711362,338.3085300001767,16.10986328125,0.3205564869999762,4513,false,dcb2c10e4ac97b1d1289825869826fdec84593f7,3d233e3d1d9d3c6c,true,2026-09-20T14:33:28+00:00
20260920T142128Z-gpu_h48,electricity_hourly,T228,lstm,deep,168,48,170009,17.244968032257542,22.47548152626648,1.0759425462067096,6.969580990443723,340.7429039998533,16.10986328125,0.32333889499977886,4513,false,dcb2c10e4ac97b1d1289825869826fdec84593f7,3d233e3d1d9d3c6c,true,2026-09-20T14:33:28+00:00
20260920T142128Z-gpu_h48,electricity_hourly,T228,lstm,deep,168,48,170010,16.87062883549406,22.127917667057158,1.2574381740740914,6.9706101086448,376.6472430002068,16.10986328125,0.35989908500005185,4513,false,dcb2c10e4ac97b1d1289825869826fdec84593f7,3d233e3d1d9d3c6c,true,2026-09-20T14:33:28+00:00
20260920T142128Z-gpu_h48,electricity_hourly,T228,lstm,deep,168,48,170011,26.39411275387617,36.66085549198219,1.9391593043664124,12.079786529948054,346.9720360003521,16.10986328125,0.3295927570002277,4513,false,dcb2c10e4ac97b1d1289825869826fdec84593f7,3d233e3d1d9d3c6c,true,2026-09-20T14:33:28+00:00
20260920T142128Z-gpu_h48,electricity_hourly,T228,lstm,deep,168,48,170012,72.44929584500579,94.0914423761803,4.173079440672334,30.17331160950733,343.9319799999794,16.10986328125,0.3268251010003951,4513,false,dcb2c10e4ac97b1d1289825869826fdec84593f7,3d233e3d1d9d3c6c,true,2026-09-20T14:33:28+00:00
20260920T142128Z-gpu_h48,electricity_hourly,T228,lstm,deep,168,48,170013,52.06799038716387,75.65902225483532,2.072357826354781,23.164673779855615,338.9573310000742,16.10986328125,0.3219841299996915,4513,false,dcb2c10e4ac97b1d1289825869826fdec84593f7,3d233e3d1d9d3c6c,true,2026-09-20T14:33:28+00:00
20260920T142128Z-gpu_h48,electricity_hourly,T228,lstm,deep,168,48,170014,22.887929824822134,34.47245380691487,1.0604446250882842,9.742427177271455,337.7208899996731,16.10986328125,0.3203181899998526,4513,false,dcb2c10e4ac97b1d1289825869826fdec84593f7,3d233e3d1d9d3c6c,true,2026-09-20T14:33:28+00:00
20260920T142128Z-gpu_h48,electricity_hourly,T228,lstm,deep,168,48,170015,26.291772761209277,35.056280834320525,1.1486696837421528,11.16213355654473,354.9349249997249,16.10986328125,0.3370028750000529,4513,false,dcb2c10e4ac97b1d1289825869826fdec84593f7,3d233e3d1d9d3c6c,true,2026-09-20T14:33:28+00:00
20260920T142128Z-gpu_h48,electricity_hourly,T228,lstm,deep,168,48,170016,44.67391288910769,67.67502678212502,3.321137561193344,21.005083591324016,340.3138600001512,16.10986328125,0.3232995909997953,4513,false,dcb2c10e4ac97b1d1289825869826fdec84593f7,3d233e3d1d9d3c6c,true,2026-09-20T14:33:28+00:00
20260920T142128Z-gpu_h48,electricity_hourly,T228,lstm,deep,168,48,170017,26.34847246589827,41.89162851742218,2.2410986621909927,11.891353689651444,346.91544899988,16.10986328125,0.3297094439999455,4513,false,dcb2c10e4ac97b1d1289825869826fdec84593f7,3d233e3d1d9d3c6c,true,2026-09-20T14:33:28+00:00
20260920T142128Z-gpu_h48,electricity_hourly,T228,lstm,deep,168,48,170018,59.3997689307349,80.6994622309726,4.025207871070977,26.570268660240632,345.44235099974685,16.10986328125,0.328534548999869,4513,false,dcb2c10e4ac97b1d1289825869826fdec84593f7,3d233e3d1d9d3c6c,true,2026-09-20T14:33:28+00:00
20260920T142128Z-gpu_h48,electricity_hourly,T228,lstm,deep,168,48,170019,28.94515076560462,38.689536383766914,2.3522018680852512,12.456011006984717,358.60484100021495,16.10986328125,0.3416135289999147,4513,false,dcb2c10e4ac97b1d1289825869826fdec84593f7,3d233e3d1d9d3c6c,true,2026-09-20T14:33:28+00:00
20260920T142128Z-gpu_h48,electricity_hourly,T228,lstm,deep,168,48,170020,77.84839349644189,95.07187831565221,6.122429635984506,34.761998316808615,341.73631300018315,16.10986328125,0.3250926989999243,4513,false,dcb2c10e4ac97b1d1289825869826fdec84593f7,3d233e3d1d9d3c6c,true,2026-09-20T14:33:28+00:00
20260920T142128Z-gpu_h48,electricity_hourly,T228,lstm,deep,168,48,170021,50.12695965021072,68.66984466452297,1.0409982967450742,23.162484238806798,338.1561910000528,16.10986328125,0.3207930450003005,4513,false,dcb2c10e4ac97b1d1289825869826fdec84593f7,3d233e3d1d9d3c6c,true,2026-09-20T14:33:28+00:00
20260920T142128Z-gpu_h48,electricity_hourly,T228,transformer,deep,168,48,170000,32.9626613806011,42.403191887641945,1.948531707227651,15.399538977517343,570.837961000052,10.6845703125,0.5689630960000613,19232,false,dcb2c10e4ac97b1d1289825869826fdec84593f7,3d233e3d1d9d3c6c,true,2026-09-20T14:33:46+00:00
20260920T142128Z-gpu_h48,electricity_hourly,T228,transformer,deep,168,48,170001,24.03059991346583,32.20081140674005,1.2438556389428757,10.326942679494115,585.3251359999376,10.525390625,0.5832849899998109,19232,false,dcb2c10e4ac97b1d1289825869826fdec84593f7,3d233e3d1d9d3c6c,true,2026-09-20T14:33:46+00:00
20260920T142128Z-gpu_h48,electricity_hourly,T228,transformer,deep,168,48,170002,24.760131550125987,32.70618300792791,1.874584092123103,11.813805356050526,580.1407839999229,10.525390625,0.5779155480004192,19232,false,dcb2c10e4ac97b1d1289825869826fdec84593f7,3d233e3d1d9d3c6c,true,2026-09-20T14:33:46+00:00
20260920T142128Z-gpu_h48,electricity_hourly,T228,transformer,deep,168,48,170003,21.346526927822623,30.31481308144755,1.8550995036852491,9.538139562066657,578.2264600002236,10.525390625,0.5760489270001017,19232,false,dcb2c10e4ac97b1d1289825869826fdec84593f7,3d233e3d1d9d3c6c,true,2026-09-20T14:33:46+00:00
20260920T142128Z-gpu_h48,electricity_hourly,T228,transformer,deep,168,48,170004,23.53984119262772,31.60551401198048,1.6982650960613184,9.956633161689474,624.4210039999416,10.525390625,0.6224421619999703,19232,false,dcb2c10e4ac97b1d1289825869826fdec84593f7,3d233e3d1d9d3c6c,true,2026-09-20T14:33:46+00:00
20260920T142128Z-gpu_h48,electricity_hourly,T228,transformer,deep,168,48,170005,29.428130199208606,40.77113255647362,1.712182120681228,11.95284607145175,590.0220120001904,10.525390625,0.5878504590000375,19232,false,dcb2c10e4ac97b1d1289825869826fdec84593f7,3d233e3d1d9d3c6c,true,2026-09-20T14:33:46+00:00
20260920T142128Z-gpu_h48,electricity_hourly,T228,transformer,deep,168,48,170006,20.114280418195595,25.942937811031186,1.2770971694092441,8.59746293875931,594.7956830000294,10.525390625,0.5927687190001052,19232,false,dcb2c10e4ac97b1d1289825869826fdec84593f7,3d233e3d1d9d3c6c,true,2026-09-20T14:33:46+00:00
20260920T142128Z-gpu_h48,electricity_hourly,T228,transformer,deep,168,48,170007,29.875141577775693,37.30076541091954,2.082294475895305,11.527973515959882,584.6654150000177,10.525390625,0.5824897109996527,19232,false,dcb2c10e4ac97b1d1289825869826fdec84593f7,3d233e3d1d9d3c6c,true,2026-09-20T14:33:46+00:00
20260920T142128Z-gpu_h48,electricity_hourly,T228,transformer,deep,168,48,170008,29.62835761020735,44.67201143960978,1.4809036778444493,12.823296338979556,577.9658189999282,10.525390625,0.5759601049999219,19232,false,dcb2c10e4ac97b1d1289825869826fdec84593f7,3d233e3d1d9d3c6c,true,2026-09-20T14:33:46+00:00
20260920T142128Z-gpu_h48,electricity_hourly,T228,transformer,deep,168,48,170009,23.809949617530453,30.696769360195127,1.4855427837627317,10.427531213913129,586.5982489999624,10.525390625,0.5846286209998652,19232,false,dcb2c10e4ac97b1d1289825869826fdec84593f7,3d233e3d1d9d3c6c,true,2026-09-20T14:33:46+00:00
20260920T142128Z-gpu_h48,electricity_hourly,T228,transformer,deep,168,48,170010,19.29438110494796,25.146515089112984,1.4380905171389784,7.824863722873353,593.550795000283,10.525390625,0.5915796139997838,19232,false,dcb2c10e4ac97b1d1289825869826fdec84593f7,3d233e3d1d9d3c6c,true,2026-09-20T14:33:46+00:00
20260920T142128Z-gpu_h48,electricity_hourly,T228,transformer,deep,168,48,170011,29.8038348169999,42.96047919979076,2.1896694967591763,13.470825542838227,590.9219150003082,10.525390625,0.5887959400001819,19232,false,dcb2c10e4ac97b1d1289825869826fdec84593f7,3d233e3d1d9d3c6c,true,2026-09-20T14:33:46+00:00
20260920T142128Z-gpu_h48,electricity_hourly,T228,transformer,deep,168,48,170012,19.943227641447013,29.77068381939672,1.148729912147348,8.727963837099177,588.5882829998081,10.525390625,0.5864037069995902,19232,false,dcb2c10e4ac97b1d1289825869826fdec84593f7,3d233e3d1d9d3c6c,true,2026-09-20T14:33:46+00:00
20260920T142128Z-gpu_h48,electricity_hourly,T228,transformer,deep,168,48,170013,39.96567595115415,56.0720362553779,1.5906736696976775,18.238128344175376,603.8782489999903,10.525390625,0.6016461409999465,19232,false,dcb2c10e4ac97b1d1289825869826fdec84593f7,3d233e3d1d9d3c6c,true,2026-09-20T14:33:46+00:00
20260920T142128Z-gpu_h48,electricity_hourly,T228,transformer,deep,168,48,170014,27.16608398471409,39.269177661102205,1.258660261840035,11.860614011206572,592.0533329999671,10.525390625,0.5899214330001996,19232,false,dcb2c10e4ac97b1d1289825869826fdec84593f7,3d233e3d1d9d3c6c,true,2026-09-20T14:33:46+00:00
20260920T142128Z-gpu_h48,electricity_hourly,T228,transformer,deep,168,48,170015,36.26265305612506,54.267675120266965,1.5842906675006094,15.863220464862241,582.5234899998577,10.525390625,0.580503241000315,19232,false,dcb2c10e4ac97b1d1289825869826fdec84593f7,3d233e3d1d9d3c6c,true,2026-09-20T14:33:46+00:00
20260920T142128Z-gpu_h48,electricity_hourly,T228,transformer,deep,168,48,170016,15.750422432060352,20.45654909972622,1.1709142128119208,7.79085432505384,584.5271079997474,10.525390625,0.5823520199996892,19232,false,dcb2c10e4ac97b1d1289825869826fdec84593f7,3d233e3d1d9d3c6c,true,2026-09-20T14:33:46+00:00
20260920T142128Z-gpu_h48,electricity_hourly,T228,transformer,deep,168,48,170017,17.112896116740732,21.84030902673341,1.4555564328474102,8.353642138089876,616.5440069999022,10.525390625,0.6145131040002525,19232,false,dcb2c10e4ac97b1d1289825869826fdec84593f7,3d233e3d1d9d3c6c,true,2026-09-20T14:33:46+00:00
20260920T142128Z-gpu_h48,electricity_hourly,T228,transformer,deep,168,48,170018,16.697080275629897,23.82970922854546,1.1314727339720965,7.615160330219727,593.9061119997859,10.525390625,0.5918935820000115,19232,false,dcb2c10e4ac97b1d1289825869826fdec84593f7,3d233e3d1d9d3c6c,true,2026-09-20T14:33:46+00:00
20260920T142128Z-gpu_h48,electricity_hourly,T228,transformer,deep,168,48,170019,16.187454929647192,19.470685794330453,1.3154590913483046,8.283478760149075,592.0290389999536,10.525390625,0.5898951959998158,19232,false,dcb2c10e4ac97b1d1289825869826fdec84593f7,3d233e3d1d9d3c6c,true,2026-09-20T14:33:46+00:00
20260920T142128Z-gpu_h48,electricity_hourly,T228,transformer,deep,168,48,170020,27.556494126542287,41.1805064759489,2.16719560580125,12.57385812151877,594.5381860001362,10.525390625,0.5924622060001639,19232,false,dcb2c10e4ac97b1d1289825869826fdec84593f7,3d233e3d1d9d3c6c,true,2026-09-20T14:33:46+00:00
20260920T142128Z-gpu_h48,electricity_hourly,T228,transformer,deep,168,48,170021,45.84732486544615,58.681079834587194,0.9521221200784893,22.44927313250715,622.0951280001827,10.525390625,0.6200671250003325,19232,false,dcb2c10e4ac97b1d1289825869826fdec84593f7,3d233e3d1d9d3c6c,true,2026-09-20T14:33:46+00:00
20260920T142128Z-gpu_h48,electricity_hourly,T228,timesfm25,tsfm,168,48,170000,22.587984720865887,30.118086983486986,1.3352503283270474,8.81765035610704,117.89364400010527,11.94287109375,,231289280,true,dcb2c10e4ac97b1d1289825869826fdec84593f7,3d233e3d1d9d3c6c,true,2026-09-20T14:33:53+00:00
20260920T142128Z-gpu_h48,electricity_hourly,T228,timesfm25,tsfm,168,48,170001,17.287275950113933,21.390181351914663,0.8948122706025905,6.671437794659217,121.08972499981974,11.94287109375,,231289280,true,dcb2c10e4ac97b1d1289825869826fdec84593f7,3d233e3d1d9d3c6c,true,2026-09-20T14:33:53+00:00
20260920T142128Z-gpu_h48,electricity_hourly,T228,timesfm25,tsfm,168,48,170002,19.16567579905192,26.57605210656024,1.4510290825780634,9.029932629113825,117.52190700008214,11.94287109375,,231289280,true,dcb2c10e4ac97b1d1289825869826fdec84593f7,3d233e3d1d9d3c6c,true,2026-09-20T14:33:53+00:00
20260920T142128Z-gpu_h48,electricity_hourly,T228,timesfm25,tsfm,168,48,170003,12.380682945251465,17.17464120835477,1.0759314086398375,5.130347670178334,114.85340899980656,11.94287109375,,231289280,true,dcb2c10e4ac97b1d1289825869826fdec84593f7,3d233e3d1d9d3c6c,true,2026-09-20T14:33:53+00:00
20260920T142128Z-gpu_h48,electricity_hourly,T228,timesfm25,tsfm,168,48,170004,14.925124486287435,18.15572084469874,1.0767624879886728,6.091333774509913,113.29675499973746,11.94287109375,,231289280,true,dcb2c10e4ac97b1d1289825869826fdec84593f7,3d233e3d1d9d3c6c,true,2026-09-20T14:33:53+00:00
20260920T142128Z-gpu_h48,electricity_hourly,T228,timesfm25,tsfm,168,48,170005,9.04823366800944,10.597169934837986,0.526442686138731,3.7187706434472374,119.66372599999886,11.94287109375,,231289280,true,dcb2c10e4ac97b1d1289825869826fdec84593f7,3d233e3d1d9d3c6c,true,2026-09-20T14:33:53+00:00
20260920T142128Z-gpu_h48,electricity_hourly,T228,timesfm25,tsfm,168,48,170006,9.036365509033203,11.825153027477583,0.5737374926370288,3.4651912908625357,117.05027200014229,11.94287109375,,231289280,true,dcb2c10e4ac97b1d1289825869826fdec84593f7,3d233e3d1d9d3c6c,true,2026-09-20T14:33:53+00:00
20260920T142128Z-gpu_h48,electricity_hourly,T228,timesfm25,tsfm,168,48,170007,11.444384892781576,15.231897319857802,0.7976725191483771,4.467549027566318,118.85629400012476,11.94287109375,,231289280,true,dcb2c10e4ac97b1d1289825869826fdec84593f7,3d233e3d1d9d3c6c,true,2026-09-20T14:33:53+00:00
20260920T142128Z-gpu_h48,electricity_hourly,T228,timesfm25,tsfm,168,48,170008,11.764498392740885,14.608540518164105,0.5880207457669863,4.96137998327352,115.99842399982663,11.94287109375,,231289280,true,dcb2c10e4ac97b1d1289825869826fdec84593f7,3d233e3d1d9d3c6c,true,2026-09-20T14:33:53+00:00
20260920T142128Z-gpu_h48,electricity_hourly,T228,timesfm25,tsfm,168,48,170009,14.670867602030436,19.090342321240144,0.915340093020963,6.293052172844721,118.80313700021361,11.94287109375,,231289280,true,dcb2c10e4ac97b1d1289825869826fdec84593f7,3d233e3d1d9d3c6c,true,2026-09-20T14:33:53+00:00
20260920T142128Z-gpu_h48,electricity_hourly,T228,timesfm25,tsfm,168,48,170010,13.019182523091635,16.371680195296058,0.9703738526527927,5.151573843956054,112.5937680003517,11.94287109375,,231289280,true,dcb2c10e4ac97b1d1289825869826fdec84593f7,3d233e3d1d9d3c6c,true,2026-09-20T14:33:53+00:00
20260920T142128Z-gpu_h48,electricity_hourly,T228,timesfm25,tsfm,168,48,170011,12.7427978515625,16.910010827691387,0.9362055564413265,4.677376391234523,121.46170899995923,11.94287109375,,231289280,true,dcb2c10e4ac97b1d1289825869826fdec84593f7,3d233e3d1d9d3c6c,true,2026-09-20T14:33:53+00:00
20260920T142128Z-gpu_h48,electricity_hourly,T228,timesfm25,tsfm,168,48,170012,11.465685526529947,14.92590649226383,0.660423486328125,4.5252504752638405,113.20279599976857,11.94287109375,,231289280,true,dcb2c10e4ac97b1d1289825869826fdec84593f7,3d233e3d1d9d3c6c,true,2026-09-20T14:33:53+00:00
20260920T142128Z-gpu_h48,electricity_hourly,T228,timesfm25,tsfm,168,48,170013,11.411797205607096,15.062991667766534,0.4542008838052575,4.522903988949537,119.50185299974692,11.94287109375,,231289280,true,dcb2c10e4ac97b1d1289825869826fdec84593f7,3d233e3d1d9d3c6c,true,2026-09-20T14:33:53+00:00
20260920T142128Z-gpu_h48,electricity_hourly,T228,timesfm25,tsfm,168,48,170014,26.18242009480794,33.45248790907363,1.2130851009177426,10.175449152414282,118.45776100017247,11.94287109375,,231289280,true,dcb2c10e4ac97b1d1289825869826fdec84593f7,3d233e3d1d9d3c6c,true,2026-09-20T14:33:53+00:00
20260920T142128Z-gpu_h48,electricity_hourly,T228,timesfm25,tsfm,168,48,170015,20.173339525858562,25.056010425256193,0.8813594938481896,9.07798696716408,122.15251399993576,11.94287109375,,231289280,true,dcb2c10e4ac97b1d1289825869826fdec84593f7,3d233e3d1d9d3c6c,true,2026-09-20T14:33:53+00:00
20260920T142128Z-gpu_h48,electricity_hourly,T228,timesfm25,tsfm,168,48,170016,11.224926630655924,13.538332900130671,0.8344808646434967,5.41623541021555,125.74402400014151,11.94287109375,,231289280,true,dcb2c10e4ac97b1d1289825869826fdec84593f7,3d233e3d1d9d3c6c,true,2026-09-20T14:33:53+00:00
20260920T142128Z-gpu_h48,electricity_hourly,T228,timesfm25,tsfm,168,48,170017,12.019152959187826,15.702691520913385,1.0223024371665959,5.019782640103365,118.93438500010234,11.94287109375,,231289280,true,dcb2c10e4ac97b1d1289825869826fdec84593f7,3d233e3d1d9d3c6c,true,2026-09-20T14:33:53+00:00
20260920T142128Z-gpu_h48,electricity_hourly,T228,timesfm25,tsfm,168,48,170018,9.239484628041586,11.671629808599656,0.6261109583237592,4.203691487704272,120.70894699991186,11.94287109375,,231289280,true,dcb2c10e4ac97b1d1289825869826fdec84593f7,3d233e3d1d9d3c6c,true,2026-09-20T14:33:53+00:00
20260920T142128Z-gpu_h48,electricity_hourly,T228,timesfm25,tsfm,168,48,170019,10.67510493596395,13.132367423480186,0.8675028841866866,4.711172306036445,125.06027700010236,11.94287109375,,231289280,true,dcb2c10e4ac97b1d1289825869826fdec84593f7,3d233e3d1d9d3c6c,true,2026-09-20T14:33:53+00:00
20260920T142128Z-gpu_h48,electricity_hourly,T228,timesfm25,tsfm,168,48,170020,11.720786571502686,15.60496573998314,0.9217876932257709,4.664995845516908,124.61539300011282,11.94287109375,,231289280,true,dcb2c10e4ac97b1d1289825869826fdec84593f7,3d233e3d1d9d3c6c,true,2026-09-20T14:33:53+00:00
20260920T142128Z-gpu_h48,electricity_hourly,T228,timesfm25,tsfm,168,48,170021,26.306870142618816,34.69164908315659,0.5463209259499725,10.989260165046968,111.37055900007908,11.94287109375,,231289280,true,dcb2c10e4ac97b1d1289825869826fdec84593f7,3d233e3d1d9d3c6c,true,2026-09-20T14:33:53+00:00
20260920T142128Z-gpu_h48,electricity_hourly,T228,chronos_bolt,tsfm,168,48,170000,20.728034337361652,29.78136944216196,1.2253025224056149,8.578854390959776,33.77688800037504,1.0751953125,,205292928,true,dcb2c10e4ac97b1d1289825869826fdec84593f7,3d233e3d1d9d3c6c,true,2026-09-20T14:33:57+00:00
20260920T142128Z-gpu_h48,electricity_hourly,T228,chronos_bolt,tsfm,168,48,170001,19.912895838419598,25.050660452942285,1.0307178291633436,7.345175654744973,32.378531000176736,1.0751953125,,205292928,true,dcb2c10e4ac97b1d1289825869826fdec84593f7,3d233e3d1d9d3c6c,true,2026-09-20T14:33:57+00:00
20260920T142128Z-gpu_h48,electricity_hourly,T228,chronos_bolt,tsfm,168,48,170002,18.885225613911945,27.052068406364043,1.4297962609901789,8.929641942287194,35.48240500003885,1.0751953125,,205292928,true,dcb2c10e4ac97b1d1289825869826fdec84593f7,3d233e3d1d9d3c6c,true,2026-09-20T14:33:57+00:00
20260920T142128Z-gpu_h48,electricity_hourly,T228,chronos_bolt,tsfm,168,48,170003,10.545005480448404,15.532852091397192,0.9164036144746953,4.124895122039094,35.91385299978356,1.0751953125,,205292928,true,dcb2c10e4ac97b1d1289825869826fdec84593f7,3d233e3d1d9d3c6c,true,2026-09-20T14:33:57+00:00
20260920T142128Z-gpu_h48,electricity_hourly,T228,chronos_bolt,tsfm,168,48,170004,13.708903948465982,16.800102526132004,0.98901912253462,5.254807571292351,36.63220799990086,1.0751953125,,205292928,true,dcb2c10e4ac97b1d1289825869826fdec84593f7,3d233e3d1d9d3c6c,true,2026-09-20T14:33:57+00:00
20260920T142128Z-gpu_h48,electricity_hourly,T228,chronos_bolt,tsfm,168,48,170005,8.8406343460083,11.093124615071599,0.5143641801313921,3.4532824226120264,32.88506699982463,1.0751953125,,205292928,true,dcb2c10e4ac97b1d1289825869826fdec84593f7,3d233e3d1d9d3c6c,true,2026-09-20T14:33:57+00:00
20260920T142128Z-gpu_h48,electricity_hourly,T228,chronos_bolt,tsfm,168,48,170006,7.912584940592448,10.581936903166097,0.5023863454344412,2.9638235477227317,32.539239000016096,1.0751953125,,205292928,true,dcb2c10e4ac97b1d1289825869826fdec84593f7,3d233e3d1d9d3c6c,true,2026-09-20T14:33:57+00:00
20260920T142128Z-gpu_h48,electricity_hourly,T228,chronos_bolt,tsfm,168,48,170007,12.498998324076334,16.631521054906738,0.8711789732173244,4.695319262502098,36.652881000009074,1.0751953125,,205292928,true,dcb2c10e4ac97b1d1289825869826fdec84593f7,3d233e3d1d9d3c6c,true,2026-09-20T14:33:57+00:00
20260920T142128Z-gpu_h48,electricity_hourly,T228,chronos_bolt,tsfm,168,48,170008,8.851640701293945,11.546728476244704,0.44242841408758354,3.6191439150953117,34.64523200000258,1.0751953125,,205292928,true,dcb2c10e4ac97b1d1289825869826fdec84593f7,3d233e3d1d9d3c6c,true,2026-09-20T14:33:57+00:00
20260920T142128Z-gpu_h48,electricity_hourly,T228,chronos_bolt,tsfm,168,48,170009,13.316572189331055,17.57566951989796,0.8308433255041906,5.127643926339155,33.84551299996019,1.0751953125,,205292928,true,dcb2c10e4ac97b1d1289825869826fdec84593f7,3d233e3d1d9d3c6c,true,2026-09-20T14:33:57+00:00
20260920T142128Z-gpu_h48,electricity_hourly,T228,chronos_bolt,tsfm,168,48,170010,10.250447909037272,13.131292180830698,0.7640085398040203,3.9181724546893895,36.84894499974689,1.0751953125,,205292928,true,dcb2c10e4ac97b1d1289825869826fdec84593f7,3d233e3d1d9d3c6c,true,2026-09-20T14:33:57+00:00
20260920T142128Z-gpu_h48,electricity_hourly,T228,chronos_bolt,tsfm,168,48,170011,12.109116236368815,16.53169144267649,0.8896493561413823,4.296894926583916,36.504409999906784,1.0751953125,,205292928,true,dcb2c10e4ac97b1d1289825869826fdec84593f7,3d233e3d1d9d3c6c,true,2026-09-20T14:33:57+00:00
20260920T142128Z-gpu_h48,electricity_hourly,T228,chronos_bolt,tsfm,168,48,170012,10.002925237019857,14.021528947111692,0.5761684936523438,3.499220325936567,36.065983999833406,1.0751953125,,205292928,true,dcb2c10e4ac97b1d1289825869826fdec84593f7,3d233e3d1d9d3c6c,true,2026-09-20T14:33:57+00:00
20260920T142128Z-gpu_h48,electricity_hourly,T228,chronos_bolt,tsfm,168,48,170013,11.843719800313314,15.345625708500453,0.4713918328482911,4.842324155841283,35.92170799993255,1.0751953125,,205292928,true,dcb2c10e4ac97b1d1289825869826fdec84593f7,3d233e3d1d9d3c6c,true,2026-09-20T14:33:57+00:00
20260920T142128Z-gpu_h48,electricity_hourly,T228,chronos_bolt,tsfm,168,48,170014,22.080166180928547,34.2821046512595,1.023019282514064,8.842294728625532,35.90447300030064,1.0751953125,,205292928,true,dcb2c10e4ac97b1d1289825869826fdec84593f7,3d233e3d1d9d3c6c,true,2026-09-20T14:33:57+00:00
20260920T142128Z-gpu_h48,electricity_hourly,T228,chronos_bolt,tsfm,168,48,170015,17.17325496673584,21.866243945967213,0.7502878383525367,7.291739792024581,35.282037000342825,1.0751953125,,205292928,true,dcb2c10e4ac97b1d1289825869826fdec84593f7,3d233e3d1d9d3c6c,true,2026-09-20T14:33:57+00:00
20260920T142128Z-gpu_h48,electricity_hourly,T228,chronos_bolt,tsfm,168,48,170016,10.01467227935791,12.527018133760526,0.744508419322426,4.584947394009301,33.03581799991662,1.0751953125,,205292928,true,dcb2c10e4ac97b1d1289825869826fdec84593f7,3d233e3d1d9d3c6c,true,2026-09-20T14:33:57+00:00
20260920T142128Z-gpu_h48,electricity_hourly,T228,chronos_bolt,tsfm,168,48,170017,11.460848649342855,15.221837271565892,0.9748152424721626,4.881204397154263,36.10367500004941,1.0751953125,,205292928,true,dcb2c10e4ac97b1d1289825869826fdec84593f7,3d233e3d1d9d3c6c,true,2026-09-20T14:33:57+00:00
20260920T142128Z-gpu_h48,electricity_hourly,T228,chronos_bolt,tsfm,168,48,170018,9.444042682647705,11.67253650356255,0.6399727747300091,4.134833177927976,35.280845999750454,1.0751953125,,205292928,true,dcb2c10e4ac97b1d1289825869826fdec84593f7,3d233e3d1d9d3c6c,true,2026-09-20T14:33:57+00:00
20260920T142128Z-gpu_h48,electricity_hourly,T228,chronos_bolt,tsfm,168,48,170019,10.59809430440267,13.14201704795715,0.8612446838792237,4.694860894017233,38.436211999851366,1.0751953125,,205292928,true,dcb2c10e4ac97b1d1289825869826fdec84593f7,3d233e3d1d9d3c6c,true,2026-09-20T14:33:57+00:00
20260920T142128Z-gpu_h48,electricity_hourly,T228,chronos_bolt,tsfm,168,48,170020,10.319273948669434,15.011623035048732,0.8115649637402503,4.035171403854979,36.39529300016875,1.0751953125,,205292928,true,dcb2c10e4ac97b1d1289825869826fdec84593f7,3d233e3d1d9d3c6c,true,2026-09-20T14:33:57+00:00
20260920T142128Z-gpu_h48,electricity_hourly,T228,chronos_bolt,tsfm,168,48,170021,15.25694497426351,22.662981506432853,0.3168445451822823,5.932749444610325,37.63412599982985,1.0751953125,,205292928,true,dcb2c10e4ac97b1d1289825869826fdec84593f7,3d233e3d1d9d3c6c,true,2026-09-20T14:33:57+00:00
20260920T142128Z-gpu_h48,electricity_hourly,T241,lstm,deep,168,48,180000,72.7683135940699,107.6732986022004,1.9361857275584007,7.924422425178412,344.42407799997454,16.14599609375,0.326011586000277,4513,false,dcb2c10e4ac97b1d1289825869826fdec84593f7,3d233e3d1d9d3c6c,true,2026-09-20T14:34:10+00:00
20260920T142128Z-gpu_h48,electricity_hourly,T241,lstm,deep,168,48,180001,207.1383383445319,258.28351631779617,5.2839540693733555,20.23183239574513,359.04357500021433,16.10986328125,0.33991168400007155,4513,false,dcb2c10e4ac97b1d1289825869826fdec84593f7,3d233e3d1d9d3c6c,true,2026-09-20T14:34:10+00:00
20260920T142128Z-gpu_h48,electricity_hourly,T241,lstm,deep,168,48,180002,94.4019207027052,126.7458477958842,1.2949015604105114,10.004836757015408,335.23403399976814,16.10986328125,0.3170305300000109,4513,false,dcb2c10e4ac97b1d1289825869826fdec84593f7,3d233e3d1d9d3c6c,true,2026-09-20T14:34:10+00:00
20260920T142128Z-gpu_h48,electricity_hourly,T241,lstm,deep,168,48,180003,136.10447483823825,180.98235518494502,4.014552309853811,13.964011003959026,335.93263800003115,16.10986328125,0.3185510689995681,4513,false,dcb2c10e4ac97b1d1289825869826fdec84593f7,3d233e3d1d9d3c6c,true,2026-09-20T14:34:10+00:00
20260920T142128Z-gpu_h48,electricity_hourly,T241,lstm,deep,168,48,180004,130.62077880681366,175.59757886132286,3.007577893856918,13.176126015345933,373.07735500007766,16.10986328125,0.3545523399998274,4513,false,dcb2c10e4ac97b1d1289825869826fdec84593f7,3d233e3d1d9d3c6c,true,2026-09-20T14:34:10+00:00
20260920T142128Z-gpu_h48,electricity_hourly,T241,lstm,deep,168,48,180005,136.272160800686,189.485470162209,3.7306447063305677,13.80528573359241,356.8085430001702,16.10986328125,0.33934798200016303,4513,false,dcb2c10e4ac97b1d1289825869826fdec84593f7,3d233e3d1d9d3c6c,true,2026-09-20T14:34:10+00:00
20260920T142128Z-gpu_h48,electricity_hourly,T241,lstm,deep,168,48,180006,112.23853794980617,153.80950115617023,2.901157685293859,11.00190787912285,345.04719000005935,16.10986328125,0.32599874300012743,4513,false,dcb2c10e4ac97b1d1289825869826fdec84593f7,3d233e3d1d9d3c6c,true,2026-09-20T14:34:10+00:00
20260920T142128Z-gpu_h48,electricity_hourly,T241,lstm,deep,168,48,180007,150.80910502853337,199.3607081864918,3.4129358988069787,15.047125435640348,355.62644099991303,16.10986328125,0.33779202599998825,4513,false,dcb2c10e4ac97b1d1289825869826fdec84593f7,3d233e3d1d9d3c6c,true,2026-09-20T14:34:10+00:00
20260920T142128Z-gpu_h48,electricity_hourly,T241,lstm,deep,168,48,180008,52.76846417457036,73.07800142375568,1.9518774315792788,5.219881798253984,338.6752650003473,16.10986328125,0.3211680679996789,4513,false,dcb2c10e4ac97b1d1289825869826fdec84593f7,3d233e3d1d9d3c6c,true,2026-09-20T14:34:10+00:00
20260920T142128Z-gpu_h48,electricity_hourly,T241,lstm,deep,168,48,180009,126.73878743741886,169.92314922706237,3.3784497206568527,12.361845583132956,344.98540899994623,16.10986328125,0.32707917800007635,4513,false,dcb2c10e4ac97b1d1289825869826fdec84593f7,3d233e3d1d9d3c6c,true,2026-09-20T14:34:10+00:00
20260920T142128Z-gpu_h48,electricity_hourly,T241,lstm,deep,168,48,180010,144.19657430406153,184.33382098907427,3.7870338682810254,13.963007671813099,363.48534999979165,16.10986328125,0.34562753799991697,4513,false,dcb2c10e4ac97b1d1289825869826fdec84593f7,3d233e3d1d9d3c6c,true,2026-09-20T14:34:10+00:00
20260920T142128Z-gpu_h48,electricity_hourly,T241,lstm,deep,168,48,180011,106.23384871279086,141.65472114632772,2.588877003662529,10.371379170818338,340.6354419998934,16.10986328125,0.3227356960001089,4513,false,dcb2c10e4ac97b1d1289825869826fdec84593f7,3d233e3d1d9d3c6c,true,2026-09-20T14:34:10+00:00
20260920T142128Z-gpu_h48,electricity_hourly,T241,lstm,deep,168,48,180012,167.40936073435896,220.8527607502303,4.182329622787593,16.20553889382995,344.80728400012595,16.10986328125,0.32810010099956344,4513,false,dcb2c10e4ac97b1d1289825869826fdec84593f7,3d233e3d1d9d3c6c,true,2026-09-20T14:34:10+00:00
20260920T142128Z-gpu_h48,electricity_hourly,T241,lstm,deep,168,48,180013,73.83242653986716,104.86749396594492,1.4875989116749504,8.051991959353929,354.11384000008184,16.10986328125,0.3363082660002874,4513,false,dcb2c10e4ac97b1d1289825869826fdec84593f7,3d233e3d1d9d3c6c,true,2026-09-20T14:34:10+00:00
20260920T142128Z-gpu_h48,electricity_hourly,T241,lstm,deep,168,48,180014,60.24634637159304,78.39258517648655,1.3803458834541602,5.857257143189102,367.2433599999749,16.10986328125,0.3496996490002857,4513,false,dcb2c10e4ac97b1d1289825869826fdec84593f7,3d233e3d1d9d3c6c,true,2026-09-20T14:34:10+00:00
20260920T142128Z-gpu_h48,electricity_hourly,T241,lstm,deep,168,48,180015,211.7588792268845,273.28290801485457,3.9023904029525682,21.047503783899955,341.970640999989,16.10986328125,0.324543826000081,4513,false,dcb2c10e4ac97b1d1289825869826fdec84593f7,3d233e3d1d9d3c6c,true,2026-09-20T14:34:10+00:00
20260920T142128Z-gpu_h48,electricity_hourly,T241,lstm,deep,168,48,180016,76.83537103572765,104.54171864812672,1.8269969334783323,8.934501505027809,338.5853079998924,16.10986328125,0.32108633000007103,4513,false,dcb2c10e4ac97b1d1289825869826fdec84593f7,3d233e3d1d9d3c6c,true,2026-09-20T14:34:10+00:00
20260920T142128Z-gpu_h48,electricity_hourly,T241,lstm,deep,168,48,180017,201.65039251062106,262.33983797165786,3.771124223575251,22.01350135891047,360.79541899971446,16.10986328125,0.3417400970001836,4513,false,dcb2c10e4ac97b1d1289825869826fdec84593f7,3d233e3d1d9d3c6c,true,2026-09-20T14:34:10+00:00
20260920T142128Z-gpu_h48,electricity_hourly,T241,lstm,deep,168,48,180018,142.54875682460644,191.08375822387643,3.7079156399464104,16.40340329251028,359.58438900024703,16.10986328125,0.34159162700007073,4513,false,dcb2c10e4ac97b1d1289825869826fdec84593f7,3d233e3d1d9d3c6c,true,2026-09-20T14:34:10+00:00
20260920T142128Z-gpu_h48,electricity_hourly,T241,lstm,deep,168,48,180019,73.47504308239368,109.97526039168353,2.494202311142077,9.248253184143458,343.9444350001395,16.10986328125,0.3257855390002078,4513,false,dcb2c10e4ac97b1d1289825869826fdec84593f7,3d233e3d1d9d3c6c,true,2026-09-20T14:34:10+00:00
20260920T142128Z-gpu_h48,electricity_hourly,T241,lstm,deep,168,48,180020,197.23992792396135,244.57590828876891,2.5544158306547744,23.14958041897087,361.4237359997787,16.10986328125,0.3439189549999355,4513,false,dcb2c10e4ac97b1d1289825869826fdec84593f7,3d233e3d1d9d3c6c,true,2026-09-20T14:34:10+00:00
20260920T142128Z-gpu_h48,electricity_hourly,T241,lstm,deep,168,48,180021,71.10372717219576,94.27833455163136,0.4974704456707896,9.3120575458462,353.0535640002199,16.10986328125,0.33468451499993535,4513,false,dcb2c10e4ac97b1d1289825869826fdec84593f7,3d233e3d1d9d3c6c,true,2026-09-20T14:34:10+00:00
20260920T142128Z-gpu_h48,electricity_hourly,T241,transformer,deep,168,48,180000,44.280657656982186,54.22424685019271,1.1781993168154905,4.632567415529687,589.2054589999134,10.6845703125,0.5870327849997921,19232,false,dcb2c10e4ac97b1d1289825869826fdec84593f7,3d233e3d1d9d3c6c,true,2026-09-20T14:34:27+00:00
20260920T142128Z-gpu_h48,electricity_hourly,T241,transformer,deep,168,48,180001,83.89755091444535,104.38632666825032,2.1401678178352754,7.480369085391436,595.2642389997891,10.525390625,0.5931772459998683,19232,false,dcb2c10e4ac97b1d1289825869826fdec84593f7,3d233e3d1d9d3c6c,true,2026-09-20T14:34:27+00:00
20260920T142128Z-gpu_h48,electricity_hourly,T241,transformer,deep,168,48,180002,100.70074643168779,126.60196496831044,1.3813019133323532,10.400722831699579,613.7015119998068,10.525390625,0.6116685320002944,19232,false,dcb2c10e4ac97b1d1289825869826fdec84593f7,3d233e3d1d9d3c6c,true,2026-09-20T14:34:27+00:00
20260920T142128Z-gpu_h48,electricity_hourly,T241,transformer,deep,168,48,180003,55.11635857613883,67.78781776388755,1.6257180735280605,5.811612255782387,588.8091570000142,10.525390625,0.586713845000304,19232,false,dcb2c10e4ac97b1d1289825869826fdec84593f7,3d233e3d1d9d3c6c,true,2026-09-20T14:34:27+00:00
20260920T142128Z-gpu_h48,electricity_hourly,T241,transformer,deep,168,48,180004,49.055735280407696,69.06547211296441,1.1295212472623453,4.669059753657151,582.5454200003151,10.525390625,0.5804516660000445,19232,false,dcb2c10e4ac97b1d1289825869826fdec84593f7,3d233e3d1d9d3c6c,true,2026-09-20T14:34:27+00:00
20260920T142128Z-gpu_h48,electricity_hourly,T241,transformer,deep,168,48,180005,35.85250766947231,44.349380902160654,0.981513517947531,3.524530480646457,588.801285000045,10.525390625,0.5867092440003034,19232,false,dcb2c10e4ac97b1d1289825869826fdec84593f7,3d233e3d1d9d3c6c,true,2026-09-20T14:34:27+00:00
20260920T142128Z-gpu_h48,electricity_hourly,T241,transformer,deep,168,48,180006,54.82195367085376,66.88789771141626,1.4170456522353152,5.210558187602757,582.7519270001176,10.525390625,0.5807162920000337,19232,false,dcb2c10e4ac97b1d1289825869826fdec84593f7,3d233e3d1d9d3c6c,true,2026-09-20T14:34:27+00:00
20260920T142128Z-gpu_h48,electricity_hourly,T241,transformer,deep,168,48,180007,76.42655433661201,89.87155008352299,1.729596703515972,6.966911376582664,572.1606639999663,10.525390625,0.5701952869999332,19232,false,dcb2c10e4ac97b1d1289825869826fdec84593f7,3d233e3d1d9d3c6c,true,2026-09-20T14:34:27+00:00
20260920T142128Z-gpu_h48,electricity_hourly,T241,transformer,deep,168,48,180008,43.195238110524265,52.88131534759814,1.597768889780502,4.249613527525907,573.6321319996023,10.525390625,0.5717241249999461,19232,false,dcb2c10e4ac97b1d1289825869826fdec84593f7,3d233e3d1d9d3c6c,true,2026-09-20T14:34:27+00:00
20260920T142128Z-gpu_h48,electricity_hourly,T241,transformer,deep,168,48,180009,38.671407942839785,49.18257763533668,1.0308557467176842,3.6329491935106826,587.36177100036,10.525390625,0.5853830490000291,19232,false,dcb2c10e4ac97b1d1289825869826fdec84593f7,3d233e3d1d9d3c6c,true,2026-09-20T14:34:27+00:00
20260920T142128Z-gpu_h48,electricity_hourly,T241,transformer,deep,168,48,180010,58.68944797733582,74.80088255834612,1.5413606618158597,5.438272569102073,594.2849130001377,10.525390625,0.5920490290000089,19232,false,dcb2c10e4ac97b1d1289825869826fdec84593f7,3d233e3d1d9d3c6c,true,2026-09-20T14:34:27+00:00
20260920T142128Z-gpu_h48,electricity_hourly,T241,transformer,deep,168,48,180011,65.43210850791927,80.4334723859849,1.594554683557349,5.963108738824798,583.9836029999788,10.525390625,0.5819287819999772,19232,false,dcb2c10e4ac97b1d1289825869826fdec84593f7,3d233e3d1d9d3c6c,true,2026-09-20T14:34:27+00:00
20260920T142128Z-gpu_h48,electricity_hourly,T241,transformer,deep,168,48,180012,64.08840954514072,81.42724475595969,1.6010983647640984,5.8948649295775235,594.0434500002993,10.525390625,0.5920258789997206,19232,false,dcb2c10e4ac97b1d1289825869826fdec84593f7,3d233e3d1d9d3c6c,true,2026-09-20T14:34:27+00:00
20260920T142128Z-gpu_h48,electricity_hourly,T241,transformer,deep,168,48,180013,59.153049383425014,69.09124239548338,1.1918342117270466,6.1556445453788795,594.7300650000216,10.525390625,0.5925942690000738,19232,false,dcb2c10e4ac97b1d1289825869826fdec84593f7,3d233e3d1d9d3c6c,true,2026-09-20T14:34:27+00:00
20260920T142128Z-gpu_h48,electricity_hourly,T241,transformer,deep,168,48,180014,54.366258825374324,70.24060934972962,1.2456231138987912,5.489509422485807,587.9053990001921,10.525390625,0.5858348440001464,19232,false,dcb2c10e4ac97b1d1289825869826fdec84593f7,3d233e3d1d9d3c6c,true,2026-09-20T14:34:27+00:00
20260920T142128Z-gpu_h48,electricity_hourly,T241,transformer,deep,168,48,180015,59.16272760779475,79.21754307579687,1.0902780618789922,5.9645087054437225,610.2833559998544,10.525390625,0.6082263570001487,19232,false,dcb2c10e4ac97b1d1289825869826fdec84593f7,3d233e3d1d9d3c6c,true,2026-09-20T14:34:27+00:00
20260920T142128Z-gpu_h48,electricity_hourly,T241,transformer,deep,168,48,180016,65.96452197128673,79.91780667276787,1.5685091089605827,7.34758225655001,571.2703620001776,10.525390625,0.5692241429997011,19232,false,dcb2c10e4ac97b1d1289825869826fdec84593f7,3d233e3d1d9d3c6c,true,2026-09-20T14:34:27+00:00
20260920T142128Z-gpu_h48,electricity_hourly,T241,transformer,deep,168,48,180017,101.3678695240399,140.77183213063154,1.8957108066833437,11.445519098093996,573.8772429999699,10.525390625,0.5717603930002042,19232,false,dcb2c10e4ac97b1d1289825869826fdec84593f7,3d233e3d1d9d3c6c,true,2026-09-20T14:34:27+00:00
20260920T142128Z-gpu_h48,electricity_hourly,T241,transformer,deep,168,48,180018,38.888650541716835,53.47014757683239,1.0115544938596865,4.2733626096607695,574.6615360003489,10.525390625,0.5726165089999995,19232,false,dcb2c10e4ac97b1d1289825869826fdec84593f7,3d233e3d1d9d3c6c,true,2026-09-20T14:34:27+00:00
20260920T142128Z-gpu_h48,electricity_hourly,T241,transformer,deep,168,48,180019,58.741217078234946,82.30635595251563,1.994044144098499,6.804999600642102,611.5735240000504,10.525390625,0.6095021060000363,19232,false,dcb2c10e4ac97b1d1289825869826fdec84593f7,3d233e3d1d9d3c6c,true,2026-09-20T14:34:27+00:00
20260920T142128Z-gpu_h48,electricity_hourly,T241,transformer,deep,168,48,180020,72.20747228472759,91.7463849541658,0.9351448879396325,8.619124157010937,593.7734899998759,10.525390625,0.5917457309997189,19232,false,dcb2c10e4ac97b1d1289825869826fdec84593f7,3d233e3d1d9d3c6c,true,2026-09-20T14:34:27+00:00
20260920T142128Z-gpu_h48,electricity_hourly,T241,transformer,deep,168,48,180021,74.03640020003861,93.16721875121992,0.5179886128075776,9.040462784815734,594.7677600001953,10.525390625,0.5927091719995587,19232,false,dcb2c10e4ac97b1d1289825869826fdec84593f7,3d233e3d1d9d3c6c,true,2026-09-20T14:34:27+00:00
20260920T142128Z-gpu_h48,electricity_hourly,T241,timesfm25,tsfm,168,48,180000,28.967356363932293,36.12826966936339,0.7707500584638304,2.822303051074364,120.60817000019597,11.94287109375,,231289280,true,dcb2c10e4ac97b1d1289825869826fdec84593f7,3d233e3d1d9d3c6c,true,2026-09-20T14:34:34+00:00
20260920T142128Z-gpu_h48,electricity_hourly,T241,timesfm25,tsfm,168,48,180001,55.31707255045573,79.09633874933922,1.4110998135102968,4.690383297626102,120.02098700031638,11.94287109375,,231289280,true,dcb2c10e4ac97b1d1289825869826fdec84593f7,3d233e3d1d9d3c6c,true,2026-09-20T14:34:34+00:00
20260920T142128Z-gpu_h48,electricity_hourly,T241,timesfm25,tsfm,168,48,180002,35.34246953328451,43.34475918606977,0.4847890658023404,3.5091886082253296,119.96800799988705,11.94287109375,,231289280,true,dcb2c10e4ac97b1d1289825869826fdec84593f7,3d233e3d1d9d3c6c,true,2026-09-20T14:34:34+00:00
20260920T142128Z-gpu_h48,electricity_hourly,T241,timesfm25,tsfm,168,48,180003,45.487263997395836,50.61749657414577,1.3416972584238018,4.581289108398967,118.50282500017784,11.94287109375,,231289280,true,dcb2c10e4ac97b1d1289825869826fdec84593f7,3d233e3d1d9d3c6c,true,2026-09-20T14:34:34+00:00
20260920T142128Z-gpu_h48,electricity_hourly,T241,timesfm25,tsfm,168,48,180004,28.662921905517578,37.07144805624236,0.6599713390461355,2.6779148341212156,119.32538000019122,11.94287109375,,231289280,true,dcb2c10e4ac97b1d1289825869826fdec84593f7,3d233e3d1d9d3c6c,true,2026-09-20T14:34:34+00:00
20260920T142128Z-gpu_h48,electricity_hourly,T241,timesfm25,tsfm,168,48,180005,33.373382568359375,41.34390862043352,0.9136439334303706,3.2210006054403926,120.07849299970985,11.94287109375,,231289280,true,dcb2c10e4ac97b1d1289825869826fdec84593f7,3d233e3d1d9d3c6c,true,2026-09-20T14:34:34+00:00
20260920T142128Z-gpu_h48,electricity_hourly,T241,timesfm25,tsfm,168,48,180006,35.88042068481445,44.388807961012716,0.9274422147932654,3.223938328049286,119.31309100009457,11.94287109375,,231289280,true,dcb2c10e4ac97b1d1289825869826fdec84593f7,3d233e3d1d9d3c6c,true,2026-09-20T14:34:34+00:00
20260920T142128Z-gpu_h48,electricity_hourly,T241,timesfm25,tsfm,168,48,180007,36.32866414388021,48.986088244163184,0.8221479862830033,3.3027879722816644,115.60818399993877,11.94287109375,,231289280,true,dcb2c10e4ac97b1d1289825869826fdec84593f7,3d233e3d1d9d3c6c,true,2026-09-20T14:34:34+00:00
20260920T142128Z-gpu_h48,electricity_hourly,T241,timesfm25,tsfm,168,48,180008,28.623205820719402,38.98251263767131,1.0587571636741828,2.8503585698926317,120.23713899998256,11.94287109375,,231289280,true,dcb2c10e4ac97b1d1289825869826fdec84593f7,3d233e3d1d9d3c6c,true,2026-09-20T14:34:34+00:00
20260920T142128Z-gpu_h48,electricity_hourly,T241,timesfm25,tsfm,168,48,180009,22.328184763590496,31.555997334350966,0.5951978167265887,2.0318762846330074,121.47938399994018,11.94287109375,,231289280,true,dcb2c10e4ac97b1d1289825869826fdec84593f7,3d233e3d1d9d3c6c,true,2026-09-20T14:34:34+00:00
20260920T142128Z-gpu_h48,electricity_hourly,T241,timesfm25,tsfm,168,48,180010,35.40621566772461,44.80301135447868,0.9298732548153099,3.15666011339509,122.73415199979354,11.94287109375,,231289280,true,dcb2c10e4ac97b1d1289825869826fdec84593f7,3d233e3d1d9d3c6c,true,2026-09-20T14:34:34+00:00
20260920T142128Z-gpu_h48,electricity_hourly,T241,timesfm25,tsfm,168,48,180011,39.47285461425781,48.33312988600791,0.9619379022597944,3.5311842499371617,121.16373599974395,11.94287109375,,231289280,true,dcb2c10e4ac97b1d1289825869826fdec84593f7,3d233e3d1d9d3c6c,true,2026-09-20T14:34:34+00:00
20260920T142128Z-gpu_h48,electricity_hourly,T241,timesfm25,tsfm,168,48,180012,47.49941635131836,63.0108842775724,1.1866613384090638,4.173422776800847,112.61096199996246,11.94287109375,,231289280,true,dcb2c10e4ac97b1d1289825869826fdec84593f7,3d233e3d1d9d3c6c,true,2026-09-20T14:34:34+00:00
20260920T142128Z-gpu_h48,electricity_hourly,T241,timesfm25,tsfm,168,48,180013,57.402960459391274,62.81831158302089,1.1565728705963823,5.7317650369261255,118.62784200002352,11.94287109375,,231289280,true,dcb2c10e4ac97b1d1289825869826fdec84593f7,3d233e3d1d9d3c6c,true,2026-09-20T14:34:34+00:00
20260920T142128Z-gpu_h48,electricity_hourly,T241,timesfm25,tsfm,168,48,180014,48.90155792236328,58.68817236575933,1.1204175562164378,4.6473682679263275,125.24788900009298,11.94287109375,,231289280,true,dcb2c10e4ac97b1d1289825869826fdec84593f7,3d233e3d1d9d3c6c,true,2026-09-20T14:34:34+00:00
20260920T142128Z-gpu_h48,electricity_hourly,T241,timesfm25,tsfm,168,48,180015,30.441141764322918,37.538347438991664,0.5609834161840928,2.9114558453971986,122.67694499996651,11.94287109375,,231289280,true,dcb2c10e4ac97b1d1289825869826fdec84593f7,3d233e3d1d9d3c6c,true,2026-09-20T14:34:34+00:00
20260920T142128Z-gpu_h48,electricity_hourly,T241,timesfm25,tsfm,168,48,180016,42.17156728108724,55.67656256159164,1.0027585350852977,4.596774337231061,112.34349900041707,11.94287109375,,231289280,true,dcb2c10e4ac97b1d1289825869826fdec84593f7,3d233e3d1d9d3c6c,true,2026-09-20T14:34:34+00:00
20260920T142128Z-gpu_h48,electricity_hourly,T241,timesfm25,tsfm,168,48,180017,39.56727091471354,45.85000022790313,0.7399593521712662,4.146884880682658,118.29997199993159,11.94287109375,,231289280,true,dcb2c10e4ac97b1d1289825869826fdec84593f7,3d233e3d1d9d3c6c,true,2026-09-20T14:34:34+00:00
20260920T142128Z-gpu_h48,electricity_hourly,T241,timesfm25,tsfm,168,48,180018,26.738362630208332,31.875089294713284,0.695506542404263,2.8138708891510036,122.86581800026397,11.94287109375,,231289280,true,dcb2c10e4ac97b1d1289825869826fdec84593f7,3d233e3d1d9d3c6c,true,2026-09-20T14:34:34+00:00
20260920T142128Z-gpu_h48,electricity_hourly,T241,timesfm25,tsfm,168,48,180019,35.775534311930336,47.91892581532586,1.2144452948887243,3.946613133831355,118.82559100013168,11.94287109375,,231289280,true,dcb2c10e4ac97b1d1289825869826fdec84593f7,3d233e3d1d9d3c6c,true,2026-09-20T14:34:34+00:00
20260920T142128Z-gpu_h48,electricity_hourly,T241,timesfm25,tsfm,168,48,180020,26.518753051757812,34.501714819316305,0.34343919772039977,3.2580036935582495,116.153788000247,11.94287109375,,231289280,true,dcb2c10e4ac97b1d1289825869826fdec84593f7,3d233e3d1d9d3c6c,true,2026-09-20T14:34:34+00:00
20260920T142128Z-gpu_h48,electricity_hourly,T241,timesfm25,tsfm,168,48,180021,57.94713465372721,78.58428343187208,0.40542160092006213,6.510986669099822,118.47740800021711,11.94287109375,,231289280,true,dcb2c10e4ac97b1d1289825869826fdec84593f7,3d233e3d1d9d3c6c,true,2026-09-20T14:34:34+00:00
20260920T142128Z-gpu_h48,electricity_hourly,T241,chronos_bolt,tsfm,168,48,180000,27.816335042317707,38.120428335874394,0.7401242139862804,2.610127551426361,31.844416999774694,1.0751953125,,205292928,true,dcb2c10e4ac97b1d1289825869826fdec84593f7,3d233e3d1d9d3c6c,true,2026-09-20T14:34:39+00:00
20260920T142128Z-gpu_h48,electricity_hourly,T241,chronos_bolt,tsfm,168,48,180001,37.74881235758463,55.119401731765116,0.9629457891040191,3.1296571431831364,35.98601099974985,1.0751953125,,205292928,true,dcb2c10e4ac97b1d1289825869826fdec84593f7,3d233e3d1d9d3c6c,true,2026-09-20T14:34:39+00:00
20260920T142128Z-gpu_h48,electricity_hourly,T241,chronos_bolt,tsfm,168,48,180002,39.41996383666992,47.10191146972626,0.540719641120258,3.9851355598104683,33.65109499964092,1.0751953125,,205292928,true,dcb2c10e4ac97b1d1289825869826fdec84593f7,3d233e3d1d9d3c6c,true,2026-09-20T14:34:39+00:00
20260920T142128Z-gpu_h48,electricity_hourly,T241,chronos_bolt,tsfm,168,48,180003,39.0284538269043,45.76679232929495,1.1511874950991845,3.8688282694275844,36.3946450002004,1.0751953125,,205292928,true,dcb2c10e4ac97b1d1289825869826fdec84593f7,3d233e3d1d9d3c6c,true,2026-09-20T14:34:39+00:00
20260920T142128Z-gpu_h48,electricity_hourly,T241,chronos_bolt,tsfm,168,48,180004,24.22771453857422,30.94266929589406,0.5578495192764131,2.114224387426486,36.6536910000832,1.0751953125,,205292928,true,dcb2c10e4ac97b1d1289825869826fdec84593f7,3d233e3d1d9d3c6c,true,2026-09-20T14:34:39+00:00
20260920T142128Z-gpu_h48,electricity_hourly,T241,chronos_bolt,tsfm,168,48,180005,32.1497688293457,39.28540656373259,0.8801457626284755,2.991999075138665,36.94816500001252,1.0751953125,,205292928,true,dcb2c10e4ac97b1d1289825869826fdec84593f7,3d233e3d1d9d3c6c,true,2026-09-20T14:34:39+00:00
20260920T142128Z-gpu_h48,electricity_hourly,T241,chronos_bolt,tsfm,168,48,180006,33.89200083414713,42.33564016085907,0.8760452558099421,3.0285855120891982,32.91432600008193,1.0751953125,,205292928,true,dcb2c10e4ac97b1d1289825869826fdec84593f7,3d233e3d1d9d3c6c,true,2026-09-20T14:34:39+00:00
20260920T142128Z-gpu_h48,electricity_hourly,T241,chronos_bolt,tsfm,168,48,180007,31.217413584391277,41.35102891511955,0.7064761207217262,2.8964332191747517,33.72559599984015,1.0751953125,,205292928,true,dcb2c10e4ac97b1d1289825869826fdec84593f7,3d233e3d1d9d3c6c,true,2026-09-20T14:34:39+00:00
20260920T142128Z-gpu_h48,electricity_hourly,T241,chronos_bolt,tsfm,168,48,180008,25.291842142740887,35.80765478325585,0.9355317925904669,2.5541596339381347,32.94875400024466,1.0751953125,,205292928,true,dcb2c10e4ac97b1d1289825869826fdec84593f7,3d233e3d1d9d3c6c,true,2026-09-20T14:34:39+00:00
20260920T142128Z-gpu_h48,electricity_hourly,T241,chronos_bolt,tsfm,168,48,180009,24.656131744384766,34.30762551263225,0.6572534193245847,2.266085755837886,32.56420099978641,1.0751953125,,205292928,true,dcb2c10e4ac97b1d1289825869826fdec84593f7,3d233e3d1d9d3c6c,true,2026-09-20T14:34:39+00:00
20260920T142128Z-gpu_h48,electricity_hourly,T241,chronos_bolt,tsfm,168,48,180010,33.789014180501304,42.43842839877603,0.8874007007098648,3.0404853481869902,35.59503900032723,1.0751953125,,205292928,true,dcb2c10e4ac97b1d1289825869826fdec84593f7,3d233e3d1d9d3c6c,true,2026-09-20T14:34:39+00:00
20260920T142128Z-gpu_h48,electricity_hourly,T241,chronos_bolt,tsfm,168,48,180011,36.71296056111654,43.172160480497176,0.8946803724489392,3.345812621724251,34.5557870000448,1.0751953125,,205292928,true,dcb2c10e4ac97b1d1289825869826fdec84593f7,3d233e3d1d9d3c6c,true,2026-09-20T14:34:39+00:00
20260920T142128Z-gpu_h48,electricity_hourly,T241,chronos_bolt,tsfm,168,48,180012,41.752007802327476,57.45220258840756,1.0430758368381603,3.582006809383806,33.71928500018839,1.0751953125,,205292928,true,dcb2c10e4ac97b1d1289825869826fdec84593f7,3d233e3d1d9d3c6c,true,2026-09-20T14:34:39+00:00
20260920T142128Z-gpu_h48,electricity_hourly,T241,chronos_bolt,tsfm,168,48,180013,80.65438588460286,86.82377181541086,1.6250498904971054,7.786659871258758,36.620887000026414,1.0751953125,,205292928,true,dcb2c10e4ac97b1d1289825869826fdec84593f7,3d233e3d1d9d3c6c,true,2026-09-20T14:34:39+00:00
20260920T142128Z-gpu_h48,electricity_hourly,T241,chronos_bolt,tsfm,168,48,180014,43.87342961629232,56.00974670070603,1.0052146165069362,4.281659256534389,37.10831699982009,1.0751953125,,205292928,true,dcb2c10e4ac97b1d1289825869826fdec84593f7,3d233e3d1d9d3c6c,true,2026-09-20T14:34:39+00:00
20260920T142128Z-gpu_h48,electricity_hourly,T241,chronos_bolt,tsfm,168,48,180015,31.15967051188151,36.56552615881342,0.5742247957142229,2.9990169666190223,35.48476700007086,1.0751953125,,205292928,true,dcb2c10e4ac97b1d1289825869826fdec84593f7,3d233e3d1d9d3c6c,true,2026-09-20T14:34:39+00:00
20260920T142128Z-gpu_h48,electricity_hourly,T241,chronos_bolt,tsfm,168,48,180016,47.04445775349935,59.25789415824225,1.1186264723421246,5.099038169623108,38.0594020002718,1.0751953125,,205292928,true,dcb2c10e4ac97b1d1289825869826fdec84593f7,3d233e3d1d9d3c6c,true,2026-09-20T14:34:39+00:00
20260920T142128Z-gpu_h48,electricity_hourly,T241,chronos_bolt,tsfm,168,48,180017,40.42739232381185,46.99837358802998,0.7560447395621956,4.229444340696669,36.395938000168826,1.0751953125,,205292928,true,dcb2c10e4ac97b1d1289825869826fdec84593f7,3d233e3d1d9d3c6c,true,2026-09-20T14:34:39+00:00
20260920T142128Z-gpu_h48,electricity_hourly,T241,chronos_bolt,tsfm,168,48,180018,20.086251576741535,28.378901142775756,0.5224747519961671,1.9310123953266398,35.59601400002066,1.0751953125,,205292928,true,dcb2c10e4ac97b1d1289825869826fdec84593f7,3d233e3d1d9d3c6c,true,2026-09-20T14:34:39+00:00
20260920T142128Z-gpu_h48,electricity_hourly,T241,chronos_bolt,tsfm,168,48,180019,36.280869801839195,49.13291262712634,1.2315995406564932,3.907223246199041,35.51039600006334,1.0751953125,,205292928,true,dcb2c10e4ac97b1d1289825869826fdec84593f7,3d233e3d1d9d3c6c,true,2026-09-20T14:34:39+00:00
20260920T142128Z-gpu_h48,electricity_hourly,T241,chronos_bolt,tsfm,168,48,180020,27.927775065104168,35.76786438733222,0.36168716695521186,3.3113337702440093,33.49106199993912,1.0751953125,,205292928,true,dcb2c10e4ac97b1d1289825869826fdec84593f7,3d233e3d1d9d3c6c,true,2026-09-20T14:34:39+00:00
20260920T142128Z-gpu_h48,electricity_hourly,T241,chronos_bolt,tsfm,168,48,180021,40.598557790120445,55.320550696299726,0.2840439375074018,4.842609244800746,35.2728479997495,1.0751953125,,205292928,true,dcb2c10e4ac97b1d1289825869826fdec84593f7,3d233e3d1d9d3c6c,true,2026-09-20T14:34:39+00:00
20260920T142128Z-gpu_h48,electricity_hourly,T255,lstm,deep,168,48,190000,448.992225314423,619.6641537283098,2.6713581145013805,13.799399382091696,344.361007000316,16.14599609375,0.3257454909999069,4513,false,dcb2c10e4ac97b1d1289825869826fdec84593f7,3d233e3d1d9d3c6c,true,2026-09-20T14:34:51+00:00
20260920T142128Z-gpu_h48,electricity_hourly,T255,lstm,deep,168,48,190001,510.5899697610518,603.5531005963823,2.558457639557083,13.417179751405303,341.7518569999629,16.10986328125,0.3242662229999951,4513,false,dcb2c10e4ac97b1d1289825869826fdec84593f7,3d233e3d1d9d3c6c,true,2026-09-20T14:34:51+00:00
20260920T142128Z-gpu_h48,electricity_hourly,T255,lstm,deep,168,48,190002,432.2189662440971,580.9074129738894,3.1751622864580136,12.636395717987995,363.1259939998017,16.10986328125,0.34475562399984483,4513,false,dcb2c10e4ac97b1d1289825869826fdec84593f7,3d233e3d1d9d3c6c,true,2026-09-20T14:34:51+00:00
20260920T142128Z-gpu_h48,electricity_hourly,T255,lstm,deep,168,48,190003,184.07574550510984,245.19189812084457,1.0311564363469936,5.188104271516588,353.7103539997588,16.10986328125,0.3344497449998016,4513,false,dcb2c10e4ac97b1d1289825869826fdec84593f7,3d233e3d1d9d3c6c,true,2026-09-20T14:34:51+00:00
20260920T142128Z-gpu_h48,electricity_hourly,T255,lstm,deep,168,48,190004,285.0441825465795,354.63858861864156,1.3577124334052477,7.916525642602795,356.00514599991584,16.10986328125,0.33791448700003457,4513,false,dcb2c10e4ac97b1d1289825869826fdec84593f7,3d233e3d1d9d3c6c,true,2026-09-20T14:34:51+00:00
20260920T142128Z-gpu_h48,electricity_hourly,T255,lstm,deep,168,48,190005,177.9426885157253,239.032850441434,0.9042505256824803,5.106182062626202,344.20538299991676,16.10986328125,0.3257432630002768,4513,false,dcb2c10e4ac97b1d1289825869826fdec84593f7,3d233e3d1d9d3c6c,true,2026-09-20T14:34:51+00:00
20260920T142128Z-gpu_h48,electricity_hourly,T255,lstm,deep,168,48,190006,250.36078027189373,350.46314213806687,1.4603618244076921,6.434369037942853,353.03574899990053,16.10986328125,0.33567457799972544,4513,false,dcb2c10e4ac97b1d1289825869826fdec84593f7,3d233e3d1d9d3c6c,true,2026-09-20T14:34:51+00:00
20260920T142128Z-gpu_h48,electricity_hourly,T255,lstm,deep,168,48,190007,258.26875477996236,306.88375476708615,1.7874129229737388,7.2692069312324525,353.5524490002899,16.10986328125,0.3360411700000441,4513,false,dcb2c10e4ac97b1d1289825869826fdec84593f7,3d233e3d1d9d3c6c,true,2026-09-20T14:34:51+00:00
20260920T142128Z-gpu_h48,electricity_hourly,T255,lstm,deep,168,48,190008,521.749280026898,657.2854419825911,3.633421816610567,14.519692031332603,353.9381330001561,16.10986328125,0.3358554700002969,4513,false,dcb2c10e4ac97b1d1289825869826fdec84593f7,3d233e3d1d9d3c6c,true,2026-09-20T14:34:51+00:00
20260920T142128Z-gpu_h48,electricity_hourly,T255,lstm,deep,168,48,190009,648.6422881404177,851.3144701704042,3.362292638308861,17.291803842021928,354.75778499994703,16.10986328125,0.3365898710003421,4513,false,dcb2c10e4ac97b1d1289825869826fdec84593f7,3d233e3d1d9d3c6c,true,2026-09-20T14:34:51+00:00
20260920T142128Z-gpu_h48,electricity_hourly,T255,lstm,deep,168,48,190010,313.54124201602605,429.8663302173382,1.950995542749449,8.710879378457893,344.42311499969946,16.10986328125,0.32665806299974065,4513,false,dcb2c10e4ac97b1d1289825869826fdec84593f7,3d233e3d1d9d3c6c,true,2026-09-20T14:34:51+00:00
20260920T142128Z-gpu_h48,electricity_hourly,T255,lstm,deep,168,48,190011,290.00415583453315,377.01374390691626,1.564477519955523,7.709709557980814,342.3405039998215,16.10986328125,0.32447441799968146,4513,false,dcb2c10e4ac97b1d1289825869826fdec84593f7,3d233e3d1d9d3c6c,true,2026-09-20T14:34:51+00:00
20260920T142128Z-gpu_h48,electricity_hourly,T255,lstm,deep,168,48,190012,655.4130403390083,876.5588730303544,3.9048191066949602,18.42354090210122,358.5321999998996,16.10986328125,0.34147475899999336,4513,false,dcb2c10e4ac97b1d1289825869826fdec84593f7,3d233e3d1d9d3c6c,true,2026-09-20T14:34:51+00:00
20260920T142128Z-gpu_h48,electricity_hourly,T255,lstm,deep,168,48,190013,189.98687791093053,236.90663941458152,0.9006488813265076,5.321394767560479,360.58755000021847,16.10986328125,0.3425616950003132,4513,false,dcb2c10e4ac97b1d1289825869826fdec84593f7,3d233e3d1d9d3c6c,true,2026-09-20T14:34:51+00:00
20260920T142128Z-gpu_h48,electricity_hourly,T255,lstm,deep,168,48,190014,277.06065491684956,412.9877787998622,1.604727467944105,7.748749943535578,363.10274900006334,16.10986328125,0.34530221200020605,4513,false,dcb2c10e4ac97b1d1289825869826fdec84593f7,3d233e3d1d9d3c6c,true,2026-09-20T14:34:51+00:00
20260920T142128Z-gpu_h48,electricity_hourly,T255,lstm,deep,168,48,190015,255.62225893893137,347.2066683099941,1.133998930597847,7.109813592369763,354.2072250002093,16.10986328125,0.3371740630000204,4513,false,dcb2c10e4ac97b1d1289825869826fdec84593f7,3d233e3d1d9d3c6c,true,2026-09-20T14:34:51+00:00
20260920T142128Z-gpu_h48,electricity_hourly,T255,lstm,deep,168,48,190016,286.6403864445811,392.42464255094563,1.4900622955135079,9.549072912139154,347.7732209998976,16.10986328125,0.33034738200012725,4513,false,dcb2c10e4ac97b1d1289825869826fdec84593f7,3d233e3d1d9d3c6c,true,2026-09-20T14:34:51+00:00
20260920T142128Z-gpu_h48,electricity_hourly,T255,lstm,deep,168,48,190017,393.72713607792133,530.4094974901366,2.5124837186573017,12.480182039758029,357.7540820001559,16.10986328125,0.3391660759998558,4513,false,dcb2c10e4ac97b1d1289825869826fdec84593f7,3d233e3d1d9d3c6c,true,2026-09-20T14:34:51+00:00
20260920T142128Z-gpu_h48,electricity_hourly,T255,lstm,deep,168,48,190018,253.6577179100525,317.6791631811283,1.650999429535688,7.495476644975012,347.5287279998156,16.10986328125,0.3305088520000936,4513,false,dcb2c10e4ac97b1d1289825869826fdec84593f7,3d233e3d1d9d3c6c,true,2026-09-20T14:34:51+00:00
20260920T142128Z-gpu_h48,electricity_hourly,T255,lstm,deep,168,48,190019,242.76345956648456,303.51003095162986,1.6191726807583964,8.99549158000685,356.0067920002439,16.10986328125,0.3380217199996878,4513,false,dcb2c10e4ac97b1d1289825869826fdec84593f7,3d233e3d1d9d3c6c,true,2026-09-20T14:34:51+00:00
20260920T142128Z-gpu_h48,electricity_hourly,T255,lstm,deep,168,48,190020,199.03612303997852,266.1069275535922,1.3063446544100688,6.76671755669565,360.4895579996992,16.10986328125,0.34273699499999566,4513,false,dcb2c10e4ac97b1d1289825869826fdec84593f7,3d233e3d1d9d3c6c,true,2026-09-20T14:34:51+00:00
20260920T142128Z-gpu_h48,electricity_hourly,T255,lstm,deep,168,48,190021,721.8540259559646,875.2154136746593,1.1240670862908375,23.004193397808216,388.1133579998277,16.10986328125,0.36868894300005195,4513,false,dcb2c10e4ac97b1d1289825869826fdec84593f7,3d233e3d1d9d3c6c,true,2026-09-20T14:34:51+00:00
20260920T142128Z-gpu_h48,electricity_hourly,T255,transformer,deep,168,48,190000,302.1383896969858,370.60176791229867,1.7976254231444846,8.521698967729467,603.612978000001,10.6845703125,0.6015569520000099,19232,false,dcb2c10e4ac97b1d1289825869826fdec84593f7,3d233e3d1d9d3c6c,true,2026-09-20T14:35:09+00:00
20260920T142128Z-gpu_h48,electricity_hourly,T255,transformer,deep,168,48,190001,477.413127217076,535.798237496938,2.3922155445493405,12.483520556570841,584.0311420001854,10.525390625,0.5819717989998026,19232,false,dcb2c10e4ac97b1d1289825869826fdec84593f7,3d233e3d1d9d3c6c,true,2026-09-20T14:35:09+00:00
20260920T142128Z-gpu_h48,electricity_hourly,T255,transformer,deep,168,48,190002,251.62509418428286,316.3784867571746,1.8484855403804066,7.19123738712527,592.7093300001616,10.525390625,0.5905736740000975,19232,false,dcb2c10e4ac97b1d1289825869826fdec84593f7,3d233e3d1d9d3c6c,true,2026-09-20T14:35:09+00:00
20260920T142128Z-gpu_h48,electricity_hourly,T255,transformer,deep,168,48,190003,188.8150365799793,258.7122070541469,1.0577050209101775,5.185118835422448,594.4763929996952,10.525390625,0.5923143219997655,19232,false,dcb2c10e4ac97b1d1289825869826fdec84593f7,3d233e3d1d9d3c6c,true,2026-09-20T14:35:09+00:00
20260920T142128Z-gpu_h48,electricity_hourly,T255,transformer,deep,168,48,190004,226.05306706525369,271.60099776424335,1.0767280251851195,5.973340215434373,603.4079270002621,10.525390625,0.6012819590000618,19232,false,dcb2c10e4ac97b1d1289825869826fdec84593f7,3d233e3d1d9d3c6c,true,2026-09-20T14:35:09+00:00
20260920T142128Z-gpu_h48,electricity_hourly,T255,transformer,deep,168,48,190005,183.63486326316647,247.94930854820072,0.9331764234003589,5.309282830240208,583.5578890000761,10.525390625,0.5815456440000162,19232,false,dcb2c10e4ac97b1d1289825869826fdec84593f7,3d233e3d1d9d3c6c,true,2026-09-20T14:35:09+00:00
20260920T142128Z-gpu_h48,electricity_hourly,T255,transformer,deep,168,48,190006,268.3457822190516,358.4718188573869,1.565268871857392,7.0435368095034905,587.0371319997503,10.525390625,0.5850014120001106,19232,false,dcb2c10e4ac97b1d1289825869826fdec84593f7,3d233e3d1d9d3c6c,true,2026-09-20T14:35:09+00:00
20260920T142128Z-gpu_h48,electricity_hourly,T255,transformer,deep,168,48,190007,304.73566088101694,375.1940971565745,2.10899866231876,8.21990600573399,584.9503959998401,10.525390625,0.5828965559999233,19232,false,dcb2c10e4ac97b1d1289825869826fdec84593f7,3d233e3d1d9d3c6c,true,2026-09-20T14:35:09+00:00
20260920T142128Z-gpu_h48,electricity_hourly,T255,transformer,deep,168,48,190008,185.3585639642748,242.9272747788896,1.290822768684378,5.41667139849801,583.4946479999417,10.525390625,0.5814668230000279,19232,false,dcb2c10e4ac97b1d1289825869826fdec84593f7,3d233e3d1d9d3c6c,true,2026-09-20T14:35:09+00:00
20260920T142128Z-gpu_h48,electricity_hourly,T255,transformer,deep,168,48,190009,405.9799224159165,513.5412793801171,2.104431563279049,11.1446770347659,580.0591380002516,10.525390625,0.5781268570003704,19232,false,dcb2c10e4ac97b1d1289825869826fdec84593f7,3d233e3d1d9d3c6c,true,2026-09-20T14:35:09+00:00
20260920T142128Z-gpu_h48,electricity_hourly,T255,transformer,deep,168,48,190010,178.37160274251823,231.2209163053173,1.1099088581333776,4.994792247888754,582.9942049999772,10.525390625,0.5809853089999706,19232,false,dcb2c10e4ac97b1d1289825869826fdec84593f7,3d233e3d1d9d3c6c,true,2026-09-20T14:35:09+00:00
20260920T142128Z-gpu_h48,electricity_hourly,T255,transformer,deep,168,48,190011,298.3659899917636,377.05175961900284,1.6095868789125976,7.972115851781158,591.6675120001855,10.525390625,0.5895998559999498,19232,false,dcb2c10e4ac97b1d1289825869826fdec84593f7,3d233e3d1d9d3c6c,true,2026-09-20T14:35:09+00:00
20260920T142128Z-gpu_h48,electricity_hourly,T255,transformer,deep,168,48,190012,255.9718301209073,386.1633435769642,1.5250286941419384,7.230854879388851,600.0612590000856,10.525390625,0.598041946000194,19232,false,dcb2c10e4ac97b1d1289825869826fdec84593f7,3d233e3d1d9d3c6c,true,2026-09-20T14:35:09+00:00
20260920T142128Z-gpu_h48,electricity_hourly,T255,transformer,deep,168,48,190013,355.51723794519245,447.0320457156919,1.6853595688737066,10.674229562180415,587.6316330000009,10.525390625,0.5856219209999836,19232,false,dcb2c10e4ac97b1d1289825869826fdec84593f7,3d233e3d1d9d3c6c,true,2026-09-20T14:35:09+00:00
20260920T142128Z-gpu_h48,electricity_hourly,T255,transformer,deep,168,48,190014,246.43350194559298,321.68806930295705,1.4273358651824226,7.115518855562991,577.8938670000571,10.525390625,0.5758628110002064,19232,false,dcb2c10e4ac97b1d1289825869826fdec84593f7,3d233e3d1d9d3c6c,true,2026-09-20T14:35:09+00:00
20260920T142128Z-gpu_h48,electricity_hourly,T255,transformer,deep,168,48,190015,359.18255216345415,468.6334359016142,1.593416127897024,10.4891672098079,588.9183839999532,10.525390625,0.5867695990000357,19232,false,dcb2c10e4ac97b1d1289825869826fdec84593f7,3d233e3d1d9d3c6c,true,2026-09-20T14:35:09+00:00
20260920T142128Z-gpu_h48,electricity_hourly,T255,transformer,deep,168,48,190016,304.7835241831937,412.43715327857683,1.5843770074141692,10.346790151532275,584.5477910002046,10.525390625,0.5824173930000143,19232,false,dcb2c10e4ac97b1d1289825869826fdec84593f7,3d233e3d1d9d3c6c,true,2026-09-20T14:35:09+00:00
20260920T142128Z-gpu_h48,electricity_hourly,T255,transformer,deep,168,48,190017,159.16290576109108,198.59367142126197,1.0156633178054204,4.841229259877729,588.6972919997788,10.525390625,0.5865463449999879,19232,false,dcb2c10e4ac97b1d1289825869826fdec84593f7,3d233e3d1d9d3c6c,true,2026-09-20T14:35:09+00:00
20260920T142128Z-gpu_h48,electricity_hourly,T255,transformer,deep,168,48,190018,296.565391310809,366.36285818146587,1.9302755536411362,8.986662787784775,636.2283500002377,10.525390625,0.6342645579998134,19232,false,dcb2c10e4ac97b1d1289825869826fdec84593f7,3d233e3d1d9d3c6c,true,2026-09-20T14:35:09+00:00
20260920T142128Z-gpu_h48,electricity_hourly,T255,transformer,deep,168,48,190019,169.63377030284488,217.47066433313515,1.1314156055400493,6.344065755713799,596.3254880002751,10.525390625,0.5942184900000029,19232,false,dcb2c10e4ac97b1d1289825869826fdec84593f7,3d233e3d1d9d3c6c,true,2026-09-20T14:35:09+00:00
20260920T142128Z-gpu_h48,electricity_hourly,T255,transformer,deep,168,48,190020,224.48922068125773,280.3400559707486,1.473402359986377,7.508614117784236,588.3003650001228,10.525390625,0.5863243680000778,19232,false,dcb2c10e4ac97b1d1289825869826fdec84593f7,3d233e3d1d9d3c6c,true,2026-09-20T14:35:09+00:00
20260920T142128Z-gpu_h48,electricity_hourly,T255,transformer,deep,168,48,190021,659.6734487852837,928.9977019841589,1.027239836333249,22.4368277451899,580.7461919998786,10.525390625,0.5787561140000435,19232,false,dcb2c10e4ac97b1d1289825869826fdec84593f7,3d233e3d1d9d3c6c,true,2026-09-20T14:35:09+00:00
20260920T142128Z-gpu_h48,electricity_hourly,T255,timesfm25,tsfm,168,48,190000,122.60531616210938,164.49925007019323,0.7294618653614738,3.7296156883184906,112.76786200005517,11.94287109375,,231289280,true,dcb2c10e4ac97b1d1289825869826fdec84593f7,3d233e3d1d9d3c6c,true,2026-09-20T14:35:16+00:00
20260920T142128Z-gpu_h48,electricity_hourly,T255,timesfm25,tsfm,168,48,190001,304.9033966064453,376.41359837488625,1.5278060098590063,7.625673230052062,111.69972700008657,11.94287109375,,231289280,true,dcb2c10e4ac97b1d1289825869826fdec84593f7,3d233e3d1d9d3c6c,true,2026-09-20T14:35:16+00:00
20260920T142128Z-gpu_h48,electricity_hourly,T255,timesfm25,tsfm,168,48,190002,144.22988891601562,168.20754107646826,1.0595400471332646,4.111121371478689,122.89977999989787,11.94287109375,,231289280,true,dcb2c10e4ac97b1d1289825869826fdec84593f7,3d233e3d1d9d3c6c,true,2026-09-20T14:35:16+00:00
20260920T142128Z-gpu_h48,electricity_hourly,T255,timesfm25,tsfm,168,48,190003,175.70288594563803,240.0681223865503,0.9842533095842168,4.83754852745106,119.89657599997372,11.94287109375,,231289280,true,dcb2c10e4ac97b1d1289825869826fdec84593f7,3d233e3d1d9d3c6c,true,2026-09-20T14:35:16+00:00
20260920T142128Z-gpu_h48,electricity_hourly,T255,timesfm25,tsfm,168,48,190004,142.5446319580078,180.6751236217019,0.6789635816999577,3.2805322599711593,120.51715300003707,11.94287109375,,231289280,true,dcb2c10e4ac97b1d1289825869826fdec84593f7,3d233e3d1d9d3c6c,true,2026-09-20T14:35:16+00:00
20260920T142128Z-gpu_h48,electricity_hourly,T255,timesfm25,tsfm,168,48,190005,117.59220886230469,156.62061866180062,0.5975677762703135,3.3018185395858,119.44169500020507,11.94287109375,,231289280,true,dcb2c10e4ac97b1d1289825869826fdec84593f7,3d233e3d1d9d3c6c,true,2026-09-20T14:35:16+00:00
20260920T142128Z-gpu_h48,electricity_hourly,T255,timesfm25,tsfm,168,48,190006,134.85295613606772,171.36003972618064,0.7866012753106393,3.2974362315696086,114.57882700005939,11.94287109375,,231289280,true,dcb2c10e4ac97b1d1289825869826fdec84593f7,3d233e3d1d9d3c6c,true,2026-09-20T14:35:16+00:00
20260920T142128Z-gpu_h48,electricity_hourly,T255,timesfm25,tsfm,168,48,190007,110.21370951334636,135.94213593415122,0.7627612904273503,2.906763243654395,120.36163400034638,11.94287109375,,231289280,true,dcb2c10e4ac97b1d1289825869826fdec84593f7,3d233e3d1d9d3c6c,true,2026-09-20T14:35:16+00:00
20260920T142128Z-gpu_h48,electricity_hourly,T255,timesfm25,tsfm,168,48,190008,118.23833719889323,149.61860336640234,0.8234026770790515,3.2835260916524223,130.79718200015122,11.94287109375,,231289280,true,dcb2c10e4ac97b1d1289825869826fdec84593f7,3d233e3d1d9d3c6c,true,2026-09-20T14:35:16+00:00
20260920T142128Z-gpu_h48,electricity_hourly,T255,timesfm25,tsfm,168,48,190009,164.94458516438803,228.38324517137784,0.8550043291458559,4.2500645219844,122.60479299993676,11.94287109375,,231289280,true,dcb2c10e4ac97b1d1289825869826fdec84593f7,3d233e3d1d9d3c6c,true,2026-09-20T14:35:16+00:00
20260920T142128Z-gpu_h48,electricity_hourly,T255,timesfm25,tsfm,168,48,190010,140.87109883626303,184.86119716410266,0.8765637469718207,3.707211090800386,121.29704400012997,11.94287109375,,231289280,true,dcb2c10e4ac97b1d1289825869826fdec84593f7,3d233e3d1d9d3c6c,true,2026-09-20T14:35:16+00:00
20260920T142128Z-gpu_h48,electricity_hourly,T255,timesfm25,tsfm,168,48,190011,178.4208526611328,216.2448434170375,0.9625221137827568,4.6325202959172715,123.44524199988882,11.94287109375,,231289280,true,dcb2c10e4ac97b1d1289825869826fdec84593f7,3d233e3d1d9d3c6c,true,2026-09-20T14:35:16+00:00
20260920T142128Z-gpu_h48,electricity_hourly,T255,timesfm25,tsfm,168,48,190012,159.79438273111978,204.20610242173976,0.9520228015424596,4.4721837727532465,115.29344599966862,11.94287109375,,231289280,true,dcb2c10e4ac97b1d1289825869826fdec84593f7,3d233e3d1d9d3c6c,true,2026-09-20T14:35:16+00:00
20260920T142128Z-gpu_h48,electricity_hourly,T255,timesfm25,tsfm,168,48,190013,145.2513682047526,187.81607949115144,0.688576409714392,3.913204818580851,114.09920999994938,11.94287109375,,231289280,true,dcb2c10e4ac97b1d1289825869826fdec84593f7,3d233e3d1d9d3c6c,true,2026-09-20T14:35:16+00:00
20260920T142128Z-gpu_h48,electricity_hourly,T255,timesfm25,tsfm,168,48,190014,156.70135498046875,241.12362119302364,0.9076098108433553,4.701169041361925,111.13027700002931,11.94287109375,,231289280,true,dcb2c10e4ac97b1d1289825869826fdec84593f7,3d233e3d1d9d3c6c,true,2026-09-20T14:35:16+00:00
20260920T142128Z-gpu_h48,electricity_hourly,T255,timesfm25,tsfm,168,48,190015,196.0068155924479,229.9243951231845,0.8695311597446858,5.509685807772879,121.57287599984556,11.94287109375,,231289280,true,dcb2c10e4ac97b1d1289825869826fdec84593f7,3d233e3d1d9d3c6c,true,2026-09-20T14:35:16+00:00
20260920T142128Z-gpu_h48,electricity_hourly,T255,timesfm25,tsfm,168,48,190016,128.28775278727213,174.1964405730943,0.6668869860787404,4.233355867123751,119.27968700001657,11.94287109375,,231289280,true,dcb2c10e4ac97b1d1289825869826fdec84593f7,3d233e3d1d9d3c6c,true,2026-09-20T14:35:16+00:00
20260920T142128Z-gpu_h48,electricity_hourly,T255,timesfm25,tsfm,168,48,190017,115.445068359375,149.81373060723928,0.7366874875365593,3.1954093649129134,113.47460700017109,11.94287109375,,231289280,true,dcb2c10e4ac97b1d1289825869826fdec84593f7,3d233e3d1d9d3c6c,true,2026-09-20T14:35:16+00:00
20260920T142128Z-gpu_h48,electricity_hourly,T255,timesfm25,tsfm,168,48,190018,204.5157928466797,259.6087715218275,1.3311460029796545,6.130666869652193,122.24299500030611,11.94287109375,,231289280,true,dcb2c10e4ac97b1d1289825869826fdec84593f7,3d233e3d1d9d3c6c,true,2026-09-20T14:35:16+00:00
20260920T142128Z-gpu_h48,electricity_hourly,T255,timesfm25,tsfm,168,48,190019,91.22533162434895,123.80228341473365,0.6084505675732399,3.241770354101877,119.59785399994871,11.94287109375,,231289280,true,dcb2c10e4ac97b1d1289825869826fdec84593f7,3d233e3d1d9d3c6c,true,2026-09-20T14:35:16+00:00
20260920T142128Z-gpu_h48,electricity_hourly,T255,timesfm25,tsfm,168,48,190020,161.68077850341797,211.60894311670344,1.0611682818820505,4.948485153303223,108.50929100024587,11.94287109375,,231289280,true,dcb2c10e4ac97b1d1289825869826fdec84593f7,3d233e3d1d9d3c6c,true,2026-09-20T14:35:16+00:00
20260920T142128Z-gpu_h48,electricity_hourly,T255,timesfm25,tsfm,168,48,190021,319.7703348795573,456.8605380688897,0.4979445922384265,9.753444810964524,121.13882900030148,11.94287109375,,231289280,true,dcb2c10e4ac97b1d1289825869826fdec84593f7,3d233e3d1d9d3c6c,true,2026-09-20T14:35:16+00:00
20260920T142128Z-gpu_h48,electricity_hourly,T255,chronos_bolt,tsfm,168,48,190000,110.58050028483073,159.16893089875396,0.6579181110199408,3.238412013861966,34.479903999908856,1.0751953125,,205292928,true,dcb2c10e4ac97b1d1289825869826fdec84593f7,3d233e3d1d9d3c6c,true,2026-09-20T14:35:21+00:00
20260920T142128Z-gpu_h48,electricity_hourly,T255,chronos_bolt,tsfm,168,48,190001,277.08616129557294,337.3514528148912,1.3884197656956816,6.934521750478629,35.6435139997302,1.0751953125,,205292928,true,dcb2c10e4ac97b1d1289825869826fdec84593f7,3d233e3d1d9d3c6c,true,2026-09-20T14:35:21+00:00
20260920T142128Z-gpu_h48,electricity_hourly,T255,chronos_bolt,tsfm,168,48,190002,125.09171040852864,147.18131923612606,0.918947367555766,3.549524748652592,33.24101500038523,1.0751953125,,205292928,true,dcb2c10e4ac97b1d1289825869826fdec84593f7,3d233e3d1d9d3c6c,true,2026-09-20T14:35:21+00:00
20260920T142128Z-gpu_h48,electricity_hourly,T255,chronos_bolt,tsfm,168,48,190003,170.66055806477866,226.79308874986896,0.9560071719181563,4.717682452156458,32.823951999944256,1.0751953125,,205292928,true,dcb2c10e4ac97b1d1289825869826fdec84593f7,3d233e3d1d9d3c6c,true,2026-09-20T14:35:21+00:00
20260920T142128Z-gpu_h48,electricity_hourly,T255,chronos_bolt,tsfm,168,48,190004,99.54601542154948,127.06300983077561,0.4741540824524717,2.3839931916081527,35.407203000431764,1.0751953125,,205292928,true,dcb2c10e4ac97b1d1289825869826fdec84593f7,3d233e3d1d9d3c6c,true,2026-09-20T14:35:21+00:00
20260920T142128Z-gpu_h48,electricity_hourly,T255,chronos_bolt,tsfm,168,48,190005,137.1293741861979,171.39571793340127,0.6968496976678017,3.915957807371137,34.899551999842515,1.0751953125,,205292928,true,dcb2c10e4ac97b1d1289825869826fdec84593f7,3d233e3d1d9d3c6c,true,2026-09-20T14:35:21+00:00
20260920T142128Z-gpu_h48,electricity_hourly,T255,chronos_bolt,tsfm,168,48,190006,125.76776123046875,160.64739201959986,0.7336070651430915,3.0454466365806843,34.662714999740274,1.0751953125,,205292928,true,dcb2c10e4ac97b1d1289825869826fdec84593f7,3d233e3d1d9d3c6c,true,2026-09-20T14:35:21+00:00
20260920T142128Z-gpu_h48,electricity_hourly,T255,chronos_bolt,tsfm,168,48,190007,100.96748352050781,124.97135404662355,0.6987704919956326,2.7659176217189625,35.37312600019504,1.0751953125,,205292928,true,dcb2c10e4ac97b1d1289825869826fdec84593f7,3d233e3d1d9d3c6c,true,2026-09-20T14:35:21+00:00
20260920T142128Z-gpu_h48,electricity_hourly,T255,chronos_bolt,tsfm,168,48,190008,113.98018900553386,139.86152695220744,0.7937492608954867,3.2246330476932386,35.208933999911096,1.0751953125,,205292928,true,dcb2c10e4ac97b1d1289825869826fdec84593f7,3d233e3d1d9d3c6c,true,2026-09-20T14:35:21+00:00
20260920T142128Z-gpu_h48,electricity_hourly,T255,chronos_bolt,tsfm,168,48,190009,169.93106587727866,243.82838830885532,0.8808521773336259,4.393531357060984,35.857484999723965,1.0751953125,,205292928,true,dcb2c10e4ac97b1d1289825869826fdec84593f7,3d233e3d1d9d3c6c,true,2026-09-20T14:35:21+00:00
20260920T142128Z-gpu_h48,electricity_hourly,T255,chronos_bolt,tsfm,168,48,190010,131.44586690266928,171.08667576640934,0.8179156872346546,3.440149773411575,36.438382000142155,1.0751953125,,205292928,true,dcb2c10e4ac97b1d1289825869826fdec84593f7,3d233e3d1d9d3c6c,true,2026-09-20T14:35:21+00:00
20260920T142128Z-gpu_h48,electricity_hourly,T255,chronos_bolt,tsfm,168,48,190011,159.99573771158853,196.34919731861325,0.8631246480526261,4.100495708711894,33.22406100005537,1.0751953125,,205292928,true,dcb2c10e4ac97b1d1289825869826fdec84593f7,3d233e3d1d9d3c6c,true,2026-09-20T14:35:21+00:00
20260920T142128Z-gpu_h48,electricity_hourly,T255,chronos_bolt,tsfm,168,48,190012,139.4163564046224,181.59974158486241,0.8306146182153755,3.8476546012752606,35.81109699962326,1.0751953125,,205292928,true,dcb2c10e4ac97b1d1289825869826fdec84593f7,3d233e3d1d9d3c6c,true,2026-09-20T14:35:21+00:00
20260920T142128Z-gpu_h48,electricity_hourly,T255,chronos_bolt,tsfm,168,48,190013,143.43507385253906,179.8375035826371,0.6799661125482493,4.008323395107097,34.624821999841515,1.0751953125,,205292928,true,dcb2c10e4ac97b1d1289825869826fdec84593f7,3d233e3d1d9d3c6c,true,2026-09-20T14:35:21+00:00
20260920T142128Z-gpu_h48,electricity_hourly,T255,chronos_bolt,tsfm,168,48,190014,151.24482218424478,242.45700301729087,0.8760057273964785,4.574358669911189,31.833379000090645,1.0751953125,,205292928,true,dcb2c10e4ac97b1d1289825869826fdec84593f7,3d233e3d1d9d3c6c,true,2026-09-20T14:35:21+00:00
20260920T142128Z-gpu_h48,electricity_hourly,T255,chronos_bolt,tsfm,168,48,190015,162.74788411458334,213.74730137248858,0.7219869165896489,4.36860873482148,34.18403300020145,1.0751953125,,205292928,true,dcb2c10e4ac97b1d1289825869826fdec84593f7,3d233e3d1d9d3c6c,true,2026-09-20T14:35:21+00:00
20260920T142128Z-gpu_h48,electricity_hourly,T255,chronos_bolt,tsfm,168,48,190016,132.6612294514974,176.72519275067555,0.6896219284869004,4.280101039059212,32.88642200004688,1.0751953125,,205292928,true,dcb2c10e4ac97b1d1289825869826fdec84593f7,3d233e3d1d9d3c6c,true,2026-09-20T14:35:21+00:00
20260920T142128Z-gpu_h48,electricity_hourly,T255,chronos_bolt,tsfm,168,48,190017,105.09157816569011,135.31922923817964,0.6706189513364963,2.8954958883808777,35.628860000088025,1.0751953125,,205292928,true,dcb2c10e4ac97b1d1289825869826fdec84593f7,3d233e3d1d9d3c6c,true,2026-09-20T14:35:21+00:00
20260920T142128Z-gpu_h48,electricity_hourly,T255,chronos_bolt,tsfm,168,48,190018,243.5585734049479,291.0705503414318,1.5852664332992452,7.306880293858995,35.887111999727495,1.0751953125,,205292928,true,dcb2c10e4ac97b1d1289825869826fdec84593f7,3d233e3d1d9d3c6c,true,2026-09-20T14:35:21+00:00
20260920T142128Z-gpu_h48,electricity_hourly,T255,chronos_bolt,tsfm,168,48,190019,104.39359537760417,135.74923211688153,0.6962796542091246,3.7264214073289983,32.393133000368834,1.0751953125,,205292928,true,dcb2c10e4ac97b1d1289825869826fdec84593f7,3d233e3d1d9d3c6c,true,2026-09-20T14:35:21+00:00
20260920T142128Z-gpu_h48,electricity_hourly,T255,chronos_bolt,tsfm,168,48,190020,148.19300842285156,189.31913290965315,0.972643264033301,4.566097796657394,33.73293799995736,1.0751953125,,205292928,true,dcb2c10e4ac97b1d1289825869826fdec84593f7,3d233e3d1d9d3c6c,true,2026-09-20T14:35:21+00:00
20260920T142128Z-gpu_h48,electricity_hourly,T255,chronos_bolt,tsfm,168,48,190021,251.98221588134766,357.11323071624093,0.39238530924275,7.460767097668243,33.105196000178694,1.0751953125,,205292928,true,dcb2c10e4ac97b1d1289825869826fdec84593f7,3d233e3d1d9d3c6c,true,2026-09-20T14:35:21+00:00
20260920T142128Z-gpu_h48,electricity_hourly,T268,lstm,deep,168,48,200000,69.99934892686812,104.4868952308988,1.9850150148619556,8.763638927012686,325.00119199994515,16.14599609375,0.3074187150000398,4513,false,dcb2c10e4ac97b1d1289825869826fdec84593f7,3d233e3d1d9d3c6c,true,2026-09-20T14:35:33+00:00
20260920T142128Z-gpu_h48,electricity_hourly,T268,lstm,deep,168,48,200001,300.7015618907689,367.2838435737473,4.56713689613656,30.25419783487198,384.55516099975284,16.10986328125,0.36617268600002717,4513,false,dcb2c10e4ac97b1d1289825869826fdec84593f7,3d233e3d1d9d3c6c,true,2026-09-20T14:35:33+00:00
20260920T142128Z-gpu_h48,electricity_hourly,T268,lstm,deep,168,48,200002,176.00096932462353,252.80413053813996,2.651060625810229,19.97091171194219,343.233532999875,16.10986328125,0.3252567269996689,4513,false,dcb2c10e4ac97b1d1289825869826fdec84593f7,3d233e3d1d9d3c6c,true,2026-09-20T14:35:33+00:00
20260920T142128Z-gpu_h48,electricity_hourly,T268,lstm,deep,168,48,200003,104.51274979295675,126.04272858484187,1.8728018877782195,10.697376521880345,336.70233800012284,16.10986328125,0.31990397399977155,4513,false,dcb2c10e4ac97b1d1289825869826fdec84593f7,3d233e3d1d9d3c6c,true,2026-09-20T14:35:33+00:00
20260920T142128Z-gpu_h48,electricity_hourly,T268,lstm,deep,168,48,200004,59.443153724426736,76.68127488133318,1.3000932770834523,5.855700190137433,362.10863699989204,16.10986328125,0.34410786399985227,4513,false,dcb2c10e4ac97b1d1289825869826fdec84593f7,3d233e3d1d9d3c6c,true,2026-09-20T14:35:33+00:00
20260920T142128Z-gpu_h48,electricity_hourly,T268,lstm,deep,168,48,200005,263.26696061653564,336.3542568995451,5.14039895983473,27.98717572278557,375.3633719998106,16.10986328125,0.35766869700000825,4513,false,dcb2c10e4ac97b1d1289825869826fdec84593f7,3d233e3d1d9d3c6c,true,2026-09-20T14:35:33+00:00
20260920T142128Z-gpu_h48,electricity_hourly,T268,lstm,deep,168,48,200006,155.4036249084493,224.9284622184886,3.5470156897791565,16.3612766996727,345.1426219999121,16.10986328125,0.3279191839997111,4513,false,dcb2c10e4ac97b1d1289825869826fdec84593f7,3d233e3d1d9d3c6c,true,2026-09-20T14:35:33+00:00
20260920T142128Z-gpu_h48,electricity_hourly,T268,lstm,deep,168,48,200007,137.58972735970997,207.33950958976345,2.9409114947006434,14.289828643563796,344.84885500023665,16.10986328125,0.3273871239998698,4513,false,dcb2c10e4ac97b1d1289825869826fdec84593f7,3d233e3d1d9d3c6c,true,2026-09-20T14:35:33+00:00
20260920T142128Z-gpu_h48,electricity_hourly,T268,lstm,deep,168,48,200008,218.3713104001093,294.0919884837994,4.82736700915194,23.744070732582266,348.40964199975133,16.10986328125,0.3305858260000605,4513,false,dcb2c10e4ac97b1d1289825869826fdec84593f7,3d233e3d1d9d3c6c,true,2026-09-20T14:35:33+00:00
20260920T142128Z-gpu_h48,electricity_hourly,T268,lstm,deep,168,48,200009,64.91552429838286,90.9794243754063,1.088983632218911,7.14918303194062,344.11486999988483,16.10986328125,0.3270030389999192,4513,false,dcb2c10e4ac97b1d1289825869826fdec84593f7,3d233e3d1d9d3c6c,true,2026-09-20T14:35:33+00:00
20260920T142128Z-gpu_h48,electricity_hourly,T268,lstm,deep,168,48,200010,105.16947038106328,142.2775655586274,2.5985593230736295,10.362263255608795,328.16692400001557,16.10986328125,0.3102526279999438,4513,false,dcb2c10e4ac97b1d1289825869826fdec84593f7,3d233e3d1d9d3c6c,true,2026-09-20T14:35:33+00:00
20260920T142128Z-gpu_h48,electricity_hourly,T268,lstm,deep,168,48,200011,60.045327266021296,77.17962285310271,0.9987902421516769,6.15863260332522,334.3810100000155,16.10986328125,0.3168921540000156,4513,false,dcb2c10e4ac97b1d1289825869826fdec84593f7,3d233e3d1d9d3c6c,true,2026-09-20T14:35:33+00:00
20260920T142128Z-gpu_h48,electricity_hourly,T268,lstm,deep,168,48,200012,117.03232359060985,169.4245375224463,2.1359511529845143,13.452014621503604,332.98260699984894,16.10986328125,0.31563387899996087,4513,false,dcb2c10e4ac97b1d1289825869826fdec84593f7,3d233e3d1d9d3c6c,true,2026-09-20T14:35:33+00:00
20260920T142128Z-gpu_h48,electricity_hourly,T268,lstm,deep,168,48,200013,147.47475196894496,211.7820146052905,2.674268263887177,17.76436763571664,341.40453000009074,16.10986328125,0.3227051499998197,4513,false,dcb2c10e4ac97b1d1289825869826fdec84593f7,3d233e3d1d9d3c6c,true,2026-09-20T14:35:33+00:00
20260920T142128Z-gpu_h48,electricity_hourly,T268,lstm,deep,168,48,200014,77.48292132288672,102.20195796321194,1.8198565764957901,8.07370136504167,330.67923999988125,16.10986328125,0.313252028000079,4513,false,dcb2c10e4ac97b1d1289825869826fdec84593f7,3d233e3d1d9d3c6c,true,2026-09-20T14:35:33+00:00
20260920T142128Z-gpu_h48,electricity_hourly,T268,lstm,deep,168,48,200015,128.81226049824159,184.0364115756273,2.8104493199616343,15.039407855914133,326.47675599992,16.10986328125,0.30898611099974005,4513,false,dcb2c10e4ac97b1d1289825869826fdec84593f7,3d233e3d1d9d3c6c,true,2026-09-20T14:35:33+00:00
20260920T142128Z-gpu_h48,electricity_hourly,T268,lstm,deep,168,48,200016,126.08888851298987,186.55639188755782,2.5186294834055403,16.608556094626163,332.33311000003596,16.10986328125,0.3145891799999845,4513,false,dcb2c10e4ac97b1d1289825869826fdec84593f7,3d233e3d1d9d3c6c,true,2026-09-20T14:35:33+00:00
20260920T142128Z-gpu_h48,electricity_hourly,T268,lstm,deep,168,48,200017,64.80942001453138,91.2209848818131,1.5904152150805249,8.547270519574647,325.9812820001571,16.10986328125,0.30866066700036754,4513,false,dcb2c10e4ac97b1d1289825869826fdec84593f7,3d233e3d1d9d3c6c,true,2026-09-20T14:35:33+00:00
20260920T142128Z-gpu_h48,electricity_hourly,T268,lstm,deep,168,48,200018,128.05520414492457,187.62683313436932,2.8975407600360055,17.46585571868152,328.99454599964884,16.10986328125,0.3121651699998438,4513,false,dcb2c10e4ac97b1d1289825869826fdec84593f7,3d233e3d1d9d3c6c,true,2026-09-20T14:35:33+00:00
20260920T142128Z-gpu_h48,electricity_hourly,T268,lstm,deep,168,48,200019,90.02871416766239,129.96688577169462,2.055189416636554,12.158894646429124,338.32804600024247,16.10986328125,0.3215361990000929,4513,false,dcb2c10e4ac97b1d1289825869826fdec84593f7,3d233e3d1d9d3c6c,true,2026-09-20T14:35:33+00:00
20260920T142128Z-gpu_h48,electricity_hourly,T268,lstm,deep,168,48,200020,62.947159883198395,93.80396660151334,1.5363374615560286,9.184001859159673,370.45423699964886,16.10986328125,0.35245941099992706,4513,false,dcb2c10e4ac97b1d1289825869826fdec84593f7,3d233e3d1d9d3c6c,true,2026-09-20T14:35:33+00:00
20260920T142128Z-gpu_h48,electricity_hourly,T268,lstm,deep,168,48,200021,203.2196731093621,272.59110076421234,0.7001706646189292,29.420640349545923,327.37283699998443,16.10986328125,0.30986327100026756,4513,false,dcb2c10e4ac97b1d1289825869826fdec84593f7,3d233e3d1d9d3c6c,true,2026-09-20T14:35:33+00:00
20260920T142128Z-gpu_h48,electricity_hourly,T268,transformer,deep,168,48,200000,128.78654901314658,151.95203921895177,3.6520801610659923,15.359345802892413,578.514768000332,10.6845703125,0.5765522659999078,19232,false,dcb2c10e4ac97b1d1289825869826fdec84593f7,3d233e3d1d9d3c6c,true,2026-09-20T14:35:50+00:00
20260920T142128Z-gpu_h48,electricity_hourly,T268,transformer,deep,168,48,200001,244.38830125801942,283.4137275506077,3.7118358170187533,22.504764490504936,567.6679199996215,10.525390625,0.565531259999716,19232,false,dcb2c10e4ac97b1d1289825869826fdec84593f7,3d233e3d1d9d3c6c,true,2026-09-20T14:35:50+00:00
20260920T142128Z-gpu_h48,electricity_hourly,T268,transformer,deep,168,48,200002,100.41259970754557,131.05222165912403,1.5124910416199333,11.517964974016143,571.7883430002075,10.525390625,0.5695302500002981,19232,false,dcb2c10e4ac97b1d1289825869826fdec84593f7,3d233e3d1d9d3c6c,true,2026-09-20T14:35:50+00:00
20260920T142128Z-gpu_h48,electricity_hourly,T268,transformer,deep,168,48,200003,101.61291745469357,115.41712239445033,1.8208387398551362,10.655299076254236,583.2947559997592,10.525390625,0.5812742600001002,19232,false,dcb2c10e4ac97b1d1289825869826fdec84593f7,3d233e3d1d9d3c6c,true,2026-09-20T14:35:50+00:00
20260920T142128Z-gpu_h48,electricity_hourly,T268,transformer,deep,168,48,200004,95.9104219473265,126.35744083529893,2.0976763001845407,10.575819723511886,573.0363889997534,10.525390625,0.5710153290001472,19232,false,dcb2c10e4ac97b1d1289825869826fdec84593f7,3d233e3d1d9d3c6c,true,2026-09-20T14:35:50+00:00
20260920T142128Z-gpu_h48,electricity_hourly,T268,transformer,deep,168,48,200005,59.97420363752396,84.70799380940225,1.1710217388208068,7.4159224810387485,604.7512059999463,10.525390625,0.6027446920002149,19232,false,dcb2c10e4ac97b1d1289825869826fdec84593f7,3d233e3d1d9d3c6c,true,2026-09-20T14:35:50+00:00
20260920T142128Z-gpu_h48,electricity_hourly,T268,transformer,deep,168,48,200006,159.1960311152893,223.0049646939048,3.633575603202038,17.23268065634467,571.1786679999022,10.525390625,0.5690418780000073,19232,false,dcb2c10e4ac97b1d1289825869826fdec84593f7,3d233e3d1d9d3c6c,true,2026-09-20T14:35:50+00:00
20260920T142128Z-gpu_h48,electricity_hourly,T268,transformer,deep,168,48,200007,70.97601098784251,83.25484403059161,1.5170766783804843,7.234007394049084,581.3748579998901,10.525390625,0.5792169510000349,19232,false,dcb2c10e4ac97b1d1289825869826fdec84593f7,3d233e3d1d9d3c6c,true,2026-09-20T14:35:50+00:00
20260920T142128Z-gpu_h48,electricity_hourly,T268,transformer,deep,168,48,200008,71.97625745404483,93.41479399832856,1.5911238982779328,8.527596476291698,574.2534439996234,10.525390625,0.5722061750002467,19232,false,dcb2c10e4ac97b1d1289825869826fdec84593f7,3d233e3d1d9d3c6c,true,2026-09-20T14:35:50+00:00
20260920T142128Z-gpu_h48,electricity_hourly,T268,transformer,deep,168,48,200009,107.31621267614248,140.6577221267051,1.8002719740639,11.217348618559681,569.4120389998716,10.525390625,0.5673801180000737,19232,false,dcb2c10e4ac97b1d1289825869826fdec84593f7,3d233e3d1d9d3c6c,true,2026-09-20T14:35:50+00:00
20260920T142128Z-gpu_h48,electricity_hourly,T268,transformer,deep,168,48,200010,77.79893779510611,103.55621699742885,1.9222798631597942,8.578844025102306,563.7981080003556,10.525390625,0.5617545700001756,19232,false,dcb2c10e4ac97b1d1289825869826fdec84593f7,3d233e3d1d9d3c6c,true,2026-09-20T14:35:50+00:00
20260920T142128Z-gpu_h48,electricity_hourly,T268,transformer,deep,168,48,200011,92.49888532738203,110.2029284792615,1.5386207100777418,10.311704729418521,596.2380949999897,10.525390625,0.59425221399988,19232,false,dcb2c10e4ac97b1d1289825869826fdec84593f7,3d233e3d1d9d3c6c,true,2026-09-20T14:35:50+00:00
20260920T142128Z-gpu_h48,electricity_hourly,T268,transformer,deep,168,48,200012,93.44317377048476,121.90048986631253,1.7054267456210148,10.927909223802287,577.4702359999537,10.525390625,0.5753670939998301,19232,false,dcb2c10e4ac97b1d1289825869826fdec84593f7,3d233e3d1d9d3c6c,true,2026-09-20T14:35:50+00:00
20260920T142128Z-gpu_h48,electricity_hourly,T268,transformer,deep,168,48,200013,97.81392604470265,121.83195446592126,1.7737319418759832,12.653796628430133,569.2752330000985,10.525390625,0.5672896050000418,19232,false,dcb2c10e4ac97b1d1289825869826fdec84593f7,3d233e3d1d9d3c6c,true,2026-09-20T14:35:50+00:00
20260920T142128Z-gpu_h48,electricity_hourly,T268,transformer,deep,168,48,200014,68.14923191450818,88.32139946491039,1.6006343819424529,7.517071995128733,565.1188249998995,10.525390625,0.5631266949999372,19232,false,dcb2c10e4ac97b1d1289825869826fdec84593f7,3d233e3d1d9d3c6c,true,2026-09-20T14:35:50+00:00
20260920T142128Z-gpu_h48,electricity_hourly,T268,transformer,deep,168,48,200015,66.95927567276621,89.39473411964542,1.4609296510421719,8.382290819631981,562.4964650000948,10.525390625,0.5605589309998322,19232,false,dcb2c10e4ac97b1d1289825869826fdec84593f7,3d233e3d1d9d3c6c,true,2026-09-20T14:35:50+00:00
20260920T142128Z-gpu_h48,electricity_hourly,T268,transformer,deep,168,48,200016,62.18511595360485,73.60150717969857,1.2421496320320569,8.969209231018601,575.7145699999455,10.525390625,0.5737268090001635,19232,false,dcb2c10e4ac97b1d1289825869826fdec84593f7,3d233e3d1d9d3c6c,true,2026-09-20T14:35:50+00:00
20260920T142128Z-gpu_h48,electricity_hourly,T268,transformer,deep,168,48,200017,58.87730944997683,75.19460437692283,1.444841949692683,8.632862595910389,585.4989960002968,10.525390625,0.5832662430002529,19232,false,dcb2c10e4ac97b1d1289825869826fdec84593f7,3d233e3d1d9d3c6c,true,2026-09-20T14:35:50+00:00
20260920T142128Z-gpu_h48,electricity_hourly,T268,transformer,deep,168,48,200018,68.32565451331072,87.30349749522507,1.546023609352097,10.008842052464452,581.6511050002191,10.525390625,0.579665938999824,19232,false,dcb2c10e4ac97b1d1289825869826fdec84593f7,3d233e3d1d9d3c6c,true,2026-09-20T14:35:50+00:00
20260920T142128Z-gpu_h48,electricity_hourly,T268,transformer,deep,168,48,200019,57.51572464509318,72.75164697620491,1.312977861270358,8.952182793437187,570.3573490000053,10.525390625,0.5683893249997709,19232,false,dcb2c10e4ac97b1d1289825869826fdec84593f7,3d233e3d1d9d3c6c,true,2026-09-20T14:35:50+00:00
20260920T142128Z-gpu_h48,electricity_hourly,T268,transformer,deep,168,48,200020,61.370070513501126,80.24710345126815,1.4978457888040952,9.143859745452405,570.2600059998986,10.525390625,0.5682882650003194,19232,false,dcb2c10e4ac97b1d1289825869826fdec84593f7,3d233e3d1d9d3c6c,true,2026-09-20T14:35:50+00:00
20260920T142128Z-gpu_h48,electricity_hourly,T268,transformer,deep,168,48,200021,90.22684660357665,119.00275047288739,0.310866513001915,13.429208176524785,625.804793000043,10.525390625,0.6236632739996821,19232,false,dcb2c10e4ac97b1d1289825869826fdec84593f7,3d233e3d1d9d3c6c,true,2026-09-20T14:35:50+00:00
20260920T142128Z-gpu_h48,electricity_hourly,T268,timesfm25,tsfm,168,48,200000,38.069539388020836,43.87281630906465,1.0795615738233557,5.199435973189267,121.8666680001661,11.94287109375,,231289280,true,dcb2c10e4ac97b1d1289825869826fdec84593f7,3d233e3d1d9d3c6c,true,2026-09-20T14:35:57+00:00
20260920T142128Z-gpu_h48,electricity_hourly,T268,timesfm25,tsfm,168,48,200001,124.33956527709961,151.39693859051977,1.8885030481913665,11.198384471845122,118.55586499996207,11.94287109375,,231289280,true,dcb2c10e4ac97b1d1289825869826fdec84593f7,3d233e3d1d9d3c6c,true,2026-09-20T14:35:57+00:00
20260920T142128Z-gpu_h48,electricity_hourly,T268,timesfm25,tsfm,168,48,200002,45.96113204956055,66.561367255852,0.6923015706209957,4.660919865923288,117.17671299993526,11.94287109375,,231289280,true,dcb2c10e4ac97b1d1289825869826fdec84593f7,3d233e3d1d9d3c6c,true,2026-09-20T14:35:57+00:00
20260920T142128Z-gpu_h48,electricity_hourly,T268,timesfm25,tsfm,168,48,200003,67.29079818725586,80.02397236943095,1.205808230334102,6.57614407880852,115.00006500000381,11.94287109375,,231289280,true,dcb2c10e4ac97b1d1289825869826fdec84593f7,3d233e3d1d9d3c6c,true,2026-09-20T14:35:57+00:00
20260920T142128Z-gpu_h48,electricity_hourly,T268,timesfm25,tsfm,168,48,200004,36.03631846110026,47.8266917792084,0.7881576334141004,3.198046504947088,116.0599690001618,11.94287109375,,231289280,true,dcb2c10e4ac97b1d1289825869826fdec84593f7,3d233e3d1d9d3c6c,true,2026-09-20T14:35:57+00:00
20260920T142128Z-gpu_h48,electricity_hourly,T268,timesfm25,tsfm,168,48,200005,42.223347981770836,53.06017518234973,0.8244287605932203,4.122789121819188,143.56876400006513,11.94287109375,,231289280,true,dcb2c10e4ac97b1d1289825869826fdec84593f7,3d233e3d1d9d3c6c,true,2026-09-20T14:35:57+00:00
20260920T142128Z-gpu_h48,electricity_hourly,T268,timesfm25,tsfm,168,48,200006,33.046146392822266,45.751789700031516,0.7542629704495809,3.377095126492244,116.56856499985224,11.94287109375,,231289280,true,dcb2c10e4ac97b1d1289825869826fdec84593f7,3d233e3d1d9d3c6c,true,2026-09-20T14:35:57+00:00
20260920T142128Z-gpu_h48,electricity_hourly,T268,timesfm25,tsfm,168,48,200007,39.571328481038414,47.80456670335647,0.8458173224387014,4.212339986461648,117.04347099976076,11.94287109375,,231289280,true,dcb2c10e4ac97b1d1289825869826fdec84593f7,3d233e3d1d9d3c6c,true,2026-09-20T14:35:57+00:00
20260920T142128Z-gpu_h48,electricity_hourly,T268,timesfm25,tsfm,168,48,200008,33.8741569519043,44.890443534736676,0.7488299970945991,3.498520677340146,115.61093399996025,11.94287109375,,231289280,true,dcb2c10e4ac97b1d1289825869826fdec84593f7,3d233e3d1d9d3c6c,true,2026-09-20T14:35:57+00:00
20260920T142128Z-gpu_h48,electricity_hourly,T268,timesfm25,tsfm,168,48,200009,43.526022593180336,50.73350826269834,0.7301662690375079,4.974677574391479,118.72577800022555,11.94287109375,,231289280,true,dcb2c10e4ac97b1d1289825869826fdec84593f7,3d233e3d1d9d3c6c,true,2026-09-20T14:35:57+00:00
20260920T142128Z-gpu_h48,electricity_hourly,T268,timesfm25,tsfm,168,48,200010,41.453041076660156,51.45982140991111,1.02423437114603,4.297417176836445,117.07489799982795,11.94287109375,,231289280,true,dcb2c10e4ac97b1d1289825869826fdec84593f7,3d233e3d1d9d3c6c,true,2026-09-20T14:35:57+00:00
20260920T142128Z-gpu_h48,electricity_hourly,T268,timesfm25,tsfm,168,48,200011,45.63326772054037,55.59149347623134,0.759060939327459,4.352651072332979,117.22550900003625,11.94287109375,,231289280,true,dcb2c10e4ac97b1d1289825869826fdec84593f7,3d233e3d1d9d3c6c,true,2026-09-20T14:35:57+00:00
20260920T142128Z-gpu_h48,electricity_hourly,T268,timesfm25,tsfm,168,48,200012,56.824179331461586,71.92914798948712,1.0370952881787667,5.453917168753391,119.32209900032831,11.94287109375,,231289280,true,dcb2c10e4ac97b1d1289825869826fdec84593f7,3d233e3d1d9d3c6c,true,2026-09-20T14:35:57+00:00
20260920T142128Z-gpu_h48,electricity_hourly,T268,timesfm25,tsfm,168,48,200013,76.61147816975911,90.91702377712181,1.3892523430859225,8.70543847767259,114.18227800004388,11.94287109375,,231289280,true,dcb2c10e4ac97b1d1289825869826fdec84593f7,3d233e3d1d9d3c6c,true,2026-09-20T14:35:57+00:00
20260920T142128Z-gpu_h48,electricity_hourly,T268,timesfm25,tsfm,168,48,200014,57.282735188802086,69.51305757503336,1.345410841165797,6.064075290229864,117.48232499985534,11.94287109375,,231289280,true,dcb2c10e4ac97b1d1289825869826fdec84593f7,3d233e3d1d9d3c6c,true,2026-09-20T14:35:57+00:00
20260920T142128Z-gpu_h48,electricity_hourly,T268,timesfm25,tsfm,168,48,200015,30.006004333496094,38.73182788900311,0.6546764581853692,3.793345178459407,116.71083300007012,11.94287109375,,231289280,true,dcb2c10e4ac97b1d1289825869826fdec84593f7,3d233e3d1d9d3c6c,true,2026-09-20T14:35:57+00:00
20260920T142128Z-gpu_h48,electricity_hourly,T268,timesfm25,tsfm,168,48,200016,41.66972541809082,49.624043004885415,0.8323540657795919,5.968484404392249,119.13244700008363,11.94287109375,,231289280,true,dcb2c10e4ac97b1d1289825869826fdec84593f7,3d233e3d1d9d3c6c,true,2026-09-20T14:35:57+00:00
20260920T142128Z-gpu_h48,electricity_hourly,T268,timesfm25,tsfm,168,48,200017,26.23425547281901,34.38959342986763,0.6437854103759266,3.177069224807002,118.80243099994914,11.94287109375,,231289280,true,dcb2c10e4ac97b1d1289825869826fdec84593f7,3d233e3d1d9d3c6c,true,2026-09-20T14:35:57+00:00
20260920T142128Z-gpu_h48,electricity_hourly,T268,timesfm25,tsfm,168,48,200018,20.402475357055664,25.708668522629495,0.46165249079447135,2.5728519631868276,115.97928099990895,11.94287109375,,231289280,true,dcb2c10e4ac97b1d1289825869826fdec84593f7,3d233e3d1d9d3c6c,true,2026-09-20T14:35:57+00:00
20260920T142128Z-gpu_h48,electricity_hourly,T268,timesfm25,tsfm,168,48,200019,28.475847244262695,35.74586201006271,0.6500510467935682,3.8127639813238057,122.16487499972573,11.94287109375,,231289280,true,dcb2c10e4ac97b1d1289825869826fdec84593f7,3d233e3d1d9d3c6c,true,2026-09-20T14:35:57+00:00
20260920T142128Z-gpu_h48,electricity_hourly,T268,timesfm25,tsfm,168,48,200020,24.411087036132812,28.523174891888843,0.5957960225768009,3.4737825152227506,115.9970090002389,11.94287109375,,231289280,true,dcb2c10e4ac97b1d1289825869826fdec84593f7,3d233e3d1d9d3c6c,true,2026-09-20T14:35:57+00:00
20260920T142128Z-gpu_h48,electricity_hourly,T268,timesfm25,tsfm,168,48,200021,65.37257512410481,84.26417038786462,0.22523389921931078,8.683008332225333,118.040191000091,11.94287109375,,231289280,true,dcb2c10e4ac97b1d1289825869826fdec84593f7,3d233e3d1d9d3c6c,true,2026-09-20T14:35:57+00:00
20260920T142128Z-gpu_h48,electricity_hourly,T268,chronos_bolt,tsfm,168,48,200000,42.16271527608236,51.44026538761591,1.195634304796349,4.718507226867077,34.20685899982345,1.0751953125,,205292928,true,dcb2c10e4ac97b1d1289825869826fdec84593f7,3d233e3d1d9d3c6c,true,2026-09-20T14:36:02+00:00
20260920T142128Z-gpu_h48,electricity_hourly,T268,chronos_bolt,tsfm,168,48,200001,107.0458558400472,123.80734652488105,1.6258414978342788,10.446513436804212,34.453795999979775,1.0751953125,,205292928,true,dcb2c10e4ac97b1d1289825869826fdec84593f7,3d233e3d1d9d3c6c,true,2026-09-20T14:36:02+00:00
20260920T142128Z-gpu_h48,electricity_hourly,T268,chronos_bolt,tsfm,168,48,200002,50.34468332926432,69.28498441968304,0.7583299580977053,5.309385783016754,35.44185800001287,1.0751953125,,205292928,true,dcb2c10e4ac97b1d1289825869826fdec84593f7,3d233e3d1d9d3c6c,true,2026-09-20T14:36:02+00:00
20260920T142128Z-gpu_h48,electricity_hourly,T268,chronos_bolt,tsfm,168,48,200003,65.18112818400066,79.77455701619775,1.16800428801594,6.005056154053354,37.096011000357976,1.0751953125,,205292928,true,dcb2c10e4ac97b1d1289825869826fdec84593f7,3d233e3d1d9d3c6c,true,2026-09-20T14:36:02+00:00
20260920T142128Z-gpu_h48,electricity_hourly,T268,chronos_bolt,tsfm,168,48,200004,32.55634307861328,42.338081061025896,0.712046385680485,3.1072661710462874,33.55601400016894,1.0751953125,,205292928,true,dcb2c10e4ac97b1d1289825869826fdec84593f7,3d233e3d1d9d3c6c,true,2026-09-20T14:36:02+00:00
20260920T142128Z-gpu_h48,electricity_hourly,T268,chronos_bolt,tsfm,168,48,200005,41.010093688964844,53.03458039890808,0.8007394564353814,3.8722264473412435,34.59589399972174,1.0751953125,,205292928,true,dcb2c10e4ac97b1d1289825869826fdec84593f7,3d233e3d1d9d3c6c,true,2026-09-20T14:36:02+00:00
20260920T142128Z-gpu_h48,electricity_hourly,T268,chronos_bolt,tsfm,168,48,200006,26.363845825195312,37.042621505789235,0.6017425580643724,2.5758763697040648,35.340340999937325,1.0751953125,,205292928,true,dcb2c10e4ac97b1d1289825869826fdec84593f7,3d233e3d1d9d3c6c,true,2026-09-20T14:36:02+00:00
20260920T142128Z-gpu_h48,electricity_hourly,T268,chronos_bolt,tsfm,168,48,200007,38.78862635294596,48.848662314226345,0.8290874565569569,4.095727658090557,34.71378899985211,1.0751953125,,205292928,true,dcb2c10e4ac97b1d1289825869826fdec84593f7,3d233e3d1d9d3c6c,true,2026-09-20T14:36:02+00:00
20260920T142128Z-gpu_h48,electricity_hourly,T268,chronos_bolt,tsfm,168,48,200008,32.15172831217448,40.20069357703073,0.7107535887247658,3.252668212629395,36.460587000419764,1.0751953125,,205292928,true,dcb2c10e4ac97b1d1289825869826fdec84593f7,3d233e3d1d9d3c6c,true,2026-09-20T14:36:02+00:00
20260920T142128Z-gpu_h48,electricity_hourly,T268,chronos_bolt,tsfm,168,48,200009,31.52648671468099,41.36124328118608,0.5288693018306223,2.946700581487616,34.28158299993811,1.0751953125,,205292928,true,dcb2c10e4ac97b1d1289825869826fdec84593f7,3d233e3d1d9d3c6c,true,2026-09-20T14:36:02+00:00
20260920T142128Z-gpu_h48,electricity_hourly,T268,chronos_bolt,tsfm,168,48,200010,44.81849161783854,58.29573696683622,1.1073889486905886,4.319860347501528,34.94769600001746,1.0751953125,,205292928,true,dcb2c10e4ac97b1d1289825869826fdec84593f7,3d233e3d1d9d3c6c,true,2026-09-20T14:36:02+00:00
20260920T142128Z-gpu_h48,electricity_hourly,T268,chronos_bolt,tsfm,168,48,200011,41.70833206176758,53.890629197518116,0.6937738034994261,3.8318034659062556,33.95775999979378,1.0751953125,,205292928,true,dcb2c10e4ac97b1d1289825869826fdec84593f7,3d233e3d1d9d3c6c,true,2026-09-20T14:36:02+00:00
20260920T142128Z-gpu_h48,electricity_hourly,T268,chronos_bolt,tsfm,168,48,200012,53.14375305175781,70.29439967965631,0.9699240100701046,4.806460158280788,35.10444799985635,1.0751953125,,205292928,true,dcb2c10e4ac97b1d1289825869826fdec84593f7,3d233e3d1d9d3c6c,true,2026-09-20T14:36:02+00:00
20260920T142128Z-gpu_h48,electricity_hourly,T268,chronos_bolt,tsfm,168,48,200013,75.69969940185547,91.00444805013768,1.372718387340031,8.450730371568678,34.169540999755554,1.0751953125,,205292928,true,dcb2c10e4ac97b1d1289825869826fdec84593f7,3d233e3d1d9d3c6c,true,2026-09-20T14:36:02+00:00
20260920T142128Z-gpu_h48,electricity_hourly,T268,chronos_bolt,tsfm,168,48,200014,50.56953811645508,61.46015711963216,1.1877366642912301,5.405181259001615,33.20919199995842,1.0751953125,,205292928,true,dcb2c10e4ac97b1d1289825869826fdec84593f7,3d233e3d1d9d3c6c,true,2026-09-20T14:36:02+00:00
20260920T142128Z-gpu_h48,electricity_hourly,T268,chronos_bolt,tsfm,168,48,200015,25.422683080037434,33.04356681218033,0.5546767217462713,2.9983219180174787,33.48717599965312,1.0751953125,,205292928,true,dcb2c10e4ac97b1d1289825869826fdec84593f7,3d233e3d1d9d3c6c,true,2026-09-20T14:36:02+00:00
20260920T142128Z-gpu_h48,electricity_hourly,T268,chronos_bolt,tsfm,168,48,200016,32.20883750915527,39.1628248501224,0.6433725345149618,4.406607052005176,34.22894199957227,1.0751953125,,205292928,true,dcb2c10e4ac97b1d1289825869826fdec84593f7,3d233e3d1d9d3c6c,true,2026-09-20T14:36:02+00:00
20260920T142128Z-gpu_h48,electricity_hourly,T268,chronos_bolt,tsfm,168,48,200017,39.77029355367025,48.569968510380654,0.9759581240164479,5.093180683285264,32.823184999870136,1.0751953125,,205292928,true,dcb2c10e4ac97b1d1289825869826fdec84593f7,3d233e3d1d9d3c6c,true,2026-09-20T14:36:02+00:00
20260920T142128Z-gpu_h48,electricity_hourly,T268,chronos_bolt,tsfm,168,48,200018,22.148944854736328,28.67637722189392,0.5011703424076102,2.5904593209114513,35.257597000054375,1.0751953125,,205292928,true,dcb2c10e4ac97b1d1289825869826fdec84593f7,3d233e3d1d9d3c6c,true,2026-09-20T14:36:02+00:00
20260920T142128Z-gpu_h48,electricity_hourly,T268,chronos_bolt,tsfm,168,48,200019,41.939818700154625,51.112934019412094,0.9574086703903402,6.194078227571248,35.66436899973269,1.0751953125,,205292928,true,dcb2c10e4ac97b1d1289825869826fdec84593f7,3d233e3d1d9d3c6c,true,2026-09-20T14:36:02+00:00
20260920T142128Z-gpu_h48,electricity_hourly,T268,chronos_bolt,tsfm,168,48,200020,23.684964497884113,28.15032979726599,0.5780737097788665,3.615220419316779,34.3700280000121,1.0751953125,,205292928,true,dcb2c10e4ac97b1d1289825869826fdec84593f7,3d233e3d1d9d3c6c,true,2026-09-20T14:36:02+00:00
20260920T142128Z-gpu_h48,electricity_hourly,T268,chronos_bolt,tsfm,168,48,200021,36.953423817952476,46.46095620130474,0.12731889053200518,5.737140343370171,32.14257000036014,1.0751953125,,205292928,true,dcb2c10e4ac97b1d1289825869826fdec84593f7,3d233e3d1d9d3c6c,true,2026-09-20T14:36:02+00:00
20260920T142128Z-gpu_h48,electricity_hourly,T281,lstm,deep,168,48,210000,652.9029733556508,775.3474561883089,5.763027348486804,36.64150597006837,321.1248769998747,16.14599609375,0.3039769339998202,4513,false,dcb2c10e4ac97b1d1289825869826fdec84593f7,3d233e3d1d9d3c6c,true,2026-09-20T14:36:14+00:00
20260920T142128Z-gpu_h48,electricity_hourly,T281,lstm,deep,168,48,210001,474.2786299369499,568.5529712689421,3.8199073052699135,21.197536191855793,333.13896999970893,16.10986328125,0.31586180700014665,4513,false,dcb2c10e4ac97b1d1289825869826fdec84593f7,3d233e3d1d9d3c6c,true,2026-09-20T14:36:14+00:00
20260920T142128Z-gpu_h48,electricity_hourly,T281,lstm,deep,168,48,210002,146.58741225930092,175.04757800035583,0.9876286607092749,8.1593566112422,337.96464199986076,16.10986328125,0.3215246139998271,4513,false,dcb2c10e4ac97b1d1289825869826fdec84593f7,3d233e3d1d9d3c6c,true,2026-09-20T14:36:14+00:00
20260920T142128Z-gpu_h48,electricity_hourly,T281,lstm,deep,168,48,210003,361.11777623325315,493.0400090236084,4.116931341745583,19.34423811930374,328.27256099972146,16.10986328125,0.3114641539996228,4513,false,dcb2c10e4ac97b1d1289825869826fdec84593f7,3d233e3d1d9d3c6c,true,2026-09-20T14:36:14+00:00
20260920T142128Z-gpu_h48,electricity_hourly,T281,lstm,deep,168,48,210004,399.64532137034735,524.6388408196506,3.234721279148447,19.578123111755605,328.7693249999393,16.10986328125,0.3114564440002141,4513,false,dcb2c10e4ac97b1d1289825869826fdec84593f7,3d233e3d1d9d3c6c,true,2026-09-20T14:36:14+00:00
20260920T142128Z-gpu_h48,electricity_hourly,T281,lstm,deep,168,48,210005,133.75899885042801,191.1524528294517,0.7444266767589718,6.557438236697215,341.7521079995822,16.10986328125,0.32388687100001334,4513,false,dcb2c10e4ac97b1d1289825869826fdec84593f7,3d233e3d1d9d3c6c,true,2026-09-20T14:36:14+00:00
20260920T142128Z-gpu_h48,electricity_hourly,T281,lstm,deep,168,48,210006,238.19497742292205,301.2624375065801,1.711068380170646,11.30748492744173,331.56959500001904,16.10986328125,0.31441826499985837,4513,false,dcb2c10e4ac97b1d1289825869826fdec84593f7,3d233e3d1d9d3c6c,true,2026-09-20T14:36:14+00:00
20260920T142128Z-gpu_h48,electricity_hourly,T281,lstm,deep,168,48,210007,304.04887211921454,380.93887623015166,2.0854030762165703,15.191246772735663,327.6952730002449,16.10986328125,0.3108430770002997,4513,false,dcb2c10e4ac97b1d1289825869826fdec84593f7,3d233e3d1d9d3c6c,true,2026-09-20T14:36:14+00:00
20260920T142128Z-gpu_h48,electricity_hourly,T281,lstm,deep,168,48,210008,338.49362995545556,459.09535841373906,4.007159052415784,17.234656245043432,328.30230400031724,16.10986328125,0.31139469299978373,4513,false,dcb2c10e4ac97b1d1289825869826fdec84593f7,3d233e3d1d9d3c6c,true,2026-09-20T14:36:14+00:00
20260920T142128Z-gpu_h48,electricity_hourly,T281,lstm,deep,168,48,210009,127.51182996186147,154.14102057900473,1.034811965425386,5.972866373460217,333.01059899986285,16.10986328125,0.31659720199968433,4513,false,dcb2c10e4ac97b1d1289825869826fdec84593f7,3d233e3d1d9d3c6c,true,2026-09-20T14:36:14+00:00
20260920T142128Z-gpu_h48,electricity_hourly,T281,lstm,deep,168,48,210010,216.46410255929072,289.99309496684447,1.7295029001019733,10.91303812331046,331.22250199994596,16.10986328125,0.3147295750000012,4513,false,dcb2c10e4ac97b1d1289825869826fdec84593f7,3d233e3d1d9d3c6c,true,2026-09-20T14:36:14+00:00
20260920T142128Z-gpu_h48,electricity_hourly,T281,lstm,deep,168,48,210011,122.9541722831744,153.96936096018962,1.1444990826617398,5.833446929677995,323.25232399989545,16.10986328125,0.3072183739996035,4513,false,dcb2c10e4ac97b1d1289825869826fdec84593f7,3d233e3d1d9d3c6c,true,2026-09-20T14:36:14+00:00
20260920T142128Z-gpu_h48,electricity_hourly,T281,lstm,deep,168,48,210012,593.0218605522537,665.1195825859035,1.6802791688545222,30.027948044903003,330.1894239998546,16.10986328125,0.3135327820000384,4513,false,dcb2c10e4ac97b1d1289825869826fdec84593f7,3d233e3d1d9d3c6c,true,2026-09-20T14:36:14+00:00
20260920T142128Z-gpu_h48,electricity_hourly,T281,lstm,deep,168,48,210013,116.86089500946535,148.03046711851994,1.011174671395446,6.539617747270844,326.305351999963,16.10986328125,0.3097117900001649,4513,false,dcb2c10e4ac97b1d1289825869826fdec84593f7,3d233e3d1d9d3c6c,true,2026-09-20T14:36:14+00:00
20260920T142128Z-gpu_h48,electricity_hourly,T281,lstm,deep,168,48,210014,145.4754426035926,174.58841026490745,1.234513744765003,7.268371344248579,325.2437479995933,16.10986328125,0.30827037300014126,4513,false,dcb2c10e4ac97b1d1289825869826fdec84593f7,3d233e3d1d9d3c6c,true,2026-09-20T14:36:14+00:00
20260920T142128Z-gpu_h48,electricity_hourly,T281,lstm,deep,168,48,210015,172.92220839946518,221.14811651401504,1.332876459133015,9.35699622124276,331.33225099982155,16.10986328125,0.3139295080000011,4513,false,dcb2c10e4ac97b1d1289825869826fdec84593f7,3d233e3d1d9d3c6c,true,2026-09-20T14:36:14+00:00
20260920T142128Z-gpu_h48,electricity_hourly,T281,lstm,deep,168,48,210016,130.19786043574945,184.45250199182945,1.3424382001108348,7.600697646049011,343.12829400005285,16.10986328125,0.3249111499999344,4513,false,dcb2c10e4ac97b1d1289825869826fdec84593f7,3d233e3d1d9d3c6c,true,2026-09-20T14:36:14+00:00
20260920T142128Z-gpu_h48,electricity_hourly,T281,lstm,deep,168,48,210017,89.43934831221638,108.94666862212749,0.9987798493182752,5.406048900690678,324.2776439997215,16.10986328125,0.30631275099995037,4513,false,dcb2c10e4ac97b1d1289825869826fdec84593f7,3d233e3d1d9d3c6c,true,2026-09-20T14:36:14+00:00
20260920T142128Z-gpu_h48,electricity_hourly,T281,lstm,deep,168,48,210018,338.2212425588658,445.48039896670804,4.036454411443451,21.776924505783768,330.6074990000525,16.10986328125,0.3130544519999603,4513,false,dcb2c10e4ac97b1d1289825869826fdec84593f7,3d233e3d1d9d3c6c,true,2026-09-20T14:36:14+00:00
20260920T142128Z-gpu_h48,electricity_hourly,T281,lstm,deep,168,48,210019,273.32717142012757,426.2896955149588,3.1126225926847266,16.478865366832128,347.072265999941,16.10986328125,0.3300465490001443,4513,false,dcb2c10e4ac97b1d1289825869826fdec84593f7,3d233e3d1d9d3c6c,true,2026-09-20T14:36:14+00:00
20260920T142128Z-gpu_h48,electricity_hourly,T281,lstm,deep,168,48,210020,748.8301472524349,898.4679361415888,5.4211221760771515,40.32252650483616,330.24415899990345,16.10986328125,0.31372807400020974,4513,false,dcb2c10e4ac97b1d1289825869826fdec84593f7,3d233e3d1d9d3c6c,true,2026-09-20T14:36:14+00:00
20260920T142128Z-gpu_h48,electricity_hourly,T281,lstm,deep,168,48,210021,534.4594479593501,680.9081720175469,1.0768607439049995,29.444196804177516,343.82992200016815,16.10986328125,0.3273576060000778,4513,false,dcb2c10e4ac97b1d1289825869826fdec84593f7,3d233e3d1d9d3c6c,true,2026-09-20T14:36:14+00:00
20260920T142128Z-gpu_h48,electricity_hourly,T281,transformer,deep,168,48,210000,172.09864517712364,231.07843494894084,1.5190759412471377,9.147561736851932,584.9337680001554,10.6845703125,0.5828687160001209,19232,false,dcb2c10e4ac97b1d1289825869826fdec84593f7,3d233e3d1d9d3c6c,true,2026-09-20T14:36:31+00:00
20260920T142128Z-gpu_h48,electricity_hourly,T281,transformer,deep,168,48,210001,490.72725112064904,566.6579427772015,3.9523868315550903,21.561372141162867,582.6252180004303,10.525390625,0.5805418639997697,19232,false,dcb2c10e4ac97b1d1289825869826fdec84593f7,3d233e3d1d9d3c6c,true,2026-09-20T14:36:31+00:00
20260920T142128Z-gpu_h48,electricity_hourly,T281,transformer,deep,168,48,210002,181.14128898712488,223.44326688329906,1.220434455347681,9.550755174640695,570.982019999974,10.525390625,0.5688905760002854,19232,false,dcb2c10e4ac97b1d1289825869826fdec84593f7,3d233e3d1d9d3c6c,true,2026-09-20T14:36:31+00:00
20260920T142128Z-gpu_h48,electricity_hourly,T281,transformer,deep,168,48,210003,232.78825651212898,309.85197966191896,2.6539077616773477,12.851980808512245,573.2684650001829,10.525390625,0.5711835689999134,19232,false,dcb2c10e4ac97b1d1289825869826fdec84593f7,3d233e3d1d9d3c6c,true,2026-09-20T14:36:31+00:00
20260920T142128Z-gpu_h48,electricity_hourly,T281,transformer,deep,168,48,210004,188.1308774416667,218.50186559138115,1.5227275786408863,8.273859574840822,563.233590999971,10.525390625,0.56132033699987,19232,false,dcb2c10e4ac97b1d1289825869826fdec84593f7,3d233e3d1d9d3c6c,true,2026-09-20T14:36:31+00:00
20260920T142128Z-gpu_h48,electricity_hourly,T281,transformer,deep,168,48,210005,128.1410706817198,167.7002535383104,0.7131604768558265,6.281979484904738,571.4387040002293,10.525390625,0.5694527259997813,19232,false,dcb2c10e4ac97b1d1289825869826fdec84593f7,3d233e3d1d9d3c6c,true,2026-09-20T14:36:31+00:00
20260920T142128Z-gpu_h48,electricity_hourly,T281,transformer,deep,168,48,210006,404.44436095552766,498.4659621328748,2.9053171693902016,17.55192314293967,581.4985580000211,10.525390625,0.5793501180000931,19232,false,dcb2c10e4ac97b1d1289825869826fdec84593f7,3d233e3d1d9d3c6c,true,2026-09-20T14:36:31+00:00
20260920T142128Z-gpu_h48,electricity_hourly,T281,transformer,deep,168,48,210007,195.54179150296105,257.9146055923025,1.3411773268124025,9.282630513205484,585.0668389998646,10.525390625,0.583078671000294,19232,false,dcb2c10e4ac97b1d1289825869826fdec84593f7,3d233e3d1d9d3c6c,true,2026-09-20T14:36:31+00:00
20260920T142128Z-gpu_h48,electricity_hourly,T281,transformer,deep,168,48,210008,285.20585392982883,373.49696503399883,3.3763271099881083,14.952389041637959,599.7183159997803,10.525390625,0.5976990740000474,19232,false,dcb2c10e4ac97b1d1289825869826fdec84593f7,3d233e3d1d9d3c6c,true,2026-09-20T14:36:31+00:00
20260920T142128Z-gpu_h48,electricity_hourly,T281,transformer,deep,168,48,210009,134.42115663259145,176.33210500116866,1.090884048415981,5.95507120226749,591.7474919997403,10.525390625,0.5897327889997541,19232,false,dcb2c10e4ac97b1d1289825869826fdec84593f7,3d233e3d1d9d3c6c,true,2026-09-20T14:36:31+00:00
20260920T142128Z-gpu_h48,electricity_hourly,T281,transformer,deep,168,48,210010,98.38685830012287,123.89274686763073,0.7860904175341338,5.020307612180908,626.8299749999642,10.525390625,0.6248294290003287,19232,false,dcb2c10e4ac97b1d1289825869826fdec84593f7,3d233e3d1d9d3c6c,true,2026-09-20T14:36:31+00:00
20260920T142128Z-gpu_h48,electricity_hourly,T281,transformer,deep,168,48,210011,148.7772252593574,183.15737805571882,1.384868806551226,7.705393575732635,577.8670049999164,10.525390625,0.575676478999867,19232,false,dcb2c10e4ac97b1d1289825869826fdec84593f7,3d233e3d1d9d3c6c,true,2026-09-20T14:36:31+00:00
20260920T142128Z-gpu_h48,electricity_hourly,T281,transformer,deep,168,48,210012,384.8980781947336,485.57842550510986,1.0905773731856605,19.16071643085203,581.8764559999181,10.525390625,0.5798362609998549,19232,false,dcb2c10e4ac97b1d1289825869826fdec84593f7,3d233e3d1d9d3c6c,true,2026-09-20T14:36:31+00:00
20260920T142128Z-gpu_h48,electricity_hourly,T281,transformer,deep,168,48,210013,102.16158166848489,136.92886644314672,0.8839843624721683,5.775682440404116,576.429255000221,10.525390625,0.5743437040000572,19232,false,dcb2c10e4ac97b1d1289825869826fdec84593f7,3d233e3d1d9d3c6c,true,2026-09-20T14:36:31+00:00
20260920T142128Z-gpu_h48,electricity_hourly,T281,transformer,deep,168,48,210014,265.54265289566746,340.3647777249448,2.253411633978202,14.103756004714471,616.4374280001539,10.525390625,0.6141839150000123,19232,false,dcb2c10e4ac97b1d1289825869826fdec84593f7,3d233e3d1d9d3c6c,true,2026-09-20T14:36:31+00:00
20260920T142128Z-gpu_h48,electricity_hourly,T281,transformer,deep,168,48,210015,163.47824198152398,198.6089593810033,1.2600827987013945,9.043039558398574,571.682098999645,10.525390625,0.569489884000177,19232,false,dcb2c10e4ac97b1d1289825869826fdec84593f7,3d233e3d1d9d3c6c,true,2026-09-20T14:36:31+00:00
20260920T142128Z-gpu_h48,electricity_hourly,T281,transformer,deep,168,48,210016,109.04110344841706,150.51682144790513,1.1242960687793253,6.418736161528357,621.9301279998035,10.525390625,0.6196603500002311,19232,false,dcb2c10e4ac97b1d1289825869826fdec84593f7,3d233e3d1d9d3c6c,true,2026-09-20T14:36:31+00:00
20260920T142128Z-gpu_h48,electricity_hourly,T281,transformer,deep,168,48,210017,135.3600048444699,181.9193188853305,1.5115812871348324,8.534799543456788,568.6174870002105,10.525390625,0.5666052819997276,19232,false,dcb2c10e4ac97b1d1289825869826fdec84593f7,3d233e3d1d9d3c6c,true,2026-09-20T14:36:31+00:00
20260920T142128Z-gpu_h48,electricity_hourly,T281,transformer,deep,168,48,210018,130.8045777290972,163.31560680947538,1.5610690529578977,8.31459753563652,569.0552259998185,10.525390625,0.5670856629999435,19232,false,dcb2c10e4ac97b1d1289825869826fdec84593f7,3d233e3d1d9d3c6c,true,2026-09-20T14:36:31+00:00
20260920T142128Z-gpu_h48,electricity_hourly,T281,transformer,deep,168,48,210019,148.34731867808318,212.90004432093224,1.6893644831667836,9.635504855745628,614.5845760001976,10.525390625,0.6121906550001768,19232,false,dcb2c10e4ac97b1d1289825869826fdec84593f7,3d233e3d1d9d3c6c,true,2026-09-20T14:36:31+00:00
20260920T142128Z-gpu_h48,electricity_hourly,T281,transformer,deep,168,48,210020,234.57763452390762,309.0718815155529,1.6982142361592023,12.166973079685487,576.6066799997134,10.525390625,0.5745917159997589,19232,false,dcb2c10e4ac97b1d1289825869826fdec84593f7,3d233e3d1d9d3c6c,true,2026-09-20T14:36:31+00:00
20260920T142128Z-gpu_h48,electricity_hourly,T281,transformer,deep,168,48,210021,575.2590657206609,702.1427813615334,1.1590662449981834,34.68561585772099,574.4260120000035,10.525390625,0.572448839000117,19232,false,dcb2c10e4ac97b1d1289825869826fdec84593f7,3d233e3d1d9d3c6c,true,2026-09-20T14:36:31+00:00
20260920T142128Z-gpu_h48,electricity_hourly,T281,timesfm25,tsfm,168,48,210000,92.6348139444987,122.36960600737753,0.8176666181198855,4.6040557303113605,118.07431699980953,11.94287109375,,231289280,true,dcb2c10e4ac97b1d1289825869826fdec84593f7,3d233e3d1d9d3c6c,true,2026-09-20T14:36:38+00:00
20260920T142128Z-gpu_h48,electricity_hourly,T281,timesfm25,tsfm,168,48,210001,339.6871159871419,415.93343227054106,2.7358881761926526,13.99145297902101,109.9933499999679,11.94287109375,,231289280,true,dcb2c10e4ac97b1d1289825869826fdec84593f7,3d233e3d1d9d3c6c,true,2026-09-20T14:36:38+00:00
20260920T142128Z-gpu_h48,electricity_hourly,T281,timesfm25,tsfm,168,48,210002,164.31933085123697,201.47402587570411,1.1070969748083153,8.757956894144634,139.45388599995567,11.94287109375,,231289280,true,dcb2c10e4ac97b1d1289825869826fdec84593f7,3d233e3d1d9d3c6c,true,2026-09-20T14:36:38+00:00
20260920T142128Z-gpu_h48,electricity_hourly,T281,timesfm25,tsfm,168,48,210003,85.9765625,111.1329505488807,0.9801777373129602,4.617403120615512,112.93536399989534,11.94287109375,,231289280,true,dcb2c10e4ac97b1d1289825869826fdec84593f7,3d233e3d1d9d3c6c,true,2026-09-20T14:36:38+00:00
20260920T142128Z-gpu_h48,electricity_hourly,T281,timesfm25,tsfm,168,48,210004,104.40459950764973,131.73042652372604,0.845048751003404,4.760922312980046,114.47515000008934,11.94287109375,,231289280,true,dcb2c10e4ac97b1d1289825869826fdec84593f7,3d233e3d1d9d3c6c,true,2026-09-20T14:36:38+00:00
20260920T142128Z-gpu_h48,electricity_hourly,T281,timesfm25,tsfm,168,48,210005,100.78987375895183,128.22835427964782,0.560939237121785,4.566242635717634,116.73300299980838,11.94287109375,,231289280,true,dcb2c10e4ac97b1d1289825869826fdec84593f7,3d233e3d1d9d3c6c,true,2026-09-20T14:36:38+00:00
20260920T142128Z-gpu_h48,electricity_hourly,T281,timesfm25,tsfm,168,48,210006,148.75494384765625,183.072257253234,1.0685778666099222,6.263661466206297,117.36896299998989,11.94287109375,,231289280,true,dcb2c10e4ac97b1d1289825869826fdec84593f7,3d233e3d1d9d3c6c,true,2026-09-20T14:36:38+00:00
20260920T142128Z-gpu_h48,electricity_hourly,T281,timesfm25,tsfm,168,48,210007,136.38755544026694,172.858848910289,0.9354516781804448,6.777549702162249,115.19031799980439,11.94287109375,,231289280,true,dcb2c10e4ac97b1d1289825869826fdec84593f7,3d233e3d1d9d3c6c,true,2026-09-20T14:36:38+00:00
20260920T142128Z-gpu_h48,electricity_hourly,T281,timesfm25,tsfm,168,48,210008,63.12774658203125,76.30463283498031,0.7473195912374629,3.236681912657087,120.24438600019494,11.94287109375,,231289280,true,dcb2c10e4ac97b1d1289825869826fdec84593f7,3d233e3d1d9d3c6c,true,2026-09-20T14:36:38+00:00
20260920T142128Z-gpu_h48,electricity_hourly,T281,timesfm25,tsfm,168,48,210009,127.86192067464192,178.07959755586515,1.0376530983514674,4.979673390047727,113.90406300006362,11.94287109375,,231289280,true,dcb2c10e4ac97b1d1289825869826fdec84593f7,3d233e3d1d9d3c6c,true,2026-09-20T14:36:38+00:00
20260920T142128Z-gpu_h48,electricity_hourly,T281,timesfm25,tsfm,168,48,210010,105.30859120686848,124.89951113607022,0.8413936155905821,4.957674487833363,113.37059900006352,11.94287109375,,231289280,true,dcb2c10e4ac97b1d1289825869826fdec84593f7,3d233e3d1d9d3c6c,true,2026-09-20T14:36:38+00:00
20260920T142128Z-gpu_h48,electricity_hourly,T281,timesfm25,tsfm,168,48,210011,120.89344533284505,152.86477824483856,1.1253171381984284,5.695343392143352,115.20761800011314,11.94287109375,,231289280,true,dcb2c10e4ac97b1d1289825869826fdec84593f7,3d233e3d1d9d3c6c,true,2026-09-20T14:36:38+00:00
20260920T142128Z-gpu_h48,electricity_hourly,T281,timesfm25,tsfm,168,48,210012,177.7517573038737,199.8124946224962,0.5036451350155013,9.673871439544124,115.87154600010763,11.94287109375,,231289280,true,dcb2c10e4ac97b1d1289825869826fdec84593f7,3d233e3d1d9d3c6c,true,2026-09-20T14:36:38+00:00
20260920T142128Z-gpu_h48,electricity_hourly,T281,timesfm25,tsfm,168,48,210013,126.95722961425781,153.64747779224925,1.0985362975876172,6.805604368160158,114.38686900009998,11.94287109375,,231289280,true,dcb2c10e4ac97b1d1289825869826fdec84593f7,3d233e3d1d9d3c6c,true,2026-09-20T14:36:38+00:00
20260920T142128Z-gpu_h48,electricity_hourly,T281,timesfm25,tsfm,168,48,210014,113.40605163574219,140.0701778028685,0.9623708783986609,5.367489999462088,111.15694399995846,11.94287109375,,231289280,true,dcb2c10e4ac97b1d1289825869826fdec84593f7,3d233e3d1d9d3c6c,true,2026-09-20T14:36:38+00:00
20260920T142128Z-gpu_h48,electricity_hourly,T281,timesfm25,tsfm,168,48,210015,92.37412007649739,118.77790940841625,0.7120154850131476,5.165909056634441,117.99459499980003,11.94287109375,,231289280,true,dcb2c10e4ac97b1d1289825869826fdec84593f7,3d233e3d1d9d3c6c,true,2026-09-20T14:36:38+00:00
20260920T142128Z-gpu_h48,electricity_hourly,T281,timesfm25,tsfm,168,48,210016,86.93325169881184,114.57329836198157,0.8963474326671134,4.682078163294298,112.38442000012583,11.94287109375,,231289280,true,dcb2c10e4ac97b1d1289825869826fdec84593f7,3d233e3d1d9d3c6c,true,2026-09-20T14:36:38+00:00
20260920T142128Z-gpu_h48,electricity_hourly,T281,timesfm25,tsfm,168,48,210017,81.5557492574056,101.37557185256271,0.9107427602222881,4.793578714092691,114.67205300004935,11.94287109375,,231289280,true,dcb2c10e4ac97b1d1289825869826fdec84593f7,3d233e3d1d9d3c6c,true,2026-09-20T14:36:38+00:00
20260920T142128Z-gpu_h48,electricity_hourly,T281,timesfm25,tsfm,168,48,210018,65.2668685913086,93.56253554218004,0.7789183720494313,3.7906715459700333,108.51054500017199,11.94287109375,,231289280,true,dcb2c10e4ac97b1d1289825869826fdec84593f7,3d233e3d1d9d3c6c,true,2026-09-20T14:36:38+00:00
20260920T142128Z-gpu_h48,electricity_hourly,T281,timesfm25,tsfm,168,48,210019,86.36545944213867,136.2256456947897,0.9835212463161699,5.2382024187406655,118.32927399973414,11.94287109375,,231289280,true,dcb2c10e4ac97b1d1289825869826fdec84593f7,3d233e3d1d9d3c6c,true,2026-09-20T14:36:38+00:00
20260920T142128Z-gpu_h48,electricity_hourly,T281,timesfm25,tsfm,168,48,210020,129.33375040690103,164.73219455047476,0.9363058699207555,6.332089303707973,116.98001800004931,11.94287109375,,231289280,true,dcb2c10e4ac97b1d1289825869826fdec84593f7,3d233e3d1d9d3c6c,true,2026-09-20T14:36:38+00:00
20260920T142128Z-gpu_h48,electricity_hourly,T281,timesfm25,tsfm,168,48,210021,145.72043100992838,181.46991455247712,0.29360620780239943,8.166612490095899,116.17055300030188,11.94287109375,,231289280,true,dcb2c10e4ac97b1d1289825869826fdec84593f7,3d233e3d1d9d3c6c,true,2026-09-20T14:36:38+00:00
20260920T142128Z-gpu_h48,electricity_hourly,T281,chronos_bolt,tsfm,168,48,210000,92.58713277180989,126.71366458625654,0.8172457471583072,4.580932280607641,31.363006999981735,1.0751953125,,205292928,true,dcb2c10e4ac97b1d1289825869826fdec84593f7,3d233e3d1d9d3c6c,true,2026-09-20T14:36:43+00:00
20260920T142128Z-gpu_h48,electricity_hourly,T281,chronos_bolt,tsfm,168,48,210001,270.1603609720866,316.0789379147354,2.1759098372381267,11.622312466530477,34.730477999801224,1.0751953125,,205292928,true,dcb2c10e4ac97b1d1289825869826fdec84593f7,3d233e3d1d9d3c6c,true,2026-09-20T14:36:43+00:00
20260920T142128Z-gpu_h48,electricity_hourly,T281,chronos_bolt,tsfm,168,48,210002,147.1199747721354,187.41329573989154,0.9912167860004444,7.990174306410487,34.27402899978915,1.0751953125,,205292928,true,dcb2c10e4ac97b1d1289825869826fdec84593f7,3d233e3d1d9d3c6c,true,2026-09-20T14:36:43+00:00
20260920T142128Z-gpu_h48,electricity_hourly,T281,chronos_bolt,tsfm,168,48,210003,83.7825444539388,116.20214420768384,0.9551647851608889,4.518866458184672,34.104318999652605,1.0751953125,,205292928,true,dcb2c10e4ac97b1d1289825869826fdec84593f7,3d233e3d1d9d3c6c,true,2026-09-20T14:36:43+00:00
20260920T142128Z-gpu_h48,electricity_hourly,T281,chronos_bolt,tsfm,168,48,210004,73.3397928873698,96.41945650203141,0.5936108243370947,3.2501301636185302,31.58985899972322,1.0751953125,,205292928,true,dcb2c10e4ac97b1d1289825869826fdec84593f7,3d233e3d1d9d3c6c,true,2026-09-20T14:36:43+00:00
20260920T142128Z-gpu_h48,electricity_hourly,T281,chronos_bolt,tsfm,168,48,210005,105.06577555338542,138.54087258067807,0.5847364798518784,4.633558771698516,32.44511399998373,1.0751953125,,205292928,true,dcb2c10e4ac97b1d1289825869826fdec84593f7,3d233e3d1d9d3c6c,true,2026-09-20T14:36:43+00:00
20260920T142128Z-gpu_h48,electricity_hourly,T281,chronos_bolt,tsfm,168,48,210006,133.97105153401694,178.2538487054882,0.962378101411675,5.421879738095427,33.551111000178935,1.0751953125,,205292928,true,dcb2c10e4ac97b1d1289825869826fdec84593f7,3d233e3d1d9d3c6c,true,2026-09-20T14:36:43+00:00
20260920T142128Z-gpu_h48,electricity_hourly,T281,chronos_bolt,tsfm,168,48,210007,89.17711639404297,123.81245654754063,0.6116458566678822,4.716239381886658,36.02413600037835,1.0751953125,,205292928,true,dcb2c10e4ac97b1d1289825869826fdec84593f7,3d233e3d1d9d3c6c,true,2026-09-20T14:36:43+00:00
20260920T142128Z-gpu_h48,electricity_hourly,T281,chronos_bolt,tsfm,168,48,210008,59.757965087890625,70.87792323450367,0.7074274064991984,3.0059354136732117,32.75018399972396,1.0751953125,,205292928,true,dcb2c10e4ac97b1d1289825869826fdec84593f7,3d233e3d1d9d3c6c,true,2026-09-20T14:36:43+00:00
20260920T142128Z-gpu_h48,electricity_hourly,T281,chronos_bolt,tsfm,168,48,210009,115.23854573567708,157.7027829739096,0.9352091177827716,4.639882997782971,34.18508499999007,1.0751953125,,205292928,true,dcb2c10e4ac97b1d1289825869826fdec84593f7,3d233e3d1d9d3c6c,true,2026-09-20T14:36:43+00:00
20260920T142128Z-gpu_h48,electricity_hourly,T281,chronos_bolt,tsfm,168,48,210010,87.1121088663737,100.88440447809421,0.6960075279785726,4.341167217065173,36.75381399989419,1.0751953125,,205292928,true,dcb2c10e4ac97b1d1289825869826fdec84593f7,3d233e3d1d9d3c6c,true,2026-09-20T14:36:43+00:00
20260920T142128Z-gpu_h48,electricity_hourly,T281,chronos_bolt,tsfm,168,48,210011,135.953732808431,175.04499664785715,1.2655033952433137,5.990224544331243,34.35635699997874,1.0751953125,,205292928,true,dcb2c10e4ac97b1d1289825869826fdec84593f7,3d233e3d1d9d3c6c,true,2026-09-20T14:36:43+00:00
20260920T142128Z-gpu_h48,electricity_hourly,T281,chronos_bolt,tsfm,168,48,210012,158.50318145751953,183.7800081586191,0.4491058622227148,8.101137157125587,35.20688200023869,1.0751953125,,205292928,true,dcb2c10e4ac97b1d1289825869826fdec84593f7,3d233e3d1d9d3c6c,true,2026-09-20T14:36:43+00:00
20260920T142128Z-gpu_h48,electricity_hourly,T281,chronos_bolt,tsfm,168,48,210013,159.08192443847656,182.9614487750535,1.376505054629289,8.410226827143475,31.165175000296585,1.0751953125,,205292928,true,dcb2c10e4ac97b1d1289825869826fdec84593f7,3d233e3d1d9d3c6c,true,2026-09-20T14:36:43+00:00
20260920T142128Z-gpu_h48,electricity_hourly,T281,chronos_bolt,tsfm,168,48,210014,100.69072977701823,128.38480604658537,0.8544678583234502,4.891493960678059,31.770805999713048,1.0751953125,,205292928,true,dcb2c10e4ac97b1d1289825869826fdec84593f7,3d233e3d1d9d3c6c,true,2026-09-20T14:36:43+00:00
20260920T142128Z-gpu_h48,electricity_hourly,T281,chronos_bolt,tsfm,168,48,210015,82.9399642944336,116.48801284772543,0.6392974445133517,4.667502732734627,32.89111000003686,1.0751953125,,205292928,true,dcb2c10e4ac97b1d1289825869826fdec84593f7,3d233e3d1d9d3c6c,true,2026-09-20T14:36:43+00:00
20260920T142128Z-gpu_h48,electricity_hourly,T281,chronos_bolt,tsfm,168,48,210016,70.67454274495442,89.4999428229602,0.7287078730684116,3.8939218713971386,31.531506000192167,1.0751953125,,205292928,true,dcb2c10e4ac97b1d1289825869826fdec84593f7,3d233e3d1d9d3c6c,true,2026-09-20T14:36:43+00:00
20260920T142128Z-gpu_h48,electricity_hourly,T281,chronos_bolt,tsfm,168,48,210017,80.9748903910319,105.02447618465878,0.9042562401169906,4.677909264958106,33.82141900010538,1.0751953125,,205292928,true,dcb2c10e4ac97b1d1289825869826fdec84593f7,3d233e3d1d9d3c6c,true,2026-09-20T14:36:43+00:00
20260920T142128Z-gpu_h48,electricity_hourly,T281,chronos_bolt,tsfm,168,48,210018,72.60174306233723,101.8330765833511,0.8664554119821449,4.2873371607037045,32.19398400005957,1.0751953125,,205292928,true,dcb2c10e4ac97b1d1289825869826fdec84593f7,3d233e3d1d9d3c6c,true,2026-09-20T14:36:43+00:00
20260920T142128Z-gpu_h48,electricity_hourly,T281,chronos_bolt,tsfm,168,48,210019,94.83324559529622,146.6918613773275,1.07995155126316,5.780675957184943,35.8562169999459,1.0751953125,,205292928,true,dcb2c10e4ac97b1d1289825869826fdec84593f7,3d233e3d1d9d3c6c,true,2026-09-20T14:36:43+00:00
20260920T142128Z-gpu_h48,electricity_hourly,T281,chronos_bolt,tsfm,168,48,210020,122.00979105631511,162.5602141100522,0.8832843955612777,5.6327141491513695,32.73187100012365,1.0751953125,,205292928,true,dcb2c10e4ac97b1d1289825869826fdec84593f7,3d233e3d1d9d3c6c,true,2026-09-20T14:36:43+00:00
20260920T142128Z-gpu_h48,electricity_hourly,T281,chronos_bolt,tsfm,168,48,210021,119.10111618041992,152.21785880659752,0.23997202605298057,7.096680355186434,34.60195199977534,1.0751953125,,205292928,true,dcb2c10e4ac97b1d1289825869826fdec84593f7,3d233e3d1d9d3c6c,true,2026-09-20T14:36:43+00:00
20260920T142128Z-gpu_h48,electricity_hourly,T295,lstm,deep,168,48,220000,175.89792256739506,283.2161750066149,3.4788217071425476,42.282741855780564,323.1956489998993,16.14599609375,0.3060622019997936,4513,false,dcb2c10e4ac97b1d1289825869826fdec84593f7,3d233e3d1d9d3c6c,true,2026-09-20T14:36:54+00:00
20260920T142128Z-gpu_h48,electricity_hourly,T295,lstm,deep,168,48,220001,233.9391234345109,332.29974941358216,2.2724793425910392,31.433159574888563,337.9601130000083,16.10986328125,0.3201466810000966,4513,false,dcb2c10e4ac97b1d1289825869826fdec84593f7,3d233e3d1d9d3c6c,true,2026-09-20T14:36:54+00:00
20260920T142128Z-gpu_h48,electricity_hourly,T295,lstm,deep,168,48,220002,224.78369698196875,298.06029474501315,3.3862174249820587,39.76040457176499,330.882037000265,16.10986328125,0.31281257199998436,4513,false,dcb2c10e4ac97b1d1289825869826fdec84593f7,3d233e3d1d9d3c6c,true,2026-09-20T14:36:54+00:00
20260920T142128Z-gpu_h48,electricity_hourly,T295,lstm,deep,168,48,220003,349.89727814357633,480.8837047066671,3.9440475970782773,57.521761741064715,326.1768130000746,16.10986328125,0.3090465969999059,4513,false,dcb2c10e4ac97b1d1289825869826fdec84593f7,3d233e3d1d9d3c6c,true,2026-09-20T14:36:54+00:00
20260920T142128Z-gpu_h48,electricity_hourly,T295,lstm,deep,168,48,220004,304.95192620190954,419.98500981144844,4.095605052515853,36.58222222188623,334.05086599987044,16.10986328125,0.3166291059997093,4513,false,dcb2c10e4ac97b1d1289825869826fdec84593f7,3d233e3d1d9d3c6c,true,2026-09-20T14:36:54+00:00
20260920T142128Z-gpu_h48,electricity_hourly,T295,lstm,deep,168,48,220005,193.85360581049778,243.64063451354227,1.8655964202841462,31.760996160963412,339.9303470000632,16.10986328125,0.32106382100027986,4513,false,dcb2c10e4ac97b1d1289825869826fdec84593f7,3d233e3d1d9d3c6c,true,2026-09-20T14:36:54+00:00
20260920T142128Z-gpu_h48,electricity_hourly,T295,lstm,deep,168,48,220006,292.33205721124295,355.650039458401,3.108996767977769,39.89764923409489,335.1767459998882,16.10986328125,0.3181513409999752,4513,false,dcb2c10e4ac97b1d1289825869826fdec84593f7,3d233e3d1d9d3c6c,true,2026-09-20T14:36:54+00:00
20260920T142128Z-gpu_h48,electricity_hourly,T295,lstm,deep,168,48,220007,106.85584354295213,152.65825639900703,2.0366964222614303,20.595978163019073,339.8053410001012,16.10986328125,0.32146193900007347,4513,false,dcb2c10e4ac97b1d1289825869826fdec84593f7,3d233e3d1d9d3c6c,true,2026-09-20T14:36:54+00:00
20260920T142128Z-gpu_h48,electricity_hourly,T295,lstm,deep,168,48,220008,116.81491579651316,154.88212617503382,2.43681701791944,20.90316314032885,345.27604100003373,16.10986328125,0.3283963400003813,4513,false,dcb2c10e4ac97b1d1289825869826fdec84593f7,3d233e3d1d9d3c6c,true,2026-09-20T14:36:54+00:00
20260920T142128Z-gpu_h48,electricity_hourly,T295,lstm,deep,168,48,220009,194.33483130885034,279.5402442892129,3.0032427246699345,31.046947764237544,330.3344030000517,16.10986328125,0.3139400170002773,4513,false,dcb2c10e4ac97b1d1289825869826fdec84593f7,3d233e3d1d9d3c6c,true,2026-09-20T14:36:54+00:00
20260920T142128Z-gpu_h48,electricity_hourly,T295,lstm,deep,168,48,220010,316.4857257327668,445.08305691329826,3.756816792145612,50.57452323335959,330.7781849998719,16.10986328125,0.31452995700010433,4513,false,dcb2c10e4ac97b1d1289825869826fdec84593f7,3d233e3d1d9d3c6c,true,2026-09-20T14:36:54+00:00
20260920T142128Z-gpu_h48,electricity_hourly,T295,lstm,deep,168,48,220011,176.15262422270345,246.37054061001197,4.1638177754545795,36.81828331531957,337.651661000109,16.10986328125,0.321451101999628,4513,false,dcb2c10e4ac97b1d1289825869826fdec84593f7,3d233e3d1d9d3c6c,true,2026-09-20T14:36:54+00:00
20260920T142128Z-gpu_h48,electricity_hourly,T295,lstm,deep,168,48,220012,100.33202443348175,135.603303834778,1.3256089107644162,20.021334551626445,337.15609199998653,16.10986328125,0.3204041369999686,4513,false,dcb2c10e4ac97b1d1289825869826fdec84593f7,3d233e3d1d9d3c6c,true,2026-09-20T14:36:54+00:00
20260920T142128Z-gpu_h48,electricity_hourly,T295,lstm,deep,168,48,220013,182.36344904143525,275.76112928710313,2.9113455279342215,46.243796943458385,347.2726759996476,16.10986328125,0.3282294299997375,4513,false,dcb2c10e4ac97b1d1289825869826fdec84593f7,3d233e3d1d9d3c6c,true,2026-09-20T14:36:54+00:00
20260920T142128Z-gpu_h48,electricity_hourly,T295,lstm,deep,168,48,220014,152.37225624329236,194.42469400998726,4.021555150116221,29.404447687852137,348.9202559999285,16.10986328125,0.3315849979999257,4513,false,dcb2c10e4ac97b1d1289825869826fdec84593f7,3d233e3d1d9d3c6c,true,2026-09-20T14:36:54+00:00
20260920T142128Z-gpu_h48,electricity_hourly,T295,lstm,deep,168,48,220015,86.51318461408886,131.7907583098903,2.3130149618323053,19.857499460849116,324.5681940002214,16.10986328125,0.3078338079999412,4513,false,dcb2c10e4ac97b1d1289825869826fdec84593f7,3d233e3d1d9d3c6c,true,2026-09-20T14:36:54+00:00
20260920T142128Z-gpu_h48,electricity_hourly,T295,lstm,deep,168,48,220016,95.27592855469622,153.73719991479453,4.313025373114195,22.169392809398733,334.77517300025283,16.10986328125,0.3187936620001892,4513,false,dcb2c10e4ac97b1d1289825869826fdec84593f7,3d233e3d1d9d3c6c,true,2026-09-20T14:36:54+00:00
20260920T142128Z-gpu_h48,electricity_hourly,T295,lstm,deep,168,48,220017,91.60419879658765,138.1141731959065,2.552932964333002,21.65935524822363,346.76265500002046,16.10986328125,0.33064554800012047,4513,false,dcb2c10e4ac97b1d1289825869826fdec84593f7,3d233e3d1d9d3c6c,true,2026-09-20T14:36:54+00:00
20260920T142128Z-gpu_h48,electricity_hourly,T295,lstm,deep,168,48,220018,60.14099504601674,93.46979712387379,1.2194175283900888,13.937140250722116,356.24833100018805,16.10986328125,0.3372748329998103,4513,false,dcb2c10e4ac97b1d1289825869826fdec84593f7,3d233e3d1d9d3c6c,true,2026-09-20T14:36:54+00:00
20260920T142128Z-gpu_h48,electricity_hourly,T295,lstm,deep,168,48,220019,96.82224064186431,137.64710908763175,2.7636080579640163,25.38091385586704,336.5785789997062,16.10986328125,0.3195863369996914,4513,false,dcb2c10e4ac97b1d1289825869826fdec84593f7,3d233e3d1d9d3c6c,true,2026-09-20T14:36:54+00:00
20260920T142128Z-gpu_h48,electricity_hourly,T295,lstm,deep,168,48,220020,48.00312763871025,62.07415263506576,1.9373459585129695,13.223211019715645,336.3588969996272,16.10986328125,0.319723133000025,4513,false,dcb2c10e4ac97b1d1289825869826fdec84593f7,3d233e3d1d9d3c6c,true,2026-09-20T14:36:54+00:00
20260920T142128Z-gpu_h48,electricity_hourly,T295,lstm,deep,168,48,220021,121.44300835004225,149.89068432508267,0.9782286290991824,32.76015351474788,347.39891999970496,16.10986328125,0.3307321279999087,4513,false,dcb2c10e4ac97b1d1289825869826fdec84593f7,3d233e3d1d9d3c6c,true,2026-09-20T14:36:54+00:00
20260920T142128Z-gpu_h48,electricity_hourly,T295,transformer,deep,168,48,220000,132.17508845622808,180.2377755831185,2.6140932203951164,27.633467537701588,577.4486039999829,10.6845703125,0.5753910119997272,19232,false,dcb2c10e4ac97b1d1289825869826fdec84593f7,3d233e3d1d9d3c6c,true,2026-09-20T14:37:12+00:00
20260920T142128Z-gpu_h48,electricity_hourly,T295,transformer,deep,168,48,220001,264.8288294247307,343.6479955889839,2.5725412464355926,49.426416501927754,640.0132220001069,10.525390625,0.6377732529999776,19232,false,dcb2c10e4ac97b1d1289825869826fdec84593f7,3d233e3d1d9d3c6c,true,2026-09-20T14:37:12+00:00
20260920T142128Z-gpu_h48,electricity_hourly,T295,transformer,deep,168,48,220002,128.55918619202427,193.22020663392757,1.9366589404384869,21.850565281142366,606.8802659997345,10.525390625,0.6048028319996774,19232,false,dcb2c10e4ac97b1d1289825869826fdec84593f7,3d233e3d1d9d3c6c,true,2026-09-20T14:37:12+00:00
20260920T142128Z-gpu_h48,electricity_hourly,T295,transformer,deep,168,48,220003,150.6258017552204,199.97712556201276,1.6978563955187271,28.58044664455078,583.7282940001387,10.525390625,0.5815741619999244,19232,false,dcb2c10e4ac97b1d1289825869826fdec84593f7,3d233e3d1d9d3c6c,true,2026-09-20T14:37:12+00:00
20260920T142128Z-gpu_h48,electricity_hourly,T295,transformer,deep,168,48,220004,177.58163549511093,237.66938141220848,2.3849799954575617,27.693487683815583,573.198795999815,10.525390625,0.5711291060001713,19232,false,dcb2c10e4ac97b1d1289825869826fdec84593f7,3d233e3d1d9d3c6c,true,2026-09-20T14:37:12+00:00
20260920T142128Z-gpu_h48,electricity_hourly,T295,transformer,deep,168,48,220005,213.20546902064999,269.0932476530189,2.0518336923727594,34.08078296419001,573.5687010001129,10.525390625,0.5716718120002042,19232,false,dcb2c10e4ac97b1d1289825869826fdec84593f7,3d233e3d1d9d3c6c,true,2026-09-20T14:37:12+00:00
20260920T142128Z-gpu_h48,electricity_hourly,T295,transformer,deep,168,48,220006,215.1759358702834,284.92385599001256,2.2884294509099568,31.46335380097535,563.3497909998368,10.525390625,0.5613864489996558,19232,false,dcb2c10e4ac97b1d1289825869826fdec84593f7,3d233e3d1d9d3c6c,true,2026-09-20T14:37:12+00:00
20260920T142128Z-gpu_h48,electricity_hourly,T295,transformer,deep,168,48,220007,113.10698642954868,153.46974084762627,2.1558446122905375,23.768589600102498,566.7474340002627,10.525390625,0.5647032419997231,19232,false,dcb2c10e4ac97b1d1289825869826fdec84593f7,3d233e3d1d9d3c6c,true,2026-09-20T14:37:12+00:00
20260920T142128Z-gpu_h48,electricity_hourly,T295,transformer,deep,168,48,220008,146.7395914716558,191.57234695203485,3.0610605782874747,25.00055929315729,560.956699000144,10.525390625,0.5589261280001665,19232,false,dcb2c10e4ac97b1d1289825869826fdec84593f7,3d233e3d1d9d3c6c,true,2026-09-20T14:37:12+00:00
20260920T142128Z-gpu_h48,electricity_hourly,T295,transformer,deep,168,48,220009,166.5562039097181,205.59739771791374,2.573952925842392,32.10926503962534,595.320853999965,10.525390625,0.5931795400001647,19232,false,dcb2c10e4ac97b1d1289825869826fdec84593f7,3d233e3d1d9d3c6c,true,2026-09-20T14:37:12+00:00
20260920T142128Z-gpu_h48,electricity_hourly,T295,transformer,deep,168,48,220010,125.89772850810861,160.85288758918992,1.4944582396478148,26.17356449222244,577.403688999766,10.525390625,0.575308633000077,19232,false,dcb2c10e4ac97b1d1289825869826fdec84593f7,3d233e3d1d9d3c6c,true,2026-09-20T14:37:12+00:00
20260920T142128Z-gpu_h48,electricity_hourly,T295,transformer,deep,168,48,220011,128.71782948626984,179.997020577866,3.0425750896294903,28.34228396219938,592.1140440000272,10.525390625,0.5901180599998952,19232,false,dcb2c10e4ac97b1d1289825869826fdec84593f7,3d233e3d1d9d3c6c,true,2026-09-20T14:37:12+00:00
20260920T142128Z-gpu_h48,electricity_hourly,T295,transformer,deep,168,48,220012,129.28588143244295,166.05990962968934,1.708153677059527,25.568073169129686,569.2207379997853,10.525390625,0.5671001410000827,19232,false,dcb2c10e4ac97b1d1289825869826fdec84593f7,3d233e3d1d9d3c6c,true,2026-09-20T14:37:12+00:00
20260920T142128Z-gpu_h48,electricity_hourly,T295,transformer,deep,168,48,220013,76.23598109960241,105.81595680929513,1.21707109515995,17.665899000756532,569.984371999908,10.525390625,0.568038131999856,19232,false,dcb2c10e4ac97b1d1289825869826fdec84593f7,3d233e3d1d9d3c6c,true,2026-09-20T14:37:12+00:00
20260920T142128Z-gpu_h48,electricity_hourly,T295,transformer,deep,168,48,220014,168.99347862978564,220.07380532979042,4.460238438909299,34.18575424080132,564.9558610002714,10.525390625,0.5629223990003993,19232,false,dcb2c10e4ac97b1d1289825869826fdec84593f7,3d233e3d1d9d3c6c,true,2026-09-20T14:37:12+00:00
20260920T142128Z-gpu_h48,electricity_hourly,T295,transformer,deep,168,48,220015,65.87636319766978,86.2032017800476,1.7612692722733843,17.10095952409112,561.4274660001684,10.525390625,0.5594646770000509,19232,false,dcb2c10e4ac97b1d1289825869826fdec84593f7,3d233e3d1d9d3c6c,true,2026-09-20T14:37:12+00:00
20260920T142128Z-gpu_h48,electricity_hourly,T295,transformer,deep,168,48,220016,53.80764616589162,70.85260642157417,2.4358066796253985,13.041411928298622,561.5759990000697,10.525390625,0.5595412090001446,19232,false,dcb2c10e4ac97b1d1289825869826fdec84593f7,3d233e3d1d9d3c6c,true,2026-09-20T14:37:12+00:00
20260920T142128Z-gpu_h48,electricity_hourly,T295,transformer,deep,168,48,220017,49.76622553728015,70.89096713858179,1.3869433863689455,11.900941655887182,577.3848290000387,10.525390625,0.5752448090001963,19232,false,dcb2c10e4ac97b1d1289825869826fdec84593f7,3d233e3d1d9d3c6c,true,2026-09-20T14:37:12+00:00
20260920T142128Z-gpu_h48,electricity_hourly,T295,transformer,deep,168,48,220018,62.30483266850873,93.62417759290369,1.2632914537123707,15.585593783317316,571.6226659997119,10.525390625,0.5695980430000418,19232,false,dcb2c10e4ac97b1d1289825869826fdec84593f7,3d233e3d1d9d3c6c,true,2026-09-20T14:37:12+00:00
20260920T142128Z-gpu_h48,electricity_hourly,T295,transformer,deep,168,48,220019,38.1127225307334,49.236976589055864,1.0878557075174649,12.437681783450607,583.9252589998978,10.525390625,0.5819746140000461,19232,false,dcb2c10e4ac97b1d1289825869826fdec84593f7,3d233e3d1d9d3c6c,true,2026-09-20T14:37:12+00:00
20260920T142128Z-gpu_h48,electricity_hourly,T295,transformer,deep,168,48,220020,68.65890786402184,103.69750366759577,2.7709873128977422,17.537969488453165,584.6536639996884,10.525390625,0.582531888000176,19232,false,dcb2c10e4ac97b1d1289825869826fdec84593f7,3d233e3d1d9d3c6c,true,2026-09-20T14:37:12+00:00
20260920T142128Z-gpu_h48,electricity_hourly,T295,transformer,deep,168,48,220021,100.46974733780043,123.38664212194784,0.8092881141490889,29.71996342442284,580.1239179995719,10.525390625,0.5780742130000363,19232,false,dcb2c10e4ac97b1d1289825869826fdec84593f7,3d233e3d1d9d3c6c,true,2026-09-20T14:37:12+00:00
20260920T142128Z-gpu_h48,electricity_hourly,T295,timesfm25,tsfm,168,48,220000,75.24580574035645,118.91069060958972,1.4881741555571113,13.469067770306511,143.9519119999204,11.94287109375,,231289280,true,dcb2c10e4ac97b1d1289825869826fdec84593f7,3d233e3d1d9d3c6c,true,2026-09-20T14:37:19+00:00
20260920T142128Z-gpu_h48,electricity_hourly,T295,timesfm25,tsfm,168,48,220001,193.96627553304037,292.10555022150584,1.8841840040986113,21.54016204323063,117.75895499977196,11.94287109375,,231289280,true,dcb2c10e4ac97b1d1289825869826fdec84593f7,3d233e3d1d9d3c6c,true,2026-09-20T14:37:19+00:00
20260920T142128Z-gpu_h48,electricity_hourly,T295,timesfm25,tsfm,168,48,220002,137.90814590454102,199.395872437413,2.077494822706759,20.028109480279856,111.63762700016377,11.94287109375,,231289280,true,dcb2c10e4ac97b1d1289825869826fdec84593f7,3d233e3d1d9d3c6c,true,2026-09-20T14:37:19+00:00
20260920T142128Z-gpu_h48,electricity_hourly,T295,timesfm25,tsfm,168,48,220003,81.85340563456218,115.96246668074983,0.9226528697751041,12.38698739671884,120.90436500011492,11.94287109375,,231289280,true,dcb2c10e4ac97b1d1289825869826fdec84593f7,3d233e3d1d9d3c6c,true,2026-09-20T14:37:19+00:00
20260920T142128Z-gpu_h48,electricity_hourly,T295,timesfm25,tsfm,168,48,220004,122.21214723587036,174.73305631311584,1.6413494872193,13.985471401478552,119.45226499983619,11.94287109375,,231289280,true,dcb2c10e4ac97b1d1289825869826fdec84593f7,3d233e3d1d9d3c6c,true,2026-09-20T14:37:19+00:00
20260920T142128Z-gpu_h48,electricity_hourly,T295,timesfm25,tsfm,168,48,220005,47.65355396270752,64.76272190227189,0.45860534455856994,10.36554948547057,111.98954800011052,11.94287109375,,231289280,true,dcb2c10e4ac97b1d1289825869826fdec84593f7,3d233e3d1d9d3c6c,true,2026-09-20T14:37:19+00:00
20260920T142128Z-gpu_h48,electricity_hourly,T295,timesfm25,tsfm,168,48,220006,148.01956176757812,204.6693633530596,1.5742109966418945,16.097232565487733,116.03115900015837,11.94287109375,,231289280,true,dcb2c10e4ac97b1d1289825869826fdec84593f7,3d233e3d1d9d3c6c,true,2026-09-20T14:37:19+00:00
20260920T142128Z-gpu_h48,electricity_hourly,T295,timesfm25,tsfm,168,48,220007,74.71811771392822,124.55306136155092,1.4241441364401937,10.607003908327762,115.80044700031067,11.94287109375,,231289280,true,dcb2c10e4ac97b1d1289825869826fdec84593f7,3d233e3d1d9d3c6c,true,2026-09-20T14:37:19+00:00
20260920T142128Z-gpu_h48,electricity_hourly,T295,timesfm25,tsfm,168,48,220008,45.799424489339195,65.14509184435437,0.9553986855663978,6.601929961054985,113.69358000001739,11.94287109375,,231289280,true,dcb2c10e4ac97b1d1289825869826fdec84593f7,3d233e3d1d9d3c6c,true,2026-09-20T14:37:19+00:00
20260920T142128Z-gpu_h48,electricity_hourly,T295,timesfm25,tsfm,168,48,220009,117.25724061330159,159.7954111448728,1.812088715208782,16.714054788715828,117.05176299983577,11.94287109375,,231289280,true,dcb2c10e4ac97b1d1289825869826fdec84593f7,3d233e3d1d9d3c6c,true,2026-09-20T14:37:19+00:00
20260920T142128Z-gpu_h48,electricity_hourly,T295,timesfm25,tsfm,168,48,220010,103.66211954752605,148.79820727549762,1.230512341508841,15.487305998756446,117.86258999973143,11.94287109375,,231289280,true,dcb2c10e4ac97b1d1289825869826fdec84593f7,3d233e3d1d9d3c6c,true,2026-09-20T14:37:19+00:00
20260920T142128Z-gpu_h48,electricity_hourly,T295,timesfm25,tsfm,168,48,220011,95.80990791320801,165.96190728658294,2.2647122028072806,16.050250452044747,116.41732199996113,11.94287109375,,231289280,true,dcb2c10e4ac97b1d1289825869826fdec84593f7,3d233e3d1d9d3c6c,true,2026-09-20T14:37:19+00:00
20260920T142128Z-gpu_h48,electricity_hourly,T295,timesfm25,tsfm,168,48,220012,78.9029450416565,113.15171432497208,1.042483171483488,10.875173132955378,118.00131299969507,11.94287109375,,231289280,true,dcb2c10e4ac97b1d1289825869826fdec84593f7,3d233e3d1d9d3c6c,true,2026-09-20T14:37:19+00:00
20260920T142128Z-gpu_h48,electricity_hourly,T295,timesfm25,tsfm,168,48,220013,58.595967610677086,85.11808217218872,0.935456689128326,10.71250025780724,110.22925299994313,11.94287109375,,231289280,true,dcb2c10e4ac97b1d1289825869826fdec84593f7,3d233e3d1d9d3c6c,true,2026-09-20T14:37:19+00:00
20260920T142128Z-gpu_h48,electricity_hourly,T295,timesfm25,tsfm,168,48,220014,107.6694564819336,168.27494152251467,2.8417158602269867,13.37872296435417,123.7357449999763,11.94287109375,,231289280,true,dcb2c10e4ac97b1d1289825869826fdec84593f7,3d233e3d1d9d3c6c,true,2026-09-20T14:37:19+00:00
20260920T142128Z-gpu_h48,electricity_hourly,T295,timesfm25,tsfm,168,48,220015,47.154867013295494,65.68918765130127,1.260731683979679,8.374073404678123,116.45407500009242,11.94287109375,,231289280,true,dcb2c10e4ac97b1d1289825869826fdec84593f7,3d233e3d1d9d3c6c,true,2026-09-20T14:37:19+00:00
20260920T142128Z-gpu_h48,electricity_hourly,T295,timesfm25,tsfm,168,48,220016,43.39189211527506,61.427558708919996,1.964298165545303,8.798237297355737,116.70216800030175,11.94287109375,,231289280,true,dcb2c10e4ac97b1d1289825869826fdec84593f7,3d233e3d1d9d3c6c,true,2026-09-20T14:37:19+00:00
20260920T142128Z-gpu_h48,electricity_hourly,T295,timesfm25,tsfm,168,48,220017,25.740051587422688,37.94664550827441,0.7173538665741953,5.764843916207607,113.46639499970479,11.94287109375,,231289280,true,dcb2c10e4ac97b1d1289825869826fdec84593f7,3d233e3d1d9d3c6c,true,2026-09-20T14:37:19+00:00
20260920T142128Z-gpu_h48,electricity_hourly,T295,timesfm25,tsfm,168,48,220018,29.974849065144856,49.448657729810314,0.6077693981105124,6.106197770754558,116.7821570002161,11.94287109375,,231289280,true,dcb2c10e4ac97b1d1289825869826fdec84593f7,3d233e3d1d9d3c6c,true,2026-09-20T14:37:19+00:00
20260920T142128Z-gpu_h48,electricity_hourly,T295,timesfm25,tsfm,168,48,220019,26.30613613128662,36.278407498850115,0.7508589896739888,7.257520207845509,117.9751340000621,11.94287109375,,231289280,true,dcb2c10e4ac97b1d1289825869826fdec84593f7,3d233e3d1d9d3c6c,true,2026-09-20T14:37:19+00:00
20260920T142128Z-gpu_h48,electricity_hourly,T295,timesfm25,tsfm,168,48,220020,36.579986890157066,55.18444445384129,1.4763223408583568,8.611428264584301,117.8194879998955,11.94287109375,,231289280,true,dcb2c10e4ac97b1d1289825869826fdec84593f7,3d233e3d1d9d3c6c,true,2026-09-20T14:37:19+00:00
20260920T142128Z-gpu_h48,electricity_hourly,T295,timesfm25,tsfm,168,48,220021,46.437201499938965,65.66255306445815,0.37405364524199874,12.293915848241545,115.3269100000216,11.94287109375,,231289280,true,dcb2c10e4ac97b1d1289825869826fdec84593f7,3d233e3d1d9d3c6c,true,2026-09-20T14:37:19+00:00
20260920T142128Z-gpu_h48,electricity_hourly,T295,chronos_bolt,tsfm,168,48,220000,73.69388961791992,131.78506390947817,1.4574811296498378,13.58498221622435,31.445201999758865,1.0751953125,,205292928,true,dcb2c10e4ac97b1d1289825869826fdec84593f7,3d233e3d1d9d3c6c,true,2026-09-20T14:37:23+00:00
20260920T142128Z-gpu_h48,electricity_hourly,T295,chronos_bolt,tsfm,168,48,220001,112.3180669148763,188.6797347946637,1.0910551562157438,16.05044597465252,34.997394000129134,1.0751953125,,205292928,true,dcb2c10e4ac97b1d1289825869826fdec84593f7,3d233e3d1d9d3c6c,true,2026-09-20T14:37:23+00:00
20260920T142128Z-gpu_h48,electricity_hourly,T295,chronos_bolt,tsfm,168,48,220002,135.70912170410156,205.75714755819942,2.0443679804781487,16.89354935602583,37.28159499996764,1.0751953125,,205292928,true,dcb2c10e4ac97b1d1289825869826fdec84593f7,3d233e3d1d9d3c6c,true,2026-09-20T14:37:23+00:00
20260920T142128Z-gpu_h48,electricity_hourly,T295,chronos_bolt,tsfm,168,48,220003,105.03715006510417,164.09910103044479,1.1839803999510765,12.879555717306177,35.40873100018871,1.0751953125,,205292928,true,dcb2c10e4ac97b1d1289825869826fdec84593f7,3d233e3d1d9d3c6c,true,2026-09-20T14:37:23+00:00
20260920T142128Z-gpu_h48,electricity_hourly,T295,chronos_bolt,tsfm,168,48,220004,72.72366396586101,105.41491251692216,0.9767028176724478,9.86130026086066,37.22613900026772,1.0751953125,,205292928,true,dcb2c10e4ac97b1d1289825869826fdec84593f7,3d233e3d1d9d3c6c,true,2026-09-20T14:37:23+00:00
20260920T142128Z-gpu_h48,electricity_hourly,T295,chronos_bolt,tsfm,168,48,220005,37.05967458089193,52.16561802198466,0.3566526191036849,7.834629808331561,34.34302400000888,1.0751953125,,205292928,true,dcb2c10e4ac97b1d1289825869826fdec84593f7,3d233e3d1d9d3c6c,true,2026-09-20T14:37:23+00:00
20260920T142128Z-gpu_h48,electricity_hourly,T295,chronos_bolt,tsfm,168,48,220006,135.2834726969401,195.3633943423851,1.438760714059038,13.484968348393725,31.720367000161787,1.0751953125,,205292928,true,dcb2c10e4ac97b1d1289825869826fdec84593f7,3d233e3d1d9d3c6c,true,2026-09-20T14:37:23+00:00
20260920T142128Z-gpu_h48,electricity_hourly,T295,chronos_bolt,tsfm,168,48,220007,73.08694458007812,132.13521424105852,1.3930536094680674,8.39373341369019,34.73641599975963,1.0751953125,,205292928,true,dcb2c10e4ac97b1d1289825869826fdec84593f7,3d233e3d1d9d3c6c,true,2026-09-20T14:37:23+00:00
20260920T142128Z-gpu_h48,electricity_hourly,T295,chronos_bolt,tsfm,168,48,220008,52.119075775146484,74.07565349257752,1.0872297423759372,6.933603074967354,33.74391099987406,1.0751953125,,205292928,true,dcb2c10e4ac97b1d1289825869826fdec84593f7,3d233e3d1d9d3c6c,true,2026-09-20T14:37:23+00:00
20260920T142128Z-gpu_h48,electricity_hourly,T295,chronos_bolt,tsfm,168,48,220009,102.08160654703777,148.9331377259969,1.5775650722014851,11.989468999381803,31.75123699975302,1.0751953125,,205292928,true,dcb2c10e4ac97b1d1289825869826fdec84593f7,3d233e3d1d9d3c6c,true,2026-09-20T14:37:23+00:00
20260920T142128Z-gpu_h48,electricity_hourly,T295,chronos_bolt,tsfm,168,48,220010,84.88445281982422,122.84163195819939,1.0076136514759448,10.523241599649193,36.55337899999722,1.0751953125,,205292928,true,dcb2c10e4ac97b1d1289825869826fdec84593f7,3d233e3d1d9d3c6c,true,2026-09-20T14:37:23+00:00
20260920T142128Z-gpu_h48,electricity_hourly,T295,chronos_bolt,tsfm,168,48,220011,96.7195561726888,165.8794213440504,2.28621406580223,15.210657281992951,35.032359000069846,1.0751953125,,205292928,true,dcb2c10e4ac97b1d1289825869826fdec84593f7,3d233e3d1d9d3c6c,true,2026-09-20T14:37:23+00:00
20260920T142128Z-gpu_h48,electricity_hourly,T295,chronos_bolt,tsfm,168,48,220012,42.46451950073242,60.700628280256765,0.5610506292417166,7.017644027884826,37.28228699992542,1.0751953125,,205292928,true,dcb2c10e4ac97b1d1289825869826fdec84593f7,3d233e3d1d9d3c6c,true,2026-09-20T14:37:23+00:00
20260920T142128Z-gpu_h48,electricity_hourly,T295,chronos_bolt,tsfm,168,48,220013,59.117082595825195,86.581824207614,0.9437760414411118,10.511384693746786,34.9622650001038,1.0751953125,,205292928,true,dcb2c10e4ac97b1d1289825869826fdec84593f7,3d233e3d1d9d3c6c,true,2026-09-20T14:37:23+00:00
20260920T142128Z-gpu_h48,electricity_hourly,T295,chronos_bolt,tsfm,168,48,220014,90.7460339864095,137.3552554742146,2.395056615477084,12.291296906443032,32.22635400015861,1.0751953125,,205292928,true,dcb2c10e4ac97b1d1289825869826fdec84593f7,3d233e3d1d9d3c6c,true,2026-09-20T14:37:23+00:00
20260920T142128Z-gpu_h48,electricity_hourly,T295,chronos_bolt,tsfm,168,48,220015,44.99999554951986,67.45312447660793,1.203119078932577,8.294424032231941,34.213506000014604,1.0751953125,,205292928,true,dcb2c10e4ac97b1d1289825869826fdec84593f7,3d233e3d1d9d3c6c,true,2026-09-20T14:37:23+00:00
20260920T142128Z-gpu_h48,electricity_hourly,T295,chronos_bolt,tsfm,168,48,220016,40.55070114135742,61.34752881588257,1.8356809067448816,7.47152160312317,34.69301999984964,1.0751953125,,205292928,true,dcb2c10e4ac97b1d1289825869826fdec84593f7,3d233e3d1d9d3c6c,true,2026-09-20T14:37:23+00:00
20260920T142128Z-gpu_h48,electricity_hourly,T295,chronos_bolt,tsfm,168,48,220017,26.452970504760742,36.3390386499203,0.7372223248859197,5.420266033500256,34.15309299998626,1.0751953125,,205292928,true,dcb2c10e4ac97b1d1289825869826fdec84593f7,3d233e3d1d9d3c6c,true,2026-09-20T14:37:23+00:00
20260920T142128Z-gpu_h48,electricity_hourly,T295,chronos_bolt,tsfm,168,48,220018,27.673009236653645,44.62967391478529,0.5610973430129716,5.984244620483067,35.40419900036795,1.0751953125,,205292928,true,dcb2c10e4ac97b1d1289825869826fdec84593f7,3d233e3d1d9d3c6c,true,2026-09-20T14:37:23+00:00
20260920T142128Z-gpu_h48,electricity_hourly,T295,chronos_bolt,tsfm,168,48,220019,22.3675537109375,34.42126373788238,0.6384395905599604,5.55215356367413,34.51692499993442,1.0751953125,,205292928,true,dcb2c10e4ac97b1d1289825869826fdec84593f7,3d233e3d1d9d3c6c,true,2026-09-20T14:37:23+00:00
20260920T142128Z-gpu_h48,electricity_hourly,T295,chronos_bolt,tsfm,168,48,220020,36.35739008585612,56.524140636827276,1.467338613330516,7.379103340190067,35.20877900018604,1.0751953125,,205292928,true,dcb2c10e4ac97b1d1289825869826fdec84593f7,3d233e3d1d9d3c6c,true,2026-09-20T14:37:23+00:00
20260920T142128Z-gpu_h48,electricity_hourly,T295,chronos_bolt,tsfm,168,48,220021,32.2440439860026,48.34748255692813,0.25972715410775715,7.446596308447679,35.182144999907905,1.0751953125,,205292928,true,dcb2c10e4ac97b1d1289825869826fdec84593f7,3d233e3d1d9d3c6c,true,2026-09-20T14:37:23+00:00
20260920T142128Z-gpu_h48,electricity_hourly,T308,lstm,deep,168,48,230000,88.09067899664895,127.13864008550638,0.8389588475871328,22.884941949565494,319.33378199983053,16.14599609375,0.3028120310000304,4513,false,dcb2c10e4ac97b1d1289825869826fdec84593f7,3d233e3d1d9d3c6c,true,2026-09-20T14:37:35+00:00
20260920T142128Z-gpu_h48,electricity_hourly,T308,lstm,deep,168,48,230001,408.55016935364347,560.3080559852395,3.4291923750830415,55.64372544954562,331.91765199990186,16.10986328125,0.31527476899964313,4513,false,dcb2c10e4ac97b1d1289825869826fdec84593f7,3d233e3d1d9d3c6c,true,2026-09-20T14:37:35+00:00
20260920T142128Z-gpu_h48,electricity_hourly,T308,lstm,deep,168,48,230002,141.42774184516398,183.29827997160137,1.1445203341409247,42.09677952017396,326.86050999973304,16.10986328125,0.30877626599976793,4513,false,dcb2c10e4ac97b1d1289825869826fdec84593f7,3d233e3d1d9d3c6c,true,2026-09-20T14:37:35+00:00
20260920T142128Z-gpu_h48,electricity_hourly,T308,lstm,deep,168,48,230003,186.9427396797128,243.92486780068305,2.3703226656580645,31.051624129537153,339.16603099987697,16.10986328125,0.3227729629998066,4513,false,dcb2c10e4ac97b1d1289825869826fdec84593f7,3d233e3d1d9d3c6c,true,2026-09-20T14:37:35+00:00
20260920T142128Z-gpu_h48,electricity_hourly,T308,lstm,deep,168,48,230004,797.137576745216,1015.6929743601546,7.32719335192845,122.09377326944193,327.98459200012076,16.10986328125,0.3112051419998352,4513,false,dcb2c10e4ac97b1d1289825869826fdec84593f7,3d233e3d1d9d3c6c,true,2026-09-20T14:37:35+00:00
20260920T142128Z-gpu_h48,electricity_hourly,T308,lstm,deep,168,48,230005,214.0042117504604,319.32307876315696,1.0783709448880672,46.69091153575362,330.24965999993583,16.10986328125,0.31224883200002296,4513,false,dcb2c10e4ac97b1d1289825869826fdec84593f7,3d233e3d1d9d3c6c,true,2026-09-20T14:37:35+00:00
20260920T142128Z-gpu_h48,electricity_hourly,T308,lstm,deep,168,48,230006,198.58370116724416,329.29529834236826,1.89880829801349,41.37952411118849,339.93479100035984,16.10986328125,0.32178473700014365,4513,false,dcb2c10e4ac97b1d1289825869826fdec84593f7,3d233e3d1d9d3c6c,true,2026-09-20T14:37:35+00:00
20260920T142128Z-gpu_h48,electricity_hourly,T308,lstm,deep,168,48,230007,450.92480542508787,609.7399065034443,6.511549536824374,71.69524509745906,340.95919200035496,16.10986328125,0.32241150399977414,4513,false,dcb2c10e4ac97b1d1289825869826fdec84593f7,3d233e3d1d9d3c6c,true,2026-09-20T14:37:35+00:00
20260920T142128Z-gpu_h48,electricity_hourly,T308,lstm,deep,168,48,230008,284.77973466456115,449.91031085111126,2.0133681162459154,49.08374986972686,332.8299530003278,16.10986328125,0.316030942999987,4513,false,dcb2c10e4ac97b1d1289825869826fdec84593f7,3d233e3d1d9d3c6c,true,2026-09-20T14:37:35+00:00
20260920T142128Z-gpu_h48,electricity_hourly,T308,lstm,deep,168,48,230009,444.4305767596516,645.415829365964,4.643930270182849,53.17241142346688,372.00980700026776,16.10986328125,0.3541716620002262,4513,false,dcb2c10e4ac97b1d1289825869826fdec84593f7,3d233e3d1d9d3c6c,true,2026-09-20T14:37:35+00:00
20260920T142128Z-gpu_h48,electricity_hourly,T308,lstm,deep,168,48,230010,74.52750633046423,91.0567386844628,0.4786993582045073,45.059879788287496,362.46765600026265,16.10986328125,0.34537959699991916,4513,false,dcb2c10e4ac97b1d1289825869826fdec84593f7,3d233e3d1d9d3c6c,true,2026-09-20T14:37:35+00:00
20260920T142128Z-gpu_h48,electricity_hourly,T308,lstm,deep,168,48,230011,33.25720685851554,42.08667711259253,3.050342539889323,23.731751479090256,343.7206660000811,16.10986328125,0.3263457519997246,4513,false,dcb2c10e4ac97b1d1289825869826fdec84593f7,3d233e3d1d9d3c6c,true,2026-09-20T14:37:35+00:00
20260920T142128Z-gpu_h48,electricity_hourly,T308,lstm,deep,168,48,230012,34.47508273327136,43.765880966304756,2.999644660780106,25.553769788947527,346.4288730001499,16.10986328125,0.3293061249996754,4513,false,dcb2c10e4ac97b1d1289825869826fdec84593f7,3d233e3d1d9d3c6c,true,2026-09-20T14:37:35+00:00
20260920T142128Z-gpu_h48,electricity_hourly,T308,lstm,deep,168,48,230013,16.32909358443194,18.66024662535122,1.5941623567174235,12.469449272555156,327.7675059998728,16.10986328125,0.31075495499999306,4513,false,dcb2c10e4ac97b1d1289825869826fdec84593f7,3d233e3d1d9d3c6c,true,2026-09-20T14:37:35+00:00
20260920T142128Z-gpu_h48,electricity_hourly,T308,lstm,deep,168,48,230014,31.81242038700579,45.4751245012202,2.868496265328011,25.507937802457597,341.04778200025976,16.10986328125,0.32453692900026,4513,false,dcb2c10e4ac97b1d1289825869826fdec84593f7,3d233e3d1d9d3c6c,true,2026-09-20T14:37:35+00:00
20260920T142128Z-gpu_h48,electricity_hourly,T308,lstm,deep,168,48,230015,18.38475295921958,25.34393584161701,2.057035296136456,12.975677240114864,336.7701029997079,16.10986328125,0.3139002499997332,4513,false,dcb2c10e4ac97b1d1289825869826fdec84593f7,3d233e3d1d9d3c6c,true,2026-09-20T14:37:35+00:00
20260920T142128Z-gpu_h48,electricity_hourly,T308,lstm,deep,168,48,230016,27.865412097949626,37.56169689379857,2.1890994774166646,19.257635326303134,324.7659509997902,16.10986328125,0.30842912800017075,4513,false,dcb2c10e4ac97b1d1289825869826fdec84593f7,3d233e3d1d9d3c6c,true,2026-09-20T14:37:35+00:00
20260920T142128Z-gpu_h48,electricity_hourly,T308,lstm,deep,168,48,230017,24.13175231951145,31.835209486179192,2.811466289651819,18.082743700699663,346.8298990001131,16.10986328125,0.32799791000024925,4513,false,dcb2c10e4ac97b1d1289825869826fdec84593f7,3d233e3d1d9d3c6c,true,2026-09-20T14:37:35+00:00
20260920T142128Z-gpu_h48,electricity_hourly,T308,lstm,deep,168,48,230018,14.081500332600095,17.71180872101308,1.3099070076837298,9.238161183460186,334.9146840000685,16.10986328125,0.3172128670003076,4513,false,dcb2c10e4ac97b1d1289825869826fdec84593f7,3d233e3d1d9d3c6c,true,2026-09-20T14:37:35+00:00
20260920T142128Z-gpu_h48,electricity_hourly,T308,lstm,deep,168,48,230019,17.78471676518438,27.012428474443954,1.8464305798028484,12.796808097676196,329.9274549999609,16.10986328125,0.3124297810004464,4513,false,dcb2c10e4ac97b1d1289825869826fdec84593f7,3d233e3d1d9d3c6c,true,2026-09-20T14:37:35+00:00
20260920T142128Z-gpu_h48,electricity_hourly,T308,lstm,deep,168,48,230020,31.379140752292454,40.00970684081255,3.1598575303007785,21.307224953768134,332.89143299998614,16.10986328125,0.3150973189999604,4513,false,dcb2c10e4ac97b1d1289825869826fdec84593f7,3d233e3d1d9d3c6c,true,2026-09-20T14:37:35+00:00
20260920T142128Z-gpu_h48,electricity_hourly,T308,lstm,deep,168,48,230021,24.292036534331327,30.20018393922119,0.7048263673068126,17.64729011898882,331.3619909999943,16.10986328125,0.31405183900005795,4513,false,dcb2c10e4ac97b1d1289825869826fdec84593f7,3d233e3d1d9d3c6c,true,2026-09-20T14:37:35+00:00
20260920T142128Z-gpu_h48,electricity_hourly,T308,transformer,deep,168,48,230000,178.66999267039918,218.60199844033085,1.7016189778133255,45.37464670893676,588.8391280000178,10.6845703125,0.5865346649998173,19232,false,dcb2c10e4ac97b1d1289825869826fdec84593f7,3d233e3d1d9d3c6c,true,2026-09-20T14:37:53+00:00
20260920T142128Z-gpu_h48,electricity_hourly,T308,transformer,deep,168,48,230001,466.3525355809415,581.8979431393689,3.9143602893247595,72.35647440763664,587.5014100001863,10.525390625,0.585477740999977,19232,false,dcb2c10e4ac97b1d1289825869826fdec84593f7,3d233e3d1d9d3c6c,true,2026-09-20T14:37:53+00:00
20260920T142128Z-gpu_h48,electricity_hourly,T308,transformer,deep,168,48,230002,163.9950846417462,258.24283157687944,1.3271491619878302,37.09791171408801,581.4117690001694,10.525390625,0.5795381249999991,19232,false,dcb2c10e4ac97b1d1289825869826fdec84593f7,3d233e3d1d9d3c6c,true,2026-09-20T14:37:53+00:00
20260920T142128Z-gpu_h48,electricity_hourly,T308,transformer,deep,168,48,230003,240.8102118676493,335.264155385999,3.0533301495942147,47.40365127311315,573.1438030002209,10.525390625,0.5712507600001118,19232,false,dcb2c10e4ac97b1d1289825869826fdec84593f7,3d233e3d1d9d3c6c,true,2026-09-20T14:37:53+00:00
20260920T142128Z-gpu_h48,electricity_hourly,T308,transformer,deep,168,48,230004,309.8538040607382,430.81541116985704,2.848139141117471,58.63376023789563,578.9667349999945,10.525390625,0.5769639659997665,19232,false,dcb2c10e4ac97b1d1289825869826fdec84593f7,3d233e3d1d9d3c6c,true,2026-09-20T14:37:53+00:00
20260920T142128Z-gpu_h48,electricity_hourly,T308,transformer,deep,168,48,230005,166.7041739146466,233.72880363853378,0.8400252316096549,55.70192213826638,588.3000220001122,10.525390625,0.5863162370001191,19232,false,dcb2c10e4ac97b1d1289825869826fdec84593f7,3d233e3d1d9d3c6c,true,2026-09-20T14:37:53+00:00
20260920T142128Z-gpu_h48,electricity_hourly,T308,transformer,deep,168,48,230006,295.1889454647145,451.64248921034766,2.8225237813359154,61.96600439103926,575.3280799999629,10.525390625,0.5733040449999862,19232,false,dcb2c10e4ac97b1d1289825869826fdec84593f7,3d233e3d1d9d3c6c,true,2026-09-20T14:37:53+00:00
20260920T142128Z-gpu_h48,electricity_hourly,T308,transformer,deep,168,48,230007,155.63606216309404,225.6465410362567,2.247452161199914,36.21147648166828,588.4303829998316,10.525390625,0.5864546799998607,19232,false,dcb2c10e4ac97b1d1289825869826fdec84593f7,3d233e3d1d9d3c6c,true,2026-09-20T14:37:53+00:00
20260920T142128Z-gpu_h48,electricity_hourly,T308,transformer,deep,168,48,230008,159.63498778638134,220.01882720025694,1.1286055695816433,42.65397456169516,579.2051899998114,10.525390625,0.5772171509997861,19232,false,dcb2c10e4ac97b1d1289825869826fdec84593f7,3d233e3d1d9d3c6c,true,2026-09-20T14:37:53+00:00
20260920T142128Z-gpu_h48,electricity_hourly,T308,transformer,deep,168,48,230009,315.2069537586942,392.92081758823736,3.293650775796529,63.32188464270661,576.0796980002851,10.525390625,0.5740079879997211,19232,false,dcb2c10e4ac97b1d1289825869826fdec84593f7,3d233e3d1d9d3c6c,true,2026-09-20T14:37:53+00:00
20260920T142128Z-gpu_h48,electricity_hourly,T308,transformer,deep,168,48,230010,47.319816317490506,54.27637598573038,0.30394101207541074,37.39251522482922,581.0334520001561,10.525390625,0.5789674110001215,19232,false,dcb2c10e4ac97b1d1289825869826fdec84593f7,3d233e3d1d9d3c6c,true,2026-09-20T14:37:53+00:00
20260920T142128Z-gpu_h48,electricity_hourly,T308,transformer,deep,168,48,230011,14.150196395847347,18.368325001998603,1.29785240828154,10.101416535884518,584.1795720002665,10.525390625,0.5821663720003016,19232,false,dcb2c10e4ac97b1d1289825869826fdec84593f7,3d233e3d1d9d3c6c,true,2026-09-20T14:37:53+00:00
20260920T142128Z-gpu_h48,electricity_hourly,T308,transformer,deep,168,48,230012,9.378228449914632,12.53459233120449,0.815990874191968,6.984954197736439,586.9269410000015,10.525390625,0.5848102230002041,19232,false,dcb2c10e4ac97b1d1289825869826fdec84593f7,3d233e3d1d9d3c6c,true,2026-09-20T14:37:53+00:00
20260920T142128Z-gpu_h48,electricity_hourly,T308,transformer,deep,168,48,230013,49.28693242357551,57.727272529898116,4.811741199318558,35.49163127646906,579.261858999871,10.525390625,0.5772339580003063,19232,false,dcb2c10e4ac97b1d1289825869826fdec84593f7,3d233e3d1d9d3c6c,true,2026-09-20T14:37:53+00:00
20260920T142128Z-gpu_h48,electricity_hourly,T308,transformer,deep,168,48,230014,25.076486004239683,42.5114242110825,2.2611233466565523,20.5397402715188,572.8011609999157,10.525390625,0.5708438740002748,19232,false,dcb2c10e4ac97b1d1289825869826fdec84593f7,3d233e3d1d9d3c6c,true,2026-09-20T14:37:53+00:00
20260920T142128Z-gpu_h48,electricity_hourly,T308,transformer,deep,168,48,230015,19.997802457951153,27.863744283696246,2.2375163589315976,14.467280265636617,573.973054000362,10.525390625,0.5719618870002705,19232,false,dcb2c10e4ac97b1d1289825869826fdec84593f7,3d233e3d1d9d3c6c,true,2026-09-20T14:37:53+00:00
20260920T142128Z-gpu_h48,electricity_hourly,T308,transformer,deep,168,48,230016,20.313156091373553,28.187786502009587,1.5957962232175624,15.217805036472942,599.0700659999675,10.525390625,0.5970396529996833,19232,false,dcb2c10e4ac97b1d1289825869826fdec84593f7,3d233e3d1d9d3c6c,true,2026-09-20T14:37:53+00:00
20260920T142128Z-gpu_h48,electricity_hourly,T308,transformer,deep,168,48,230017,20.611852643957572,26.10592942540723,2.4013808905581637,14.941849417362954,618.9633099997991,10.525390625,0.6168706449998353,19232,false,dcb2c10e4ac97b1d1289825869826fdec84593f7,3d233e3d1d9d3c6c,true,2026-09-20T14:37:53+00:00
20260920T142128Z-gpu_h48,electricity_hourly,T308,transformer,deep,168,48,230018,14.418085536908704,19.192211249328853,1.3412172592473213,9.624783426812046,584.9467859998185,10.525390625,0.5828242160000627,19232,false,dcb2c10e4ac97b1d1289825869826fdec84593f7,3d233e3d1d9d3c6c,true,2026-09-20T14:37:53+00:00
20260920T142128Z-gpu_h48,electricity_hourly,T308,transformer,deep,168,48,230019,15.106152639813038,19.259482188509928,1.5683388465270927,11.115822997216517,642.6132699998561,10.525390625,0.6402128070003528,19232,false,dcb2c10e4ac97b1d1289825869826fdec84593f7,3d233e3d1d9d3c6c,true,2026-09-20T14:37:53+00:00
20260920T142128Z-gpu_h48,electricity_hourly,T308,transformer,deep,168,48,230020,15.520797112310754,19.20726843333017,1.5629334155054186,10.495491399936824,610.6202940000003,10.525390625,0.6079697250002027,19232,false,dcb2c10e4ac97b1d1289825869826fdec84593f7,3d233e3d1d9d3c6c,true,2026-09-20T14:37:53+00:00
20260920T142128Z-gpu_h48,electricity_hourly,T308,transformer,deep,168,48,230021,38.98520863530384,49.117198920202185,1.1311444778327127,30.71133320498714,567.7929759999643,10.525390625,0.5658209110001735,19232,false,dcb2c10e4ac97b1d1289825869826fdec84593f7,3d233e3d1d9d3c6c,true,2026-09-20T14:37:53+00:00
20260920T142128Z-gpu_h48,electricity_hourly,T308,timesfm25,tsfm,168,48,230000,63.61555782953898,97.75513710345557,0.6058624555194189,15.796123778392976,116.67389000012918,11.94287109375,,231289280,true,dcb2c10e4ac97b1d1289825869826fdec84593f7,3d233e3d1d9d3c6c,true,2026-09-20T14:38:00+00:00
20260920T142128Z-gpu_h48,electricity_hourly,T308,timesfm25,tsfm,168,48,230001,243.043967405955,344.75286167121584,2.0400053221297223,28.66207027386772,116.91848700002083,11.94287109375,,231289280,true,dcb2c10e4ac97b1d1289825869826fdec84593f7,3d233e3d1d9d3c6c,true,2026-09-20T14:38:00+00:00
20260920T142128Z-gpu_h48,electricity_hourly,T308,timesfm25,tsfm,168,48,230002,116.75767024358113,169.49984264229562,0.9448749305988358,25.95403148315267,120.47557200003212,11.94287109375,,231289280,true,dcb2c10e4ac97b1d1289825869826fdec84593f7,3d233e3d1d9d3c6c,true,2026-09-20T14:38:00+00:00
20260920T142128Z-gpu_h48,electricity_hourly,T308,timesfm25,tsfm,168,48,230003,131.92198006312051,182.2127021778632,1.6726921835950828,19.772543822723776,119.64316500007044,11.94287109375,,231289280,true,dcb2c10e4ac97b1d1289825869826fdec84593f7,3d233e3d1d9d3c6c,true,2026-09-20T14:38:00+00:00
20260920T142128Z-gpu_h48,electricity_hourly,T308,timesfm25,tsfm,168,48,230004,178.21391534805298,273.6120079152797,1.638121014306117,24.37586251935914,115.18588300032206,11.94287109375,,231289280,true,dcb2c10e4ac97b1d1289825869826fdec84593f7,3d233e3d1d9d3c6c,true,2026-09-20T14:38:00+00:00
20260920T142128Z-gpu_h48,electricity_hourly,T308,timesfm25,tsfm,168,48,230005,167.46191136042276,242.2964028152098,0.8438434837771942,24.027864221089214,117.69236700001784,11.94287109375,,231289280,true,dcb2c10e4ac97b1d1289825869826fdec84593f7,3d233e3d1d9d3c6c,true,2026-09-20T14:38:00+00:00
20260920T142128Z-gpu_h48,electricity_hourly,T308,timesfm25,tsfm,168,48,230006,124.65595118204753,227.78600298646265,1.1919294136928849,30.680313031115453,115.05669999996826,11.94287109375,,231289280,true,dcb2c10e4ac97b1d1289825869826fdec84593f7,3d233e3d1d9d3c6c,true,2026-09-20T14:38:00+00:00
20260920T142128Z-gpu_h48,electricity_hourly,T308,timesfm25,tsfm,168,48,230007,89.06589825948079,132.2798478676206,1.2861501553715637,18.682900043266557,117.71486799989361,11.94287109375,,231289280,true,dcb2c10e4ac97b1d1289825869826fdec84593f7,3d233e3d1d9d3c6c,true,2026-09-20T14:38:00+00:00
20260920T142128Z-gpu_h48,electricity_hourly,T308,timesfm25,tsfm,168,48,230008,63.92532189687093,99.48456126359181,0.45194650202029724,14.972241187687164,114.6744210000179,11.94287109375,,231289280,true,dcb2c10e4ac97b1d1289825869826fdec84593f7,3d233e3d1d9d3c6c,true,2026-09-20T14:38:00+00:00
20260920T142128Z-gpu_h48,electricity_hourly,T308,timesfm25,tsfm,168,48,230009,186.89648723602295,247.4198044529423,1.9529130079085193,31.578528066803894,113.39023199980147,11.94287109375,,231289280,true,dcb2c10e4ac97b1d1289825869826fdec84593f7,3d233e3d1d9d3c6c,true,2026-09-20T14:38:00+00:00
20260920T142128Z-gpu_h48,electricity_hourly,T308,timesfm25,tsfm,168,48,230010,78.34764401117961,102.95397362338741,0.5032365733355575,42.596707362714774,112.37431299969103,11.94287109375,,231289280,true,dcb2c10e4ac97b1d1289825869826fdec84593f7,3d233e3d1d9d3c6c,true,2026-09-20T14:38:00+00:00
20260920T142128Z-gpu_h48,electricity_hourly,T308,timesfm25,tsfm,168,48,230011,13.189375559488932,15.371773763546985,1.2097261659658638,9.190062026777518,114.63101700019251,11.94287109375,,231289280,true,dcb2c10e4ac97b1d1289825869826fdec84593f7,3d233e3d1d9d3c6c,true,2026-09-20T14:38:00+00:00
20260920T142128Z-gpu_h48,electricity_hourly,T308,timesfm25,tsfm,168,48,230012,6.093681335449219,7.64640445686686,0.5302055059242825,5.0947150875983604,116.96374899975126,11.94287109375,,231289280,true,dcb2c10e4ac97b1d1289825869826fdec84593f7,3d233e3d1d9d3c6c,true,2026-09-20T14:38:00+00:00
20260920T142128Z-gpu_h48,electricity_hourly,T308,timesfm25,tsfm,168,48,230013,11.805242220560709,15.207700677333932,1.1525117828886386,8.079979856098078,116.8785919999209,11.94287109375,,231289280,true,dcb2c10e4ac97b1d1289825869826fdec84593f7,3d233e3d1d9d3c6c,true,2026-09-20T14:38:00+00:00
20260920T142128Z-gpu_h48,electricity_hourly,T308,timesfm25,tsfm,168,48,230014,16.692877769470215,25.019360372334152,1.505181214028623,16.396170018707824,116.66142299964122,11.94287109375,,231289280,true,dcb2c10e4ac97b1d1289825869826fdec84593f7,3d233e3d1d9d3c6c,true,2026-09-20T14:38:00+00:00
20260920T142128Z-gpu_h48,electricity_hourly,T308,timesfm25,tsfm,168,48,230015,14.959224541982016,21.340532253405318,1.673759389312673,11.149919100072104,114.53835600013917,11.94287109375,,231289280,true,dcb2c10e4ac97b1d1289825869826fdec84593f7,3d233e3d1d9d3c6c,true,2026-09-20T14:38:00+00:00
20260920T142128Z-gpu_h48,electricity_hourly,T308,timesfm25,tsfm,168,48,230016,7.737253665924072,9.751186795656809,0.6078366218729222,5.974994484129642,117.31938299999456,11.94287109375,,231289280,true,dcb2c10e4ac97b1d1289825869826fdec84593f7,3d233e3d1d9d3c6c,true,2026-09-20T14:38:00+00:00
20260920T142128Z-gpu_h48,electricity_hourly,T308,timesfm25,tsfm,168,48,230017,9.723337332407633,12.556353163136556,1.1328159998921514,6.808572832997932,119.64817700027197,11.94287109375,,231289280,true,dcb2c10e4ac97b1d1289825869826fdec84593f7,3d233e3d1d9d3c6c,true,2026-09-20T14:38:00+00:00
20260920T142128Z-gpu_h48,electricity_hourly,T308,timesfm25,tsfm,168,48,230018,8.979008992513021,11.651002389597583,0.8352566504663276,6.058501215153077,115.40509799988286,11.94287109375,,231289280,true,dcb2c10e4ac97b1d1289825869826fdec84593f7,3d233e3d1d9d3c6c,true,2026-09-20T14:38:00+00:00
20260920T142128Z-gpu_h48,electricity_hourly,T308,timesfm25,tsfm,168,48,230019,7.876889228820801,10.245196759964527,0.8177880670152814,5.69910966564243,125.65961800009973,11.94287109375,,231289280,true,dcb2c10e4ac97b1d1289825869826fdec84593f7,3d233e3d1d9d3c6c,true,2026-09-20T14:38:00+00:00
20260920T142128Z-gpu_h48,electricity_hourly,T308,timesfm25,tsfm,168,48,230020,11.936580181121826,13.75246454369987,1.2020052769801,7.96113520278957,120.17224600003829,11.94287109375,,231289280,true,dcb2c10e4ac97b1d1289825869826fdec84593f7,3d233e3d1d9d3c6c,true,2026-09-20T14:38:00+00:00
20260920T142128Z-gpu_h48,electricity_hourly,T308,timesfm25,tsfm,168,48,230021,14.319321473439535,19.133643290986665,0.4154709434163395,10.597073143700213,118.34453800020128,11.94287109375,,231289280,true,dcb2c10e4ac97b1d1289825869826fdec84593f7,3d233e3d1d9d3c6c,true,2026-09-20T14:38:00+00:00
20260920T142128Z-gpu_h48,electricity_hourly,T308,chronos_bolt,tsfm,168,48,230000,86.83528391520183,120.2824878895697,0.8270027039543031,17.98896690732769,34.644577999642934,1.0751953125,,205292928,true,dcb2c10e4ac97b1d1289825869826fdec84593f7,3d233e3d1d9d3c6c,true,2026-09-20T14:38:05+00:00
20260920T142128Z-gpu_h48,electricity_hourly,T308,chronos_bolt,tsfm,168,48,230001,144.23518816630045,225.55710377964937,1.2106474175767816,19.160571182347827,32.48442799986151,1.0751953125,,205292928,true,dcb2c10e4ac97b1d1289825869826fdec84593f7,3d233e3d1d9d3c6c,true,2026-09-20T14:38:05+00:00
20260920T142128Z-gpu_h48,electricity_hourly,T308,chronos_bolt,tsfm,168,48,230002,105.9685567220052,172.07658479170973,0.857562783408382,22.073949090877658,38.4092569997847,1.0751953125,,205292928,true,dcb2c10e4ac97b1d1289825869826fdec84593f7,3d233e3d1d9d3c6c,true,2026-09-20T14:38:05+00:00
20260920T142128Z-gpu_h48,electricity_hourly,T308,chronos_bolt,tsfm,168,48,230003,125.69580268859863,179.95896822416475,1.5937479604788416,16.962972647782262,34.03838199983511,1.0751953125,,205292928,true,dcb2c10e4ac97b1d1289825869826fdec84593f7,3d233e3d1d9d3c6c,true,2026-09-20T14:38:05+00:00
20260920T142128Z-gpu_h48,electricity_hourly,T308,chronos_bolt,tsfm,168,48,230004,124.36364237467448,198.54324892884924,1.1431357399433886,17.962309570958645,33.56851699982144,1.0751953125,,205292928,true,dcb2c10e4ac97b1d1289825869826fdec84593f7,3d233e3d1d9d3c6c,true,2026-09-20T14:38:05+00:00
20260920T142128Z-gpu_h48,electricity_hourly,T308,chronos_bolt,tsfm,168,48,230005,211.74781036376953,311.53140681998696,1.0670008990580822,22.20547229131077,32.15479399977994,1.0751953125,,205292928,true,dcb2c10e4ac97b1d1289825869826fdec84593f7,3d233e3d1d9d3c6c,true,2026-09-20T14:38:05+00:00
20260920T142128Z-gpu_h48,electricity_hourly,T308,chronos_bolt,tsfm,168,48,230006,115.9369405110677,238.74551365058207,1.1085603873568226,18.2483594689868,32.69034200002352,1.0751953125,,205292928,true,dcb2c10e4ac97b1d1289825869826fdec84593f7,3d233e3d1d9d3c6c,true,2026-09-20T14:38:05+00:00
20260920T142128Z-gpu_h48,electricity_hourly,T308,chronos_bolt,tsfm,168,48,230007,84.75938542683919,135.6251062541123,1.2239622444308909,10.022300305192706,32.62129999984609,1.0751953125,,205292928,true,dcb2c10e4ac97b1d1289825869826fdec84593f7,3d233e3d1d9d3c6c,true,2026-09-20T14:38:05+00:00
20260920T142128Z-gpu_h48,electricity_hourly,T308,chronos_bolt,tsfm,168,48,230008,58.929070790608726,101.1115076785987,0.41662343842535626,10.812511042972073,31.67565099965941,1.0751953125,,205292928,true,dcb2c10e4ac97b1d1289825869826fdec84593f7,3d233e3d1d9d3c6c,true,2026-09-20T14:38:05+00:00
20260920T142128Z-gpu_h48,electricity_hourly,T308,chronos_bolt,tsfm,168,48,230009,139.45135688781738,230.5401942897249,1.4571508157496338,17.84406113114191,32.64104799973211,1.0751953125,,205292928,true,dcb2c10e4ac97b1d1289825869826fdec84593f7,3d233e3d1d9d3c6c,true,2026-09-20T14:38:05+00:00
20260920T142128Z-gpu_h48,electricity_hourly,T308,chronos_bolt,tsfm,168,48,230010,47.35369427998861,59.18817466563009,0.3041586144037807,29.438475033686323,35.29406999996354,1.0751953125,,205292928,true,dcb2c10e4ac97b1d1289825869826fdec84593f7,3d233e3d1d9d3c6c,true,2026-09-20T14:38:05+00:00
20260920T142128Z-gpu_h48,electricity_hourly,T308,chronos_bolt,tsfm,168,48,230011,12.360714594523111,14.830945452760147,1.1337215933830114,8.525532570949224,34.7080299998197,1.0751953125,,205292928,true,dcb2c10e4ac97b1d1289825869826fdec84593f7,3d233e3d1d9d3c6c,true,2026-09-20T14:38:05+00:00
20260920T142128Z-gpu_h48,electricity_hourly,T308,chronos_bolt,tsfm,168,48,230012,5.776804447174072,7.780887155853383,0.5026343446483785,4.616315424108591,35.16072799993708,1.0751953125,,205292928,true,dcb2c10e4ac97b1d1289825869826fdec84593f7,3d233e3d1d9d3c6c,true,2026-09-20T14:38:05+00:00
20260920T142128Z-gpu_h48,electricity_hourly,T308,chronos_bolt,tsfm,168,48,230013,11.240050315856934,14.567396322768253,1.0973337257514566,7.574162140338819,32.74978600029499,1.0751953125,,205292928,true,dcb2c10e4ac97b1d1289825869826fdec84593f7,3d233e3d1d9d3c6c,true,2026-09-20T14:38:05+00:00
20260920T142128Z-gpu_h48,electricity_hourly,T308,chronos_bolt,tsfm,168,48,230014,14.327874024709066,23.71879339883726,1.2919310329105231,14.74192158855407,34.20257200014021,1.0751953125,,205292928,true,dcb2c10e4ac97b1d1289825869826fdec84593f7,3d233e3d1d9d3c6c,true,2026-09-20T14:38:05+00:00
20260920T142128Z-gpu_h48,electricity_hourly,T308,chronos_bolt,tsfm,168,48,230015,15.772135257720947,22.747882328888434,1.7647144344303158,12.022024965355001,35.01573499988808,1.0751953125,,205292928,true,dcb2c10e4ac97b1d1289825869826fdec84593f7,3d233e3d1d9d3c6c,true,2026-09-20T14:38:05+00:00
20260920T142128Z-gpu_h48,electricity_hourly,T308,chronos_bolt,tsfm,168,48,230016,8.27392609914144,10.421447305859347,0.6499974676903258,6.243316317096252,35.55800399999498,1.0751953125,,205292928,true,dcb2c10e4ac97b1d1289825869826fdec84593f7,3d233e3d1d9d3c6c,true,2026-09-20T14:38:05+00:00
20260920T142128Z-gpu_h48,electricity_hourly,T308,chronos_bolt,tsfm,168,48,230017,7.941816965738933,11.115803557454171,0.925260229018128,5.034886963343726,36.3340219996644,1.0751953125,,205292928,true,dcb2c10e4ac97b1d1289825869826fdec84593f7,3d233e3d1d9d3c6c,true,2026-09-20T14:38:05+00:00
20260920T142128Z-gpu_h48,electricity_hourly,T308,chronos_bolt,tsfm,168,48,230018,10.615422884623209,13.965311713278597,0.9874811985696008,7.101137463286815,31.365738000204146,1.0751953125,,205292928,true,dcb2c10e4ac97b1d1289825869826fdec84593f7,3d233e3d1d9d3c6c,true,2026-09-20T14:38:05+00:00
20260920T142128Z-gpu_h48,electricity_hourly,T308,chronos_bolt,tsfm,168,48,230019,6.392866611480713,8.353688919230288,0.6637150627636789,4.465055748586705,33.35815799982811,1.0751953125,,205292928,true,dcb2c10e4ac97b1d1289825869826fdec84593f7,3d233e3d1d9d3c6c,true,2026-09-20T14:38:05+00:00
20260920T142128Z-gpu_h48,electricity_hourly,T308,chronos_bolt,tsfm,168,48,230020,10.542194684346518,12.454761151421787,1.0615916325495793,7.010459047315128,34.77879399997619,1.0751953125,,205292928,true,dcb2c10e4ac97b1d1289825869826fdec84593f7,3d233e3d1d9d3c6c,true,2026-09-20T14:38:05+00:00
20260920T142128Z-gpu_h48,electricity_hourly,T308,chronos_bolt,tsfm,168,48,230021,16.656450589497883,21.766156243647366,0.4832820642530113,11.331692262138349,34.81839999994918,1.0751953125,,205292928,true,dcb2c10e4ac97b1d1289825869826fdec84593f7,3d233e3d1d9d3c6c,true,2026-09-20T14:38:05+00:00
