run_id,dataset,series_id,model,family,context_length,horizon,window_index,mae,rmse,mase,smape,latency_ms,peak_mem_mb,train_seconds,params,zero_shot,git_sha,config_hash,measured,timestamp
20260920T145420Z-gpu_h192,electricity_hourly,T1,lstm,deep,168,192,0,11.558305702297782,20.753129566000574,2.394814418893353,68.7522408077743,362.38899699992544,16.14599609375,0.3012327510000432,4513,false,dcb2c10e4ac97b1d1289825869826fdec84593f7,ef768c17c85b2a8c,true,2026-09-20T14:54:34+00:00
20260920T145420Z-gpu_h192,electricity_hourly,T1,lstm,deep,168,192,1,7.26008379266269,14.983239501902672,0.9251788195959534,57.83544763521057,364.98344099982205,16.10986328125,0.3006801249998716,4513,false,dcb2c10e4ac97b1d1289825869826fdec84593f7,ef768c17c85b2a8c,true,2026-09-20T14:54:34+00:00
20260920T145420Z-gpu_h192,electricity_hourly,T1,lstm,deep,168,192,2,3.641901313611632,6.417884111023738,0.3066864264094006,49.07906616219709,362.061776000246,16.10986328125,0.29969617999995535,4513,false,dcb2c10e4ac97b1d1289825869826fdec84593f7,ef768c17c85b2a8c,true,2026-09-20T14:54:34+00:00
20260920T145420Z-gpu_h192,electricity_hourly,T1,lstm,deep,168,192,3,6.694022161418704,10.859714794539194,1.9395154753406305,91.26267836367535,348.33489000038753,16.10986328125,0.2829481539997687,4513,false,dcb2c10e4ac97b1d1289825869826fdec84593f7,ef768c17c85b2a8c,true,2026-09-20T14:54:34+00:00
20260920T145420Z-gpu_h192,electricity_hourly,T1,lstm,deep,168,192,4,6.274729584677811,9.732029311078271,0.35727997635176145,68.7658828851197,356.61948799997845,16.10986328125,0.2952148270001089,4513,false,dcb2c10e4ac97b1d1289825869826fdec84593f7,ef768c17c85b2a8c,true,2026-09-20T14:54:34+00:00
20260920T145420Z-gpu_h192,electricity_hourly,T1,lstm,deep,168,192,5,7.674308008530553,14.617405072720373,2.366381912694646,70.72568452434201,370.6290119998812,16.10986328125,0.302018341999883,4513,false,dcb2c10e4ac97b1d1289825869826fdec84593f7,ef768c17c85b2a8c,true,2026-09-20T14:54:34+00:00
20260920T145420Z-gpu_h192,electricity_hourly,T1,lstm,deep,168,192,6,40.55733746306893,45.671731763283944,2.7509451694215388,107.01259026837829,371.9810669999788,16.10986328125,0.30200979000028383,4513,false,dcb2c10e4ac97b1d1289825869826fdec84593f7,ef768c17c85b2a8c,true,2026-09-20T14:54:34+00:00
20260920T145420Z-gpu_h192,electricity_hourly,T1,lstm,deep,168,192,7,6.781797178785143,10.16255106700475,0.4710944494669853,10.434899466784053,369.12680100022044,16.10986328125,0.2999971790000018,4513,false,dcb2c10e4ac97b1d1289825869826fdec84593f7,ef768c17c85b2a8c,true,2026-09-20T14:54:34+00:00
20260920T145420Z-gpu_h192,electricity_hourly,T1,lstm,deep,168,192,8,7.255122804369779,9.282644012876872,1.1173665067692493,10.315243580048538,373.42246599973805,16.10986328125,0.30220278199976747,4513,false,dcb2c10e4ac97b1d1289825869826fdec84593f7,ef768c17c85b2a8c,true,2026-09-20T14:54:34+00:00
20260920T145420Z-gpu_h192,electricity_hourly,T1,lstm,deep,168,192,9,12.022889663553075,19.066889620798836,2.5840240470920044,21.718412882549334,361.4592159997301,16.10986328125,0.2963675249998232,4513,false,dcb2c10e4ac97b1d1289825869826fdec84593f7,ef768c17c85b2a8c,true,2026-09-20T14:54:34+00:00
20260920T145420Z-gpu_h192,electricity_hourly,T1,lstm,deep,168,192,10,26.523907174536063,36.16827187055729,2.1385457072414296,68.35797577990078,355.42297899974074,16.10986328125,0.29028871000036816,4513,false,dcb2c10e4ac97b1d1289825869826fdec84593f7,ef768c17c85b2a8c,true,2026-09-20T14:54:34+00:00
20260920T145420Z-gpu_h192,electricity_hourly,T1,lstm,deep,168,192,11,3.9936269783800715,5.688565412286856,0.2671074244713099,47.13390263692083,344.373994000307,16.10986328125,0.2804715719998967,4513,false,dcb2c10e4ac97b1d1289825869826fdec84593f7,ef768c17c85b2a8c,true,2026-09-20T14:54:34+00:00
20260920T145420Z-gpu_h192,electricity_hourly,T1,lstm,deep,168,192,12,2.6679395036908002,4.5700619145720225,1.2679316453184002,34.702210452849094,367.8927810001369,16.10986328125,0.2994887589998143,4513,false,dcb2c10e4ac97b1d1289825869826fdec84593f7,ef768c17c85b2a8c,true,2026-09-20T14:54:34+00:00
20260920T145420Z-gpu_h192,electricity_hourly,T1,lstm,deep,168,192,13,4.053051214832571,6.727953685408487,1.1116940474969337,38.46335048008437,393.540977000157,16.10986328125,0.3242386019996957,4513,false,dcb2c10e4ac97b1d1289825869826fdec84593f7,ef768c17c85b2a8c,true,2026-09-20T14:54:34+00:00
20260920T145420Z-gpu_h192,electricity_hourly,T1,lstm,deep,168,192,14,2.669278916994251,3.477962214305999,0.8599019329914366,40.33788721923129,357.40223800030435,16.10986328125,0.2944159310000032,4513,false,dcb2c10e4ac97b1d1289825869826fdec84593f7,ef768c17c85b2a8c,true,2026-09-20T14:54:34+00:00
20260920T145420Z-gpu_h192,electricity_hourly,T1,lstm,deep,168,192,15,2.0662820302230664,3.0324908554157277,1.0331410151115332,24.97813122584216,367.77350500005923,16.10986328125,0.3011054659996262,4513,false,dcb2c10e4ac97b1d1289825869826fdec84593f7,ef768c17c85b2a8c,true,2026-09-20T14:54:34+00:00
20260920T145420Z-gpu_h192,electricity_hourly,T1,lstm,deep,168,192,16,2.8600426323701194,8.973733343375459,1.822328048943793,25.53016868678869,356.37090800037186,16.10986328125,0.29353320400014127,4513,false,dcb2c10e4ac97b1d1289825869826fdec84593f7,ef768c17c85b2a8c,true,2026-09-20T14:54:34+00:00
20260920T145420Z-gpu_h192,electricity_hourly,T1,lstm,deep,168,192,17,2.1124654733039763,2.8035377185923567,0.9246049488017404,20.727599676625193,362.2514459998456,16.10986328125,0.2994535459997678,4513,false,dcb2c10e4ac97b1d1289825869826fdec84593f7,ef768c17c85b2a8c,true,2026-09-20T14:54:34+00:00
20260920T145420Z-gpu_h192,electricity_hourly,T1,lstm,deep,168,192,18,3.1009380310574586,4.497559445116613,1.678703295008549,32.725521197267305,363.9077739999266,16.10986328125,0.3002208510001765,4513,false,dcb2c10e4ac97b1d1289825869826fdec84593f7,ef768c17c85b2a8c,true,2026-09-20T14:54:34+00:00
20260920T145420Z-gpu_h192,electricity_hourly,T1,lstm,deep,168,192,19,3.4061852486842064,4.027351622769762,1.5327833619078928,35.655582288107574,373.2396609998432,16.10986328125,0.30874366799980635,4513,false,dcb2c10e4ac97b1d1289825869826fdec84593f7,ef768c17c85b2a8c,true,2026-09-20T14:54:34+00:00
20260920T145420Z-gpu_h192,electricity_hourly,T1,lstm,deep,168,192,20,4.437906914249237,5.576106103605863,2.274229877764734,44.28962766958904,369.5890160001909,16.10986328125,0.3048078090000672,4513,false,dcb2c10e4ac97b1d1289825869826fdec84593f7,ef768c17c85b2a8c,true,2026-09-20T14:54:34+00:00
20260920T145420Z-gpu_h192,electricity_hourly,T1,transformer,deep,168,192,0,11.238284866506959,20.318144024533552,2.3285079435640315,72.23190203499442,531.6096760002438,10.4384765625,0.5261160519999066,19232,false,dcb2c10e4ac97b1d1289825869826fdec84593f7,ef768c17c85b2a8c,true,2026-09-20T14:54:48+00:00
20260920T145420Z-gpu_h192,electricity_hourly,T1,transformer,deep,168,192,1,7.526952554664533,15.421866760053025,0.9591868742227369,63.30237051370881,531.3894799996888,10.279296875,0.5259585290000359,19232,false,dcb2c10e4ac97b1d1289825869826fdec84593f7,ef768c17c85b2a8c,true,2026-09-20T14:54:48+00:00
20260920T145420Z-gpu_h192,electricity_hourly,T1,transformer,deep,168,192,2,15.814668872109356,25.31875145750076,1.3317615892302617,88.1663657749772,528.9919879996887,10.279296875,0.5237308490000032,19232,false,dcb2c10e4ac97b1d1289825869826fdec84593f7,ef768c17c85b2a8c,true,2026-09-20T14:54:48+00:00
20260920T145420Z-gpu_h192,electricity_hourly,T1,transformer,deep,168,192,3,8.034811909838032,14.872768769147708,2.3279937927900938,64.41480034052366,524.8334149996481,10.279296875,0.5194273399997655,19232,false,dcb2c10e4ac97b1d1289825869826fdec84593f7,ef768c17c85b2a8c,true,2026-09-20T14:54:48+00:00
20260920T145420Z-gpu_h192,electricity_hourly,T1,transformer,deep,168,192,4,5.059471122056784,9.668285062338056,0.2880837649569699,60.248904012239734,514.2596309997316,10.279296875,0.5089850300000762,19232,false,dcb2c10e4ac97b1d1289825869826fdec84593f7,ef768c17c85b2a8c,true,2026-09-20T14:54:48+00:00
20260920T145420Z-gpu_h192,electricity_hourly,T1,transformer,deep,168,192,5,7.476204387780856,14.503395210248485,2.3052964279238615,66.81991000956012,520.616839000013,10.279296875,0.5150266660002671,19232,false,dcb2c10e4ac97b1d1289825869826fdec84593f7,ef768c17c85b2a8c,true,2026-09-20T14:54:48+00:00
20260920T145420Z-gpu_h192,electricity_hourly,T1,transformer,deep,168,192,6,43.190942562199744,48.986288400269714,2.9295787701162332,124.39280886367072,516.1732409997057,10.279296875,0.5106970990000264,19232,false,dcb2c10e4ac97b1d1289825869826fdec84593f7,ef768c17c85b2a8c,true,2026-09-20T14:54:48+00:00
20260920T145420Z-gpu_h192,electricity_hourly,T1,transformer,deep,168,192,7,7.254418477073379,9.895305139201152,0.5039248725029265,11.030116844708871,519.0554900000279,10.279296875,0.5135918169999059,19232,false,dcb2c10e4ac97b1d1289825869826fdec84593f7,ef768c17c85b2a8c,true,2026-09-20T14:54:48+00:00
20260920T145420Z-gpu_h192,electricity_hourly,T1,transformer,deep,168,192,8,8.688687608814803,12.260330374193064,1.338150818897681,12.859038591834485,521.0724049998134,10.279296875,0.5153470870000092,19232,false,dcb2c10e4ac97b1d1289825869826fdec84593f7,ef768c17c85b2a8c,true,2026-09-20T14:54:48+00:00
20260920T145420Z-gpu_h192,electricity_hourly,T1,transformer,deep,168,192,9,11.844334939565323,18.667246119690812,2.5456481064140397,21.605665819133502,524.7457890000078,10.279296875,0.5194402280003487,19232,false,dcb2c10e4ac97b1d1289825869826fdec84593f7,ef768c17c85b2a8c,true,2026-09-20T14:54:48+00:00
20260920T145420Z-gpu_h192,electricity_hourly,T1,transformer,deep,168,192,10,29.7017017049517,37.913287067242074,2.3947620635571356,72.69178241074643,516.0181170003852,10.279296875,0.5107216710002831,19232,false,dcb2c10e4ac97b1d1289825869826fdec84593f7,ef768c17c85b2a8c,true,2026-09-20T14:54:48+00:00
20260920T145420Z-gpu_h192,electricity_hourly,T1,transformer,deep,168,192,11,3.165520590787373,4.934462245802932,0.21172083839915545,40.7632783548165,564.6404170001915,10.279296875,0.5593229250002878,19232,false,dcb2c10e4ac97b1d1289825869826fdec84593f7,ef768c17c85b2a8c,true,2026-09-20T14:54:48+00:00
20260920T145420Z-gpu_h192,electricity_hourly,T1,transformer,deep,168,192,12,3.9482206044236747,5.7249329878685895,1.8763820694290734,54.21474981919373,528.3195790002537,10.279296875,0.5228162470002644,19232,false,dcb2c10e4ac97b1d1289825869826fdec84593f7,ef768c17c85b2a8c,true,2026-09-20T14:54:48+00:00
20260920T145420Z-gpu_h192,electricity_hourly,T1,transformer,deep,168,192,13,3.588173723495087,6.759987146223226,0.9841847927300809,37.90896395132534,529.2162449995885,10.279296875,0.5240006720000565,19232,false,dcb2c10e4ac97b1d1289825869826fdec84593f7,ef768c17c85b2a8c,true,2026-09-20T14:54:48+00:00
20260920T145420Z-gpu_h192,electricity_hourly,T1,transformer,deep,168,192,14,2.8019921487013746,3.602607739818977,0.9026551888433959,42.43721246429442,533.3667139998397,10.279296875,0.5277282029996968,19232,false,dcb2c10e4ac97b1d1289825869826fdec84593f7,ef768c17c85b2a8c,true,2026-09-20T14:54:48+00:00
20260920T145420Z-gpu_h192,electricity_hourly,T1,transformer,deep,168,192,15,2.712984957491607,3.6910482711865016,1.3564924787458035,40.54245601076267,536.880932999793,10.279296875,0.5314636070002052,19232,false,dcb2c10e4ac97b1d1289825869826fdec84593f7,ef768c17c85b2a8c,true,2026-09-20T14:54:48+00:00
20260920T145420Z-gpu_h192,electricity_hourly,T1,transformer,deep,168,192,16,2.8185721467283797,9.232052020354566,1.7959043766764897,25.67219218053077,538.907399999971,10.279296875,0.5333788409998306,19232,false,dcb2c10e4ac97b1d1289825869826fdec84593f7,ef768c17c85b2a8c,true,2026-09-20T14:54:48+00:00
20260920T145420Z-gpu_h192,electricity_hourly,T1,transformer,deep,168,192,17,2.4503484869139442,3.2146944316321444,1.0724929547586868,24.138652254612612,543.8906120002684,10.279296875,0.5386433389999183,19232,false,dcb2c10e4ac97b1d1289825869826fdec84593f7,ef768c17c85b2a8c,true,2026-09-20T14:54:48+00:00
20260920T145420Z-gpu_h192,electricity_hourly,T1,transformer,deep,168,192,18,2.9356142935999654,4.2944351033045365,1.589204730369906,31.650549233458946,528.0090330002167,10.279296875,0.5226299480000307,19232,false,dcb2c10e4ac97b1d1289825869826fdec84593f7,ef768c17c85b2a8c,true,2026-09-20T14:54:48+00:00
20260920T145420Z-gpu_h192,electricity_hourly,T1,transformer,deep,168,192,19,3.079943407571708,4.361135524092346,1.3859745334072686,34.29361581957959,533.6704359997384,10.279296875,0.5282207200002631,19232,false,dcb2c10e4ac97b1d1289825869826fdec84593f7,ef768c17c85b2a8c,true,2026-09-20T14:54:48+00:00
20260920T145420Z-gpu_h192,electricity_hourly,T1,transformer,deep,168,192,20,3.7095438695599676,4.864286066065425,1.900976217852795,40.38683957794313,527.7655810000397,10.279296875,0.5219886509999014,19232,false,dcb2c10e4ac97b1d1289825869826fdec84593f7,ef768c17c85b2a8c,true,2026-09-20T14:54:48+00:00
20260920T145420Z-gpu_h192,electricity_hourly,T1,timesfm25,tsfm,168,192,0,10.141304621472955,20.29271477487563,2.101219950348353,55.200653825822755,209.03484500013292,13.52490234375,,231289280,true,dcb2c10e4ac97b1d1289825869826fdec84593f7,ef768c17c85b2a8c,true,2026-09-20T14:54:58+00:00
20260920T145420Z-gpu_h192,electricity_hourly,T1,timesfm25,tsfm,168,192,1,6.22798041254282,15.20180948976563,0.7936541410674036,46.1969403513738,210.5202120001195,13.52490234375,,231289280,true,dcb2c10e4ac97b1d1289825869826fdec84593f7,ef768c17c85b2a8c,true,2026-09-20T14:54:58+00:00
20260920T145420Z-gpu_h192,electricity_hourly,T1,timesfm25,tsfm,168,192,2,3.8383044687410197,6.405363574974884,0.323225639472928,49.69030558495746,205.16868100003194,13.52490234375,,231289280,true,dcb2c10e4ac97b1d1289825869826fdec84593f7,ef768c17c85b2a8c,true,2026-09-20T14:54:58+00:00
20260920T145420Z-gpu_h192,electricity_hourly,T1,timesfm25,tsfm,168,192,3,3.58905278891325,8.762677850858456,1.0398865223410623,31.648482156749875,244.61928799973975,13.52490234375,,231289280,true,dcb2c10e4ac97b1d1289825869826fdec84593f7,ef768c17c85b2a8c,true,2026-09-20T14:54:58+00:00
20260920T145420Z-gpu_h192,electricity_hourly,T1,timesfm25,tsfm,168,192,4,4.5920296758413315,9.482924863470815,0.2614678818984388,56.65901321084672,206.73196500001723,13.52490234375,,231289280,true,dcb2c10e4ac97b1d1289825869826fdec84593f7,ef768c17c85b2a8c,true,2026-09-20T14:54:58+00:00
20260920T145420Z-gpu_h192,electricity_hourly,T1,timesfm25,tsfm,168,192,5,4.706642748167117,12.013264573212545,1.4512988345526014,41.92351675541876,197.58987400018668,13.52490234375,,231289280,true,dcb2c10e4ac97b1d1289825869826fdec84593f7,ef768c17c85b2a8c,true,2026-09-20T14:54:58+00:00
20260920T145420Z-gpu_h192,electricity_hourly,T1,timesfm25,tsfm,168,192,6,39.0967488711079,45.43374457071739,2.6518755710972854,102.58993895456297,209.74977000014405,13.52490234375,,231289280,true,dcb2c10e4ac97b1d1289825869826fdec84593f7,ef768c17c85b2a8c,true,2026-09-20T14:54:58+00:00
20260920T145420Z-gpu_h192,electricity_hourly,T1,timesfm25,tsfm,168,192,7,27.35864116748174,28.75151252312355,1.9004555369596576,52.40399736457434,207.56813500020144,13.52490234375,,231289280,true,dcb2c10e4ac97b1d1289825869826fdec84593f7,ef768c17c85b2a8c,true,2026-09-20T14:54:58+00:00
20260920T145420Z-gpu_h192,electricity_hourly,T1,timesfm25,tsfm,168,192,8,5.477916061878204,9.340046107858731,0.8436576608668037,7.817118995279893,195.4053859999476,13.52490234375,,231289280,true,dcb2c10e4ac97b1d1289825869826fdec84593f7,ef768c17c85b2a8c,true,2026-09-20T14:54:58+00:00
20260920T145420Z-gpu_h192,electricity_hourly,T1,timesfm25,tsfm,168,192,9,9.929340064525604,17.68095738626144,2.1340671183458015,18.841108040479025,204.4787799995902,13.52490234375,,231289280,true,dcb2c10e4ac97b1d1289825869826fdec84593f7,ef768c17c85b2a8c,true,2026-09-20T14:54:58+00:00
20260920T145420Z-gpu_h192,electricity_hourly,T1,timesfm25,tsfm,168,192,10,27.14175357421239,36.76611020198053,2.1883608704852096,68.96380917054475,207.0244599999569,13.52490234375,,231289280,true,dcb2c10e4ac97b1d1289825869826fdec84593f7,ef768c17c85b2a8c,true,2026-09-20T14:54:58+00:00
20260920T145420Z-gpu_h192,electricity_hourly,T1,timesfm25,tsfm,168,192,11,2.9583129013578096,4.727473429794148,0.1978620797935553,39.87026502336626,197.0764769998823,13.52490234375,,231289280,true,dcb2c10e4ac97b1d1289825869826fdec84593f7,ef768c17c85b2a8c,true,2026-09-20T14:54:58+00:00
20260920T145420Z-gpu_h192,electricity_hourly,T1,timesfm25,tsfm,168,192,12,1.9802602368096511,4.154491501340914,0.9411137759095373,26.450369454968047,203.1493770000452,13.52490234375,,231289280,true,dcb2c10e4ac97b1d1289825869826fdec84593f7,ef768c17c85b2a8c,true,2026-09-20T14:54:58+00:00
20260920T145420Z-gpu_h192,electricity_hourly,T1,timesfm25,tsfm,168,192,13,2.792895826200644,6.457551918199005,0.7660514266150338,27.301881938828505,202.28439999982584,13.52490234375,,231289280,true,dcb2c10e4ac97b1d1289825869826fdec84593f7,ef768c17c85b2a8c,true,2026-09-20T14:54:58+00:00
20260920T145420Z-gpu_h192,electricity_hourly,T1,timesfm25,tsfm,168,192,14,2.2485773786902428,3.1685285223578745,0.7243739206518903,35.22382515078573,199.04508399986298,13.52490234375,,231289280,true,dcb2c10e4ac97b1d1289825869826fdec84593f7,ef768c17c85b2a8c,true,2026-09-20T14:54:58+00:00
20260920T145420Z-gpu_h192,electricity_hourly,T1,timesfm25,tsfm,168,192,15,1.5678802443047364,2.5825832198788,0.7839401221523682,20.1223617084176,210.77620500000194,13.52490234375,,231289280,true,dcb2c10e4ac97b1d1289825869826fdec84593f7,ef768c17c85b2a8c,true,2026-09-20T14:54:58+00:00
20260920T145420Z-gpu_h192,electricity_hourly,T1,timesfm25,tsfm,168,192,16,2.344924901922544,8.881468688705837,1.4941114419329484,20.09108200605156,208.20400000002337,13.52490234375,,231289280,true,dcb2c10e4ac97b1d1289825869826fdec84593f7,ef768c17c85b2a8c,true,2026-09-20T14:54:58+00:00
20260920T145420Z-gpu_h192,electricity_hourly,T1,timesfm25,tsfm,168,192,17,1.7584572583436966,2.608568149294179,0.7696591039559036,17.25063288016989,203.57321500023318,13.52490234375,,231289280,true,dcb2c10e4ac97b1d1289825869826fdec84593f7,ef768c17c85b2a8c,true,2026-09-20T14:54:58+00:00
20260920T145420Z-gpu_h192,electricity_hourly,T1,timesfm25,tsfm,168,192,18,2.472841610511144,3.7506795321206052,1.3386811726075367,28.27662952669552,210.67710800025452,13.52490234375,,231289280,true,dcb2c10e4ac97b1d1289825869826fdec84593f7,ef768c17c85b2a8c,true,2026-09-20T14:54:58+00:00
20260920T145420Z-gpu_h192,electricity_hourly,T1,timesfm25,tsfm,168,192,19,2.1149932953218618,3.3956912024837367,0.9517469828948377,21.9828051528965,209.41991499967116,13.52490234375,,231289280,true,dcb2c10e4ac97b1d1289825869826fdec84593f7,ef768c17c85b2a8c,true,2026-09-20T14:54:58+00:00
20260920T145420Z-gpu_h192,electricity_hourly,T1,timesfm25,tsfm,168,192,20,3.2319446156422296,4.3491391600954845,1.6562278457383668,36.13797565813111,204.29082600003312,13.52490234375,,231289280,true,dcb2c10e4ac97b1d1289825869826fdec84593f7,ef768c17c85b2a8c,true,2026-09-20T14:54:58+00:00
20260920T145420Z-gpu_h192,electricity_hourly,T1,chronos_bolt,tsfm,168,192,0,10.075804444650808,20.401008316262438,2.0876486906902394,54.99249740359332,123.10050199994294,15.55126953125,,205292928,true,dcb2c10e4ac97b1d1289825869826fdec84593f7,ef768c17c85b2a8c,true,2026-09-20T14:55:09+00:00
20260920T145420Z-gpu_h192,electricity_hourly,T1,chronos_bolt,tsfm,168,192,1,6.2400441989302635,15.216096703968756,0.7951914731380159,46.05569282862918,117.94785300025978,15.55126953125,,205292928,true,dcb2c10e4ac97b1d1289825869826fdec84593f7,ef768c17c85b2a8c,true,2026-09-20T14:55:09+00:00
20260920T145420Z-gpu_h192,electricity_hourly,T1,chronos_bolt,tsfm,168,192,2,2.9935335566600165,6.207143369475769,0.2520870363503172,40.60311183784751,113.04601700021522,15.55126953125,,205292928,true,dcb2c10e4ac97b1d1289825869826fdec84593f7,ef768c17c85b2a8c,true,2026-09-20T14:55:09+00:00
20260920T145420Z-gpu_h192,electricity_hourly,T1,chronos_bolt,tsfm,168,192,3,3.539242312312126,8.990699330162183,1.0254545130240367,31.86065209722686,114.15980399988257,15.55126953125,,205292928,true,dcb2c10e4ac97b1d1289825869826fdec84593f7,ef768c17c85b2a8c,true,2026-09-20T14:55:09+00:00
20260920T145420Z-gpu_h192,electricity_hourly,T1,chronos_bolt,tsfm,168,192,4,3.780215156575044,9.245178371396955,0.21524356763416622,45.83120995543797,112.33820699999342,15.55126953125,,205292928,true,dcb2c10e4ac97b1d1289825869826fdec84593f7,ef768c17c85b2a8c,true,2026-09-20T14:55:09+00:00
20260920T145420Z-gpu_h192,electricity_hourly,T1,chronos_bolt,tsfm,168,192,5,5.062477986017863,12.498832899811742,1.5610210492217824,42.872703227629934,112.78860499987786,15.55126953125,,205292928,true,dcb2c10e4ac97b1d1289825869826fdec84593f7,ef768c17c85b2a8c,true,2026-09-20T14:55:09+00:00
20260920T145420Z-gpu_h192,electricity_hourly,T1,chronos_bolt,tsfm,168,192,6,39.17917760461569,45.05800766289491,2.6574665921171263,105.38903840760231,112.85456600035104,15.55126953125,,205292928,true,dcb2c10e4ac97b1d1289825869826fdec84593f7,ef768c17c85b2a8c,true,2026-09-20T14:55:09+00:00
20260920T145420Z-gpu_h192,electricity_hourly,T1,chronos_bolt,tsfm,168,192,7,20.984962741533916,23.29671965830249,1.457710870613065,38.52582606568027,112.70717600018543,15.55126953125,,205292928,true,dcb2c10e4ac97b1d1289825869826fdec84593f7,ef768c17c85b2a8c,true,2026-09-20T14:55:09+00:00
20260920T145420Z-gpu_h192,electricity_hourly,T1,chronos_bolt,tsfm,168,192,8,5.114830374717712,9.194037622097596,0.7877385817747066,7.336307225687684,119.13196200021048,15.55126953125,,205292928,true,dcb2c10e4ac97b1d1289825869826fdec84593f7,ef768c17c85b2a8c,true,2026-09-20T14:55:09+00:00
20260920T145420Z-gpu_h192,electricity_hourly,T1,chronos_bolt,tsfm,168,192,9,9.793344934781393,18.0200657393901,2.1048383143410754,18.552075341163217,116.99077499997657,15.55126953125,,205292928,true,dcb2c10e4ac97b1d1289825869826fdec84593f7,ef768c17c85b2a8c,true,2026-09-20T14:55:09+00:00
20260920T145420Z-gpu_h192,electricity_hourly,T1,chronos_bolt,tsfm,168,192,10,28.097510755062103,38.46664211580826,2.2654207999602143,69.34699668009462,112.06782299996121,15.55126953125,,205292928,true,dcb2c10e4ac97b1d1289825869826fdec84593f7,ef768c17c85b2a8c,true,2026-09-20T14:55:09+00:00
20260920T145420Z-gpu_h192,electricity_hourly,T1,chronos_bolt,tsfm,168,192,11,3.5876081933577857,5.268961736338708,0.23995150015955463,43.31061904686173,113.92697999963275,15.55126953125,,205292928,true,dcb2c10e4ac97b1d1289825869826fdec84593f7,ef768c17c85b2a8c,true,2026-09-20T14:55:09+00:00
20260920T145420Z-gpu_h192,electricity_hourly,T1,chronos_bolt,tsfm,168,192,12,2.1155758326252303,4.289019357606074,1.0054221778812977,28.531733685935336,119.31064400005198,15.55126953125,,205292928,true,dcb2c10e4ac97b1d1289825869826fdec84593f7,ef768c17c85b2a8c,true,2026-09-20T14:55:09+00:00
20260920T145420Z-gpu_h192,electricity_hourly,T1,chronos_bolt,tsfm,168,192,13,2.827784458796183,6.382917283350615,0.7756208801269531,27.603667366801925,115.08897599969714,15.55126953125,,205292928,true,dcb2c10e4ac97b1d1289825869826fdec84593f7,ef768c17c85b2a8c,true,2026-09-20T14:55:09+00:00
20260920T145420Z-gpu_h192,electricity_hourly,T1,chronos_bolt,tsfm,168,192,14,2.372806931535403,3.4348778002962885,0.7643941792865727,35.76555145761676,120.80143000002863,15.55126953125,,205292928,true,dcb2c10e4ac97b1d1289825869826fdec84593f7,ef768c17c85b2a8c,true,2026-09-20T14:55:09+00:00
20260920T145420Z-gpu_h192,electricity_hourly,T1,chronos_bolt,tsfm,168,192,15,1.7448802987734477,2.8382306518837637,0.8724401493867239,22.596054724737677,118.62402499991731,15.55126953125,,205292928,true,dcb2c10e4ac97b1d1289825869826fdec84593f7,ef768c17c85b2a8c,true,2026-09-20T14:55:09+00:00
20260920T145420Z-gpu_h192,electricity_hourly,T1,chronos_bolt,tsfm,168,192,16,2.3309321800867715,8.999814605863948,1.4851957253650225,19.951992676902115,113.80875199984075,15.55126953125,,205292928,true,dcb2c10e4ac97b1d1289825869826fdec84593f7,ef768c17c85b2a8c,true,2026-09-20T14:55:09+00:00
20260920T145420Z-gpu_h192,electricity_hourly,T1,chronos_bolt,tsfm,168,192,17,1.8608634173870087,2.6737661669298656,0.8144812525949217,18.131589799600764,112.9247949997989,15.55126953125,,205292928,true,dcb2c10e4ac97b1d1289825869826fdec84593f7,ef768c17c85b2a8c,true,2026-09-20T14:55:09+00:00
20260920T145420Z-gpu_h192,electricity_hourly,T1,chronos_bolt,tsfm,168,192,18,2.48478360225757,3.816372659040196,1.3451460102446993,28.27064925156381,120.99820000003092,15.55126953125,,205292928,true,dcb2c10e4ac97b1d1289825869826fdec84593f7,ef768c17c85b2a8c,true,2026-09-20T14:55:09+00:00
20260920T145420Z-gpu_h192,electricity_hourly,T1,chronos_bolt,tsfm,168,192,19,2.1535727928082147,3.547499695115154,0.9691077567636965,23.273688676040894,111.65616599964778,15.55126953125,,205292928,true,dcb2c10e4ac97b1d1289825869826fdec84593f7,ef768c17c85b2a8c,true,2026-09-20T14:55:09+00:00
20260920T145420Z-gpu_h192,electricity_hourly,T1,chronos_bolt,tsfm,168,192,20,2.9048200945059457,3.993298266742789,1.488591080458563,33.83555933859848,113.60995699988052,15.55126953125,,205292928,true,dcb2c10e4ac97b1d1289825869826fdec84593f7,ef768c17c85b2a8c,true,2026-09-20T14:55:09+00:00
20260920T145420Z-gpu_h192,electricity_hourly,T14,lstm,deep,168,192,10000,30.112588259636183,37.27012886988043,3.1263249526947443,27.024031108294743,388.38841899996623,16.14599609375,0.3157102440000017,4513,false,dcb2c10e4ac97b1d1289825869826fdec84593f7,ef768c17c85b2a8c,true,2026-09-20T14:55:22+00:00
20260920T145420Z-gpu_h192,electricity_hourly,T14,lstm,deep,168,192,10001,18.77490314296745,24.547980593092927,1.92975449863477,16.664282531348288,401.19543999981033,16.10986328125,0.33261947300024985,4513,false,dcb2c10e4ac97b1d1289825869826fdec84593f7,ef768c17c85b2a8c,true,2026-09-20T14:55:22+00:00
20260920T145420Z-gpu_h192,electricity_hourly,T14,lstm,deep,168,192,10002,33.65150998039321,41.13292512289841,4.0314620941569235,30.55608763366439,391.961634999916,16.10986328125,0.3223204649998479,4513,false,dcb2c10e4ac97b1d1289825869826fdec84593f7,ef768c17c85b2a8c,true,2026-09-20T14:55:22+00:00
20260920T145420Z-gpu_h192,electricity_hourly,T14,lstm,deep,168,192,10003,21.933872924175954,28.68432295999334,2.082055175399695,18.8363857776397,392.57462100022167,16.10986328125,0.3172263589999602,4513,false,dcb2c10e4ac97b1d1289825869826fdec84593f7,ef768c17c85b2a8c,true,2026-09-20T14:55:22+00:00
20260920T145420Z-gpu_h192,electricity_hourly,T14,lstm,deep,168,192,10004,29.374499296798017,34.61545495321611,2.835072318189621,23.984541847279157,426.64488899981734,16.10986328125,0.35686298500013436,4513,false,dcb2c10e4ac97b1d1289825869826fdec84593f7,ef768c17c85b2a8c,true,2026-09-20T14:55:22+00:00
20260920T145420Z-gpu_h192,electricity_hourly,T14,lstm,deep,168,192,10005,42.307910074356805,53.117281367557354,3.1020056266330855,28.802249028835565,393.5354870000083,16.10986328125,0.322822453000299,4513,false,dcb2c10e4ac97b1d1289825869826fdec84593f7,ef768c17c85b2a8c,true,2026-09-20T14:55:22+00:00
20260920T145420Z-gpu_h192,electricity_hourly,T14,lstm,deep,168,192,10006,37.555518744562626,45.21382741054489,1.5341828933948987,28.556878316840624,404.2176340003607,16.10986328125,0.33208416400020724,4513,false,dcb2c10e4ac97b1d1289825869826fdec84593f7,ef768c17c85b2a8c,true,2026-09-20T14:55:22+00:00
20260920T145420Z-gpu_h192,electricity_hourly,T14,lstm,deep,168,192,10007,35.13185516743877,41.970738886105906,2.5473248459774336,28.08695002517392,386.46691799976907,16.10986328125,0.32081272200002786,4513,false,dcb2c10e4ac97b1d1289825869826fdec84593f7,ef768c17c85b2a8c,true,2026-09-20T14:55:22+00:00
20260920T145420Z-gpu_h192,electricity_hourly,T14,lstm,deep,168,192,10008,32.632690449377094,43.18540783085737,2.152591582551673,24.128017096044942,396.86490200028857,16.10986328125,0.3302632919999269,4513,false,dcb2c10e4ac97b1d1289825869826fdec84593f7,ef768c17c85b2a8c,true,2026-09-20T14:55:22+00:00
20260920T145420Z-gpu_h192,electricity_hourly,T14,lstm,deep,168,192,10009,34.061243125306106,42.28927044721787,3.8288985246245737,26.85530002612955,400.76633699982267,16.10986328125,0.33213446099989596,4513,false,dcb2c10e4ac97b1d1289825869826fdec84593f7,ef768c17c85b2a8c,true,2026-09-20T14:55:22+00:00
20260920T145420Z-gpu_h192,electricity_hourly,T14,lstm,deep,168,192,10010,33.438041198313705,43.83969135566428,3.1327767941165736,25.435500872350207,398.42478199989273,16.10986328125,0.3291132809999908,4513,false,dcb2c10e4ac97b1d1289825869826fdec84593f7,ef768c17c85b2a8c,true,2026-09-20T14:55:22+00:00
20260920T145420Z-gpu_h192,electricity_hourly,T14,lstm,deep,168,192,10011,38.589860033452794,51.101081834150705,3.63198682667791,29.162695023274594,417.6446520000354,16.10986328125,0.34805969400031245,4513,false,dcb2c10e4ac97b1d1289825869826fdec84593f7,ef768c17c85b2a8c,true,2026-09-20T14:55:22+00:00
20260920T145420Z-gpu_h192,electricity_hourly,T14,lstm,deep,168,192,10012,12.18510191338944,17.629646438475454,1.1682121674621035,9.865411269322932,399.44964500000424,16.10986328125,0.32652406999977757,4513,false,dcb2c10e4ac97b1d1289825869826fdec84593f7,ef768c17c85b2a8c,true,2026-09-20T14:55:22+00:00
20260920T145420Z-gpu_h192,electricity_hourly,T14,lstm,deep,168,192,10013,31.522214200566882,43.75062192546286,2.9667966306415887,22.766447870550053,396.1620559998664,16.10986328125,0.32045129300013286,4513,false,dcb2c10e4ac97b1d1289825869826fdec84593f7,ef768c17c85b2a8c,true,2026-09-20T14:55:22+00:00
20260920T145420Z-gpu_h192,electricity_hourly,T14,lstm,deep,168,192,10014,33.89676445004172,45.09769042209063,2.787626545291838,24.458937456980614,403.18532399987816,16.10986328125,0.3307351309999831,4513,false,dcb2c10e4ac97b1d1289825869826fdec84593f7,ef768c17c85b2a8c,true,2026-09-20T14:55:22+00:00
20260920T145420Z-gpu_h192,electricity_hourly,T14,lstm,deep,168,192,10015,36.94830501999277,51.52462367539608,3.080808293502582,26.60294688884055,390.9121340002457,16.10986328125,0.3210966650003684,4513,false,dcb2c10e4ac97b1d1289825869826fdec84593f7,ef768c17c85b2a8c,true,2026-09-20T14:55:22+00:00
20260920T145420Z-gpu_h192,electricity_hourly,T14,lstm,deep,168,192,10016,44.45177211175412,57.162333703047985,3.3566099549515434,29.857253403850947,401.9834180003272,16.10986328125,0.3290485890001946,4513,false,dcb2c10e4ac97b1d1289825869826fdec84593f7,ef768c17c85b2a8c,true,2026-09-20T14:55:22+00:00
20260920T145420Z-gpu_h192,electricity_hourly,T14,lstm,deep,168,192,10017,49.82200535656415,62.55587280178049,2.7572516415623514,32.698891052644655,378.95725499993205,16.10986328125,0.3106497759999911,4513,false,dcb2c10e4ac97b1d1289825869826fdec84593f7,ef768c17c85b2a8c,true,2026-09-20T14:55:22+00:00
20260920T145420Z-gpu_h192,electricity_hourly,T14,lstm,deep,168,192,10018,49.967276519975805,66.68480892323348,3.376484194686305,32.14857303850213,421.75999900018724,16.10986328125,0.34660776999999143,4513,false,dcb2c10e4ac97b1d1289825869826fdec84593f7,ef768c17c85b2a8c,true,2026-09-20T14:55:22+00:00
20260920T145420Z-gpu_h192,electricity_hourly,T14,lstm,deep,168,192,10019,50.28271178161555,68.12966269275573,3.7284812031681978,30.77040959256682,413.03094900013093,16.10986328125,0.3453418059998512,4513,false,dcb2c10e4ac97b1d1289825869826fdec84593f7,ef768c17c85b2a8c,true,2026-09-20T14:55:22+00:00
20260920T145420Z-gpu_h192,electricity_hourly,T14,lstm,deep,168,192,10020,53.50497738562132,68.83595175038326,2.726368274426564,30.475663834305696,378.92268799987505,16.10986328125,0.31364895799970327,4513,false,dcb2c10e4ac97b1d1289825869826fdec84593f7,ef768c17c85b2a8c,true,2026-09-20T14:55:22+00:00
20260920T145420Z-gpu_h192,electricity_hourly,T14,transformer,deep,168,192,10000,16.522294091018036,19.76340329526473,1.7153643468684912,15.065420243331124,607.1578959999897,10.6845703125,0.6012521600000582,19232,false,dcb2c10e4ac97b1d1289825869826fdec84593f7,ef768c17c85b2a8c,true,2026-09-20T14:55:38+00:00
20260920T145420Z-gpu_h192,electricity_hourly,T14,transformer,deep,168,192,10001,32.374902962370804,41.182679573125604,3.327613152449248,27.96667479476404,578.916627000126,10.525390625,0.5733067390001452,19232,false,dcb2c10e4ac97b1d1289825869826fdec84593f7,ef768c17c85b2a8c,true,2026-09-20T14:55:38+00:00
20260920T145420Z-gpu_h192,electricity_hourly,T14,transformer,deep,168,192,10002,30.182115752342654,36.09735133637498,3.615827511095959,26.79819879140894,581.0748140002033,10.525390625,0.575497870000163,19232,false,dcb2c10e4ac97b1d1289825869826fdec84593f7,ef768c17c85b2a8c,true,2026-09-20T14:55:38+00:00
20260920T145420Z-gpu_h192,electricity_hourly,T14,transformer,deep,168,192,10003,30.330176334706618,39.397833020874025,2.8790674965047813,26.48812253394076,574.119299999893,10.525390625,0.5687701409997317,19232,false,dcb2c10e4ac97b1d1289825869826fdec84593f7,ef768c17c85b2a8c,true,2026-09-20T14:55:38+00:00
20260920T145420Z-gpu_h192,electricity_hourly,T14,transformer,deep,168,192,10004,42.19074782538761,51.59597169142747,4.072029280734461,33.7510744005104,585.0040599998465,10.525390625,0.5794234270001652,19232,false,dcb2c10e4ac97b1d1289825869826fdec84593f7,ef768c17c85b2a8c,true,2026-09-20T14:55:38+00:00
20260920T145420Z-gpu_h192,electricity_hourly,T14,transformer,deep,168,192,10005,52.897975116357024,63.140325741556566,3.8784666073092726,38.97494073792138,570.3902350001044,10.525390625,0.5647904509996806,19232,false,dcb2c10e4ac97b1d1289825869826fdec84593f7,ef768c17c85b2a8c,true,2026-09-20T14:55:38+00:00
20260920T145420Z-gpu_h192,electricity_hourly,T14,transformer,deep,168,192,10006,53.94244301684956,64.0532452451474,2.203606182815982,36.82374243420115,566.0023430000365,10.525390625,0.5607133769999564,19232,false,dcb2c10e4ac97b1d1289825869826fdec84593f7,ef768c17c85b2a8c,true,2026-09-20T14:55:38+00:00
20260920T145420Z-gpu_h192,electricity_hourly,T14,transformer,deep,168,192,10007,34.84038061760236,41.76534603604065,2.526190739644884,28.22294238373556,558.2549069999914,10.525390625,0.5530275289997917,19232,false,dcb2c10e4ac97b1d1289825869826fdec84593f7,ef768c17c85b2a8c,true,2026-09-20T14:55:38+00:00
20260920T145420Z-gpu_h192,electricity_hourly,T14,transformer,deep,168,192,10008,26.918055267809688,33.76079277723582,1.775629848174345,21.31680469883466,575.2435429999423,10.525390625,0.5696669230001135,19232,false,dcb2c10e4ac97b1d1289825869826fdec84593f7,ef768c17c85b2a8c,true,2026-09-20T14:55:38+00:00
20260920T145420Z-gpu_h192,electricity_hourly,T14,transformer,deep,168,192,10009,12.303645995788054,16.296111478893103,1.3830796435546289,10.1475407578065,581.4337940000769,10.525390625,0.5756668940002783,19232,false,dcb2c10e4ac97b1d1289825869826fdec84593f7,ef768c17c85b2a8c,true,2026-09-20T14:55:38+00:00
20260920T145420Z-gpu_h192,electricity_hourly,T14,transformer,deep,168,192,10010,10.904471226157698,14.80194829414867,1.0216290543700122,9.077693439497942,580.0325140003224,10.525390625,0.5741964929998176,19232,false,dcb2c10e4ac97b1d1289825869826fdec84593f7,ef768c17c85b2a8c,true,2026-09-20T14:55:38+00:00
20260920T145420Z-gpu_h192,electricity_hourly,T14,transformer,deep,168,192,10011,24.346337280478433,31.75526207465757,2.2914199793391465,19.01430706370472,575.3628920001574,10.525390625,0.5696648479997748,19232,false,dcb2c10e4ac97b1d1289825869826fdec84593f7,ef768c17c85b2a8c,true,2026-09-20T14:55:38+00:00
20260920T145420Z-gpu_h192,electricity_hourly,T14,transformer,deep,168,192,10012,16.842172788434464,22.913286763353366,1.6146956601428515,13.604400774118147,608.5013150000123,10.525390625,0.6030360670001755,19232,false,dcb2c10e4ac97b1d1289825869826fdec84593f7,ef768c17c85b2a8c,true,2026-09-20T14:55:38+00:00
20260920T145420Z-gpu_h192,electricity_hourly,T14,transformer,deep,168,192,10013,16.99753337136259,23.132600077761676,1.599767846716479,13.258783092184345,564.4108139999844,10.525390625,0.558818964999773,19232,false,dcb2c10e4ac97b1d1289825869826fdec84593f7,ef768c17c85b2a8c,true,2026-09-20T14:55:38+00:00
20260920T145420Z-gpu_h192,electricity_hourly,T14,transformer,deep,168,192,10014,44.3387660991564,56.057229371232985,3.646363402786135,32.49494134611899,558.2596650001506,10.525390625,0.5527149160002409,19232,false,dcb2c10e4ac97b1d1289825869826fdec84593f7,ef768c17c85b2a8c,true,2026-09-20T14:55:38+00:00
20260920T145420Z-gpu_h192,electricity_hourly,T14,transformer,deep,168,192,10015,29.718027642829856,40.81244506206456,2.4779362944803123,22.019454601443243,574.1346890004024,10.525390625,0.5687568680000368,19232,false,dcb2c10e4ac97b1d1289825869826fdec84593f7,ef768c17c85b2a8c,true,2026-09-20T14:55:38+00:00
20260920T145420Z-gpu_h192,electricity_hourly,T14,transformer,deep,168,192,10016,49.81108027793968,62.653966784832505,3.7612981436934003,33.45661502095693,572.0310980000249,10.525390625,0.5664163980000012,19232,false,dcb2c10e4ac97b1d1289825869826fdec84593f7,ef768c17c85b2a8c,true,2026-09-20T14:55:38+00:00
20260920T145420Z-gpu_h192,electricity_hourly,T14,transformer,deep,168,192,10017,32.26913654063893,42.13532016497073,1.7858399930253677,21.75013938536393,568.2765999999901,10.525390625,0.5628173250001964,19232,false,dcb2c10e4ac97b1d1289825869826fdec84593f7,ef768c17c85b2a8c,true,2026-09-20T14:55:38+00:00
20260920T145420Z-gpu_h192,electricity_hourly,T14,transformer,deep,168,192,10018,21.500760089617085,28.587623521953468,1.452890404929545,15.965921994299167,587.7187689998209,10.525390625,0.5819532580003397,19232,false,dcb2c10e4ac97b1d1289825869826fdec84593f7,ef768c17c85b2a8c,true,2026-09-20T14:55:38+00:00
20260920T145420Z-gpu_h192,electricity_hourly,T14,transformer,deep,168,192,10019,25.645230079788103,35.311404185856496,1.9016030543200242,16.560771060098155,578.5075530002359,10.525390625,0.573102930999994,19232,false,dcb2c10e4ac97b1d1289825869826fdec84593f7,ef768c17c85b2a8c,true,2026-09-20T14:55:38+00:00
20260920T145420Z-gpu_h192,electricity_hourly,T14,transformer,deep,168,192,10020,34.89323180429329,48.48650477924858,1.7779990728302315,20.29836705474445,574.4111640001393,10.525390625,0.5691700700003821,19232,false,dcb2c10e4ac97b1d1289825869826fdec84593f7,ef768c17c85b2a8c,true,2026-09-20T14:55:38+00:00
20260920T145420Z-gpu_h192,electricity_hourly,T14,timesfm25,tsfm,168,192,10000,7.0402761697769165,9.266777231178773,0.7309298979436741,6.369547783356596,216.83916799975123,13.52490234375,,231289280,true,dcb2c10e4ac97b1d1289825869826fdec84593f7,ef768c17c85b2a8c,true,2026-09-20T14:55:47+00:00
20260920T145420Z-gpu_h192,electricity_hourly,T14,timesfm25,tsfm,168,192,10001,9.029031952222189,12.113592328092366,0.9280375454104177,7.927506306603129,226.06673800009958,13.52490234375,,231289280,true,dcb2c10e4ac97b1d1289825869826fdec84593f7,ef768c17c85b2a8c,true,2026-09-20T14:55:47+00:00
20260920T145420Z-gpu_h192,electricity_hourly,T14,timesfm25,tsfm,168,192,10002,7.66256856918335,10.238657868059617,0.9179782645277891,6.9116752213737085,200.18021999976554,13.52490234375,,231289280,true,dcb2c10e4ac97b1d1289825869826fdec84593f7,ef768c17c85b2a8c,true,2026-09-20T14:55:47+00:00
20260920T145420Z-gpu_h192,electricity_hourly,T14,timesfm25,tsfm,168,192,10003,7.114015340805054,9.626820532414012,0.6752921615530176,6.41197201407042,217.9727540001295,13.52490234375,,231289280,true,dcb2c10e4ac97b1d1289825869826fdec84593f7,ef768c17c85b2a8c,true,2026-09-20T14:55:47+00:00
20260920T145420Z-gpu_h192,electricity_hourly,T14,timesfm25,tsfm,168,192,10004,22.03647832075755,25.98930500695557,2.1268450926200315,18.2560252231442,216.74413300024753,13.52490234375,,231289280,true,dcb2c10e4ac97b1d1289825869826fdec84593f7,ef768c17c85b2a8c,true,2026-09-20T14:55:47+00:00
20260920T145420Z-gpu_h192,electricity_hourly,T14,timesfm25,tsfm,168,192,10005,35.64750556151072,43.46960303508122,2.6136663955486474,25.374057952736255,214.30147099999886,13.52490234375,,231289280,true,dcb2c10e4ac97b1d1289825869826fdec84593f7,ef768c17c85b2a8c,true,2026-09-20T14:55:47+00:00
20260920T145420Z-gpu_h192,electricity_hourly,T14,timesfm25,tsfm,168,192,10006,39.290453592936196,42.07456767892761,1.6050568276263295,29.187039851247253,217.17699700002413,13.52490234375,,231289280,true,dcb2c10e4ac97b1d1289825869826fdec84593f7,ef768c17c85b2a8c,true,2026-09-20T14:55:47+00:00
20260920T145420Z-gpu_h192,electricity_hourly,T14,timesfm25,tsfm,168,192,10007,12.270548741022745,15.624609498200153,0.8897074615847308,10.244627240734845,215.06314099997326,13.52490234375,,231289280,true,dcb2c10e4ac97b1d1289825869826fdec84593f7,ef768c17c85b2a8c,true,2026-09-20T14:55:47+00:00
20260920T145420Z-gpu_h192,electricity_hourly,T14,timesfm25,tsfm,168,192,10008,15.449653546015421,23.326903064706816,1.0191251079368853,11.515850814239947,249.7107879999021,13.52490234375,,231289280,true,dcb2c10e4ac97b1d1289825869826fdec84593f7,ef768c17c85b2a8c,true,2026-09-20T14:55:47+00:00
20260920T145420Z-gpu_h192,electricity_hourly,T14,timesfm25,tsfm,168,192,10009,8.928552587827047,12.331887541117315,1.003678042659715,7.152039562812441,219.33436499966774,13.52490234375,,231289280,true,dcb2c10e4ac97b1d1289825869826fdec84593f7,ef768c17c85b2a8c,true,2026-09-20T14:55:47+00:00
20260920T145420Z-gpu_h192,electricity_hourly,T14,timesfm25,tsfm,168,192,10010,7.127121329307556,10.711537564623868,0.6677329026807339,5.844612234281273,221.44257099989773,13.52490234375,,231289280,true,dcb2c10e4ac97b1d1289825869826fdec84593f7,ef768c17c85b2a8c,true,2026-09-20T14:55:47+00:00
20260920T145420Z-gpu_h192,electricity_hourly,T14,timesfm25,tsfm,168,192,10011,9.480340401331583,11.882841753495496,0.8922673318900314,8.107413959654986,215.821404000053,13.52490234375,,231289280,true,dcb2c10e4ac97b1d1289825869826fdec84593f7,ef768c17c85b2a8c,true,2026-09-20T14:55:47+00:00
20260920T145420Z-gpu_h192,electricity_hourly,T14,timesfm25,tsfm,168,192,10012,7.578257322311401,10.567204922236044,0.7265439776383767,6.230088610692469,211.13141500018173,13.52490234375,,231289280,true,dcb2c10e4ac97b1d1289825869826fdec84593f7,ef768c17c85b2a8c,true,2026-09-20T14:55:47+00:00
20260920T145420Z-gpu_h192,electricity_hourly,T14,timesfm25,tsfm,168,192,10013,13.766204913457235,18.403213766219956,1.2956428153842103,10.477624043376327,217.33960599976854,13.52490234375,,231289280,true,dcb2c10e4ac97b1d1289825869826fdec84593f7,ef768c17c85b2a8c,true,2026-09-20T14:55:47+00:00
20260920T145420Z-gpu_h192,electricity_hourly,T14,timesfm25,tsfm,168,192,10014,12.153231382369995,16.45882221988513,0.9994662016340831,9.75308313468261,207.84792399990693,13.52490234375,,231289280,true,dcb2c10e4ac97b1d1289825869826fdec84593f7,ef768c17c85b2a8c,true,2026-09-20T14:55:47+00:00
20260920T145420Z-gpu_h192,electricity_hourly,T14,timesfm25,tsfm,168,192,10015,14.073212146759033,18.924050189218704,1.1734467568808922,10.792059485443506,211.97287199993298,13.52490234375,,231289280,true,dcb2c10e4ac97b1d1289825869826fdec84593f7,ef768c17c85b2a8c,true,2026-09-20T14:55:47+00:00
20260920T145420Z-gpu_h192,electricity_hourly,T14,timesfm25,tsfm,168,192,10016,12.297509352366129,17.377493090883764,0.9286006013323139,8.409184036364664,211.90407099993536,13.52490234375,,231289280,true,dcb2c10e4ac97b1d1289825869826fdec84593f7,ef768c17c85b2a8c,true,2026-09-20T14:55:47+00:00
20260920T145420Z-gpu_h192,electricity_hourly,T14,timesfm25,tsfm,168,192,10017,10.94709026813507,14.504595453611191,0.6058343576523637,7.660285690757125,205.73633200001495,13.52490234375,,231289280,true,dcb2c10e4ac97b1d1289825869826fdec84593f7,ef768c17c85b2a8c,true,2026-09-20T14:55:47+00:00
20260920T145420Z-gpu_h192,electricity_hourly,T14,timesfm25,tsfm,168,192,10018,10.223500410715738,14.235781159287923,0.6908418860361644,7.455907983685093,213.84557300007145,13.52490234375,,231289280,true,dcb2c10e4ac97b1d1289825869826fdec84593f7,ef768c17c85b2a8c,true,2026-09-20T14:55:47+00:00
20260920T145420Z-gpu_h192,electricity_hourly,T14,timesfm25,tsfm,168,192,10019,18.803232351938885,28.274112275032117,1.3942664565804324,11.931066512120669,212.59723499997563,13.52490234375,,231289280,true,dcb2c10e4ac97b1d1289825869826fdec84593f7,ef768c17c85b2a8c,true,2026-09-20T14:55:47+00:00
20260920T145420Z-gpu_h192,electricity_hourly,T14,timesfm25,tsfm,168,192,10020,28.82200829188029,42.027882041758936,1.4686373651913525,16.072272730743745,202.2022740002285,13.52490234375,,231289280,true,dcb2c10e4ac97b1d1289825869826fdec84593f7,ef768c17c85b2a8c,true,2026-09-20T14:55:47+00:00
20260920T145420Z-gpu_h192,electricity_hourly,T14,chronos_bolt,tsfm,168,192,10000,6.766695896784465,9.152434008677426,0.7025264665731528,6.121659652537011,107.1813739999925,15.55126953125,,205292928,true,dcb2c10e4ac97b1d1289825869826fdec84593f7,ef768c17c85b2a8c,true,2026-09-20T14:55:53+00:00
20260920T145420Z-gpu_h192,electricity_hourly,T14,chronos_bolt,tsfm,168,192,10001,8.043379227320353,10.615753621753361,0.8267284858915994,7.003803254655658,103.65029800004777,15.55126953125,,205292928,true,dcb2c10e4ac97b1d1289825869826fdec84593f7,ef768c17c85b2a8c,true,2026-09-20T14:55:53+00:00
20260920T145420Z-gpu_h192,electricity_hourly,T14,chronos_bolt,tsfm,168,192,10002,6.734517693519592,8.998196463885545,0.806797460787705,6.062058429118559,95.94363299993347,15.55126953125,,205292928,true,dcb2c10e4ac97b1d1289825869826fdec84593f7,ef768c17c85b2a8c,true,2026-09-20T14:55:53+00:00
20260920T145420Z-gpu_h192,electricity_hourly,T14,chronos_bolt,tsfm,168,192,10003,6.606782078742981,8.463905209068026,0.6271434537501578,5.95425984616351,104.23146799985261,15.55126953125,,205292928,true,dcb2c10e4ac97b1d1289825869826fdec84593f7,ef768c17c85b2a8c,true,2026-09-20T14:55:53+00:00
20260920T145420Z-gpu_h192,electricity_hourly,T14,chronos_bolt,tsfm,168,192,10004,20.392948389053345,24.404122130724176,1.9682202198550145,16.759791237884446,106.32967700030349,15.55126953125,,205292928,true,dcb2c10e4ac97b1d1289825869826fdec84593f7,ef768c17c85b2a8c,true,2026-09-20T14:55:53+00:00
20260920T145420Z-gpu_h192,electricity_hourly,T14,chronos_bolt,tsfm,168,192,10005,36.56452751159668,45.03677248029756,2.6809022208095326,26.202967470417015,105.11191299974598,15.55126953125,,205292928,true,dcb2c10e4ac97b1d1289825869826fdec84593f7,ef768c17c85b2a8c,true,2026-09-20T14:55:53+00:00
20260920T145420Z-gpu_h192,electricity_hourly,T14,chronos_bolt,tsfm,168,192,10006,43.816890597343445,47.004730664862386,1.789966594614881,31.353385543221407,96.01704799979416,15.55126953125,,205292928,true,dcb2c10e4ac97b1d1289825869826fdec84593f7,ef768c17c85b2a8c,true,2026-09-20T14:55:53+00:00
20260920T145420Z-gpu_h192,electricity_hourly,T14,chronos_bolt,tsfm,168,192,10007,13.14463222026825,16.37067778544947,0.953085115668997,10.922965548990655,118.76351299997623,15.55126953125,,205292928,true,dcb2c10e4ac97b1d1289825869826fdec84593f7,ef768c17c85b2a8c,true,2026-09-20T14:55:53+00:00
20260920T145420Z-gpu_h192,electricity_hourly,T14,chronos_bolt,tsfm,168,192,10008,14.773356874783834,22.245549049054667,0.9745136921524838,11.019454868512394,112.90341799985981,15.55126953125,,205292928,true,dcb2c10e4ac97b1d1289825869826fdec84593f7,ef768c17c85b2a8c,true,2026-09-20T14:55:53+00:00
20260920T145420Z-gpu_h192,electricity_hourly,T14,chronos_bolt,tsfm,168,192,10009,9.400733987490336,13.177486809609078,1.0567569822003187,7.415358285281667,112.48128099987298,15.55126953125,,205292928,true,dcb2c10e4ac97b1d1289825869826fdec84593f7,ef768c17c85b2a8c,true,2026-09-20T14:55:53+00:00
20260920T145420Z-gpu_h192,electricity_hourly,T14,chronos_bolt,tsfm,168,192,10010,7.009735027949016,10.330256660111067,0.6567350969581381,5.679629833861047,109.92968500022471,15.55126953125,,205292928,true,dcb2c10e4ac97b1d1289825869826fdec84593f7,ef768c17c85b2a8c,true,2026-09-20T14:55:53+00:00
20260920T145420Z-gpu_h192,electricity_hourly,T14,chronos_bolt,tsfm,168,192,10011,9.113675594329834,11.162377605788091,0.857757702995749,7.961363402424587,111.24127999983102,15.55126953125,,205292928,true,dcb2c10e4ac97b1d1289825869826fdec84593f7,ef768c17c85b2a8c,true,2026-09-20T14:55:53+00:00
20260920T145420Z-gpu_h192,electricity_hourly,T14,chronos_bolt,tsfm,168,192,10012,7.337316115697225,9.512826607183305,0.7034444212119842,5.980109738891202,113.5883060001106,15.55126953125,,205292928,true,dcb2c10e4ac97b1d1289825869826fdec84593f7,ef768c17c85b2a8c,true,2026-09-20T14:55:53+00:00
20260920T145420Z-gpu_h192,electricity_hourly,T14,chronos_bolt,tsfm,168,192,10013,11.468410094579061,15.08573788641431,1.079379773607441,8.486341765099532,110.32371600003898,15.55126953125,,205292928,true,dcb2c10e4ac97b1d1289825869826fdec84593f7,ef768c17c85b2a8c,true,2026-09-20T14:55:53+00:00
20260920T145420Z-gpu_h192,electricity_hourly,T14,chronos_bolt,tsfm,168,192,10014,10.466517726580301,14.456246401186602,0.8607530283424121,8.366911090834495,112.46061800011375,15.55126953125,,205292928,true,dcb2c10e4ac97b1d1289825869826fdec84593f7,ef768c17c85b2a8c,true,2026-09-20T14:55:53+00:00
20260920T145420Z-gpu_h192,electricity_hourly,T14,chronos_bolt,tsfm,168,192,10015,12.260588447252909,16.453363894748644,1.0223073169683954,9.282599714334653,116.6524790000949,15.55126953125,,205292928,true,dcb2c10e4ac97b1d1289825869826fdec84593f7,ef768c17c85b2a8c,true,2026-09-20T14:55:53+00:00
20260920T145420Z-gpu_h192,electricity_hourly,T14,chronos_bolt,tsfm,168,192,10016,10.250230113665262,14.413774325428951,0.7740079372668054,6.983425922250765,111.43599899969558,15.55126953125,,205292928,true,dcb2c10e4ac97b1d1289825869826fdec84593f7,ef768c17c85b2a8c,true,2026-09-20T14:55:53+00:00
20260920T145420Z-gpu_h192,electricity_hourly,T14,chronos_bolt,tsfm,168,192,10017,11.492381572723389,15.297072717868462,0.636011893340572,7.853390372399459,141.53301499982263,15.55126953125,,205292928,true,dcb2c10e4ac97b1d1289825869826fdec84593f7,ef768c17c85b2a8c,true,2026-09-20T14:55:53+00:00
20260920T145420Z-gpu_h192,electricity_hourly,T14,chronos_bolt,tsfm,168,192,10018,9.225940148035685,12.920011989895341,0.6234328396607877,6.762886522251364,117.61837899985039,15.55126953125,,205292928,true,dcb2c10e4ac97b1d1289825869826fdec84593f7,ef768c17c85b2a8c,true,2026-09-20T14:55:53+00:00
20260920T145420Z-gpu_h192,electricity_hourly,T14,chronos_bolt,tsfm,168,192,10019,16.679091890652973,26.20897644195269,1.2367606757229805,10.425700924495777,114.58456600030331,15.55126953125,,205292928,true,dcb2c10e4ac97b1d1289825869826fdec84593f7,ef768c17c85b2a8c,true,2026-09-20T14:55:53+00:00
20260920T145420Z-gpu_h192,electricity_hourly,T14,chronos_bolt,tsfm,168,192,10020,24.858707149823505,37.30569672120832,1.2666857146406882,13.963040479822928,119.40932100014834,15.55126953125,,205292928,true,dcb2c10e4ac97b1d1289825869826fdec84593f7,ef768c17c85b2a8c,true,2026-09-20T14:55:53+00:00
20260920T145420Z-gpu_h192,electricity_hourly,T27,lstm,deep,168,192,20000,49.47912127539352,59.36138067235113,1.5143450507240523,16.378418953612943,381.2016339998081,16.14599609375,0.31573816899981466,4513,false,dcb2c10e4ac97b1d1289825869826fdec84593f7,ef768c17c85b2a8c,true,2026-09-20T14:56:06+00:00
20260920T145420Z-gpu_h192,electricity_hourly,T27,lstm,deep,168,192,20001,58.78758209938178,73.14064845626739,1.9853217219303416,17.66435186401203,395.48652599978595,16.10986328125,0.32751076500017007,4513,false,dcb2c10e4ac97b1d1289825869826fdec84593f7,ef768c17c85b2a8c,true,2026-09-20T14:56:06+00:00
20260920T145420Z-gpu_h192,electricity_hourly,T27,lstm,deep,168,192,20002,53.574243630406386,67.26458264498262,1.83770630842747,16.495996231755473,371.15001199981634,16.10986328125,0.30628749499965124,4513,false,dcb2c10e4ac97b1d1289825869826fdec84593f7,ef768c17c85b2a8c,true,2026-09-20T14:56:06+00:00
20260920T145420Z-gpu_h192,electricity_hourly,T27,lstm,deep,168,192,20003,53.68830642116757,68.16935664246807,1.898138012435092,17.347506827632454,380.71939900009966,16.10986328125,0.31397014100002707,4513,false,dcb2c10e4ac97b1d1289825869826fdec84593f7,ef768c17c85b2a8c,true,2026-09-20T14:56:06+00:00
20260920T145420Z-gpu_h192,electricity_hourly,T27,lstm,deep,168,192,20004,57.97470023950666,73.658102262167,2.2472023780589394,17.8027428242449,424.8271020001084,16.10986328125,0.3525994329997957,4513,false,dcb2c10e4ac97b1d1289825869826fdec84593f7,ef768c17c85b2a8c,true,2026-09-20T14:56:06+00:00
20260920T145420Z-gpu_h192,electricity_hourly,T27,lstm,deep,168,192,20005,27.630019697453594,35.58705019432788,0.8748291197082932,8.583826398457777,397.90926799969384,16.10986328125,0.3254378730002827,4513,false,dcb2c10e4ac97b1d1289825869826fdec84593f7,ef768c17c85b2a8c,true,2026-09-20T14:56:06+00:00
20260920T145420Z-gpu_h192,electricity_hourly,T27,lstm,deep,168,192,20006,34.006389274108194,43.6123523650662,1.1678798128956784,10.434250942718128,377.3756030000186,16.10986328125,0.3108895319996918,4513,false,dcb2c10e4ac97b1d1289825869826fdec84593f7,ef768c17c85b2a8c,true,2026-09-20T14:56:06+00:00
20260920T145420Z-gpu_h192,electricity_hourly,T27,lstm,deep,168,192,20007,54.87115396265474,66.71032370665712,2.119486633750612,16.973127281333444,390.61158999993495,16.10986328125,0.3232065679999323,4513,false,dcb2c10e4ac97b1d1289825869826fdec84593f7,ef768c17c85b2a8c,true,2026-09-20T14:56:06+00:00
20260920T145420Z-gpu_h192,electricity_hourly,T27,lstm,deep,168,192,20008,20.154772189024325,26.27193755630638,0.7310547091233005,6.215488718240133,384.9057229999744,16.10986328125,0.31774466900014886,4513,false,dcb2c10e4ac97b1d1289825869826fdec84593f7,ef768c17c85b2a8c,true,2026-09-20T14:56:06+00:00
20260920T145420Z-gpu_h192,electricity_hourly,T27,lstm,deep,168,192,20009,35.94864439426588,45.19810823187376,1.3039306782806768,10.909072247346781,378.0044289997022,16.10986328125,0.31000939200021094,4513,false,dcb2c10e4ac97b1d1289825869826fdec84593f7,ef768c17c85b2a8c,true,2026-09-20T14:56:06+00:00
20260920T145420Z-gpu_h192,electricity_hourly,T27,lstm,deep,168,192,20010,62.527297822995024,77.32833987582838,2.3769616912648583,18.707277821105727,374.7524150003301,16.10986328125,0.3098865729998579,4513,false,dcb2c10e4ac97b1d1289825869826fdec84593f7,ef768c17c85b2a8c,true,2026-09-20T14:56:06+00:00
20260920T145420Z-gpu_h192,electricity_hourly,T27,lstm,deep,168,192,20011,37.640218872356904,50.273035745467794,1.3557257422759865,11.51056669280714,370.2487709997513,16.10986328125,0.3040121369999724,4513,false,dcb2c10e4ac97b1d1289825869826fdec84593f7,ef768c17c85b2a8c,true,2026-09-20T14:56:06+00:00
20260920T145420Z-gpu_h192,electricity_hourly,T27,lstm,deep,168,192,20012,44.955188844283136,55.05632260413543,1.5416878289061138,14.062586784095874,372.4015780003356,16.10986328125,0.30749392899997474,4513,false,dcb2c10e4ac97b1d1289825869826fdec84593f7,ef768c17c85b2a8c,true,2026-09-20T14:56:06+00:00
20260920T145420Z-gpu_h192,electricity_hourly,T27,lstm,deep,168,192,20013,57.554312251858214,74.04889170324088,2.1781395438285367,17.203800959150627,381.8035939998481,16.10986328125,0.31174137100015287,4513,false,dcb2c10e4ac97b1d1289825869826fdec84593f7,ef768c17c85b2a8c,true,2026-09-20T14:56:06+00:00
20260920T145420Z-gpu_h192,electricity_hourly,T27,lstm,deep,168,192,20014,79.5680781747837,110.34993293197317,2.4492952666030035,23.12381097701822,388.11275299985937,16.10986328125,0.30686292699965634,4513,false,dcb2c10e4ac97b1d1289825869826fdec84593f7,ef768c17c85b2a8c,true,2026-09-20T14:56:06+00:00
20260920T145420Z-gpu_h192,electricity_hourly,T27,lstm,deep,168,192,20015,77.55685937804532,98.22894830867988,2.593633941114381,22.826836099561206,403.7412540001242,16.10986328125,0.3366082649999953,4513,false,dcb2c10e4ac97b1d1289825869826fdec84593f7,ef768c17c85b2a8c,true,2026-09-20T14:56:06+00:00
20260920T145420Z-gpu_h192,electricity_hourly,T27,lstm,deep,168,192,20016,52.5280938382169,71.40186901368668,1.4393997169749253,13.907935344387056,430.25072799991904,16.10986328125,0.35709633000033136,4513,false,dcb2c10e4ac97b1d1289825869826fdec84593f7,ef768c17c85b2a8c,true,2026-09-20T14:56:06+00:00
20260920T145420Z-gpu_h192,electricity_hourly,T27,lstm,deep,168,192,20017,48.19161949004333,62.46073121503961,1.159691378102647,13.247066246259404,395.6211009999606,16.10986328125,0.3300535309999759,4513,false,dcb2c10e4ac97b1d1289825869826fdec84593f7,ef768c17c85b2a8c,true,2026-09-20T14:56:06+00:00
20260920T145420Z-gpu_h192,electricity_hourly,T27,lstm,deep,168,192,20018,122.62503831251301,157.4275770183712,3.3762916858512186,32.02253454498242,400.05215000019234,16.10986328125,0.3319705410003735,4513,false,dcb2c10e4ac97b1d1289825869826fdec84593f7,ef768c17c85b2a8c,true,2026-09-20T14:56:06+00:00
20260920T145420Z-gpu_h192,electricity_hourly,T27,lstm,deep,168,192,20019,64.25057377292,82.61152516377885,1.529775566021905,15.224352867232602,379.4630320003307,16.10986328125,0.3135180499998569,4513,false,dcb2c10e4ac97b1d1289825869826fdec84593f7,ef768c17c85b2a8c,true,2026-09-20T14:56:06+00:00
20260920T145420Z-gpu_h192,electricity_hourly,T27,lstm,deep,168,192,20020,104.9677144999067,130.6867844582395,2.312630184820466,23.645744293932758,376.5546260001429,16.10986328125,0.3100067459999991,4513,false,dcb2c10e4ac97b1d1289825869826fdec84593f7,ef768c17c85b2a8c,true,2026-09-20T14:56:06+00:00
20260920T145420Z-gpu_h192,electricity_hourly,T27,transformer,deep,168,192,20000,51.48941439698071,64.30193938290012,1.5758715564644468,16.84182295152349,578.9956799999345,10.6845703125,0.5736252620004052,19232,false,dcb2c10e4ac97b1d1289825869826fdec84593f7,ef768c17c85b2a8c,true,2026-09-20T14:56:22+00:00
20260920T145420Z-gpu_h192,electricity_hourly,T27,transformer,deep,168,192,20001,49.190638267856116,62.23949388017815,1.6612223054810695,15.153049049734882,584.3237720000616,10.525390625,0.5787014580000687,19232,false,dcb2c10e4ac97b1d1289825869826fdec84593f7,ef768c17c85b2a8c,true,2026-09-20T14:56:22+00:00
20260920T145420Z-gpu_h192,electricity_hourly,T27,transformer,deep,168,192,20002,63.516468096679226,79.71821443364082,2.1787449752076724,19.977334747284413,571.1697890001233,10.525390625,0.565753446999679,19232,false,dcb2c10e4ac97b1d1289825869826fdec84593f7,ef768c17c85b2a8c,true,2026-09-20T14:56:22+00:00
20260920T145420Z-gpu_h192,electricity_hourly,T27,transformer,deep,168,192,20003,30.963414735529806,38.77084691042464,1.094704572039355,9.874306199016349,567.1616040003755,10.525390625,0.5616901029998189,19232,false,dcb2c10e4ac97b1d1289825869826fdec84593f7,ef768c17c85b2a8c,true,2026-09-20T14:56:22+00:00
20260920T145420Z-gpu_h192,electricity_hourly,T27,transformer,deep,168,192,20004,56.13759689306132,68.55192738774947,2.175992988587034,17.33042222245507,642.8610819998539,10.525390625,0.6367496470002152,19232,false,dcb2c10e4ac97b1d1289825869826fdec84593f7,ef768c17c85b2a8c,true,2026-09-20T14:56:22+00:00
20260920T145420Z-gpu_h192,electricity_hourly,T27,transformer,deep,168,192,20005,33.31330366099923,43.8720578429683,1.0547747861002397,10.440571187741977,643.1633410002178,10.525390625,0.6369040979998317,19232,false,dcb2c10e4ac97b1d1289825869826fdec84593f7,ef768c17c85b2a8c,true,2026-09-20T14:56:22+00:00
20260920T145420Z-gpu_h192,electricity_hourly,T27,transformer,deep,168,192,20006,33.63939379211201,40.840152589011396,1.1552761044751083,10.273981338359443,645.4864930001349,10.525390625,0.6394312600000376,19232,false,dcb2c10e4ac97b1d1289825869826fdec84593f7,ef768c17c85b2a8c,true,2026-09-20T14:56:22+00:00
20260920T145420Z-gpu_h192,electricity_hourly,T27,transformer,deep,168,192,20007,29.66701558747739,37.807727840222825,1.145936224408998,9.084292652959764,678.6665690001428,10.525390625,0.6720604940001067,19232,false,dcb2c10e4ac97b1d1289825869826fdec84593f7,ef768c17c85b2a8c,true,2026-09-20T14:56:22+00:00
20260920T145420Z-gpu_h192,electricity_hourly,T27,transformer,deep,168,192,20008,28.452133957139296,36.129363064649176,1.032016949578856,8.74569180697612,594.0991990000839,10.525390625,0.5882653889998437,19232,false,dcb2c10e4ac97b1d1289825869826fdec84593f7,ef768c17c85b2a8c,true,2026-09-20T14:56:22+00:00
20260920T145420Z-gpu_h192,electricity_hourly,T27,transformer,deep,168,192,20009,35.27339793872313,42.55839675980854,1.2794381116312672,10.651777093591225,581.9045140001435,10.525390625,0.5764704190000884,19232,false,dcb2c10e4ac97b1d1289825869826fdec84593f7,ef768c17c85b2a8c,true,2026-09-20T14:56:22+00:00
20260920T145420Z-gpu_h192,electricity_hourly,T27,transformer,deep,168,192,20010,30.48299353728703,38.43438041420551,1.1588044005726854,9.403307330080569,584.4321929998841,10.525390625,0.5791472050000266,19232,false,dcb2c10e4ac97b1d1289825869826fdec84593f7,ef768c17c85b2a8c,true,2026-09-20T14:56:22+00:00
20260920T145420Z-gpu_h192,electricity_hourly,T27,transformer,deep,168,192,20011,24.217016731828803,30.965419180431713,0.8722487267091915,7.463643247286924,580.7743810000829,10.525390625,0.5749124280000615,19232,false,dcb2c10e4ac97b1d1289825869826fdec84593f7,ef768c17c85b2a8c,true,2026-09-20T14:56:22+00:00
20260920T145420Z-gpu_h192,electricity_hourly,T27,transformer,deep,168,192,20012,71.70390632344285,86.48816113670954,2.4590051227853706,22.34270539023313,576.3825799999722,10.525390625,0.5707972740001424,19232,false,dcb2c10e4ac97b1d1289825869826fdec84593f7,ef768c17c85b2a8c,true,2026-09-20T14:56:22+00:00
20260920T145420Z-gpu_h192,electricity_hourly,T27,transformer,deep,168,192,20013,32.13568358686238,44.53305102421896,1.2161730450744237,9.484959658510467,582.27815500004,10.525390625,0.5768906690000222,19232,false,dcb2c10e4ac97b1d1289825869826fdec84593f7,ef768c17c85b2a8c,true,2026-09-20T14:56:22+00:00
20260920T145420Z-gpu_h192,electricity_hourly,T27,transformer,deep,168,192,20014,36.491456325305116,48.342521283710404,1.1232940809841676,11.072111709610537,587.0576079996681,10.525390625,0.581586007000169,19232,false,dcb2c10e4ac97b1d1289825869826fdec84593f7,ef768c17c85b2a8c,true,2026-09-20T14:56:22+00:00
20260920T145420Z-gpu_h192,electricity_hourly,T27,transformer,deep,168,192,20015,51.32793682942636,76.51231191902279,1.7164939394884804,15.179698800170103,587.62159600019,10.525390625,0.5818746269997064,19232,false,dcb2c10e4ac97b1d1289825869826fdec84593f7,ef768c17c85b2a8c,true,2026-09-20T14:56:22+00:00
20260920T145420Z-gpu_h192,electricity_hourly,T27,transformer,deep,168,192,20016,123.56696632444859,152.36659473780904,3.3860405615072495,33.15952833273426,581.3570770001206,10.525390625,0.5757243930002005,19232,false,dcb2c10e4ac97b1d1289825869826fdec84593f7,ef768c17c85b2a8c,true,2026-09-20T14:56:22+00:00
20260920T145420Z-gpu_h192,electricity_hourly,T27,transformer,deep,168,192,20017,59.426815960822665,78.74884156347174,1.4300570685759464,16.036333379317135,580.8256929999516,10.525390625,0.5754905660000986,19232,false,dcb2c10e4ac97b1d1289825869826fdec84593f7,ef768c17c85b2a8c,true,2026-09-20T14:56:22+00:00
20260920T145420Z-gpu_h192,electricity_hourly,T27,transformer,deep,168,192,20018,106.88079375311537,135.29586744223684,2.9427981454012646,28.083981906792584,567.7853540000797,10.525390625,0.5618996220000554,19232,false,dcb2c10e4ac97b1d1289825869826fdec84593f7,ef768c17c85b2a8c,true,2026-09-20T14:56:22+00:00
20260920T145420Z-gpu_h192,electricity_hourly,T27,transformer,deep,168,192,20019,132.2704612314109,164.0092223224131,3.149296695985974,30.31461485108568,633.7011099999472,10.525390625,0.6275495310001133,19232,false,dcb2c10e4ac97b1d1289825869826fdec84593f7,ef768c17c85b2a8c,true,2026-09-20T14:56:22+00:00
20260920T145420Z-gpu_h192,electricity_hourly,T27,transformer,deep,168,192,20020,61.20791995405941,77.00463028894768,1.3485221042510032,14.830201316707962,611.6423309999846,10.525390625,0.6063277010002821,19232,false,dcb2c10e4ac97b1d1289825869826fdec84593f7,ef768c17c85b2a8c,true,2026-09-20T14:56:22+00:00
20260920T145420Z-gpu_h192,electricity_hourly,T27,timesfm25,tsfm,168,192,20000,20.527477820714314,27.872769877850544,0.6282586198050714,6.670544822034385,207.4291090002589,13.52490234375,,231289280,true,dcb2c10e4ac97b1d1289825869826fdec84593f7,ef768c17c85b2a8c,true,2026-09-20T14:56:31+00:00
20260920T145420Z-gpu_h192,electricity_hourly,T27,timesfm25,tsfm,168,192,20001,40.78983426094055,50.88478693421974,1.3775178549660974,12.557320982790287,207.30936800009658,13.52490234375,,231289280,true,dcb2c10e4ac97b1d1289825869826fdec84593f7,ef768c17c85b2a8c,true,2026-09-20T14:56:31+00:00
20260920T145420Z-gpu_h192,electricity_hourly,T27,timesfm25,tsfm,168,192,20002,21.218367258707683,27.382053643618622,0.7278334648055994,6.820528573539331,205.059257999892,13.52490234375,,231289280,true,dcb2c10e4ac97b1d1289825869826fdec84593f7,ef768c17c85b2a8c,true,2026-09-20T14:56:31+00:00
20260920T145420Z-gpu_h192,electricity_hourly,T27,timesfm25,tsfm,168,192,20003,20.47225292523702,25.272612509342775,0.7237919030773706,6.55979688502952,215.94342500020502,13.52490234375,,231289280,true,dcb2c10e4ac97b1d1289825869826fdec84593f7,ef768c17c85b2a8c,true,2026-09-20T14:56:31+00:00
20260920T145420Z-gpu_h192,electricity_hourly,T27,timesfm25,tsfm,168,192,20004,23.677382469177246,29.05538446380886,0.9177774093032365,7.342976333344482,212.29277900010857,13.52490234375,,231289280,true,dcb2c10e4ac97b1d1289825869826fdec84593f7,ef768c17c85b2a8c,true,2026-09-20T14:56:31+00:00
20260920T145420Z-gpu_h192,electricity_hourly,T27,timesfm25,tsfm,168,192,20005,22.972837607065838,29.43359021371017,0.727372166978338,7.022523866396789,202.96358099994904,13.52490234375,,231289280,true,dcb2c10e4ac97b1d1289825869826fdec84593f7,ef768c17c85b2a8c,true,2026-09-20T14:56:31+00:00
20260920T145420Z-gpu_h192,electricity_hourly,T27,timesfm25,tsfm,168,192,20006,21.978028297424316,28.078627518211658,0.7547903827400672,6.730716882632152,211.0278280001694,13.52490234375,,231289280,true,dcb2c10e4ac97b1d1289825869826fdec84593f7,ef768c17c85b2a8c,true,2026-09-20T14:56:31+00:00
20260920T145420Z-gpu_h192,electricity_hourly,T27,timesfm25,tsfm,168,192,20007,20.906407197316486,27.820814825780097,0.8075436256474179,6.41831476204659,197.99321999971653,13.52490234375,,231289280,true,dcb2c10e4ac97b1d1289825869826fdec84593f7,ef768c17c85b2a8c,true,2026-09-20T14:56:31+00:00
20260920T145420Z-gpu_h192,electricity_hourly,T27,timesfm25,tsfm,168,192,20008,19.986584742863972,26.810998384399912,0.7249542072978368,6.120279595387079,213.93705299988142,13.52490234375,,231289280,true,dcb2c10e4ac97b1d1289825869826fdec84593f7,ef768c17c85b2a8c,true,2026-09-20T14:56:31+00:00
20260920T145420Z-gpu_h192,electricity_hourly,T27,timesfm25,tsfm,168,192,20009,24.126824140548706,29.776186354780535,0.8751291375916912,7.293853629409917,212.76355000009062,13.52490234375,,231289280,true,dcb2c10e4ac97b1d1289825869826fdec84593f7,ef768c17c85b2a8c,true,2026-09-20T14:56:31+00:00
20260920T145420Z-gpu_h192,electricity_hourly,T27,timesfm25,tsfm,168,192,20010,18.157567262649536,24.184808458031778,0.6902559888652411,5.541102982797941,207.4787479996303,13.52490234375,,231289280,true,dcb2c10e4ac97b1d1289825869826fdec84593f7,ef768c17c85b2a8c,true,2026-09-20T14:56:31+00:00
20260920T145420Z-gpu_h192,electricity_hourly,T27,timesfm25,tsfm,168,192,20011,18.854631503423054,24.100032274058936,0.6791062872668634,5.97636130576086,211.56593500018062,13.52490234375,,231289280,true,dcb2c10e4ac97b1d1289825869826fdec84593f7,ef768c17c85b2a8c,true,2026-09-20T14:56:31+00:00
20260920T145420Z-gpu_h192,electricity_hourly,T27,timesfm25,tsfm,168,192,20012,24.122608025868733,33.389116131544114,0.8272578127471059,7.300377920508056,213.95179699993605,13.52490234375,,231289280,true,dcb2c10e4ac97b1d1289825869826fdec84593f7,ef768c17c85b2a8c,true,2026-09-20T14:56:31+00:00
20260920T145420Z-gpu_h192,electricity_hourly,T27,timesfm25,tsfm,168,192,20013,27.190003395080566,36.167851096498524,1.0290040706679637,7.961083300488116,214.58379000023342,13.52490234375,,231289280,true,dcb2c10e4ac97b1d1289825869826fdec84593f7,ef768c17c85b2a8c,true,2026-09-20T14:56:31+00:00
20260920T145420Z-gpu_h192,electricity_hourly,T27,timesfm25,tsfm,168,192,20014,20.297997156778973,30.742453526666345,0.6248207760958041,6.2281276830198555,206.5154890001395,13.52490234375,,231289280,true,dcb2c10e4ac97b1d1289825869826fdec84593f7,ef768c17c85b2a8c,true,2026-09-20T14:56:31+00:00
20260920T145420Z-gpu_h192,electricity_hourly,T27,timesfm25,tsfm,168,192,20015,28.93070689837138,40.065925519781096,0.9674922882873848,8.350720854982978,214.51801600005638,13.52490234375,,231289280,true,dcb2c10e4ac97b1d1289825869826fdec84593f7,ef768c17c85b2a8c,true,2026-09-20T14:56:31+00:00
20260920T145420Z-gpu_h192,electricity_hourly,T27,timesfm25,tsfm,168,192,20016,29.52305841445923,40.73980278689662,0.8090048357149626,7.85962973155137,198.9124320002702,13.52490234375,,231289280,true,dcb2c10e4ac97b1d1289825869826fdec84593f7,ef768c17c85b2a8c,true,2026-09-20T14:56:31+00:00
20260920T145420Z-gpu_h192,electricity_hourly,T27,timesfm25,tsfm,168,192,20017,26.762285947799683,34.323431344855116,0.6440122286903667,7.504997334287973,212.69519799989212,13.52490234375,,231289280,true,dcb2c10e4ac97b1d1289825869826fdec84593f7,ef768c17c85b2a8c,true,2026-09-20T14:56:31+00:00
20260920T145420Z-gpu_h192,electricity_hourly,T27,timesfm25,tsfm,168,192,20018,33.56715695063273,45.96353971866962,0.924220000170385,8.488949455242881,215.47958899964215,13.52490234375,,231289280,true,dcb2c10e4ac97b1d1289825869826fdec84593f7,ef768c17c85b2a8c,true,2026-09-20T14:56:31+00:00
20260920T145420Z-gpu_h192,electricity_hourly,T27,timesfm25,tsfm,168,192,20019,45.46251837412516,55.091717412726624,1.0824409136696467,11.524047855144824,196.5698149997479,13.52490234375,,231289280,true,dcb2c10e4ac97b1d1289825869826fdec84593f7,ef768c17c85b2a8c,true,2026-09-20T14:56:31+00:00
20260920T145420Z-gpu_h192,electricity_hourly,T27,timesfm25,tsfm,168,192,20020,45.94314114252726,61.96983710412431,1.012211187962657,10.725859162839047,207.64398500023162,13.52490234375,,231289280,true,dcb2c10e4ac97b1d1289825869826fdec84593f7,ef768c17c85b2a8c,true,2026-09-20T14:56:31+00:00
20260920T145420Z-gpu_h192,electricity_hourly,T27,chronos_bolt,tsfm,168,192,20000,19.93393079439799,26.73616484305057,0.6100926746850819,6.430014878175745,104.5302460001949,15.55126953125,,205292928,true,dcb2c10e4ac97b1d1289825869826fdec84593f7,ef768c17c85b2a8c,true,2026-09-20T14:56:37+00:00
20260920T145420Z-gpu_h192,electricity_hourly,T27,chronos_bolt,tsfm,168,192,20001,35.143226067225136,43.578294170170814,1.1868256457974717,10.689522034131665,100.86671199997,15.55126953125,,205292928,true,dcb2c10e4ac97b1d1289825869826fdec84593f7,ef768c17c85b2a8c,true,2026-09-20T14:56:37+00:00
20260920T145420Z-gpu_h192,electricity_hourly,T27,chronos_bolt,tsfm,168,192,20002,23.77645508448283,31.085587794791074,0.8155811177145135,7.414292073846231,107.86904299993694,15.55126953125,,205292928,true,dcb2c10e4ac97b1d1289825869826fdec84593f7,ef768c17c85b2a8c,true,2026-09-20T14:56:37+00:00
20260920T145420Z-gpu_h192,electricity_hourly,T27,chronos_bolt,tsfm,168,192,20003,18.61006251970927,22.951845320981285,0.6579545796312632,5.9943174816390075,106.07019999997647,15.55126953125,,205292928,true,dcb2c10e4ac97b1d1289825869826fdec84593f7,ef768c17c85b2a8c,true,2026-09-20T14:56:37+00:00
20260920T145420Z-gpu_h192,electricity_hourly,T27,chronos_bolt,tsfm,168,192,20004,20.924745162328083,25.81951228606856,0.8110802970054493,6.5013419194544575,114.6443510001518,15.55126953125,,205292928,true,dcb2c10e4ac97b1d1289825869826fdec84593f7,ef768c17c85b2a8c,true,2026-09-20T14:56:37+00:00
20260920T145420Z-gpu_h192,electricity_hourly,T27,chronos_bolt,tsfm,168,192,20005,21.16600211461385,26.92888924857514,0.6701636553439742,6.552925621452771,107.03493800019714,15.55126953125,,205292928,true,dcb2c10e4ac97b1d1289825869826fdec84593f7,ef768c17c85b2a8c,true,2026-09-20T14:56:37+00:00
20260920T145420Z-gpu_h192,electricity_hourly,T27,chronos_bolt,tsfm,168,192,20006,18.660009145736694,24.49302280230668,0.6408398084870222,5.676907916223108,102.33618699976432,15.55126953125,,205292928,true,dcb2c10e4ac97b1d1289825869826fdec84593f7,ef768c17c85b2a8c,true,2026-09-20T14:56:37+00:00
20260920T145420Z-gpu_h192,electricity_hourly,T27,chronos_bolt,tsfm,168,192,20007,20.985583623250324,27.884142688266582,0.8106019425289824,6.415629745382463,109.87056499971004,15.55126953125,,205292928,true,dcb2c10e4ac97b1d1289825869826fdec84593f7,ef768c17c85b2a8c,true,2026-09-20T14:56:37+00:00
20260920T145420Z-gpu_h192,electricity_hourly,T27,chronos_bolt,tsfm,168,192,20008,21.795029401779175,28.91721423431742,0.7905501848504286,6.69224473760525,109.74790899990694,15.55126953125,,205292928,true,dcb2c10e4ac97b1d1289825869826fdec84593f7,ef768c17c85b2a8c,true,2026-09-20T14:56:37+00:00
20260920T145420Z-gpu_h192,electricity_hourly,T27,chronos_bolt,tsfm,168,192,20009,21.81036114692688,27.60315429514899,0.7911062985283301,6.662745020432863,117.30161900004532,15.55126953125,,205292928,true,dcb2c10e4ac97b1d1289825869826fdec84593f7,ef768c17c85b2a8c,true,2026-09-20T14:56:37+00:00
20260920T145420Z-gpu_h192,electricity_hourly,T27,chronos_bolt,tsfm,168,192,20010,18.379998763402302,23.941327914328383,0.698711674215927,5.580499393765279,114.86994100005177,15.55126953125,,205292928,true,dcb2c10e4ac97b1d1289825869826fdec84593f7,ef768c17c85b2a8c,true,2026-09-20T14:56:37+00:00
20260920T145420Z-gpu_h192,electricity_hourly,T27,chronos_bolt,tsfm,168,192,20011,19.235378583272297,24.19408515181223,0.6928200390173114,6.126959458631165,112.27898700008154,15.55126953125,,205292928,true,dcb2c10e4ac97b1d1289825869826fdec84593f7,ef768c17c85b2a8c,true,2026-09-20T14:56:37+00:00
20260920T145420Z-gpu_h192,electricity_hourly,T27,chronos_bolt,tsfm,168,192,20012,23.07386541366577,31.536059087321515,0.7912923599828224,7.088376909562507,118.50319999985004,15.55126953125,,205292928,true,dcb2c10e4ac97b1d1289825869826fdec84593f7,ef768c17c85b2a8c,true,2026-09-20T14:56:37+00:00
20260920T145420Z-gpu_h192,electricity_hourly,T27,chronos_bolt,tsfm,168,192,20013,22.097678820292156,29.968129959548765,0.8362853482581,6.466866677762935,112.41924000023573,15.55126953125,,205292928,true,dcb2c10e4ac97b1d1289825869826fdec84593f7,ef768c17c85b2a8c,true,2026-09-20T14:56:37+00:00
20260920T145420Z-gpu_h192,electricity_hourly,T27,chronos_bolt,tsfm,168,192,20014,21.548936764399212,31.5987763650621,0.6633276815035242,6.652866344647514,113.599418999911,15.55126953125,,205292928,true,dcb2c10e4ac97b1d1289825869826fdec84593f7,ef768c17c85b2a8c,true,2026-09-20T14:56:37+00:00
20260920T145420Z-gpu_h192,electricity_hourly,T27,chronos_bolt,tsfm,168,192,20015,27.17644747098287,38.13154069508369,0.9088268545800123,7.735425054485977,113.36038399986137,15.55126953125,,205292928,true,dcb2c10e4ac97b1d1289825869826fdec84593f7,ef768c17c85b2a8c,true,2026-09-20T14:56:37+00:00
20260920T145420Z-gpu_h192,electricity_hourly,T27,chronos_bolt,tsfm,168,192,20016,22.139091332753498,30.902208092328348,0.60666587096413,6.006499319896195,120.55522499986182,15.55126953125,,205292928,true,dcb2c10e4ac97b1d1289825869826fdec84593f7,ef768c17c85b2a8c,true,2026-09-20T14:56:37+00:00
20260920T145420Z-gpu_h192,electricity_hourly,T27,chronos_bolt,tsfm,168,192,20017,25.91300638516744,33.88276834209073,0.6235750199639223,7.1922242041530655,113.36583299998892,15.55126953125,,205292928,true,dcb2c10e4ac97b1d1289825869826fdec84593f7,ef768c17c85b2a8c,true,2026-09-20T14:56:37+00:00
20260920T145420Z-gpu_h192,electricity_hourly,T27,chronos_bolt,tsfm,168,192,20018,29.476836284001667,41.37750127278137,0.8115993164237553,7.402112668287213,117.99341100004312,15.55126953125,,205292928,true,dcb2c10e4ac97b1d1289825869826fdec84593f7,ef768c17c85b2a8c,true,2026-09-20T14:56:37+00:00
20260920T145420Z-gpu_h192,electricity_hourly,T27,chronos_bolt,tsfm,168,192,20019,39.17510565121969,50.42026336767214,0.9327406107433259,10.008879817746653,116.65007999999943,15.55126953125,,205292928,true,dcb2c10e4ac97b1d1289825869826fdec84593f7,ef768c17c85b2a8c,true,2026-09-20T14:56:37+00:00
20260920T145420Z-gpu_h192,electricity_hourly,T27,chronos_bolt,tsfm,168,192,20020,38.11081759134928,53.80832515423447,0.8396508159660797,8.944075792110272,119.10019700007979,15.55126953125,,205292928,true,dcb2c10e4ac97b1d1289825869826fdec84593f7,ef768c17c85b2a8c,true,2026-09-20T14:56:37+00:00
20260920T145420Z-gpu_h192,electricity_hourly,T41,lstm,deep,168,192,30000,740.085848368154,892.0838374369471,1.9051872102151342,23.15146779999311,388.66749599992545,16.14599609375,0.3208610030001182,4513,false,dcb2c10e4ac97b1d1289825869826fdec84593f7,ef768c17c85b2a8c,true,2026-09-20T14:56:49+00:00
20260920T145420Z-gpu_h192,electricity_hourly,T41,lstm,deep,168,192,30001,731.479733849667,878.3642522006511,1.8854595223275705,20.90609790132193,389.14779400010957,16.10986328125,0.3217894559998058,4513,false,dcb2c10e4ac97b1d1289825869826fdec84593f7,ef768c17c85b2a8c,true,2026-09-20T14:56:49+00:00
20260920T145420Z-gpu_h192,electricity_hourly,T41,lstm,deep,168,192,30002,753.2042159656911,970.1352027711445,2.8660132940244036,22.114794335102626,417.6286249999066,16.10986328125,0.3501259050003682,4513,false,dcb2c10e4ac97b1d1289825869826fdec84593f7,ef768c17c85b2a8c,true,2026-09-20T14:56:49+00:00
20260920T145420Z-gpu_h192,electricity_hourly,T41,lstm,deep,168,192,30003,510.69531825363424,688.7223008713013,1.5469430536722129,14.593898216432066,391.8994489999932,16.10986328125,0.3251970710002752,4513,false,dcb2c10e4ac97b1d1289825869826fdec84593f7,ef768c17c85b2a8c,true,2026-09-20T14:56:49+00:00
20260920T145420Z-gpu_h192,electricity_hourly,T41,lstm,deep,168,192,30004,786.4223634103611,957.8235470820989,3.1423725048862865,22.10580360422959,387.065137999798,16.10986328125,0.31872462299998006,4513,false,dcb2c10e4ac97b1d1289825869826fdec84593f7,ef768c17c85b2a8c,true,2026-09-20T14:56:49+00:00
20260920T145420Z-gpu_h192,electricity_hourly,T41,lstm,deep,168,192,30005,621.8970251776645,767.9777719608221,1.9675097026448656,17.240444205659454,392.40743399977873,16.10986328125,0.31827699100040263,4513,false,dcb2c10e4ac97b1d1289825869826fdec84593f7,ef768c17c85b2a8c,true,2026-09-20T14:56:49+00:00
20260920T145420Z-gpu_h192,electricity_hourly,T41,lstm,deep,168,192,30006,1014.9636515339571,1284.0501314292258,2.7560770473484784,27.846458703377237,384.99955900033456,16.10986328125,0.31672355699993204,4513,false,dcb2c10e4ac97b1d1289825869826fdec84593f7,ef768c17c85b2a8c,true,2026-09-20T14:56:49+00:00
20260920T145420Z-gpu_h192,electricity_hourly,T41,lstm,deep,168,192,30007,780.5102589258258,949.7617628836383,2.9115972562385086,23.012598137970897,387.2656410003401,16.10986328125,0.3194685090002167,4513,false,dcb2c10e4ac97b1d1289825869826fdec84593f7,ef768c17c85b2a8c,true,2026-09-20T14:56:49+00:00
20260920T145420Z-gpu_h192,electricity_hourly,T41,lstm,deep,168,192,30008,289.6625376933433,389.2217399446369,1.0001535889663455,9.146477991878843,430.0263810000615,16.10986328125,0.35951243599993177,4513,false,dcb2c10e4ac97b1d1289825869826fdec84593f7,ef768c17c85b2a8c,true,2026-09-20T14:56:49+00:00
20260920T145420Z-gpu_h192,electricity_hourly,T41,lstm,deep,168,192,30009,529.7504707221113,705.19393800411,2.551733326107511,15.390834796040176,386.85350700006893,16.10986328125,0.3190612870002951,4513,false,dcb2c10e4ac97b1d1289825869826fdec84593f7,ef768c17c85b2a8c,true,2026-09-20T14:56:49+00:00
20260920T145420Z-gpu_h192,electricity_hourly,T41,lstm,deep,168,192,30010,636.5962099937715,848.6300687406753,1.8563414652930845,17.473134306923708,392.1115349999127,16.10986328125,0.32462486899976284,4513,false,dcb2c10e4ac97b1d1289825869826fdec84593f7,ef768c17c85b2a8c,true,2026-09-20T14:56:49+00:00
20260920T145420Z-gpu_h192,electricity_hourly,T41,lstm,deep,168,192,30011,738.8685811839009,939.28173099727,2.5064683665217493,20.08254811886491,377.7310730001773,16.10986328125,0.31000470099979793,4513,false,dcb2c10e4ac97b1d1289825869826fdec84593f7,ef768c17c85b2a8c,true,2026-09-20T14:56:49+00:00
20260920T145420Z-gpu_h192,electricity_hourly,T41,lstm,deep,168,192,30012,276.87227835885216,368.69565130952725,0.8622506560192631,7.776029577537853,387.0150019997709,16.10986328125,0.3181599690001349,4513,false,dcb2c10e4ac97b1d1289825869826fdec84593f7,ef768c17c85b2a8c,true,2026-09-20T14:56:49+00:00
20260920T145420Z-gpu_h192,electricity_hourly,T41,lstm,deep,168,192,30013,288.3549873857824,369.34877549035315,0.872591060050281,8.028244203701334,380.8094720002373,16.10986328125,0.3121842740001739,4513,false,dcb2c10e4ac97b1d1289825869826fdec84593f7,ef768c17c85b2a8c,true,2026-09-20T14:56:49+00:00
20260920T145420Z-gpu_h192,electricity_hourly,T41,lstm,deep,168,192,30014,495.07363620422916,672.6636286412174,1.671565654843232,13.287687769598241,401.4641860003394,16.10986328125,0.3316468860002715,4513,false,dcb2c10e4ac97b1d1289825869826fdec84593f7,ef768c17c85b2a8c,true,2026-09-20T14:56:49+00:00
20260920T145420Z-gpu_h192,electricity_hourly,T41,lstm,deep,168,192,30015,938.645341767476,1242.1421519615376,2.7015695797592847,24.74726369637772,394.69642099993507,16.10986328125,0.32674318499994115,4513,false,dcb2c10e4ac97b1d1289825869826fdec84593f7,ef768c17c85b2a8c,true,2026-09-20T14:56:49+00:00
20260920T145420Z-gpu_h192,electricity_hourly,T41,lstm,deep,168,192,30016,1493.5944058590032,1772.0008486329102,4.565240160547131,37.98779403046872,393.3946219999598,16.10986328125,0.3262370060001558,4513,false,dcb2c10e4ac97b1d1289825869826fdec84593f7,ef768c17c85b2a8c,true,2026-09-20T14:56:49+00:00
20260920T145420Z-gpu_h192,electricity_hourly,T41,lstm,deep,168,192,30017,638.9505759708755,814.80856756216,1.8155228583793304,16.130963612977173,391.1892699998134,16.10986328125,0.32302577500013285,4513,false,dcb2c10e4ac97b1d1289825869826fdec84593f7,ef768c17c85b2a8c,true,2026-09-20T14:56:49+00:00
20260920T145420Z-gpu_h192,electricity_hourly,T41,lstm,deep,168,192,30018,1449.3181419807036,1725.9329687349841,4.481945934612291,36.65662705224144,378.3886729997903,16.10986328125,0.31195143200011444,4513,false,dcb2c10e4ac97b1d1289825869826fdec84593f7,ef768c17c85b2a8c,true,2026-09-20T14:56:49+00:00
20260920T145420Z-gpu_h192,electricity_hourly,T41,lstm,deep,168,192,30019,592.9409305249212,802.1416853441017,1.4627975671678715,13.79603999909888,375.2365430000282,16.10986328125,0.30771078099996885,4513,false,dcb2c10e4ac97b1d1289825869826fdec84593f7,ef768c17c85b2a8c,true,2026-09-20T14:56:49+00:00
20260920T145420Z-gpu_h192,electricity_hourly,T41,lstm,deep,168,192,30020,1706.1654388683246,2044.125407765276,4.933490425643349,38.0059714104205,383.81708199995046,16.10986328125,0.3166689879999467,4513,false,dcb2c10e4ac97b1d1289825869826fdec84593f7,ef768c17c85b2a8c,true,2026-09-20T14:56:49+00:00
20260920T145420Z-gpu_h192,electricity_hourly,T41,transformer,deep,168,192,30000,720.5459077626465,888.3332482710119,1.8548859579860042,22.93381552313316,575.3996009998446,10.6845703125,0.569939912999871,19232,false,dcb2c10e4ac97b1d1289825869826fdec84593f7,ef768c17c85b2a8c,true,2026-09-20T14:57:06+00:00
20260920T145420Z-gpu_h192,electricity_hourly,T41,transformer,deep,168,192,30001,635.7131605431128,818.3723694188943,1.6386119485591997,19.06050640823619,572.4664809999922,10.525390625,0.5667206329999317,19232,false,dcb2c10e4ac97b1d1289825869826fdec84593f7,ef768c17c85b2a8c,true,2026-09-20T14:57:06+00:00
20260920T145420Z-gpu_h192,electricity_hourly,T41,transformer,deep,168,192,30002,461.7131771775169,579.3146532381355,1.7568623167097146,13.681703455690494,608.8538679996418,10.525390625,0.6032978749999529,19232,false,dcb2c10e4ac97b1d1289825869826fdec84593f7,ef768c17c85b2a8c,true,2026-09-20T14:57:06+00:00
20260920T145420Z-gpu_h192,electricity_hourly,T41,transformer,deep,168,192,30003,514.4838112182939,642.3962037508534,1.5584187470378914,15.183625422608271,584.4232510003167,10.525390625,0.5786106959999415,19232,false,dcb2c10e4ac97b1d1289825869826fdec84593f7,ef768c17c85b2a8c,true,2026-09-20T14:57:06+00:00
20260920T145420Z-gpu_h192,electricity_hourly,T41,transformer,deep,168,192,30004,396.04928733151354,508.57980620772554,1.5825267044713345,11.307856509901448,575.7068520001667,10.525390625,0.5702817230003348,19232,false,dcb2c10e4ac97b1d1289825869826fdec84593f7,ef768c17c85b2a8c,true,2026-09-20T14:57:06+00:00
20260920T145420Z-gpu_h192,electricity_hourly,T41,transformer,deep,168,192,30005,455.6484396923386,592.9036178716701,1.4415452877163364,12.711522364596481,577.0414270000401,10.525390625,0.5711975480003275,19232,false,dcb2c10e4ac97b1d1289825869826fdec84593f7,ef768c17c85b2a8c,true,2026-09-20T14:57:06+00:00
20260920T145420Z-gpu_h192,electricity_hourly,T41,transformer,deep,168,192,30006,590.0840622292372,763.1819028560858,1.602340278352068,16.407247177865774,580.258548999609,10.525390625,0.5748819330001425,19232,false,dcb2c10e4ac97b1d1289825869826fdec84593f7,ef768c17c85b2a8c,true,2026-09-20T14:57:06+00:00
20260920T145420Z-gpu_h192,electricity_hourly,T41,transformer,deep,168,192,30007,567.4830696527735,753.6456798826595,2.116925600487005,17.208589690003627,586.6557229996943,10.525390625,0.5812167899998713,19232,false,dcb2c10e4ac97b1d1289825869826fdec84593f7,ef768c17c85b2a8c,true,2026-09-20T14:57:06+00:00
20260920T145420Z-gpu_h192,electricity_hourly,T41,transformer,deep,168,192,30008,299.93796864388145,380.2505758407356,1.0356328374228254,9.650433402409815,575.4610449998836,10.525390625,0.5692391070001577,19232,false,dcb2c10e4ac97b1d1289825869826fdec84593f7,ef768c17c85b2a8c,true,2026-09-20T14:57:06+00:00
20260920T145420Z-gpu_h192,electricity_hourly,T41,transformer,deep,168,192,30009,893.7281221677868,1094.6893598148747,4.30496235464664,26.316749969832337,584.1404689999763,10.525390625,0.5785983320001833,19232,false,dcb2c10e4ac97b1d1289825869826fdec84593f7,ef768c17c85b2a8c,true,2026-09-20T14:57:06+00:00
20260920T145420Z-gpu_h192,electricity_hourly,T41,transformer,deep,168,192,30010,834.3983947118192,1010.6070100718433,2.433140999524158,23.43089827811602,586.1508590000994,10.525390625,0.5802799380003307,19232,false,dcb2c10e4ac97b1d1289825869826fdec84593f7,ef768c17c85b2a8c,true,2026-09-20T14:57:06+00:00
20260920T145420Z-gpu_h192,electricity_hourly,T41,transformer,deep,168,192,30011,785.6231238560046,964.9988516611244,2.665074085025905,21.539195611685344,589.1157589999239,10.525390625,0.5837562159999834,19232,false,dcb2c10e4ac97b1d1289825869826fdec84593f7,ef768c17c85b2a8c,true,2026-09-20T14:57:06+00:00
20260920T145420Z-gpu_h192,electricity_hourly,T41,transformer,deep,168,192,30012,621.6646195865779,813.4334475100586,1.9360216531600427,17.205483351371566,582.0322889999261,10.525390625,0.576558612000099,19232,false,dcb2c10e4ac97b1d1289825869826fdec84593f7,ef768c17c85b2a8c,true,2026-09-20T14:57:06+00:00
20260920T145420Z-gpu_h192,electricity_hourly,T41,transformer,deep,168,192,30013,364.16875816715736,469.1818650685025,1.102011120415052,10.04046201182298,582.4205379999512,10.525390625,0.5769741429999158,19232,false,dcb2c10e4ac97b1d1289825869826fdec84593f7,ef768c17c85b2a8c,true,2026-09-20T14:57:06+00:00
20260920T145420Z-gpu_h192,electricity_hourly,T41,transformer,deep,168,192,30014,765.8860261996373,941.1107981321151,2.5859360775808993,20.413289978741766,579.2580849997648,10.525390625,0.5737668000001577,19232,false,dcb2c10e4ac97b1d1289825869826fdec84593f7,ef768c17c85b2a8c,true,2026-09-20T14:57:06+00:00
20260920T145420Z-gpu_h192,electricity_hourly,T41,transformer,deep,168,192,30015,291.37445926714196,406.5445939447941,0.8386217247855061,7.6794999091272755,585.661828999946,10.525390625,0.5800650860001042,19232,false,dcb2c10e4ac97b1d1289825869826fdec84593f7,ef768c17c85b2a8c,true,2026-09-20T14:57:06+00:00
20260920T145420Z-gpu_h192,electricity_hourly,T41,transformer,deep,168,192,30016,1390.3064223709268,1719.321726423171,4.249535677139868,35.13808411837772,572.027831000014,10.525390625,0.5666756420000638,19232,false,dcb2c10e4ac97b1d1289825869826fdec84593f7,ef768c17c85b2a8c,true,2026-09-20T14:57:06+00:00
20260920T145420Z-gpu_h192,electricity_hourly,T41,transformer,deep,168,192,30017,494.8477150025298,612.6131782902696,1.4060670289540893,12.594524107940105,575.9136079996097,10.525390625,0.5696841230001155,19232,false,dcb2c10e4ac97b1d1289825869826fdec84593f7,ef768c17c85b2a8c,true,2026-09-20T14:57:06+00:00
20260920T145420Z-gpu_h192,electricity_hourly,T41,transformer,deep,168,192,30018,916.4058028801659,1189.9136070550455,2.833940419086092,23.14724688917961,575.6564490002347,10.525390625,0.5702714449998894,19232,false,dcb2c10e4ac97b1d1289825869826fdec84593f7,ef768c17c85b2a8c,true,2026-09-20T14:57:06+00:00
20260920T145420Z-gpu_h192,electricity_hourly,T41,transformer,deep,168,192,30019,481.856029743308,644.2966225472314,1.1887488141688598,11.192124925874664,581.0517889999574,10.525390625,0.5755517489997146,19232,false,dcb2c10e4ac97b1d1289825869826fdec84593f7,ef768c17c85b2a8c,true,2026-09-20T14:57:06+00:00
20260920T145420Z-gpu_h192,electricity_hourly,T41,transformer,deep,168,192,30020,711.4917292047706,903.4155546889516,2.057325482037891,16.45008823790259,580.0014460000966,10.525390625,0.574210973999925,19232,false,dcb2c10e4ac97b1d1289825869826fdec84593f7,ef768c17c85b2a8c,true,2026-09-20T14:57:06+00:00
20260920T145420Z-gpu_h192,electricity_hourly,T41,timesfm25,tsfm,168,192,30000,197.27039210001627,275.7222800849876,0.5078289617505514,6.024170728554339,208.56957200021498,13.52490234375,,231289280,true,dcb2c10e4ac97b1d1289825869826fdec84593f7,ef768c17c85b2a8c,true,2026-09-20T14:57:14+00:00
20260920T145420Z-gpu_h192,electricity_hourly,T41,timesfm25,tsfm,168,192,30001,343.51120630900067,429.4268565660627,0.8854332457755361,9.832556774595973,210.90938299994377,13.52490234375,,231289280,true,dcb2c10e4ac97b1d1289825869826fdec84593f7,ef768c17c85b2a8c,true,2026-09-20T14:57:14+00:00
20260920T145420Z-gpu_h192,electricity_hourly,T41,timesfm25,tsfm,168,192,30002,212.6049550374349,275.7679716053333,0.8089819661079861,6.252726432475907,211.10642999974516,13.52490234375,,231289280,true,dcb2c10e4ac97b1d1289825869826fdec84593f7,ef768c17c85b2a8c,true,2026-09-20T14:57:14+00:00
20260920T145420Z-gpu_h192,electricity_hourly,T41,timesfm25,tsfm,168,192,30003,198.10762532552084,249.6540846800839,0.6000862038931193,5.739361847824311,211.72289600008298,13.52490234375,,231289280,true,dcb2c10e4ac97b1d1289825869826fdec84593f7,ef768c17c85b2a8c,true,2026-09-20T14:57:14+00:00
20260920T145420Z-gpu_h192,electricity_hourly,T41,timesfm25,tsfm,168,192,30004,256.8642717997233,335.37044592819404,1.0263736927454399,7.301518732794866,212.86759200029337,13.52490234375,,231289280,true,dcb2c10e4ac97b1d1289825869826fdec84593f7,ef768c17c85b2a8c,true,2026-09-20T14:57:14+00:00
20260920T145420Z-gpu_h192,electricity_hourly,T41,timesfm25,tsfm,168,192,30005,226.02886962890625,284.7471301127946,0.7150926537165503,6.164032073665638,204.61891599961746,13.52490234375,,231289280,true,dcb2c10e4ac97b1d1289825869826fdec84593f7,ef768c17c85b2a8c,true,2026-09-20T14:57:14+00:00
20260920T145420Z-gpu_h192,electricity_hourly,T41,timesfm25,tsfm,168,192,30006,334.46276728312176,402.10179996666557,0.9082149441593349,9.833329512230362,216.75273999971978,13.52490234375,,231289280,true,dcb2c10e4ac97b1d1289825869826fdec84593f7,ef768c17c85b2a8c,true,2026-09-20T14:57:14+00:00
20260920T145420Z-gpu_h192,electricity_hourly,T41,timesfm25,tsfm,168,192,30007,305.3624776204427,431.9326920599341,1.1391170607052419,9.100728956353038,210.99024199975247,13.52490234375,,231289280,true,dcb2c10e4ac97b1d1289825869826fdec84593f7,ef768c17c85b2a8c,true,2026-09-20T14:57:14+00:00
20260920T145420Z-gpu_h192,electricity_hourly,T41,timesfm25,tsfm,168,192,30008,159.32146326700845,213.26340420649004,0.550108876884048,5.021223772187286,213.02093000031164,13.52490234375,,231289280,true,dcb2c10e4ac97b1d1289825869826fdec84593f7,ef768c17c85b2a8c,true,2026-09-20T14:57:14+00:00
20260920T145420Z-gpu_h192,electricity_hourly,T41,timesfm25,tsfm,168,192,30009,385.1657651265462,488.6387680837402,1.8552891847540611,11.084528901369255,222.3184360000232,13.52490234375,,231289280,true,dcb2c10e4ac97b1d1289825869826fdec84593f7,ef768c17c85b2a8c,true,2026-09-20T14:57:14+00:00
20260920T145420Z-gpu_h192,electricity_hourly,T41,timesfm25,tsfm,168,192,30010,237.14679209391275,287.7655974640919,0.6915300729319072,6.752930334619683,213.79597199984346,13.52490234375,,231289280,true,dcb2c10e4ac97b1d1289825869826fdec84593f7,ef768c17c85b2a8c,true,2026-09-20T14:57:14+00:00
20260920T145420Z-gpu_h192,electricity_hourly,T41,timesfm25,tsfm,168,192,30011,238.30214818318686,318.8329402372922,0.8083938217243964,6.908031003466415,214.42480299992894,13.52490234375,,231289280,true,dcb2c10e4ac97b1d1289825869826fdec84593f7,ef768c17c85b2a8c,true,2026-09-20T14:57:14+00:00
20260920T145420Z-gpu_h192,electricity_hourly,T41,timesfm25,tsfm,168,192,30012,235.33283233642578,325.49872987106113,0.7328862617367441,6.430714183579892,209.67973699998765,13.52490234375,,231289280,true,dcb2c10e4ac97b1d1289825869826fdec84593f7,ef768c17c85b2a8c,true,2026-09-20T14:57:14+00:00
20260920T145420Z-gpu_h192,electricity_hourly,T41,timesfm25,tsfm,168,192,30013,244.39406204223633,320.85408541901575,0.7395608988795451,6.68441828176137,210.6163190001098,13.52490234375,,231289280,true,dcb2c10e4ac97b1d1289825869826fdec84593f7,ef768c17c85b2a8c,true,2026-09-20T14:57:14+00:00
20260920T145420Z-gpu_h192,electricity_hourly,T41,timesfm25,tsfm,168,192,30014,226.99381256103516,352.7920894308103,0.7664214637808404,6.0539292152226,206.86680199969487,13.52490234375,,231289280,true,dcb2c10e4ac97b1d1289825869826fdec84593f7,ef768c17c85b2a8c,true,2026-09-20T14:57:14+00:00
20260920T145420Z-gpu_h192,electricity_hourly,T41,timesfm25,tsfm,168,192,30015,256.1240984598796,346.0836407368872,0.7371656175692088,6.757264257299387,227.1755819997452,13.52490234375,,231289280,true,dcb2c10e4ac97b1d1289825869826fdec84593f7,ef768c17c85b2a8c,true,2026-09-20T14:57:14+00:00
20260920T145420Z-gpu_h192,electricity_hourly,T41,timesfm25,tsfm,168,192,30016,418.32875696818036,532.6089253762291,1.2786411318436486,10.197140932358899,211.78809999992154,13.52490234375,,231289280,true,dcb2c10e4ac97b1d1289825869826fdec84593f7,ef768c17c85b2a8c,true,2026-09-20T14:57:14+00:00
20260920T145420Z-gpu_h192,electricity_hourly,T41,timesfm25,tsfm,168,192,30017,352.6954294840495,430.8328563091914,1.0021535911462958,9.289374807442456,219.35875700000906,13.52490234375,,231289280,true,dcb2c10e4ac97b1d1289825869826fdec84593f7,ef768c17c85b2a8c,true,2026-09-20T14:57:14+00:00
20260920T145420Z-gpu_h192,electricity_hourly,T41,timesfm25,tsfm,168,192,30018,286.1455879211426,368.4905558172477,0.8848913274056595,7.471365159745394,217.64428400001634,13.52490234375,,231289280,true,dcb2c10e4ac97b1d1289825869826fdec84593f7,ef768c17c85b2a8c,true,2026-09-20T14:57:14+00:00
20260920T145420Z-gpu_h192,electricity_hourly,T41,timesfm25,tsfm,168,192,30019,425.1995557149251,525.1255190581109,1.0489761182619362,9.92188324001365,219.73950499977946,13.52490234375,,231289280,true,dcb2c10e4ac97b1d1289825869826fdec84593f7,ef768c17c85b2a8c,true,2026-09-20T14:57:14+00:00
20260920T145420Z-gpu_h192,electricity_hourly,T41,timesfm25,tsfm,168,192,30020,572.1817982991537,704.511295049926,1.654501585443336,12.987051351710981,217.74207199996454,13.52490234375,,231289280,true,dcb2c10e4ac97b1d1289825869826fdec84593f7,ef768c17c85b2a8c,true,2026-09-20T14:57:14+00:00
20260920T145420Z-gpu_h192,electricity_hourly,T41,chronos_bolt,tsfm,168,192,30000,181.73471959431967,264.88201370886526,0.46783581146236963,5.457074460708845,116.71904900003938,15.55126953125,,205292928,true,dcb2c10e4ac97b1d1289825869826fdec84593f7,ef768c17c85b2a8c,true,2026-09-20T14:57:21+00:00
20260920T145420Z-gpu_h192,electricity_hourly,T41,chronos_bolt,tsfm,168,192,30001,278.03123474121094,352.17233096013723,0.7166523073557151,7.909397360796909,115.04909399991448,15.55126953125,,205292928,true,dcb2c10e4ac97b1d1289825869826fdec84593f7,ef768c17c85b2a8c,true,2026-09-20T14:57:21+00:00
20260920T145420Z-gpu_h192,electricity_hourly,T41,chronos_bolt,tsfm,168,192,30002,191.2924550374349,237.47310490626072,0.7278858874693644,5.483776246248747,118.07709800041266,15.55126953125,,205292928,true,dcb2c10e4ac97b1d1289825869826fdec84593f7,ef768c17c85b2a8c,true,2026-09-20T14:57:21+00:00
20260920T145420Z-gpu_h192,electricity_hourly,T41,chronos_bolt,tsfm,168,192,30003,153.11416880289713,203.1085843884509,0.46379688903042104,4.438883234533244,116.42076199996154,15.55126953125,,205292928,true,dcb2c10e4ac97b1d1289825869826fdec84593f7,ef768c17c85b2a8c,true,2026-09-20T14:57:21+00:00
20260920T145420Z-gpu_h192,electricity_hourly,T41,chronos_bolt,tsfm,168,192,30004,208.8155034383138,286.53638588749044,0.8343812779598532,5.924022232062681,118.34617699969385,15.55126953125,,205292928,true,dcb2c10e4ac97b1d1289825869826fdec84593f7,ef768c17c85b2a8c,true,2026-09-20T14:57:21+00:00
20260920T145420Z-gpu_h192,electricity_hourly,T41,chronos_bolt,tsfm,168,192,30005,228.3807856241862,289.8589286548466,0.7225334636146149,6.2112037487541105,115.01348599995254,15.55126953125,,205292928,true,dcb2c10e4ac97b1d1289825869826fdec84593f7,ef768c17c85b2a8c,true,2026-09-20T14:57:21+00:00
20260920T145420Z-gpu_h192,electricity_hourly,T41,chronos_bolt,tsfm,168,192,30006,360.6291364034017,414.88454141498835,0.979268256498017,10.472073952321443,115.97168200023589,15.55126953125,,205292928,true,dcb2c10e4ac97b1d1289825869826fdec84593f7,ef768c17c85b2a8c,true,2026-09-20T14:57:21+00:00
20260920T145420Z-gpu_h192,electricity_hourly,T41,chronos_bolt,tsfm,168,192,30007,284.3304214477539,395.24730177602817,1.0606595691538407,8.572045899395464,122.00206400029856,15.55126953125,,205292928,true,dcb2c10e4ac97b1d1289825869826fdec84593f7,ef768c17c85b2a8c,true,2026-09-20T14:57:21+00:00
20260920T145420Z-gpu_h192,electricity_hourly,T41,chronos_bolt,tsfm,168,192,30008,157.4761060078939,199.60747709527797,0.5437371841538597,4.9158803273680824,119.1910719999214,15.55126953125,,205292928,true,dcb2c10e4ac97b1d1289825869826fdec84593f7,ef768c17c85b2a8c,true,2026-09-20T14:57:21+00:00
20260920T145420Z-gpu_h192,electricity_hourly,T41,chronos_bolt,tsfm,168,192,30009,283.7389678955078,364.79204705552485,1.366730603008969,8.126785925457785,118.96094699977766,15.55126953125,,205292928,true,dcb2c10e4ac97b1d1289825869826fdec84593f7,ef768c17c85b2a8c,true,2026-09-20T14:57:21+00:00
20260920T145420Z-gpu_h192,electricity_hourly,T41,chronos_bolt,tsfm,168,192,30010,206.4381586710612,253.29949653060552,0.6019823994296062,5.918436104718246,119.34354499999245,15.55126953125,,205292928,true,dcb2c10e4ac97b1d1289825869826fdec84593f7,ef768c17c85b2a8c,true,2026-09-20T14:57:21+00:00
20260920T145420Z-gpu_h192,electricity_hourly,T41,chronos_bolt,tsfm,168,192,30011,209.95971043904623,281.2690152599789,0.7122475983703422,6.118801537441537,121.82567099989683,15.55126953125,,205292928,true,dcb2c10e4ac97b1d1289825869826fdec84593f7,ef768c17c85b2a8c,true,2026-09-20T14:57:21+00:00
20260920T145420Z-gpu_h192,electricity_hourly,T41,chronos_bolt,tsfm,168,192,30012,217.46167373657227,293.1461210500872,0.6772309309904281,6.035706913081653,123.35522600005788,15.55126953125,,205292928,true,dcb2c10e4ac97b1d1289825869826fdec84593f7,ef768c17c85b2a8c,true,2026-09-20T14:57:21+00:00
20260920T145420Z-gpu_h192,electricity_hourly,T41,chronos_bolt,tsfm,168,192,30013,219.03780364990234,292.89996154637015,0.6628303224811066,5.961142841448238,120.15275300018402,15.55126953125,,205292928,true,dcb2c10e4ac97b1d1289825869826fdec84593f7,ef768c17c85b2a8c,true,2026-09-20T14:57:21+00:00
20260920T145420Z-gpu_h192,electricity_hourly,T41,chronos_bolt,tsfm,168,192,30014,203.86141204833984,329.0982467484343,0.6883172720335985,5.648273538469684,119.32132800029649,15.55126953125,,205292928,true,dcb2c10e4ac97b1d1289825869826fdec84593f7,ef768c17c85b2a8c,true,2026-09-20T14:57:21+00:00
20260920T145420Z-gpu_h192,electricity_hourly,T41,chronos_bolt,tsfm,168,192,30015,241.35850143432617,328.130029730529,0.694667896676986,6.421336817490096,120.6089760003124,15.55126953125,,205292928,true,dcb2c10e4ac97b1d1289825869826fdec84593f7,ef768c17c85b2a8c,true,2026-09-20T14:57:21+00:00
20260920T145420Z-gpu_h192,electricity_hourly,T41,chronos_bolt,tsfm,168,192,30016,309.0152867635091,379.61788105350536,0.9445194704946788,7.852897182371943,117.30733100012003,15.55126953125,,205292928,true,dcb2c10e4ac97b1d1289825869826fdec84593f7,ef768c17c85b2a8c,true,2026-09-20T14:57:21+00:00
20260920T145420Z-gpu_h192,electricity_hourly,T41,chronos_bolt,tsfm,168,192,30017,371.27601369222003,462.08908560982167,1.0549487158720512,9.547801392637933,116.93006299992703,15.55126953125,,205292928,true,dcb2c10e4ac97b1d1289825869826fdec84593f7,ef768c17c85b2a8c,true,2026-09-20T14:57:21+00:00
20260920T145420Z-gpu_h192,electricity_hourly,T41,chronos_bolt,tsfm,168,192,30018,255.35951232910156,331.9909408799189,0.789686884470968,6.559146692030637,118.76802599999792,15.55126953125,,205292928,true,dcb2c10e4ac97b1d1289825869826fdec84593f7,ef768c17c85b2a8c,true,2026-09-20T14:57:21+00:00
20260920T145420Z-gpu_h192,electricity_hourly,T41,chronos_bolt,tsfm,168,192,30019,381.0362205505371,469.35690534956495,0.9400242549130948,8.936272341029657,118.84530199995424,15.55126953125,,205292928,true,dcb2c10e4ac97b1d1289825869826fdec84593f7,ef768c17c85b2a8c,true,2026-09-20T14:57:21+00:00
20260920T145420Z-gpu_h192,electricity_hourly,T41,chronos_bolt,tsfm,168,192,30020,526.1916046142578,674.0617989534248,1.5215178928605047,12.203365557617417,116.8676190000042,15.55126953125,,205292928,true,dcb2c10e4ac97b1d1289825869826fdec84593f7,ef768c17c85b2a8c,true,2026-09-20T14:57:21+00:00
20260920T145420Z-gpu_h192,electricity_hourly,T54,lstm,deep,168,192,40000,25.88731614927153,31.806882608917046,1.7403237747409432,12.75080726329556,422.5886750000427,16.14599609375,0.3486341719999473,4513,false,dcb2c10e4ac97b1d1289825869826fdec84593f7,ef768c17c85b2a8c,true,2026-09-20T14:57:34+00:00
20260920T145420Z-gpu_h192,electricity_hourly,T54,lstm,deep,168,192,40001,55.02894582807645,68.42999916250243,2.405636976090774,26.404282764750338,421.8239030001314,16.10986328125,0.3547167110000373,4513,false,dcb2c10e4ac97b1d1289825869826fdec84593f7,ef768c17c85b2a8c,true,2026-09-20T14:57:34+00:00
20260920T145420Z-gpu_h192,electricity_hourly,T54,lstm,deep,168,192,40002,50.695647020626986,65.98755140154627,3.4353756098683697,23.60716773661185,427.92951699993864,16.10986328125,0.35428723799986983,4513,false,dcb2c10e4ac97b1d1289825869826fdec84593f7,ef768c17c85b2a8c,true,2026-09-20T14:57:34+00:00
20260920T145420Z-gpu_h192,electricity_hourly,T54,lstm,deep,168,192,40003,15.838088120067297,20.88562932035149,0.7279555344046252,7.203419213652882,380.2476289997685,16.10986328125,0.31193897899993317,4513,false,dcb2c10e4ac97b1d1289825869826fdec84593f7,ef768c17c85b2a8c,true,2026-09-20T14:57:34+00:00
20260920T145420Z-gpu_h192,electricity_hourly,T54,lstm,deep,168,192,40004,44.32585678179424,56.05237335222256,2.3219073759834017,19.423426476341973,388.5025030003817,16.10986328125,0.32135711999990235,4513,false,dcb2c10e4ac97b1d1289825869826fdec84593f7,ef768c17c85b2a8c,true,2026-09-20T14:57:34+00:00
20260920T145420Z-gpu_h192,electricity_hourly,T54,lstm,deep,168,192,40005,43.22266727462511,53.51512430369149,1.2772550969722996,17.4838877342523,411.3250410000546,16.10986328125,0.3420310490000702,4513,false,dcb2c10e4ac97b1d1289825869826fdec84593f7,ef768c17c85b2a8c,true,2026-09-20T14:57:34+00:00
20260920T145420Z-gpu_h192,electricity_hourly,T54,lstm,deep,168,192,40006,43.57008001150779,54.255370233546806,1.7476578054755214,18.499794240209614,399.64116099963576,16.10986328125,0.33233892799989917,4513,false,dcb2c10e4ac97b1d1289825869826fdec84593f7,ef768c17c85b2a8c,true,2026-09-20T14:57:34+00:00
20260920T145420Z-gpu_h192,electricity_hourly,T54,lstm,deep,168,192,40007,55.77520941172296,64.03337369969714,2.1920387978406404,24.58481904887736,422.12715599998774,16.10986328125,0.3506039089998012,4513,false,dcb2c10e4ac97b1d1289825869826fdec84593f7,ef768c17c85b2a8c,true,2026-09-20T14:57:34+00:00
20260920T145420Z-gpu_h192,electricity_hourly,T54,lstm,deep,168,192,40008,39.797317548014426,49.56446670024883,2.027888792255512,18.032708161804788,420.3477629998815,16.10986328125,0.350075385999844,4513,false,dcb2c10e4ac97b1d1289825869826fdec84593f7,ef768c17c85b2a8c,true,2026-09-20T14:57:34+00:00
20260920T145420Z-gpu_h192,electricity_hourly,T54,lstm,deep,168,192,40009,37.89324392492643,48.5407914560004,1.9900171864293967,16.822632365051795,393.5367069998392,16.10986328125,0.32393463200014594,4513,false,dcb2c10e4ac97b1d1289825869826fdec84593f7,ef768c17c85b2a8c,true,2026-09-20T14:57:34+00:00
20260920T145420Z-gpu_h192,electricity_hourly,T54,lstm,deep,168,192,40010,25.178691533885655,36.37477769373117,1.2962930214084856,11.102335565008055,428.42543400001887,16.10986328125,0.35524017299985644,4513,false,dcb2c10e4ac97b1d1289825869826fdec84593f7,ef768c17c85b2a8c,true,2026-09-20T14:57:34+00:00
20260920T145420Z-gpu_h192,electricity_hourly,T54,lstm,deep,168,192,40011,32.75721119336248,44.65883302592445,2.020144930125994,14.823439132195704,401.31332500004646,16.10986328125,0.33283533499979967,4513,false,dcb2c10e4ac97b1d1289825869826fdec84593f7,ef768c17c85b2a8c,true,2026-09-20T14:57:34+00:00
20260920T145420Z-gpu_h192,electricity_hourly,T54,lstm,deep,168,192,40012,43.70836111976624,54.20057139966199,2.399544034024528,19.39281636167315,424.4506370000636,16.10986328125,0.3519577739998567,4513,false,dcb2c10e4ac97b1d1289825869826fdec84593f7,ef768c17c85b2a8c,true,2026-09-20T14:57:34+00:00
20260920T145420Z-gpu_h192,electricity_hourly,T54,lstm,deep,168,192,40013,50.05205575643887,64.4785675468582,2.7763852191553147,20.54660180704885,424.56575000005614,16.10986328125,0.3565027130002818,4513,false,dcb2c10e4ac97b1d1289825869826fdec84593f7,ef768c17c85b2a8c,true,2026-09-20T14:57:34+00:00
20260920T145420Z-gpu_h192,electricity_hourly,T54,lstm,deep,168,192,40014,88.43653840376795,98.9425510601234,4.021111945103437,34.916106509162766,393.8205269996615,16.10986328125,0.3255117789999531,4513,false,dcb2c10e4ac97b1d1289825869826fdec84593f7,ef768c17c85b2a8c,true,2026-09-20T14:57:34+00:00
20260920T145420Z-gpu_h192,electricity_hourly,T54,lstm,deep,168,192,40015,70.21643518790326,90.56812926835231,3.9327758331614424,29.342999277919652,387.57844700012356,16.10986328125,0.3190087670000139,4513,false,dcb2c10e4ac97b1d1289825869826fdec84593f7,ef768c17c85b2a8c,true,2026-09-20T14:57:34+00:00
20260920T145420Z-gpu_h192,electricity_hourly,T54,lstm,deep,168,192,40016,66.59271686816413,83.64417369867832,3.7385384908443022,24.889044678608034,372.97572799980117,16.10986328125,0.3070144549997167,4513,false,dcb2c10e4ac97b1d1289825869826fdec84593f7,ef768c17c85b2a8c,true,2026-09-20T14:57:34+00:00
20260920T145420Z-gpu_h192,electricity_hourly,T54,lstm,deep,168,192,40017,70.02325619523442,86.67979664436034,3.346614302062316,25.693976857078287,382.63815599975715,16.10986328125,0.31610790300010194,4513,false,dcb2c10e4ac97b1d1289825869826fdec84593f7,ef768c17c85b2a8c,true,2026-09-20T14:57:34+00:00
20260920T145420Z-gpu_h192,electricity_hourly,T54,lstm,deep,168,192,40018,66.20699834373391,88.97275642419305,3.213282022749472,22.742761765118924,434.6364619996166,16.10986328125,0.36442312899998797,4513,false,dcb2c10e4ac97b1d1289825869826fdec84593f7,ef768c17c85b2a8c,true,2026-09-20T14:57:34+00:00
20260920T145420Z-gpu_h192,electricity_hourly,T54,lstm,deep,168,192,40019,54.45813123553669,71.79799883396454,1.9590234568866558,16.20586692983046,410.9611630001382,16.10986328125,0.3386392289999094,4513,false,dcb2c10e4ac97b1d1289825869826fdec84593f7,ef768c17c85b2a8c,true,2026-09-20T14:57:34+00:00
20260920T145420Z-gpu_h192,electricity_hourly,T54,lstm,deep,168,192,40020,98.3672722410516,119.00590779379625,3.86069424985321,29.089746493644864,392.56667900008324,16.10986328125,0.3220419720000791,4513,false,dcb2c10e4ac97b1d1289825869826fdec84593f7,ef768c17c85b2a8c,true,2026-09-20T14:57:34+00:00
20260920T145420Z-gpu_h192,electricity_hourly,T54,transformer,deep,168,192,40000,28.446266800675094,35.682936278551054,1.9123540706336197,14.478478551049099,568.53040399983,10.6845703125,0.5629313659997024,19232,false,dcb2c10e4ac97b1d1289825869826fdec84593f7,ef768c17c85b2a8c,true,2026-09-20T14:57:50+00:00
20260920T145420Z-gpu_h192,electricity_hourly,T54,transformer,deep,168,192,40001,48.87362348205486,59.53140575339147,2.1365518462100486,23.781932974443908,575.2930469998319,10.525390625,0.5695768330001556,19232,false,dcb2c10e4ac97b1d1289825869826fdec84593f7,ef768c17c85b2a8c,true,2026-09-20T14:57:50+00:00
20260920T145420Z-gpu_h192,electricity_hourly,T54,transformer,deep,168,192,40002,30.030706268126124,37.53547750179295,2.0350219776988996,14.313430535958553,587.4858059996768,10.525390625,0.5819495920000008,19232,false,dcb2c10e4ac97b1d1289825869826fdec84593f7,ef768c17c85b2a8c,true,2026-09-20T14:57:50+00:00
20260920T145420Z-gpu_h192,electricity_hourly,T54,transformer,deep,168,192,40003,41.534991450005414,49.12464912059313,1.9090452501757995,19.392680419235862,568.6728099999527,10.525390625,0.5631333259998428,19232,false,dcb2c10e4ac97b1d1289825869826fdec84593f7,ef768c17c85b2a8c,true,2026-09-20T14:57:50+00:00
20260920T145420Z-gpu_h192,electricity_hourly,T54,transformer,deep,168,192,40004,52.05310177137113,64.01874454642787,2.726681213196596,22.755424002598758,598.107071999948,10.525390625,0.5926488069999323,19232,false,dcb2c10e4ac97b1d1289825869826fdec84593f7,ef768c17c85b2a8c,true,2026-09-20T14:57:50+00:00
20260920T145420Z-gpu_h192,electricity_hourly,T54,transformer,deep,168,192,40005,35.23745609301956,46.24836589616996,1.0412874363625726,14.816678009406614,569.6247340001719,10.525390625,0.5642567360000612,19232,false,dcb2c10e4ac97b1d1289825869826fdec84593f7,ef768c17c85b2a8c,true,2026-09-20T14:57:50+00:00
20260920T145420Z-gpu_h192,electricity_hourly,T54,transformer,deep,168,192,40006,30.3400290142108,35.76785141667325,1.2169816651939707,12.98264577550855,578.7371470000835,10.525390625,0.5733036299998275,19232,false,dcb2c10e4ac97b1d1289825869826fdec84593f7,ef768c17c85b2a8c,true,2026-09-20T14:57:50+00:00
20260920T145420Z-gpu_h192,electricity_hourly,T54,transformer,deep,168,192,40007,34.7620251892642,43.85688232455001,1.3661931297090735,16.018283240739198,584.6429180000996,10.525390625,0.5789006569998492,19232,false,dcb2c10e4ac97b1d1289825869826fdec84593f7,ef768c17c85b2a8c,true,2026-09-20T14:57:50+00:00
20260920T145420Z-gpu_h192,electricity_hourly,T54,transformer,deep,168,192,40008,22.065996910330654,27.938333375067433,1.124382008169715,10.377923351349379,630.5096090000006,10.525390625,0.624889008000082,19232,false,dcb2c10e4ac97b1d1289825869826fdec84593f7,ef768c17c85b2a8c,true,2026-09-20T14:57:50+00:00
20260920T145420Z-gpu_h192,electricity_hourly,T54,transformer,deep,168,192,40009,31.614776615846548,41.0926935029468,1.6602946143989434,13.879028780996821,576.6852279998602,10.525390625,0.5708565259997158,19232,false,dcb2c10e4ac97b1d1289825869826fdec84593f7,ef768c17c85b2a8c,true,2026-09-20T14:57:50+00:00
20260920T145420Z-gpu_h192,electricity_hourly,T54,transformer,deep,168,192,40010,20.937549824316008,28.210108303283643,1.0779432158389364,9.303337134666666,601.9926990002205,10.525390625,0.5964407540000138,19232,false,dcb2c10e4ac97b1d1289825869826fdec84593f7,ef768c17c85b2a8c,true,2026-09-20T14:57:50+00:00
20260920T145420Z-gpu_h192,electricity_hourly,T54,transformer,deep,168,192,40011,54.28373052817753,67.00660795713009,3.3476904479903915,24.773876655952147,568.0324499999188,10.525390625,0.5626214109997818,19232,false,dcb2c10e4ac97b1d1289825869826fdec84593f7,ef768c17c85b2a8c,true,2026-09-20T14:57:50+00:00
20260920T145420Z-gpu_h192,electricity_hourly,T54,transformer,deep,168,192,40012,21.26378580982728,27.00394578741815,1.1673599529603995,9.811082891338756,582.8243109999676,10.525390625,0.5775226949999706,19232,false,dcb2c10e4ac97b1d1289825869826fdec84593f7,ef768c17c85b2a8c,true,2026-09-20T14:57:50+00:00
20260920T145420Z-gpu_h192,electricity_hourly,T54,transformer,deep,168,192,40013,33.09050970439142,40.97024661772051,1.8355290436950558,13.900243332614695,586.6683609997381,10.525390625,0.58098845800032,19232,false,dcb2c10e4ac97b1d1289825869826fdec84593f7,ef768c17c85b2a8c,true,2026-09-20T14:57:50+00:00
20260920T145420Z-gpu_h192,electricity_hourly,T54,transformer,deep,168,192,40014,56.17706512486378,70.47236812251512,2.554309244704889,24.09459331207754,605.3902050002762,10.525390625,0.5995533330001308,19232,false,dcb2c10e4ac97b1d1289825869826fdec84593f7,ef768c17c85b2a8c,true,2026-09-20T14:57:50+00:00
20260920T145420Z-gpu_h192,electricity_hourly,T54,transformer,deep,168,192,40015,36.28664239394314,48.93017346609058,2.032390705845123,15.400650650223845,580.2668440001071,10.525390625,0.5749152080002204,19232,false,dcb2c10e4ac97b1d1289825869826fdec84593f7,ef768c17c85b2a8c,true,2026-09-20T14:57:50+00:00
20260920T145420Z-gpu_h192,electricity_hourly,T54,transformer,deep,168,192,40016,48.39248194303914,63.22676982568472,2.716770916100443,17.55557147516761,583.4368929999982,10.525390625,0.5777388409997002,19232,false,dcb2c10e4ac97b1d1289825869826fdec84593f7,ef768c17c85b2a8c,true,2026-09-20T14:57:50+00:00
20260920T145420Z-gpu_h192,electricity_hourly,T54,transformer,deep,168,192,40017,26.426647036102185,35.00119561100637,1.263006031595989,10.073137948122442,584.1311179997319,10.525390625,0.578539912999986,19232,false,dcb2c10e4ac97b1d1289825869826fdec84593f7,ef768c17c85b2a8c,true,2026-09-20T14:57:50+00:00
20260920T145420Z-gpu_h192,electricity_hourly,T54,transformer,deep,168,192,40018,33.60147760080165,44.74901462916481,1.6308098330014955,11.835365137519455,574.1201499999988,10.525390625,0.5685126010002932,19232,false,dcb2c10e4ac97b1d1289825869826fdec84593f7,ef768c17c85b2a8c,true,2026-09-20T14:57:50+00:00
20260920T145420Z-gpu_h192,electricity_hourly,T54,transformer,deep,168,192,40019,43.49261511113004,55.2493985807858,1.564560723458088,13.06235834449313,587.7903289997448,10.525390625,0.582138476000182,19232,false,dcb2c10e4ac97b1d1289825869826fdec84593f7,ef768c17c85b2a8c,true,2026-09-20T14:57:50+00:00
20260920T145420Z-gpu_h192,electricity_hourly,T54,transformer,deep,168,192,40020,48.961811051866505,61.49332756229285,1.9216409897707212,15.094455338322552,576.0038400003396,10.525390625,0.5704764179999984,19232,false,dcb2c10e4ac97b1d1289825869826fdec84593f7,ef768c17c85b2a8c,true,2026-09-20T14:57:50+00:00
20260920T145420Z-gpu_h192,electricity_hourly,T54,timesfm25,tsfm,168,192,40000,16.51098640759786,21.53811070441095,1.109982279502377,8.291387054552326,203.61663599987878,13.52490234375,,231289280,true,dcb2c10e4ac97b1d1289825869826fdec84593f7,ef768c17c85b2a8c,true,2026-09-20T14:57:59+00:00
20260920T145420Z-gpu_h192,electricity_hourly,T54,timesfm25,tsfm,168,192,40001,29.817248980204266,35.74085497920085,1.30348629421658,14.20245139006214,212.81300999999075,13.52490234375,,231289280,true,dcb2c10e4ac97b1d1289825869826fdec84593f7,ef768c17c85b2a8c,true,2026-09-20T14:57:59+00:00
20260920T145420Z-gpu_h192,electricity_hourly,T54,timesfm25,tsfm,168,192,40002,21.755660851796467,24.965360008296052,1.4742659588982077,10.453388761799676,218.87259799996173,13.52490234375,,231289280,true,dcb2c10e4ac97b1d1289825869826fdec84593f7,ef768c17c85b2a8c,true,2026-09-20T14:57:59+00:00
20260920T145420Z-gpu_h192,electricity_hourly,T54,timesfm25,tsfm,168,192,40003,18.439861456553142,23.532464936495135,0.847539115781568,8.396662293429772,215.2850769998622,13.52490234375,,231289280,true,dcb2c10e4ac97b1d1289825869826fdec84593f7,ef768c17c85b2a8c,true,2026-09-20T14:57:59+00:00
20260920T145420Z-gpu_h192,electricity_hourly,T54,timesfm25,tsfm,168,192,40004,17.91091251373291,22.55755771424887,0.938221681330498,7.9291514065121,242.49100499991982,13.52490234375,,231289280,true,dcb2c10e4ac97b1d1289825869826fdec84593f7,ef768c17c85b2a8c,true,2026-09-20T14:57:59+00:00
20260920T145420Z-gpu_h192,electricity_hourly,T54,timesfm25,tsfm,168,192,40005,22.19080988566081,28.61412042303139,0.6557514105346104,8.957575529057182,210.58696499994767,13.52490234375,,231289280,true,dcb2c10e4ac97b1d1289825869826fdec84593f7,ef768c17c85b2a8c,true,2026-09-20T14:57:59+00:00
20260920T145420Z-gpu_h192,electricity_hourly,T54,timesfm25,tsfm,168,192,40006,27.368746280670166,31.37460600602538,1.0977992937093326,11.934291459496364,215.86003400034315,13.52490234375,,231289280,true,dcb2c10e4ac97b1d1289825869826fdec84593f7,ef768c17c85b2a8c,true,2026-09-20T14:57:59+00:00
20260920T145420Z-gpu_h192,electricity_hourly,T54,timesfm25,tsfm,168,192,40007,18.90692202250163,22.691952975681296,0.7430668043777933,9.00509618401289,218.03692799994678,13.52490234375,,231289280,true,dcb2c10e4ac97b1d1289825869826fdec84593f7,ef768c17c85b2a8c,true,2026-09-20T14:57:59+00:00
20260920T145420Z-gpu_h192,electricity_hourly,T54,timesfm25,tsfm,168,192,40008,16.16800793011983,21.045594423559102,0.8238475378405009,7.652495555783309,209.15081799967083,13.52490234375,,231289280,true,dcb2c10e4ac97b1d1289825869826fdec84593f7,ef768c17c85b2a8c,true,2026-09-20T14:57:59+00:00
20260920T145420Z-gpu_h192,electricity_hourly,T54,timesfm25,tsfm,168,192,40009,21.0907199382782,27.71416212514792,1.1076089245485268,9.377543557541907,216.37528100018244,13.52490234375,,231289280,true,dcb2c10e4ac97b1d1289825869826fdec84593f7,ef768c17c85b2a8c,true,2026-09-20T14:57:59+00:00
20260920T145420Z-gpu_h192,electricity_hourly,T54,timesfm25,tsfm,168,192,40010,13.278659502665201,18.289115946329165,0.6836349547314226,6.0990575461361045,211.2560610003129,13.52490234375,,231289280,true,dcb2c10e4ac97b1d1289825869826fdec84593f7,ef768c17c85b2a8c,true,2026-09-20T14:57:59+00:00
20260920T145420Z-gpu_h192,electricity_hourly,T54,timesfm25,tsfm,168,192,40011,11.837860504786173,16.365281364402158,0.73004364569131,5.453684580036048,215.7263280000734,13.52490234375,,231289280,true,dcb2c10e4ac97b1d1289825869826fdec84593f7,ef768c17c85b2a8c,true,2026-09-20T14:57:59+00:00
20260920T145420Z-gpu_h192,electricity_hourly,T54,timesfm25,tsfm,168,192,40012,12.825493812561035,16.685871166200954,0.7041064083144449,6.070666929537452,206.67558900004224,13.52490234375,,231289280,true,dcb2c10e4ac97b1d1289825869826fdec84593f7,ef768c17c85b2a8c,true,2026-09-20T14:57:59+00:00
20260920T145420Z-gpu_h192,electricity_hourly,T54,timesfm25,tsfm,168,192,40013,31.32641291618347,37.43230973238222,1.7376746763984667,12.890162329740864,204.64399200000116,13.52490234375,,231289280,true,dcb2c10e4ac97b1d1289825869826fdec84593f7,ef768c17c85b2a8c,true,2026-09-20T14:57:59+00:00
20260920T145420Z-gpu_h192,electricity_hourly,T54,timesfm25,tsfm,168,192,40014,19.082899411519367,26.216119043421937,0.8676784070915026,8.50282686333523,209.21431000033408,13.52490234375,,231289280,true,dcb2c10e4ac97b1d1289825869826fdec84593f7,ef768c17c85b2a8c,true,2026-09-20T14:57:59+00:00
20260920T145420Z-gpu_h192,electricity_hourly,T54,timesfm25,tsfm,168,192,40015,27.615132729212444,36.8978385613224,1.5467052170387365,11.674819069698177,209.74012199985737,13.52490234375,,231289280,true,dcb2c10e4ac97b1d1289825869826fdec84593f7,ef768c17c85b2a8c,true,2026-09-20T14:57:59+00:00
20260920T145420Z-gpu_h192,electricity_hourly,T54,timesfm25,tsfm,168,192,40016,21.319440523783367,29.44313202215457,1.1968808715106452,7.995644422815211,206.8992489998891,13.52490234375,,231289280,true,dcb2c10e4ac97b1d1289825869826fdec84593f7,ef768c17c85b2a8c,true,2026-09-20T14:57:59+00:00
20260920T145420Z-gpu_h192,electricity_hourly,T54,timesfm25,tsfm,168,192,40017,22.48224401473999,30.046335417186008,1.0744915825166141,8.640175013692145,207.48047200004294,13.52490234375,,231289280,true,dcb2c10e4ac97b1d1289825869826fdec84593f7,ef768c17c85b2a8c,true,2026-09-20T14:57:59+00:00
20260920T145420Z-gpu_h192,electricity_hourly,T54,timesfm25,tsfm,168,192,40018,30.267788489659626,41.3933418128909,1.4690129903980405,10.188824148679746,200.90505300004224,13.52490234375,,231289280,true,dcb2c10e4ac97b1d1289825869826fdec84593f7,ef768c17c85b2a8c,true,2026-09-20T14:57:59+00:00
20260920T145420Z-gpu_h192,electricity_hourly,T54,timesfm25,tsfm,168,192,40019,30.39466667175293,38.3606353069041,1.0933879592136952,9.646533837228704,200.26709200010373,13.52490234375,,231289280,true,dcb2c10e4ac97b1d1289825869826fdec84593f7,ef768c17c85b2a8c,true,2026-09-20T14:57:59+00:00
20260920T145420Z-gpu_h192,electricity_hourly,T54,timesfm25,tsfm,168,192,40020,30.209872484207153,38.843739296610295,1.1856695660195775,9.326061141656016,199.42811300006724,13.52490234375,,231289280,true,dcb2c10e4ac97b1d1289825869826fdec84593f7,ef768c17c85b2a8c,true,2026-09-20T14:57:59+00:00
20260920T145420Z-gpu_h192,electricity_hourly,T54,chronos_bolt,tsfm,168,192,40000,15.69436232248942,19.719209310258723,1.0550831813438266,7.953224919446468,110.99355199985439,15.55126953125,,205292928,true,dcb2c10e4ac97b1d1289825869826fdec84593f7,ef768c17c85b2a8c,true,2026-09-20T14:58:05+00:00
20260920T145420Z-gpu_h192,electricity_hourly,T54,chronos_bolt,tsfm,168,192,40001,25.55989460150401,30.55502814128514,1.1173724415958037,12.17089858527597,109.02134499974636,15.55126953125,,205292928,true,dcb2c10e4ac97b1d1289825869826fdec84593f7,ef768c17c85b2a8c,true,2026-09-20T14:58:05+00:00
20260920T145420Z-gpu_h192,electricity_hourly,T54,chronos_bolt,tsfm,168,192,40002,21.41960080464681,24.904332428196746,1.4514929486443013,10.2338242427942,98.47893500000282,15.55126953125,,205292928,true,dcb2c10e4ac97b1d1289825869826fdec84593f7,ef768c17c85b2a8c,true,2026-09-20T14:58:05+00:00
20260920T145420Z-gpu_h192,electricity_hourly,T54,chronos_bolt,tsfm,168,192,40003,14.624848206837973,19.303630155309428,0.6721921933561023,6.650218439663706,99.7689719997652,15.55126953125,,205292928,true,dcb2c10e4ac97b1d1289825869826fdec84593f7,ef768c17c85b2a8c,true,2026-09-20T14:58:05+00:00
20260920T145420Z-gpu_h192,electricity_hourly,T54,chronos_bolt,tsfm,168,192,40004,18.098969141642254,23.10430898165756,0.9480725923595796,7.986934438905811,107.4904920001245,15.55126953125,,205292928,true,dcb2c10e4ac97b1d1289825869826fdec84593f7,ef768c17c85b2a8c,true,2026-09-20T14:58:05+00:00
20260920T145420Z-gpu_h192,electricity_hourly,T54,chronos_bolt,tsfm,168,192,40005,24.443874279658,31.347658700831545,0.7223307810939364,10.10136486025269,103.23168100012481,15.55126953125,,205292928,true,dcb2c10e4ac97b1d1289825869826fdec84593f7,ef768c17c85b2a8c,true,2026-09-20T14:58:05+00:00
20260920T145420Z-gpu_h192,electricity_hourly,T54,chronos_bolt,tsfm,168,192,40006,31.437632083892822,35.554035232382894,1.2610080835879014,13.444958603764048,104.77578099971652,15.55126953125,,205292928,true,dcb2c10e4ac97b1d1289825869826fdec84593f7,ef768c17c85b2a8c,true,2026-09-20T14:58:05+00:00
20260920T145420Z-gpu_h192,electricity_hourly,T54,chronos_bolt,tsfm,168,192,40007,18.634944756825764,22.46951554662504,0.7323777415346371,8.819941557479243,113.60073400010151,15.55126953125,,205292928,true,dcb2c10e4ac97b1d1289825869826fdec84593f7,ef768c17c85b2a8c,true,2026-09-20T14:58:05+00:00
20260920T145420Z-gpu_h192,electricity_hourly,T54,chronos_bolt,tsfm,168,192,40008,16.023532549540203,21.042668630060515,0.816485735008418,7.570520234588381,114.11994899981437,15.55126953125,,205292928,true,dcb2c10e4ac97b1d1289825869826fdec84593f7,ef768c17c85b2a8c,true,2026-09-20T14:58:05+00:00
20260920T145420Z-gpu_h192,electricity_hourly,T54,chronos_bolt,tsfm,168,192,40009,19.926673491795857,26.34665982058146,1.046477382501314,8.876605302367183,116.61012100012158,15.55126953125,,205292928,true,dcb2c10e4ac97b1d1289825869826fdec84593f7,ef768c17c85b2a8c,true,2026-09-20T14:58:05+00:00
20260920T145420Z-gpu_h192,electricity_hourly,T54,chronos_bolt,tsfm,168,192,40010,12.505408922831217,16.346683948568863,0.6438251286691796,5.8103644407536486,113.11639399991691,15.55126953125,,205292928,true,dcb2c10e4ac97b1d1289825869826fdec84593f7,ef768c17c85b2a8c,true,2026-09-20T14:58:05+00:00
20260920T145420Z-gpu_h192,electricity_hourly,T54,chronos_bolt,tsfm,168,192,40011,11.019653161366781,14.315101317145812,0.6795846060971377,5.146451891572149,128.52900100006082,15.55126953125,,205292928,true,dcb2c10e4ac97b1d1289825869826fdec84593f7,ef768c17c85b2a8c,true,2026-09-20T14:58:05+00:00
20260920T145420Z-gpu_h192,electricity_hourly,T54,chronos_bolt,tsfm,168,192,40012,11.178883790969849,14.302577548170127,0.6137092130764995,5.279065028395833,112.81838600007177,15.55126953125,,205292928,true,dcb2c10e4ac97b1d1289825869826fdec84593f7,ef768c17c85b2a8c,true,2026-09-20T14:58:05+00:00
20260920T145420Z-gpu_h192,electricity_hourly,T54,chronos_bolt,tsfm,168,192,40013,26.33102289835612,32.01787835169428,1.4605806230212948,10.8626284524982,117.38940300028844,15.55126953125,,205292928,true,dcb2c10e4ac97b1d1289825869826fdec84593f7,ef768c17c85b2a8c,true,2026-09-20T14:58:05+00:00
20260920T145420Z-gpu_h192,electricity_hourly,T54,chronos_bolt,tsfm,168,192,40014,17.069977045059204,25.006300361587236,0.7761530453073967,7.5110773116416025,112.76438100003361,15.55126953125,,205292928,true,dcb2c10e4ac97b1d1289825869826fdec84593f7,ef768c17c85b2a8c,true,2026-09-20T14:58:05+00:00
20260920T145420Z-gpu_h192,electricity_hourly,T54,chronos_bolt,tsfm,168,192,40015,21.836743593215942,29.124018919225357,1.223061484800893,9.338852109361932,118.927936000091,15.55126953125,,205292928,true,dcb2c10e4ac97b1d1289825869826fdec84593f7,ef768c17c85b2a8c,true,2026-09-20T14:58:05+00:00
20260920T145420Z-gpu_h192,electricity_hourly,T54,chronos_bolt,tsfm,168,192,40016,22.07640751202901,28.228598899138706,1.2393772638332077,8.325701903243663,117.26237900029446,15.55126953125,,205292928,true,dcb2c10e4ac97b1d1289825869826fdec84593f7,ef768c17c85b2a8c,true,2026-09-20T14:58:05+00:00
20260920T145420Z-gpu_h192,electricity_hourly,T54,chronos_bolt,tsfm,168,192,40017,23.923287232716877,31.45849979313372,1.1433632132463427,8.994887713556915,116.84201199977906,15.55126953125,,205292928,true,dcb2c10e4ac97b1d1289825869826fdec84593f7,ef768c17c85b2a8c,true,2026-09-20T14:58:05+00:00
20260920T145420Z-gpu_h192,electricity_hourly,T54,chronos_bolt,tsfm,168,192,40018,30.45974858601888,41.68627995193437,1.4783295572587525,10.314332117379482,118.35531999986415,15.55126953125,,205292928,true,dcb2c10e4ac97b1d1289825869826fdec84593f7,ef768c17c85b2a8c,true,2026-09-20T14:58:05+00:00
20260920T145420Z-gpu_h192,electricity_hourly,T54,chronos_bolt,tsfm,168,192,40019,29.243298053741455,35.979393366161275,1.0519697526202272,9.361691376402618,117.82414900017102,15.55126953125,,205292928,true,dcb2c10e4ac97b1d1289825869826fdec84593f7,ef768c17c85b2a8c,true,2026-09-20T14:58:05+00:00
20260920T145420Z-gpu_h192,electricity_hourly,T54,chronos_bolt,tsfm,168,192,40020,29.899543682734173,39.03435201304621,1.1734898583575144,9.164435213298763,114.65193200001522,15.55126953125,,205292928,true,dcb2c10e4ac97b1d1289825869826fdec84593f7,ef768c17c85b2a8c,true,2026-09-20T14:58:05+00:00
20260920T145420Z-gpu_h192,electricity_hourly,T67,lstm,deep,168,192,50000,15.315046413708549,19.326376569342546,0.9505890877474272,9.14495213462665,374.5064770000681,16.14599609375,0.30821459500020865,4513,false,dcb2c10e4ac97b1d1289825869826fdec84593f7,ef768c17c85b2a8c,true,2026-09-20T14:58:17+00:00
20260920T145420Z-gpu_h192,electricity_hourly,T67,lstm,deep,168,192,50001,29.623043297037242,37.333216403189176,1.9380818876753125,16.718052833294923,376.1408510004003,16.10986328125,0.3110955050001394,4513,false,dcb2c10e4ac97b1d1289825869826fdec84593f7,ef768c17c85b2a8c,true,2026-09-20T14:58:17+00:00
20260920T145420Z-gpu_h192,electricity_hourly,T67,lstm,deep,168,192,50002,38.211631406431415,48.78412101406058,3.9416009473682836,21.45801943510434,373.69196600002397,16.10986328125,0.3058870779996141,4513,false,dcb2c10e4ac97b1d1289825869826fdec84593f7,ef768c17c85b2a8c,true,2026-09-20T14:58:17+00:00
20260920T145420Z-gpu_h192,electricity_hourly,T67,lstm,deep,168,192,50003,25.479318497122858,34.26268656704261,1.829936091563936,13.919125666626513,368.75720500029274,16.10986328125,0.303459551999822,4513,false,dcb2c10e4ac97b1d1289825869826fdec84593f7,ef768c17c85b2a8c,true,2026-09-20T14:58:17+00:00
20260920T145420Z-gpu_h192,electricity_hourly,T67,lstm,deep,168,192,50004,36.8688795565977,48.37537375257846,2.95114989224573,18.931690290777528,384.6192080000037,16.10986328125,0.31533505400011563,4513,false,dcb2c10e4ac97b1d1289825869826fdec84593f7,ef768c17c85b2a8c,true,2026-09-20T14:58:17+00:00
20260920T145420Z-gpu_h192,electricity_hourly,T67,lstm,deep,168,192,50005,33.52576293103527,43.34304645621625,2.258049514531842,17.76804376856125,367.91102899996986,16.10986328125,0.3029998860001797,4513,false,dcb2c10e4ac97b1d1289825869826fdec84593f7,ef768c17c85b2a8c,true,2026-09-20T14:58:17+00:00
20260920T145420Z-gpu_h192,electricity_hourly,T67,lstm,deep,168,192,50006,34.156497328014495,43.89299007070135,2.5697678240512474,17.39543753108734,376.7691670000204,16.10986328125,0.31019800800004305,4513,false,dcb2c10e4ac97b1d1289825869826fdec84593f7,ef768c17c85b2a8c,true,2026-09-20T14:58:17+00:00
20260920T145420Z-gpu_h192,electricity_hourly,T67,lstm,deep,168,192,50007,33.369695514606605,44.076996079725966,2.9087385920722464,16.93999905319598,401.26897800018924,16.10986328125,0.3316534900000079,4513,false,dcb2c10e4ac97b1d1289825869826fdec84593f7,ef768c17c85b2a8c,true,2026-09-20T14:58:17+00:00
20260920T145420Z-gpu_h192,electricity_hourly,T67,lstm,deep,168,192,50008,30.544079794816554,42.01089473498853,2.3723557122187615,15.69833018271064,385.6813219999822,16.10986328125,0.31704706999971677,4513,false,dcb2c10e4ac97b1d1289825869826fdec84593f7,ef768c17c85b2a8c,true,2026-09-20T14:58:17+00:00
20260920T145420Z-gpu_h192,electricity_hourly,T67,lstm,deep,168,192,50009,27.67469855495929,36.777822757639235,2.476790921015623,14.065307675035765,377.0781720004379,16.10986328125,0.3089012760001424,4513,false,dcb2c10e4ac97b1d1289825869826fdec84593f7,ef768c17c85b2a8c,true,2026-09-20T14:58:17+00:00
20260920T145420Z-gpu_h192,electricity_hourly,T67,lstm,deep,168,192,50010,28.832553493669923,36.735042167156,2.1248145870462993,14.272843073180722,394.718568999906,16.10986328125,0.3253566560001673,4513,false,dcb2c10e4ac97b1d1289825869826fdec84593f7,ef768c17c85b2a8c,true,2026-09-20T14:58:17+00:00
20260920T145420Z-gpu_h192,electricity_hourly,T67,lstm,deep,168,192,50011,35.26617571631318,48.09878529171336,2.4485676485771926,16.932057238788463,388.88647900012074,16.10986328125,0.31295847100000174,4513,false,dcb2c10e4ac97b1d1289825869826fdec84593f7,ef768c17c85b2a8c,true,2026-09-20T14:58:17+00:00
20260920T145420Z-gpu_h192,electricity_hourly,T67,lstm,deep,168,192,50012,42.20485202008613,64.25207108438623,2.6773121986310144,20.219748418358783,406.89924900016194,16.10986328125,0.33693270100002337,4513,false,dcb2c10e4ac97b1d1289825869826fdec84593f7,ef768c17c85b2a8c,true,2026-09-20T14:58:17+00:00
20260920T145420Z-gpu_h192,electricity_hourly,T67,lstm,deep,168,192,50013,34.51902271433608,49.00526118888654,1.5228980609265919,16.04590477849601,394.7680759997638,16.10986328125,0.3255209650001234,4513,false,dcb2c10e4ac97b1d1289825869826fdec84593f7,ef768c17c85b2a8c,true,2026-09-20T14:58:17+00:00
20260920T145420Z-gpu_h192,electricity_hourly,T67,lstm,deep,168,192,50014,43.71347759884613,59.98071497074522,2.4704634121796873,20.777276652595177,396.99943699997675,16.10986328125,0.3255784970001514,4513,false,dcb2c10e4ac97b1d1289825869826fdec84593f7,ef768c17c85b2a8c,true,2026-09-20T14:58:17+00:00
20260920T145420Z-gpu_h192,electricity_hourly,T67,lstm,deep,168,192,50015,31.76195145916219,42.88747454971688,1.8487150404686157,14.671917127861603,381.16957200008983,16.10986328125,0.31503131799991024,4513,false,dcb2c10e4ac97b1d1289825869826fdec84593f7,ef768c17c85b2a8c,true,2026-09-20T14:58:17+00:00
20260920T145420Z-gpu_h192,electricity_hourly,T67,lstm,deep,168,192,50016,40.305005913740246,57.794422579785454,2.5190628696087654,17.21831294785423,372.0721169997887,16.10986328125,0.3054964889997791,4513,false,dcb2c10e4ac97b1d1289825869826fdec84593f7,ef768c17c85b2a8c,true,2026-09-20T14:58:17+00:00
20260920T145420Z-gpu_h192,electricity_hourly,T67,lstm,deep,168,192,50017,60.59996794285431,76.72539656435347,2.6702556253889296,27.01580990957053,389.05512600013026,16.10986328125,0.3202371600000333,4513,false,dcb2c10e4ac97b1d1289825869826fdec84593f7,ef768c17c85b2a8c,true,2026-09-20T14:58:17+00:00
20260920T145420Z-gpu_h192,electricity_hourly,T67,lstm,deep,168,192,50018,70.27732407226523,89.17977037186049,4.252073389246299,31.45749345610937,387.6120320001064,16.10986328125,0.3140587709999636,4513,false,dcb2c10e4ac97b1d1289825869826fdec84593f7,ef768c17c85b2a8c,true,2026-09-20T14:58:17+00:00
20260920T145420Z-gpu_h192,electricity_hourly,T67,lstm,deep,168,192,50019,67.75876511084738,93.69128090767765,3.473571440356719,26.39249784748526,391.73181799969825,16.10986328125,0.3187303830000019,4513,false,dcb2c10e4ac97b1d1289825869826fdec84593f7,ef768c17c85b2a8c,true,2026-09-20T14:58:17+00:00
20260920T145420Z-gpu_h192,electricity_hourly,T67,lstm,deep,168,192,50020,76.39791841295673,105.63690404440102,3.60698368900517,26.739593337682173,388.10274400020717,16.10986328125,0.322433232000094,4513,false,dcb2c10e4ac97b1d1289825869826fdec84593f7,ef768c17c85b2a8c,true,2026-09-20T14:58:17+00:00
20260920T145420Z-gpu_h192,electricity_hourly,T67,transformer,deep,168,192,50000,15.788085740722119,20.11313851868588,0.9799501494241315,9.263347614527822,585.2400400003717,10.6845703125,0.5795751650002785,19232,false,dcb2c10e4ac97b1d1289825869826fdec84593f7,ef768c17c85b2a8c,true,2026-09-20T14:58:34+00:00
20260920T145420Z-gpu_h192,electricity_hourly,T67,transformer,deep,168,192,50001,25.27744597277045,32.716169196953395,1.6537720218441367,14.261620115643526,592.7457510001659,10.525390625,0.5869830120000188,19232,false,dcb2c10e4ac97b1d1289825869826fdec84593f7,ef768c17c85b2a8c,true,2026-09-20T14:58:34+00:00
20260920T145420Z-gpu_h192,electricity_hourly,T67,transformer,deep,168,192,50002,29.84708738889351,36.36967233260708,3.0787826532956055,17.03500725922319,585.9000099999321,10.525390625,0.5803769210001519,19232,false,dcb2c10e4ac97b1d1289825869826fdec84593f7,ef768c17c85b2a8c,true,2026-09-20T14:58:34+00:00
20260920T145420Z-gpu_h192,electricity_hourly,T67,transformer,deep,168,192,50003,19.58889099030635,26.584446527081127,1.4068829439422017,11.080704267802123,579.9474089999421,10.525390625,0.5745144719999189,19232,false,dcb2c10e4ac97b1d1289825869826fdec84593f7,ef768c17c85b2a8c,true,2026-09-20T14:58:34+00:00
20260920T145420Z-gpu_h192,electricity_hourly,T67,transformer,deep,168,192,50004,17.093808605545775,21.343936689162675,1.3682648355745368,9.255594406924967,603.7097200000971,10.525390625,0.5978128799997648,19232,false,dcb2c10e4ac97b1d1289825869826fdec84593f7,ef768c17c85b2a8c,true,2026-09-20T14:58:34+00:00
20260920T145420Z-gpu_h192,electricity_hourly,T67,transformer,deep,168,192,50005,27.146031204776364,35.14568880858685,1.8283575741289975,14.361854023577239,641.7927969996526,10.525390625,0.6355525389999457,19232,false,dcb2c10e4ac97b1d1289825869826fdec84593f7,ef768c17c85b2a8c,true,2026-09-20T14:58:34+00:00
20260920T145420Z-gpu_h192,electricity_hourly,T67,transformer,deep,168,192,50006,19.628688447316204,25.34134287074267,1.4767665289516894,10.413334388992315,590.1253929996528,10.525390625,0.584300944000006,19232,false,dcb2c10e4ac97b1d1289825869826fdec84593f7,ef768c17c85b2a8c,true,2026-09-20T14:58:34+00:00
20260920T145420Z-gpu_h192,electricity_hourly,T67,transformer,deep,168,192,50007,30.933365517557338,37.90866470594002,2.696370844145434,15.773646160110669,592.8731760000119,10.525390625,0.5872662479996507,19232,false,dcb2c10e4ac97b1d1289825869826fdec84593f7,ef768c17c85b2a8c,true,2026-09-20T14:58:34+00:00
20260920T145420Z-gpu_h192,electricity_hourly,T67,transformer,deep,168,192,50008,14.432041476426534,18.192959644984036,1.1209352603049736,7.927469079041656,571.8601359999411,10.525390625,0.5665337230002478,19232,false,dcb2c10e4ac97b1d1289825869826fdec84593f7,ef768c17c85b2a8c,true,2026-09-20T14:58:34+00:00
20260920T145420Z-gpu_h192,electricity_hourly,T67,transformer,deep,168,192,50009,18.57475580980479,25.125293443786855,1.6623771514057735,9.403309121489967,575.1560210001117,10.525390625,0.5695288890001393,19232,false,dcb2c10e4ac97b1d1289825869826fdec84593f7,ef768c17c85b2a8c,true,2026-09-20T14:58:34+00:00
20260920T145420Z-gpu_h192,electricity_hourly,T67,transformer,deep,168,192,50010,36.820724951849805,47.208559872959746,2.713502760013496,18.271444209756083,580.7915339996725,10.525390625,0.5753310960003546,19232,false,dcb2c10e4ac97b1d1289825869826fdec84593f7,ef768c17c85b2a8c,true,2026-09-20T14:58:34+00:00
20260920T145420Z-gpu_h192,electricity_hourly,T67,transformer,deep,168,192,50011,18.90229566963622,24.593221024523142,1.3124062567153403,9.560726921652789,586.1728760000915,10.525390625,0.5798038759999145,19232,false,dcb2c10e4ac97b1d1289825869826fdec84593f7,ef768c17c85b2a8c,true,2026-09-20T14:58:34+00:00
20260920T145420Z-gpu_h192,electricity_hourly,T67,transformer,deep,168,192,50012,37.212047489370285,54.24018636466371,2.3605880345679826,17.169219726008254,579.0631679997205,10.525390625,0.5734019870001248,19232,false,dcb2c10e4ac97b1d1289825869826fdec84593f7,ef768c17c85b2a8c,true,2026-09-20T14:58:34+00:00
20260920T145420Z-gpu_h192,electricity_hourly,T67,transformer,deep,168,192,50013,31.83091739009978,43.25964058836484,1.4043051789749903,14.86777293335146,583.238141000038,10.525390625,0.577333316000022,19232,false,dcb2c10e4ac97b1d1289825869826fdec84593f7,ef768c17c85b2a8c,true,2026-09-20T14:58:34+00:00
20260920T145420Z-gpu_h192,electricity_hourly,T67,transformer,deep,168,192,50014,53.85602819014387,67.30492704897178,3.043668783116451,25.062433729910666,581.8773730002249,10.525390625,0.5762311640000917,19232,false,dcb2c10e4ac97b1d1289825869826fdec84593f7,ef768c17c85b2a8c,true,2026-09-20T14:58:34+00:00
20260920T145420Z-gpu_h192,electricity_hourly,T67,transformer,deep,168,192,50015,22.59298124492936,31.30140742976928,1.3150320530597523,11.123500257288754,578.7782720003634,10.525390625,0.5728906190001908,19232,false,dcb2c10e4ac97b1d1289825869826fdec84593f7,ef768c17c85b2a8c,true,2026-09-20T14:58:34+00:00
20260920T145420Z-gpu_h192,electricity_hourly,T67,transformer,deep,168,192,50016,62.44490685038102,78.83383030331396,3.9028066781488135,27.373086581473366,572.3221609996472,10.525390625,0.5667931209995913,19232,false,dcb2c10e4ac97b1d1289825869826fdec84593f7,ef768c17c85b2a8c,true,2026-09-20T14:58:34+00:00
20260920T145420Z-gpu_h192,electricity_hourly,T67,transformer,deep,168,192,50017,29.91838431020086,40.884306854905574,1.3183131397395729,14.180578216485717,580.6244020000122,10.525390625,0.5751030209999044,19232,false,dcb2c10e4ac97b1d1289825869826fdec84593f7,ef768c17c85b2a8c,true,2026-09-20T14:58:34+00:00
20260920T145420Z-gpu_h192,electricity_hourly,T67,transformer,deep,168,192,50018,57.35152782845484,75.47155958838326,3.4700084064275196,25.086218652446625,612.3072119999051,10.525390625,0.6069734309999149,19232,false,dcb2c10e4ac97b1d1289825869826fdec84593f7,ef768c17c85b2a8c,true,2026-09-20T14:58:34+00:00
20260920T145420Z-gpu_h192,electricity_hourly,T67,transformer,deep,168,192,50019,26.5228624122947,35.27464774327667,1.3596625800535553,10.80746727507939,572.4535019999166,10.525390625,0.5666882300001816,19232,false,dcb2c10e4ac97b1d1289825869826fdec84593f7,ef768c17c85b2a8c,true,2026-09-20T14:58:34+00:00
20260920T145420Z-gpu_h192,electricity_hourly,T67,transformer,deep,168,192,50020,34.52922792692732,43.363262415987,1.6302324004844373,13.840820486891275,585.0769010003205,10.525390625,0.5795191639999757,19232,false,dcb2c10e4ac97b1d1289825869826fdec84593f7,ef768c17c85b2a8c,true,2026-09-20T14:58:34+00:00
20260920T145420Z-gpu_h192,electricity_hourly,T67,timesfm25,tsfm,168,192,50000,12.221246798833212,16.028268064999665,0.7585601461344752,7.313597624813764,221.4338140001928,13.52490234375,,231289280,true,dcb2c10e4ac97b1d1289825869826fdec84593f7,ef768c17c85b2a8c,true,2026-09-20T14:58:43+00:00
20260920T145420Z-gpu_h192,electricity_hourly,T67,timesfm25,tsfm,168,192,50001,13.875361402829489,17.620336433433962,0.9077928405304164,7.737616967778497,204.61397200006104,13.52490234375,,231289280,true,dcb2c10e4ac97b1d1289825869826fdec84593f7,ef768c17c85b2a8c,true,2026-09-20T14:58:43+00:00
20260920T145420Z-gpu_h192,electricity_hourly,T67,timesfm25,tsfm,168,192,50002,11.545841256777445,15.273279147551484,1.190975029352401,6.791195367225803,216.89958099977957,13.52490234375,,231289280,true,dcb2c10e4ac97b1d1289825869826fdec84593f7,ef768c17c85b2a8c,true,2026-09-20T14:58:43+00:00
20260920T145420Z-gpu_h192,electricity_hourly,T67,timesfm25,tsfm,168,192,50003,11.3335542678833,14.940551694381686,0.8139809549003468,6.220281623752866,211.91026199994667,13.52490234375,,231289280,true,dcb2c10e4ac97b1d1289825869826fdec84593f7,ef768c17c85b2a8c,true,2026-09-20T14:58:43+00:00
20260920T145420Z-gpu_h192,electricity_hourly,T67,timesfm25,tsfm,168,192,50004,11.02484099070231,14.137936155986818,0.8824775445587175,6.004833799779874,225.3389019997485,13.52490234375,,231289280,true,dcb2c10e4ac97b1d1289825869826fdec84593f7,ef768c17c85b2a8c,true,2026-09-20T14:58:43+00:00
20260920T145420Z-gpu_h192,electricity_hourly,T67,timesfm25,tsfm,168,192,50005,12.602067152659098,16.686601139740404,0.8487828203848972,6.693409966568269,214.60882200017295,13.52490234375,,231289280,true,dcb2c10e4ac97b1d1289825869826fdec84593f7,ef768c17c85b2a8c,true,2026-09-20T14:58:43+00:00
20260920T145420Z-gpu_h192,electricity_hourly,T67,timesfm25,tsfm,168,192,50006,14.315879821777344,18.27240608565014,1.077056789099236,7.8049733425786485,209.88286600004358,13.52490234375,,231289280,true,dcb2c10e4ac97b1d1289825869826fdec84593f7,ef768c17c85b2a8c,true,2026-09-20T14:58:43+00:00
20260920T145420Z-gpu_h192,electricity_hourly,T67,timesfm25,tsfm,168,192,50007,10.461678902308146,13.886651328689256,0.9119138994748021,5.476521552428466,224.6666619998905,13.52490234375,,231289280,true,dcb2c10e4ac97b1d1289825869826fdec84593f7,ef768c17c85b2a8c,true,2026-09-20T14:58:43+00:00
20260920T145420Z-gpu_h192,electricity_hourly,T67,timesfm25,tsfm,168,192,50008,10.536954800287882,13.911890911767868,0.8184042563330394,5.745774460433188,215.00418599998739,13.52490234375,,231289280,true,dcb2c10e4ac97b1d1289825869826fdec84593f7,ef768c17c85b2a8c,true,2026-09-20T14:58:43+00:00
20260920T145420Z-gpu_h192,electricity_hourly,T67,timesfm25,tsfm,168,192,50009,12.567114671071371,17.191138766100817,1.1247138052419374,6.615260899208429,220.22028000037608,13.52490234375,,231289280,true,dcb2c10e4ac97b1d1289825869826fdec84593f7,ef768c17c85b2a8c,true,2026-09-20T14:58:43+00:00
20260920T145420Z-gpu_h192,electricity_hourly,T67,timesfm25,tsfm,168,192,50010,11.92286984125773,15.735953047672696,0.8786557098982155,6.045201553588457,216.22610699978395,13.52490234375,,231289280,true,dcb2c10e4ac97b1d1289825869826fdec84593f7,ef768c17c85b2a8c,true,2026-09-20T14:58:43+00:00
20260920T145420Z-gpu_h192,electricity_hourly,T67,timesfm25,tsfm,168,192,50011,11.477096478144327,15.161387803339977,0.7968668721565975,6.002177154358607,220.079098000042,13.52490234375,,231289280,true,dcb2c10e4ac97b1d1289825869826fdec84593f7,ef768c17c85b2a8c,true,2026-09-20T14:58:43+00:00
20260920T145420Z-gpu_h192,electricity_hourly,T67,timesfm25,tsfm,168,192,50012,18.91878612836202,32.783983617764925,1.2001344504335376,8.674491719317423,213.1594929996936,13.52490234375,,231289280,true,dcb2c10e4ac97b1d1289825869826fdec84593f7,ef768c17c85b2a8c,true,2026-09-20T14:58:43+00:00
20260920T145420Z-gpu_h192,electricity_hourly,T67,timesfm25,tsfm,168,192,50013,12.380983829498291,16.588503016660546,0.5462198748308069,6.114493363397843,215.13692299959075,13.52490234375,,231289280,true,dcb2c10e4ac97b1d1289825869826fdec84593f7,ef768c17c85b2a8c,true,2026-09-20T14:58:43+00:00
20260920T145420Z-gpu_h192,electricity_hourly,T67,timesfm25,tsfm,168,192,50014,13.442862510681152,22.832396462095936,0.7597222141044294,6.725013963541103,205.82634299989877,13.52490234375,,231289280,true,dcb2c10e4ac97b1d1289825869826fdec84593f7,ef768c17c85b2a8c,true,2026-09-20T14:58:43+00:00
20260920T145420Z-gpu_h192,electricity_hourly,T67,timesfm25,tsfm,168,192,50015,12.995064973831177,18.723171945776016,0.7563821165043206,6.4007378757529585,216.6561180001736,13.52490234375,,231289280,true,dcb2c10e4ac97b1d1289825869826fdec84593f7,ef768c17c85b2a8c,true,2026-09-20T14:58:43+00:00
20260920T145420Z-gpu_h192,electricity_hourly,T67,timesfm25,tsfm,168,192,50016,21.29252513249715,28.222433658529205,1.330782820781072,9.58714954834587,211.6842870000255,13.52490234375,,231289280,true,dcb2c10e4ac97b1d1289825869826fdec84593f7,ef768c17c85b2a8c,true,2026-09-20T14:58:43+00:00
20260920T145420Z-gpu_h192,electricity_hourly,T67,timesfm25,tsfm,168,192,50017,13.894346078236898,18.026245058005188,0.612235567706889,6.561845500029885,223.65884400005598,13.52490234375,,231289280,true,dcb2c10e4ac97b1d1289825869826fdec84593f7,ef768c17c85b2a8c,true,2026-09-20T14:58:43+00:00
20260920T145420Z-gpu_h192,electricity_hourly,T67,timesfm25,tsfm,168,192,50018,18.215436538060505,22.031036498103596,1.1021104460002995,8.338748012762604,215.1561830000901,13.52490234375,,231289280,true,dcb2c10e4ac97b1d1289825869826fdec84593f7,ef768c17c85b2a8c,true,2026-09-20T14:58:43+00:00
20260920T145420Z-gpu_h192,electricity_hourly,T67,timesfm25,tsfm,168,192,50019,20.588099877039593,29.489154442649927,1.0554241304000362,8.149767271962991,225.2315490000001,13.52490234375,,231289280,true,dcb2c10e4ac97b1d1289825869826fdec84593f7,ef768c17c85b2a8c,true,2026-09-20T14:58:43+00:00
20260920T145420Z-gpu_h192,electricity_hourly,T67,timesfm25,tsfm,168,192,50020,29.58192030588786,38.77740075437927,1.396654598048476,11.004273981940973,216.89195299995845,13.52490234375,,231289280,true,dcb2c10e4ac97b1d1289825869826fdec84593f7,ef768c17c85b2a8c,true,2026-09-20T14:58:43+00:00
20260920T145420Z-gpu_h192,electricity_hourly,T67,chronos_bolt,tsfm,168,192,50000,11.803124268849691,15.599417825684313,0.7326077132389464,7.1251801775443,119.66658000028474,15.55126953125,,205292928,true,dcb2c10e4ac97b1d1289825869826fdec84593f7,ef768c17c85b2a8c,true,2026-09-20T14:58:49+00:00
20260920T145420Z-gpu_h192,electricity_hourly,T67,chronos_bolt,tsfm,168,192,50001,11.877567052841187,15.008932889090692,0.7770875309446301,6.6524278900047005,115.74197600020852,15.55126953125,,205292928,true,dcb2c10e4ac97b1d1289825869826fdec84593f7,ef768c17c85b2a8c,true,2026-09-20T14:58:49+00:00
20260920T145420Z-gpu_h192,electricity_hourly,T67,chronos_bolt,tsfm,168,192,50002,10.8274507522583,14.238691558655761,1.116871710834667,6.204169563160977,112.20183100022041,15.55126953125,,205292928,true,dcb2c10e4ac97b1d1289825869826fdec84593f7,ef768c17c85b2a8c,true,2026-09-20T14:58:49+00:00
20260920T145420Z-gpu_h192,electricity_hourly,T67,chronos_bolt,tsfm,168,192,50003,10.232815663019815,13.113966252502848,0.7349254142019219,5.626836398837963,105.76156100023582,15.55126953125,,205292928,true,dcb2c10e4ac97b1d1289825869826fdec84593f7,ef768c17c85b2a8c,true,2026-09-20T14:58:49+00:00
20260920T145420Z-gpu_h192,electricity_hourly,T67,chronos_bolt,tsfm,168,192,50004,11.430138349533081,14.171184671157294,0.9149193564940321,6.192932304058883,112.09769400011282,15.55126953125,,205292928,true,dcb2c10e4ac97b1d1289825869826fdec84593f7,ef768c17c85b2a8c,true,2026-09-20T14:58:49+00:00
20260920T145420Z-gpu_h192,electricity_hourly,T67,chronos_bolt,tsfm,168,192,50005,11.232618570327759,14.510050697293446,0.7565468073560324,5.966661569540479,112.99553000026208,15.55126953125,,205292928,true,dcb2c10e4ac97b1d1289825869826fdec84593f7,ef768c17c85b2a8c,true,2026-09-20T14:58:49+00:00
20260920T145420Z-gpu_h192,electricity_hourly,T67,chronos_bolt,tsfm,168,192,50006,14.281583786010742,18.519817862325194,1.0744765230854478,7.779006419082819,109.75728600033108,15.55126953125,,205292928,true,dcb2c10e4ac97b1d1289825869826fdec84593f7,ef768c17c85b2a8c,true,2026-09-20T14:58:49+00:00
20260920T145420Z-gpu_h192,electricity_hourly,T67,chronos_bolt,tsfm,168,192,50007,10.139475584030151,13.53596096951031,0.8838283802060181,5.343698932813029,117.82380900012868,15.55126953125,,205292928,true,dcb2c10e4ac97b1d1289825869826fdec84593f7,ef768c17c85b2a8c,true,2026-09-20T14:58:49+00:00
20260920T145420Z-gpu_h192,electricity_hourly,T67,chronos_bolt,tsfm,168,192,50008,10.036590178807577,13.41363178319976,0.7795409847617536,5.493303325186976,120.94645499973922,15.55126953125,,205292928,true,dcb2c10e4ac97b1d1289825869826fdec84593f7,ef768c17c85b2a8c,true,2026-09-20T14:58:49+00:00
20260920T145420Z-gpu_h192,electricity_hourly,T67,chronos_bolt,tsfm,168,192,50009,10.21518079439799,14.733854862264318,0.9142237628299009,5.3450514726907805,118.79565099980027,15.55126953125,,205292928,true,dcb2c10e4ac97b1d1289825869826fdec84593f7,ef768c17c85b2a8c,true,2026-09-20T14:58:49+00:00
20260920T145420Z-gpu_h192,electricity_hourly,T67,chronos_bolt,tsfm,168,192,50010,10.81284213066101,14.437689611410043,0.7968522348081809,5.50887696881878,116.67174200010777,15.55126953125,,205292928,true,dcb2c10e4ac97b1d1289825869826fdec84593f7,ef768c17c85b2a8c,true,2026-09-20T14:58:49+00:00
20260920T145420Z-gpu_h192,electricity_hourly,T67,chronos_bolt,tsfm,168,192,50011,11.7517937819163,15.871254641868418,0.815939394694285,6.1753850148378255,113.82679100006499,15.55126953125,,205292928,true,dcb2c10e4ac97b1d1289825869826fdec84593f7,ef768c17c85b2a8c,true,2026-09-20T14:58:49+00:00
20260920T145420Z-gpu_h192,electricity_hourly,T67,chronos_bolt,tsfm,168,192,50012,17.721868753433228,30.880437482382092,1.1242066522001695,8.097924803021622,110.9842910000225,15.55126953125,,205292928,true,dcb2c10e4ac97b1d1289825869826fdec84593f7,ef768c17c85b2a8c,true,2026-09-20T14:58:49+00:00
20260920T145420Z-gpu_h192,electricity_hourly,T67,chronos_bolt,tsfm,168,192,50013,12.960089604059855,18.048739097653364,0.5717686590026406,6.245145953386416,120.41806900015217,15.55126953125,,205292928,true,dcb2c10e4ac97b1d1289825869826fdec84593f7,ef768c17c85b2a8c,true,2026-09-20T14:58:49+00:00
20260920T145420Z-gpu_h192,electricity_hourly,T67,chronos_bolt,tsfm,168,192,50014,13.037412881851196,22.438051617178253,0.7368082633385292,6.571288415460143,111.68388700025389,15.55126953125,,205292928,true,dcb2c10e4ac97b1d1289825869826fdec84593f7,ef768c17c85b2a8c,true,2026-09-20T14:58:49+00:00
20260920T145420Z-gpu_h192,electricity_hourly,T67,chronos_bolt,tsfm,168,192,50015,12.940948645273844,19.13254828132009,0.7532322574452035,6.263856846269824,120.73323499998878,15.55126953125,,205292928,true,dcb2c10e4ac97b1d1289825869826fdec84593f7,ef768c17c85b2a8c,true,2026-09-20T14:58:49+00:00
20260920T145420Z-gpu_h192,electricity_hourly,T67,chronos_bolt,tsfm,168,192,50016,16.494683424631756,22.04585577912547,1.0309177140394847,7.521282051625622,113.58521600004678,15.55126953125,,205292928,true,dcb2c10e4ac97b1d1289825869826fdec84593f7,ef768c17c85b2a8c,true,2026-09-20T14:58:49+00:00
20260920T145420Z-gpu_h192,electricity_hourly,T67,chronos_bolt,tsfm,168,192,50017,14.025159200032553,18.204498145784893,0.6179996709928665,6.496055365526986,115.59561300009591,15.55126953125,,205292928,true,dcb2c10e4ac97b1d1289825869826fdec84593f7,ef768c17c85b2a8c,true,2026-09-20T14:58:49+00:00
20260920T145420Z-gpu_h192,electricity_hourly,T67,chronos_bolt,tsfm,168,192,50018,16.829900821050007,22.25377257447236,1.0182797135425214,7.628736908724525,123.1662300001517,15.55126953125,,205292928,true,dcb2c10e4ac97b1d1289825869826fdec84593f7,ef768c17c85b2a8c,true,2026-09-20T14:58:49+00:00
20260920T145420Z-gpu_h192,electricity_hourly,T67,chronos_bolt,tsfm,168,192,50019,18.24156991640727,27.047215497624673,0.9351320996663036,7.103917975549432,118.13971500032494,15.55126953125,,205292928,true,dcb2c10e4ac97b1d1289825869826fdec84593f7,ef768c17c85b2a8c,true,2026-09-20T14:58:49+00:00
20260920T145420Z-gpu_h192,electricity_hourly,T67,chronos_bolt,tsfm,168,192,50020,31.985801140467327,40.17606184940951,1.510149299746654,12.025663844158974,118.14256599973305,15.55126953125,,205292928,true,dcb2c10e4ac97b1d1289825869826fdec84593f7,ef768c17c85b2a8c,true,2026-09-20T14:58:49+00:00
20260920T145420Z-gpu_h192,electricity_hourly,T81,lstm,deep,168,192,60000,167.933327295387,206.7519028465636,1.5210969386423279,25.43992561023704,379.6996600003695,16.14599609375,0.310731609999948,4513,false,dcb2c10e4ac97b1d1289825869826fdec84593f7,ef768c17c85b2a8c,true,2026-09-20T14:59:01+00:00
20260920T145420Z-gpu_h192,electricity_hourly,T81,lstm,deep,168,192,60001,216.77393466889362,267.18220436189785,1.9535294193829829,30.66445257328152,389.64316900000995,16.10986328125,0.31974412899990057,4513,false,dcb2c10e4ac97b1d1289825869826fdec84593f7,ef768c17c85b2a8c,true,2026-09-20T14:59:01+00:00
20260920T145420Z-gpu_h192,electricity_hourly,T81,lstm,deep,168,192,60002,192.04553527930327,239.05236267619762,2.6099053492091047,26.619890158332776,391.1919770002896,16.10986328125,0.3217920619999859,4513,false,dcb2c10e4ac97b1d1289825869826fdec84593f7,ef768c17c85b2a8c,true,2026-09-20T14:59:01+00:00
20260920T145420Z-gpu_h192,electricity_hourly,T81,lstm,deep,168,192,60003,174.2299873961883,218.78431367335597,1.9427844343387886,25.10119173311108,440.22961300015595,16.10986328125,0.36614684999995006,4513,false,dcb2c10e4ac97b1d1289825869826fdec84593f7,ef768c17c85b2a8c,true,2026-09-20T14:59:01+00:00
20260920T145420Z-gpu_h192,electricity_hourly,T81,lstm,deep,168,192,60004,243.47449359534744,311.5684765975692,2.43356195444784,27.20242907437946,401.62407399975564,16.10986328125,0.3328352579997045,4513,false,dcb2c10e4ac97b1d1289825869826fdec84593f7,ef768c17c85b2a8c,true,2026-09-20T14:59:01+00:00
20260920T145420Z-gpu_h192,electricity_hourly,T81,lstm,deep,168,192,60005,197.19416002923842,254.42179335350696,1.7747474402631458,24.430900149763065,399.93153199975495,16.10986328125,0.3281571399998029,4513,false,dcb2c10e4ac97b1d1289825869826fdec84593f7,ef768c17c85b2a8c,true,2026-09-20T14:59:01+00:00
20260920T145420Z-gpu_h192,electricity_hourly,T81,lstm,deep,168,192,60006,183.393877602468,224.62397311778977,1.5929017657732911,24.42169837065461,407.57031400016785,16.10986328125,0.3326286070000606,4513,false,dcb2c10e4ac97b1d1289825869826fdec84593f7,ef768c17c85b2a8c,true,2026-09-20T14:59:01+00:00
20260920T145420Z-gpu_h192,electricity_hourly,T81,lstm,deep,168,192,60007,186.10278684897366,236.7451831267592,2.16888971400552,25.439751556555677,393.24356199995236,16.10986328125,0.3259526580000056,4513,false,dcb2c10e4ac97b1d1289825869826fdec84593f7,ef768c17c85b2a8c,true,2026-09-20T14:59:01+00:00
20260920T145420Z-gpu_h192,electricity_hourly,T81,lstm,deep,168,192,60008,215.53095246724502,248.48854617803008,2.3276179057509583,32.18787484409986,402.39836800037665,16.10986328125,0.3310269509997852,4513,false,dcb2c10e4ac97b1d1289825869826fdec84593f7,ef768c17c85b2a8c,true,2026-09-20T14:59:01+00:00
20260920T145420Z-gpu_h192,electricity_hourly,T81,lstm,deep,168,192,60009,170.50281142100536,222.9497310645234,2.0634006928838367,24.826578995187468,390.5301340000733,16.10986328125,0.32508757899995544,4513,false,dcb2c10e4ac97b1d1289825869826fdec84593f7,ef768c17c85b2a8c,true,2026-09-20T14:59:01+00:00
20260920T145420Z-gpu_h192,electricity_hourly,T81,lstm,deep,168,192,60010,175.24421955490263,217.31438713424723,1.87929457967724,24.075278240792567,416.6576170000553,16.10986328125,0.34761680599967804,4513,false,dcb2c10e4ac97b1d1289825869826fdec84593f7,ef768c17c85b2a8c,true,2026-09-20T14:59:01+00:00
20260920T145420Z-gpu_h192,electricity_hourly,T81,lstm,deep,168,192,60011,220.31200984030508,262.93888327480335,2.479284887230692,31.17247588281827,400.41607700004533,16.10986328125,0.3300240290000147,4513,false,dcb2c10e4ac97b1d1289825869826fdec84593f7,ef768c17c85b2a8c,true,2026-09-20T14:59:01+00:00
20260920T145420Z-gpu_h192,electricity_hourly,T81,lstm,deep,168,192,60012,159.3501254341442,205.1476931834917,1.754984173041435,23.08651427005777,427.38235299975713,16.10986328125,0.35725388799983193,4513,false,dcb2c10e4ac97b1d1289825869826fdec84593f7,ef768c17c85b2a8c,true,2026-09-20T14:59:01+00:00
20260920T145420Z-gpu_h192,electricity_hourly,T81,lstm,deep,168,192,60013,192.33358097214045,226.3826337599434,1.810198409149557,25.554467702782098,386.5640889998758,16.10986328125,0.3204952860000958,4513,false,dcb2c10e4ac97b1d1289825869826fdec84593f7,ef768c17c85b2a8c,true,2026-09-20T14:59:01+00:00
20260920T145420Z-gpu_h192,electricity_hourly,T81,lstm,deep,168,192,60014,242.53448630337826,301.1444934622002,1.929342947060351,32.37728661814735,388.98377700024866,16.10986328125,0.3202945479997652,4513,false,dcb2c10e4ac97b1d1289825869826fdec84593f7,ef768c17c85b2a8c,true,2026-09-20T14:59:01+00:00
20260920T145420Z-gpu_h192,electricity_hourly,T81,lstm,deep,168,192,60015,198.14051314741343,242.56539855233245,2.037434582492683,27.725200212663776,384.77191599986327,16.10986328125,0.3171445070001937,4513,false,dcb2c10e4ac97b1d1289825869826fdec84593f7,ef768c17c85b2a8c,true,2026-09-20T14:59:01+00:00
20260920T145420Z-gpu_h192,electricity_hourly,T81,lstm,deep,168,192,60016,224.87057679257722,282.03688938314605,2.1950490142442463,29.290711631199716,395.46439600007943,16.10986328125,0.32711040799995317,4513,false,dcb2c10e4ac97b1d1289825869826fdec84593f7,ef768c17c85b2a8c,true,2026-09-20T14:59:01+00:00
20260920T145420Z-gpu_h192,electricity_hourly,T81,lstm,deep,168,192,60017,116.4851632807776,144.53673881369454,1.090203010037175,14.719688532308615,383.11201600026834,16.10986328125,0.315060388999882,4513,false,dcb2c10e4ac97b1d1289825869826fdec84593f7,ef768c17c85b2a8c,true,2026-09-20T14:59:01+00:00
20260920T145420Z-gpu_h192,electricity_hourly,T81,lstm,deep,168,192,60018,312.30398079390255,360.47841417248173,3.091906031923133,38.550100030317395,389.5784639998965,16.10986328125,0.31935063099990657,4513,false,dcb2c10e4ac97b1d1289825869826fdec84593f7,ef768c17c85b2a8c,true,2026-09-20T14:59:01+00:00
20260920T145420Z-gpu_h192,electricity_hourly,T81,lstm,deep,168,192,60019,191.36595619559378,247.43144242037337,1.5364760352475888,19.29085478396906,430.8928109999215,16.10986328125,0.3623146159998214,4513,false,dcb2c10e4ac97b1d1289825869826fdec84593f7,ef768c17c85b2a8c,true,2026-09-20T14:59:01+00:00
20260920T145420Z-gpu_h192,electricity_hourly,T81,lstm,deep,168,192,60020,313.6825805063977,377.88508926564157,2.4669738718143783,30.29524785485786,388.05159699995784,16.10986328125,0.32229707799979224,4513,false,dcb2c10e4ac97b1d1289825869826fdec84593f7,ef768c17c85b2a8c,true,2026-09-20T14:59:01+00:00
20260920T145420Z-gpu_h192,electricity_hourly,T81,transformer,deep,168,192,60000,201.1598647169451,262.2935871523061,1.8220543791193922,29.279818078065585,572.649542000363,10.6845703125,0.5670202689998405,19232,false,dcb2c10e4ac97b1d1289825869826fdec84593f7,ef768c17c85b2a8c,true,2026-09-20T14:59:18+00:00
20260920T145420Z-gpu_h192,electricity_hourly,T81,transformer,deep,168,192,60001,204.22729073968307,261.5469361351144,1.8404612220110372,29.34984509286709,584.8071340001297,10.525390625,0.579108651000297,19232,false,dcb2c10e4ac97b1d1289825869826fdec84593f7,ef768c17c85b2a8c,true,2026-09-20T14:59:18+00:00
20260920T145420Z-gpu_h192,electricity_hourly,T81,transformer,deep,168,192,60002,140.75733183743787,193.18229737271005,1.9128969219130856,19.04151552255462,583.2951090001188,10.525390625,0.5776642119999451,19232,false,dcb2c10e4ac97b1d1289825869826fdec84593f7,ef768c17c85b2a8c,true,2026-09-20T14:59:18+00:00
20260920T145420Z-gpu_h192,electricity_hourly,T81,transformer,deep,168,192,60003,104.4602279905531,138.2542189473569,1.1648035334241633,15.097404614725676,633.1181569998989,10.525390625,0.6269009449997611,19232,false,dcb2c10e4ac97b1d1289825869826fdec84593f7,ef768c17c85b2a8c,true,2026-09-20T14:59:18+00:00
20260920T145420Z-gpu_h192,electricity_hourly,T81,transformer,deep,168,192,60004,223.78715724677522,274.4162401590172,2.236784246792228,29.33593872233337,594.478719000108,10.525390625,0.5880652279997776,19232,false,dcb2c10e4ac97b1d1289825869826fdec84593f7,ef768c17c85b2a8c,true,2026-09-20T14:59:18+00:00
20260920T145420Z-gpu_h192,electricity_hourly,T81,transformer,deep,168,192,60005,180.67311967384936,225.63220932136122,1.6260580770646442,22.57403580371793,588.0608819998088,10.525390625,0.5826204069999221,19232,false,dcb2c10e4ac97b1d1289825869826fdec84593f7,ef768c17c85b2a8c,true,2026-09-20T14:59:18+00:00
20260920T145420Z-gpu_h192,electricity_hourly,T81,transformer,deep,168,192,60006,188.23037524392336,233.77691623520965,1.6349100690708103,25.059148923031916,586.2263079998229,10.525390625,0.5807502600000589,19232,false,dcb2c10e4ac97b1d1289825869826fdec84593f7,ef768c17c85b2a8c,true,2026-09-20T14:59:18+00:00
20260920T145420Z-gpu_h192,electricity_hourly,T81,transformer,deep,168,192,60007,176.6933464442185,219.90992148216577,2.059229676915463,23.66752173356105,590.0657899996986,10.525390625,0.584475945000122,19232,false,dcb2c10e4ac97b1d1289825869826fdec84593f7,ef768c17c85b2a8c,true,2026-09-20T14:59:18+00:00
20260920T145420Z-gpu_h192,electricity_hourly,T81,transformer,deep,168,192,60008,218.39490211887394,262.748688843593,2.3585470155330617,32.259968627584236,583.9364680000472,10.525390625,0.5783612380000704,19232,false,dcb2c10e4ac97b1d1289825869826fdec84593f7,ef768c17c85b2a8c,true,2026-09-20T14:59:18+00:00
20260920T145420Z-gpu_h192,electricity_hourly,T81,transformer,deep,168,192,60009,168.61885396740468,222.36123566055957,2.0406013086231005,25.04562296830794,594.0048269999352,10.525390625,0.5883403939997152,19232,false,dcb2c10e4ac97b1d1289825869826fdec84593f7,ef768c17c85b2a8c,true,2026-09-20T14:59:18+00:00
20260920T145420Z-gpu_h192,electricity_hourly,T81,transformer,deep,168,192,60010,132.0145771840657,168.86529835170128,1.4157059215449406,17.580366960809837,595.247961000041,10.525390625,0.5871766350001053,19232,false,dcb2c10e4ac97b1d1289825869826fdec84593f7,ef768c17c85b2a8c,true,2026-09-20T14:59:18+00:00
20260920T145420Z-gpu_h192,electricity_hourly,T81,transformer,deep,168,192,60011,116.54896318719672,154.79167017978182,1.3115857063892096,16.053652010995854,597.7368619996923,10.525390625,0.5920615810000527,19232,false,dcb2c10e4ac97b1d1289825869826fdec84593f7,ef768c17c85b2a8c,true,2026-09-20T14:59:18+00:00
20260920T145420Z-gpu_h192,electricity_hourly,T81,transformer,deep,168,192,60012,167.3975987970284,209.14229783364732,1.8436140900016893,23.9693310729302,603.0181020000782,10.525390625,0.5946576230003302,19232,false,dcb2c10e4ac97b1d1289825869826fdec84593f7,ef768c17c85b2a8c,true,2026-09-20T14:59:18+00:00
20260920T145420Z-gpu_h192,electricity_hourly,T81,transformer,deep,168,192,60013,108.88396757162066,138.5948102088286,1.024790283027018,14.470293767549022,581.3230420003492,10.525390625,0.5757292759999473,19232,false,dcb2c10e4ac97b1d1289825869826fdec84593f7,ef768c17c85b2a8c,true,2026-09-20T14:59:18+00:00
20260920T145420Z-gpu_h192,electricity_hourly,T81,transformer,deep,168,192,60014,210.5814107266016,257.56841005778176,1.6751587197343185,27.62138793423454,587.1038290001707,10.525390625,0.5812685549999514,19232,false,dcb2c10e4ac97b1d1289825869826fdec84593f7,ef768c17c85b2a8c,true,2026-09-20T14:59:18+00:00
20260920T145420Z-gpu_h192,electricity_hourly,T81,transformer,deep,168,192,60015,125.2803593457013,155.0166737309407,1.28822991615117,17.828716489672463,608.5798149997572,10.525390625,0.602769305000038,19232,false,dcb2c10e4ac97b1d1289825869826fdec84593f7,ef768c17c85b2a8c,true,2026-09-20T14:59:18+00:00
20260920T145420Z-gpu_h192,electricity_hourly,T81,transformer,deep,168,192,60016,283.01105269688645,358.89140779504413,2.7625807746984576,33.738250987282264,589.4954579998739,10.525390625,0.5839433790001749,19232,false,dcb2c10e4ac97b1d1289825869826fdec84593f7,ef768c17c85b2a8c,true,2026-09-20T14:59:18+00:00
20260920T145420Z-gpu_h192,electricity_hourly,T81,transformer,deep,168,192,60017,166.7031048320885,205.29607461128055,1.5602006431704631,20.660952819512012,588.8149759998669,10.525390625,0.583220963000258,19232,false,dcb2c10e4ac97b1d1289825869826fdec84593f7,ef768c17c85b2a8c,true,2026-09-20T14:59:18+00:00
20260920T145420Z-gpu_h192,electricity_hourly,T81,transformer,deep,168,192,60018,192.03788100795782,263.3004855130936,1.9012344355548936,22.82893354325074,597.9728930001329,10.525390625,0.5923165760000302,19232,false,dcb2c10e4ac97b1d1289825869826fdec84593f7,ef768c17c85b2a8c,true,2026-09-20T14:59:18+00:00
20260920T145420Z-gpu_h192,electricity_hourly,T81,transformer,deep,168,192,60019,241.80538565920222,302.6435442960187,1.9414538909910855,25.62310352598193,579.7803230002501,10.525390625,0.5740516529999695,19232,false,dcb2c10e4ac97b1d1289825869826fdec84593f7,ef768c17c85b2a8c,true,2026-09-20T14:59:18+00:00
20260920T145420Z-gpu_h192,electricity_hourly,T81,transformer,deep,168,192,60020,263.67567815488957,346.8242113096272,2.07369184349012,26.810569861243167,587.4541140001384,10.525390625,0.5816760889997568,19232,false,dcb2c10e4ac97b1d1289825869826fdec84593f7,ef768c17c85b2a8c,true,2026-09-20T14:59:18+00:00
20260920T145420Z-gpu_h192,electricity_hourly,T81,timesfm25,tsfm,168,192,60000,55.935213247934975,77.22619649255059,0.506646792533818,8.543300065288705,202.05031300019982,13.52490234375,,231289280,true,dcb2c10e4ac97b1d1289825869826fdec84593f7,ef768c17c85b2a8c,true,2026-09-20T14:59:27+00:00
20260920T145420Z-gpu_h192,electricity_hourly,T81,timesfm25,tsfm,168,192,60001,96.94855451583862,131.0046593502628,0.8736837004994532,12.961941749250471,224.23761199979708,13.52490234375,,231289280,true,dcb2c10e4ac97b1d1289825869826fdec84593f7,ef768c17c85b2a8c,true,2026-09-20T14:59:27+00:00
20260920T145420Z-gpu_h192,electricity_hourly,T81,timesfm25,tsfm,168,192,60002,65.05943663914998,82.87746586856315,0.8841599543259341,9.411302348184215,204.55520700033958,13.52490234375,,231289280,true,dcb2c10e4ac97b1d1289825869826fdec84593f7,ef768c17c85b2a8c,true,2026-09-20T14:59:27+00:00
20260920T145420Z-gpu_h192,electricity_hourly,T81,timesfm25,tsfm,168,192,60003,48.833738803863525,66.74490217355985,0.5445298426325188,6.87343335724392,206.67391300003146,13.52490234375,,231289280,true,dcb2c10e4ac97b1d1289825869826fdec84593f7,ef768c17c85b2a8c,true,2026-09-20T14:59:27+00:00
20260920T145420Z-gpu_h192,electricity_hourly,T81,timesfm25,tsfm,168,192,60004,120.59143877029419,139.35896516929614,1.205328464143983,16.332805291431633,216.5676929998881,13.52490234375,,231289280,true,dcb2c10e4ac97b1d1289825869826fdec84593f7,ef768c17c85b2a8c,true,2026-09-20T14:59:27+00:00
20260920T145420Z-gpu_h192,electricity_hourly,T81,timesfm25,tsfm,168,192,60005,106.97321526209514,137.8604227663898,0.9627589373588562,13.66769840600283,221.4236599998003,13.52490234375,,231289280,true,dcb2c10e4ac97b1d1289825869826fdec84593f7,ef768c17c85b2a8c,true,2026-09-20T14:59:27+00:00
20260920T145420Z-gpu_h192,electricity_hourly,T81,timesfm25,tsfm,168,192,60006,101.32470607757568,119.12460528147369,0.8800746531860123,14.237747269311493,227.14094499997373,13.52490234375,,231289280,true,dcb2c10e4ac97b1d1289825869826fdec84593f7,ef768c17c85b2a8c,true,2026-09-20T14:59:27+00:00
20260920T145420Z-gpu_h192,electricity_hourly,T81,timesfm25,tsfm,168,192,60007,100.01879231135051,133.0523598452082,1.1656447145382383,13.837783173239712,220.2037739998559,13.52490234375,,231289280,true,dcb2c10e4ac97b1d1289825869826fdec84593f7,ef768c17c85b2a8c,true,2026-09-20T14:59:27+00:00
20260920T145420Z-gpu_h192,electricity_hourly,T81,timesfm25,tsfm,168,192,60008,127.59038798014323,144.80061626501987,1.3779072948208058,20.513263989242535,240.10788099985803,13.52490234375,,231289280,true,dcb2c10e4ac97b1d1289825869826fdec84593f7,ef768c17c85b2a8c,true,2026-09-20T14:59:27+00:00
20260920T145420Z-gpu_h192,electricity_hourly,T81,timesfm25,tsfm,168,192,60009,112.43431790669759,145.54896799815174,1.360664070809686,16.19893638342933,216.77588900001865,13.52490234375,,231289280,true,dcb2c10e4ac97b1d1289825869826fdec84593f7,ef768c17c85b2a8c,true,2026-09-20T14:59:27+00:00
20260920T145420Z-gpu_h192,electricity_hourly,T81,timesfm25,tsfm,168,192,60010,53.21909475326538,73.28415667650383,0.5707141528500309,7.004520209317891,219.47031599984257,13.52490234375,,231289280,true,dcb2c10e4ac97b1d1289825869826fdec84593f7,ef768c17c85b2a8c,true,2026-09-20T14:59:27+00:00
20260920T145420Z-gpu_h192,electricity_hourly,T81,timesfm25,tsfm,168,192,60011,47.80688365300497,63.82897097666945,0.5379955647102778,6.890407844504056,205.530572999578,13.52490234375,,231289280,true,dcb2c10e4ac97b1d1289825869826fdec84593f7,ef768c17c85b2a8c,true,2026-09-20T14:59:27+00:00
20260920T145420Z-gpu_h192,electricity_hourly,T81,timesfm25,tsfm,168,192,60012,53.32753213246664,77.32802482546234,0.5873166062772616,7.554896297905743,214.09529599986854,13.52490234375,,231289280,true,dcb2c10e4ac97b1d1289825869826fdec84593f7,ef768c17c85b2a8c,true,2026-09-20T14:59:27+00:00
20260920T145420Z-gpu_h192,electricity_hourly,T81,timesfm25,tsfm,168,192,60013,85.93043645222981,109.96261549652755,0.8087570489621629,11.125848389423602,218.33385300033115,13.52490234375,,231289280,true,dcb2c10e4ac97b1d1289825869826fdec84593f7,ef768c17c85b2a8c,true,2026-09-20T14:59:27+00:00
20260920T145420Z-gpu_h192,electricity_hourly,T81,timesfm25,tsfm,168,192,60014,75.87408796946208,105.31449489762103,0.6035724598167351,10.335779821388732,216.19944199983365,13.52490234375,,231289280,true,dcb2c10e4ac97b1d1289825869826fdec84593f7,ef768c17c85b2a8c,true,2026-09-20T14:59:27+00:00
20260920T145420Z-gpu_h192,electricity_hourly,T81,timesfm25,tsfm,168,192,60015,77.19609546661377,99.38238680500253,0.7937901847466712,10.650337576235678,199.24802899959104,13.52490234375,,231289280,true,dcb2c10e4ac97b1d1289825869826fdec84593f7,ef768c17c85b2a8c,true,2026-09-20T14:59:27+00:00
20260920T145420Z-gpu_h192,electricity_hourly,T81,timesfm25,tsfm,168,192,60016,72.12889432907104,93.82902242765792,0.704078144210021,8.701885389589497,211.96518500028105,13.52490234375,,231289280,true,dcb2c10e4ac97b1d1289825869826fdec84593f7,ef768c17c85b2a8c,true,2026-09-20T14:59:27+00:00
20260920T145420Z-gpu_h192,electricity_hourly,T81,timesfm25,tsfm,168,192,60017,57.5746439297994,76.17128688458146,0.5388501706675622,7.146524823932763,215.26313399999708,13.52490234375,,231289280,true,dcb2c10e4ac97b1d1289825869826fdec84593f7,ef768c17c85b2a8c,true,2026-09-20T14:59:27+00:00
20260920T145420Z-gpu_h192,electricity_hourly,T81,timesfm25,tsfm,168,192,60018,76.86131763458252,104.39540274902878,0.7609508242956262,8.718739021652855,219.40919899998335,13.52490234375,,231289280,true,dcb2c10e4ac97b1d1289825869826fdec84593f7,ef768c17c85b2a8c,true,2026-09-20T14:59:27+00:00
20260920T145420Z-gpu_h192,electricity_hourly,T81,timesfm25,tsfm,168,192,60019,122.31206067403157,162.5829804587327,0.982042750881547,12.855250243047808,212.38196200010862,13.52490234375,,231289280,true,dcb2c10e4ac97b1d1289825869826fdec84593f7,ef768c17c85b2a8c,true,2026-09-20T14:59:27+00:00
20260920T145420Z-gpu_h192,electricity_hourly,T81,timesfm25,tsfm,168,192,60020,148.82750161488852,200.85785676903845,1.1704620553000518,14.22223765095888,207.23099700035164,13.52490234375,,231289280,true,dcb2c10e4ac97b1d1289825869826fdec84593f7,ef768c17c85b2a8c,true,2026-09-20T14:59:27+00:00
20260920T145420Z-gpu_h192,electricity_hourly,T81,chronos_bolt,tsfm,168,192,60000,60.658320585886635,81.63619890116075,0.5494274854929976,9.145643609357455,109.193521999714,15.55126953125,,205292928,true,dcb2c10e4ac97b1d1289825869826fdec84593f7,ef768c17c85b2a8c,true,2026-09-20T14:59:33+00:00
20260920T145420Z-gpu_h192,electricity_hourly,T81,chronos_bolt,tsfm,168,192,60001,80.58219528198242,106.55951155677432,0.7261928857003235,10.88823678414976,105.5311459999757,15.55126953125,,205292928,true,dcb2c10e4ac97b1d1289825869826fdec84593f7,ef768c17c85b2a8c,true,2026-09-20T14:59:33+00:00
20260920T145420Z-gpu_h192,electricity_hourly,T81,chronos_bolt,tsfm,168,192,60002,72.00310405095418,91.50895404097312,0.9785246303640432,10.221692110567828,102.24020299983749,15.55126953125,,205292928,true,dcb2c10e4ac97b1d1289825869826fdec84593f7,ef768c17c85b2a8c,true,2026-09-20T14:59:33+00:00
20260920T145420Z-gpu_h192,electricity_hourly,T81,chronos_bolt,tsfm,168,192,60003,48.51579968134562,67.75838056101831,0.5409846023008958,6.8931286401812075,103.30154399980529,15.55126953125,,205292928,true,dcb2c10e4ac97b1d1289825869826fdec84593f7,ef768c17c85b2a8c,true,2026-09-20T14:59:33+00:00
20260920T145420Z-gpu_h192,electricity_hourly,T81,chronos_bolt,tsfm,168,192,60004,98.76637760798137,117.35105895534453,0.9871838950197346,13.055285748245634,108.06057199988572,15.55126953125,,205292928,true,dcb2c10e4ac97b1d1289825869826fdec84593f7,ef768c17c85b2a8c,true,2026-09-20T14:59:33+00:00
20260920T145420Z-gpu_h192,electricity_hourly,T81,chronos_bolt,tsfm,168,192,60005,107.59196631113689,141.9989501211075,0.9683276968002319,13.772085354228079,107.25413599993772,15.55126953125,,205292928,true,dcb2c10e4ac97b1d1289825869826fdec84593f7,ef768c17c85b2a8c,true,2026-09-20T14:59:33+00:00
20260920T145420Z-gpu_h192,electricity_hourly,T81,chronos_bolt,tsfm,168,192,60006,94.64504114786784,110.91952524148715,0.8220571762647306,13.116484042834095,102.03227799956949,15.55126953125,,205292928,true,dcb2c10e4ac97b1d1289825869826fdec84593f7,ef768c17c85b2a8c,true,2026-09-20T14:59:33+00:00
20260920T145420Z-gpu_h192,electricity_hourly,T81,chronos_bolt,tsfm,168,192,60007,93.38565985361735,124.70360897602733,1.0883404838880624,13.034722241804594,121.8674970000393,15.55126953125,,205292928,true,dcb2c10e4ac97b1d1289825869826fdec84593f7,ef768c17c85b2a8c,true,2026-09-20T14:59:33+00:00
20260920T145420Z-gpu_h192,electricity_hourly,T81,chronos_bolt,tsfm,168,192,60008,126.96121946970622,147.74194522340724,1.371112614642095,20.086666447662346,118.90491899976041,15.55126953125,,205292928,true,dcb2c10e4ac97b1d1289825869826fdec84593f7,ef768c17c85b2a8c,true,2026-09-20T14:59:33+00:00
20260920T145420Z-gpu_h192,electricity_hourly,T81,chronos_bolt,tsfm,168,192,60009,120.73813962936401,161.7693122654862,1.4611557363331724,17.416804465086212,119.40026499996748,15.55126953125,,205292928,true,dcb2c10e4ac97b1d1289825869826fdec84593f7,ef768c17c85b2a8c,true,2026-09-20T14:59:33+00:00
20260920T145420Z-gpu_h192,electricity_hourly,T81,chronos_bolt,tsfm,168,192,60010,52.07328987121582,70.60659425155771,0.558426701031805,6.86683037309533,120.47652199998993,15.55126953125,,205292928,true,dcb2c10e4ac97b1d1289825869826fdec84593f7,ef768c17c85b2a8c,true,2026-09-20T14:59:33+00:00
20260920T145420Z-gpu_h192,electricity_hourly,T81,chronos_bolt,tsfm,168,192,60011,52.232138315836586,68.32982201193057,0.5877952420663073,7.419347367927174,123.5227180000038,15.55126953125,,205292928,true,dcb2c10e4ac97b1d1289825869826fdec84593f7,ef768c17c85b2a8c,true,2026-09-20T14:59:33+00:00
20260920T145420Z-gpu_h192,electricity_hourly,T81,chronos_bolt,tsfm,168,192,60012,51.45615688959757,77.2550460069365,0.5667064315183212,7.2520475022781765,115.56646899998668,15.55126953125,,205292928,true,dcb2c10e4ac97b1d1289825869826fdec84593f7,ef768c17c85b2a8c,true,2026-09-20T14:59:33+00:00
20260920T145420Z-gpu_h192,electricity_hourly,T81,chronos_bolt,tsfm,168,192,60013,83.14052661259969,109.18106620789756,0.7824990740009382,10.558062566806216,114.76236900034564,15.55126953125,,205292928,true,dcb2c10e4ac97b1d1289825869826fdec84593f7,ef768c17c85b2a8c,true,2026-09-20T14:59:33+00:00
20260920T145420Z-gpu_h192,electricity_hourly,T81,chronos_bolt,tsfm,168,192,60014,83.13730637232463,117.39209363743379,0.6613507964652937,11.114489438556436,113.28960799983179,15.55126953125,,205292928,true,dcb2c10e4ac97b1d1289825869826fdec84593f7,ef768c17c85b2a8c,true,2026-09-20T14:59:33+00:00
20260920T145420Z-gpu_h192,electricity_hourly,T81,chronos_bolt,tsfm,168,192,60015,76.06897258758545,98.01652701334915,0.7822002322630894,10.413852028748007,112.28295699993396,15.55126953125,,205292928,true,dcb2c10e4ac97b1d1289825869826fdec84593f7,ef768c17c85b2a8c,true,2026-09-20T14:59:33+00:00
20260920T145420Z-gpu_h192,electricity_hourly,T81,chronos_bolt,tsfm,168,192,60016,67.9723908106486,92.88242433926875,0.6635048994531859,8.191597040828995,121.88072700018893,15.55126953125,,205292928,true,dcb2c10e4ac97b1d1289825869826fdec84593f7,ef768c17c85b2a8c,true,2026-09-20T14:59:33+00:00
20260920T145420Z-gpu_h192,electricity_hourly,T81,chronos_bolt,tsfm,168,192,60017,59.4444785118103,77.44910673058611,0.5563502473482831,7.344902421352679,127.90467600007105,15.55126953125,,205292928,true,dcb2c10e4ac97b1d1289825869826fdec84593f7,ef768c17c85b2a8c,true,2026-09-20T14:59:33+00:00
20260920T145420Z-gpu_h192,electricity_hourly,T81,chronos_bolt,tsfm,168,192,60018,64.5358174641927,88.25721559642301,0.6389245592879855,7.387466108281641,114.73267100018347,15.55126953125,,205292928,true,dcb2c10e4ac97b1d1289825869826fdec84593f7,ef768c17c85b2a8c,true,2026-09-20T14:59:33+00:00
20260920T145420Z-gpu_h192,electricity_hourly,T81,chronos_bolt,tsfm,168,192,60019,121.45169178644817,163.4407436517417,0.9751348545998626,12.676592349357199,113.54345600011584,15.55126953125,,205292928,true,dcb2c10e4ac97b1d1289825869826fdec84593f7,ef768c17c85b2a8c,true,2026-09-20T14:59:33+00:00
20260920T145420Z-gpu_h192,electricity_hourly,T81,chronos_bolt,tsfm,168,192,60020,140.83801651000977,192.17762846088462,1.1076283111655603,13.44516059293677,115.56852299963793,15.55126953125,,205292928,true,dcb2c10e4ac97b1d1289825869826fdec84593f7,ef768c17c85b2a8c,true,2026-09-20T14:59:33+00:00
20260920T145420Z-gpu_h192,electricity_hourly,T94,lstm,deep,168,192,70000,577.7500710208884,1006.014692372301,4.801247127597411,18.25092865942974,382.092988000295,16.14599609375,0.31272059299999455,4513,false,dcb2c10e4ac97b1d1289825869826fdec84593f7,ef768c17c85b2a8c,true,2026-09-20T14:59:46+00:00
20260920T145420Z-gpu_h192,electricity_hourly,T94,lstm,deep,168,192,70001,2670.958904510135,3401.533075545634,11.155140295526538,61.50263856047696,396.92894300014814,16.10986328125,0.32792577600002915,4513,false,dcb2c10e4ac97b1d1289825869826fdec84593f7,ef768c17c85b2a8c,true,2026-09-20T14:59:46+00:00
20260920T145420Z-gpu_h192,electricity_hourly,T94,lstm,deep,168,192,70002,1157.5304832620493,1822.4904734592183,5.051195175300315,33.37558257242441,385.63025999974343,16.10986328125,0.3118425920001755,4513,false,dcb2c10e4ac97b1d1289825869826fdec84593f7,ef768c17c85b2a8c,true,2026-09-20T14:59:46+00:00
20260920T145420Z-gpu_h192,electricity_hourly,T94,lstm,deep,168,192,70003,1234.12101287999,1999.1436933928078,4.586271280670949,33.702245001682314,399.85936099992614,16.10986328125,0.3308513780002613,4513,false,dcb2c10e4ac97b1d1289825869826fdec84593f7,ef768c17c85b2a8c,true,2026-09-20T14:59:46+00:00
20260920T145420Z-gpu_h192,electricity_hourly,T94,lstm,deep,168,192,70004,1381.3941062407557,2040.9840470458448,5.5058471393802435,34.03297066198569,384.09083499982444,16.10986328125,0.31523900199999844,4513,false,dcb2c10e4ac97b1d1289825869826fdec84593f7,ef768c17c85b2a8c,true,2026-09-20T14:59:46+00:00
20260920T145420Z-gpu_h192,electricity_hourly,T94,lstm,deep,168,192,70005,1165.105776646316,1878.9104490103614,5.007020169424301,31.372366304221426,384.0139700000691,16.10986328125,0.3144334419998813,4513,false,dcb2c10e4ac97b1d1289825869826fdec84593f7,ef768c17c85b2a8c,true,2026-09-20T14:59:46+00:00
20260920T145420Z-gpu_h192,electricity_hourly,T94,lstm,deep,168,192,70006,1745.8509906102936,2644.7397900130572,4.944586237272486,44.72582077154863,379.0631240003677,16.10986328125,0.313657300000159,4513,false,dcb2c10e4ac97b1d1289825869826fdec84593f7,ef768c17c85b2a8c,true,2026-09-20T14:59:46+00:00
20260920T145420Z-gpu_h192,electricity_hourly,T94,lstm,deep,168,192,70007,1989.7708704109948,2895.221905807028,11.576380968008696,48.162662754346805,380.46910899993236,16.10986328125,0.31404311200003576,4513,false,dcb2c10e4ac97b1d1289825869826fdec84593f7,ef768c17c85b2a8c,true,2026-09-20T14:59:46+00:00
20260920T145420Z-gpu_h192,electricity_hourly,T94,lstm,deep,168,192,70008,2783.0138945064027,3648.9452208445728,23.080919242580315,65.27642053094297,382.9571500000384,16.10986328125,0.3144495619999361,4513,false,dcb2c10e4ac97b1d1289825869826fdec84593f7,ef768c17c85b2a8c,true,2026-09-20T14:59:46+00:00
20260920T145420Z-gpu_h192,electricity_hourly,T94,lstm,deep,168,192,70009,3236.97772657673,4122.3435718948185,16.943831066050496,71.94598629906658,398.9707890000318,16.10986328125,0.3280115800002932,4513,false,dcb2c10e4ac97b1d1289825869826fdec84593f7,ef768c17c85b2a8c,true,2026-09-20T14:59:46+00:00
20260920T145420Z-gpu_h192,electricity_hourly,T94,lstm,deep,168,192,70010,2222.358606155943,3190.6544247087195,12.470565009993601,53.77518857677009,383.9662430000317,16.10986328125,0.3157605780002086,4513,false,dcb2c10e4ac97b1d1289825869826fdec84593f7,ef768c17c85b2a8c,true,2026-09-20T14:59:46+00:00
20260920T145420Z-gpu_h192,electricity_hourly,T94,lstm,deep,168,192,70011,568.048636815442,769.3963684704007,1.7187192171416732,15.22686838745358,383.1463110000186,16.10986328125,0.3153250889999981,4513,false,dcb2c10e4ac97b1d1289825869826fdec84593f7,ef768c17c85b2a8c,true,2026-09-20T14:59:46+00:00
20260920T145420Z-gpu_h192,electricity_hourly,T94,lstm,deep,168,192,70012,516.3970603666571,738.9017594647516,3.2283223362333344,11.474734413329406,375.41517299996485,16.10986328125,0.30881550999993124,4513,false,dcb2c10e4ac97b1d1289825869826fdec84593f7,ef768c17c85b2a8c,true,2026-09-20T14:59:46+00:00
20260920T145420Z-gpu_h192,electricity_hourly,T94,lstm,deep,168,192,70013,1543.8237130163209,2262.432838015658,6.505065535460138,40.63660536944806,376.202571000249,16.10986328125,0.310006014999999,4513,false,dcb2c10e4ac97b1d1289825869826fdec84593f7,ef768c17c85b2a8c,true,2026-09-20T14:59:46+00:00
20260920T145420Z-gpu_h192,electricity_hourly,T94,lstm,deep,168,192,70014,857.9243934130931,1296.49130175955,5.317484296108355,21.974753069926255,384.7737680002865,16.10986328125,0.31849046499974065,4513,false,dcb2c10e4ac97b1d1289825869826fdec84593f7,ef768c17c85b2a8c,true,2026-09-20T14:59:46+00:00
20260920T145420Z-gpu_h192,electricity_hourly,T94,lstm,deep,168,192,70015,1035.3377737213923,1579.298867706716,5.713083975164029,28.99994767679735,382.9375259997505,16.10986328125,0.3090515079998113,4513,false,dcb2c10e4ac97b1d1289825869826fdec84593f7,ef768c17c85b2a8c,true,2026-09-20T14:59:46+00:00
20260920T145420Z-gpu_h192,electricity_hourly,T94,lstm,deep,168,192,70016,402.8007494914643,541.4638768988631,2.137346448771864,14.778661410511729,378.2397549998677,16.10986328125,0.31057209999971747,4513,false,dcb2c10e4ac97b1d1289825869826fdec84593f7,ef768c17c85b2a8c,true,2026-09-20T14:59:46+00:00
20260920T145420Z-gpu_h192,electricity_hourly,T94,lstm,deep,168,192,70017,1750.1627998407978,2453.5117716711475,7.584899123516264,48.91352324290906,372.0633100001578,16.10986328125,0.3064159349996771,4513,false,dcb2c10e4ac97b1d1289825869826fdec84593f7,ef768c17c85b2a8c,true,2026-09-20T14:59:46+00:00
20260920T145420Z-gpu_h192,electricity_hourly,T94,lstm,deep,168,192,70018,736.1525033057452,1223.848903955898,4.0602865204545475,21.909587825947632,375.3505669997139,16.10986328125,0.30646068700025353,4513,false,dcb2c10e4ac97b1d1289825869826fdec84593f7,ef768c17c85b2a8c,true,2026-09-20T14:59:46+00:00
20260920T145420Z-gpu_h192,electricity_hourly,T94,lstm,deep,168,192,70019,782.9410773884778,1210.9151941745256,8.184053073747155,21.770724478780227,403.2863859997633,16.10986328125,0.32969829000012396,4513,false,dcb2c10e4ac97b1d1289825869826fdec84593f7,ef768c17c85b2a8c,true,2026-09-20T14:59:46+00:00
20260920T145420Z-gpu_h192,electricity_hourly,T94,lstm,deep,168,192,70020,813.5730911564382,1508.682126489092,4.4878193881067645,23.347433359208626,383.6435100001836,16.10986328125,0.3178023159998702,4513,false,dcb2c10e4ac97b1d1289825869826fdec84593f7,ef768c17c85b2a8c,true,2026-09-20T14:59:46+00:00
20260920T145420Z-gpu_h192,electricity_hourly,T94,transformer,deep,168,192,70000,576.7888011193295,862.5409685547016,4.79325873506368,19.02479671440585,577.9948179997518,10.6845703125,0.5724554959997477,19232,false,dcb2c10e4ac97b1d1289825869826fdec84593f7,ef768c17c85b2a8c,true,2026-09-20T15:00:02+00:00
20260920T145420Z-gpu_h192,electricity_hourly,T94,transformer,deep,168,192,70001,825.8243908850633,1164.3861852244193,3.449018599363355,16.966395075145243,570.6276799996886,10.525390625,0.5650580709998394,19232,false,dcb2c10e4ac97b1d1289825869826fdec84593f7,ef768c17c85b2a8c,true,2026-09-20T15:00:02+00:00
20260920T145420Z-gpu_h192,electricity_hourly,T94,transformer,deep,168,192,70002,620.1156887620615,818.0651904375227,2.7060413703971893,20.331311338048337,570.131537999714,10.525390625,0.564454095000201,19232,false,dcb2c10e4ac97b1d1289825869826fdec84593f7,ef768c17c85b2a8c,true,2026-09-20T15:00:02+00:00
20260920T145420Z-gpu_h192,electricity_hourly,T94,transformer,deep,168,192,70003,589.209536100001,839.9312088246164,2.1896351698985814,18.369548632185552,576.1541159999979,10.525390625,0.5707877200002258,19232,false,dcb2c10e4ac97b1d1289825869826fdec84593f7,ef768c17c85b2a8c,true,2026-09-20T15:00:02+00:00
20260920T145420Z-gpu_h192,electricity_hourly,T94,transformer,deep,168,192,70004,776.0934001048121,954.2325398389282,3.093289313711781,18.22518773470819,594.5254309999655,10.525390625,0.5889470250003797,19232,false,dcb2c10e4ac97b1d1289825869826fdec84593f7,ef768c17c85b2a8c,true,2026-09-20T15:00:02+00:00
20260920T145420Z-gpu_h192,electricity_hourly,T94,transformer,deep,168,192,70005,451.6021025266078,606.0480994797053,1.9407515448200883,12.556427415007851,583.7918830002309,10.525390625,0.578388896999968,19232,false,dcb2c10e4ac97b1d1289825869826fdec84593f7,ef768c17c85b2a8c,true,2026-09-20T15:00:02+00:00
20260920T145420Z-gpu_h192,electricity_hourly,T94,transformer,deep,168,192,70006,696.8670229609642,1000.7214935672516,1.9736616180154756,20.69329248275228,574.3339949999609,10.525390625,0.5684528329998102,19232,false,dcb2c10e4ac97b1d1289825869826fdec84593f7,ef768c17c85b2a8c,true,2026-09-20T15:00:02+00:00
20260920T145420Z-gpu_h192,electricity_hourly,T94,transformer,deep,168,192,70007,914.5614628790818,1300.8419135337515,5.320869890290807,25.12016863056303,572.3627520001173,10.525390625,0.5670055640002829,19232,false,dcb2c10e4ac97b1d1289825869826fdec84593f7,ef768c17c85b2a8c,true,2026-09-20T15:00:02+00:00
20260920T145420Z-gpu_h192,electricity_hourly,T94,transformer,deep,168,192,70008,439.8102440688624,611.5572361409173,3.6475652333073887,10.65221888031539,582.1740329997738,10.525390625,0.576350053999704,19232,false,dcb2c10e4ac97b1d1289825869826fdec84593f7,ef768c17c85b2a8c,true,2026-09-20T15:00:02+00:00
20260920T145420Z-gpu_h192,electricity_hourly,T94,transformer,deep,168,192,70009,471.15234015480956,635.1659454586303,2.466228170930301,12.347820866713455,590.7388499999797,10.525390625,0.5853400550004153,19232,false,dcb2c10e4ac97b1d1289825869826fdec84593f7,ef768c17c85b2a8c,true,2026-09-20T15:00:02+00:00
20260920T145420Z-gpu_h192,electricity_hourly,T94,transformer,deep,168,192,70010,419.89817693252735,565.7148869807426,2.3562207730607097,10.611501937897655,589.4803080000202,10.525390625,0.5836747089997516,19232,false,dcb2c10e4ac97b1d1289825869826fdec84593f7,ef768c17c85b2a8c,true,2026-09-20T15:00:02+00:00
20260920T145420Z-gpu_h192,electricity_hourly,T94,transformer,deep,168,192,70011,821.4726347918449,1145.8893080982846,2.485492812178801,23.882911248755413,576.76611900024,10.525390625,0.5713416909998159,19232,false,dcb2c10e4ac97b1d1289825869826fdec84593f7,ef768c17c85b2a8c,true,2026-09-20T15:00:02+00:00
20260920T145420Z-gpu_h192,electricity_hourly,T94,transformer,deep,168,192,70012,729.9153468264931,924.0164407295359,4.563159240384431,19.796445636270562,589.0653430001294,10.525390625,0.583082425000157,19232,false,dcb2c10e4ac97b1d1289825869826fdec84593f7,ef768c17c85b2a8c,true,2026-09-20T15:00:02+00:00
20260920T145420Z-gpu_h192,electricity_hourly,T94,transformer,deep,168,192,70013,801.9034539965972,1162.3480783131592,3.3789055559768837,22.657512267648663,583.8289690000238,10.525390625,0.5783936420002647,19232,false,dcb2c10e4ac97b1d1289825869826fdec84593f7,ef768c17c85b2a8c,true,2026-09-20T15:00:02+00:00
20260920T145420Z-gpu_h192,electricity_hourly,T94,transformer,deep,168,192,70014,530.2226136275629,673.2931071318794,3.286362345042356,14.21300412817332,593.8321710000309,10.525390625,0.588055390000136,19232,false,dcb2c10e4ac97b1d1289825869826fdec84593f7,ef768c17c85b2a8c,true,2026-09-20T15:00:02+00:00
20260920T145420Z-gpu_h192,electricity_hourly,T94,transformer,deep,168,192,70015,458.3178469053624,591.4249942760767,2.529037781819903,11.823887807579364,585.7760200001394,10.525390625,0.5801922679997915,19232,false,dcb2c10e4ac97b1d1289825869826fdec84593f7,ef768c17c85b2a8c,true,2026-09-20T15:00:02+00:00
20260920T145420Z-gpu_h192,electricity_hourly,T94,transformer,deep,168,192,70016,500.2186543378011,655.928257272,2.654266571768124,17.425988316228285,586.8754100001752,10.525390625,0.5812192759999562,19232,false,dcb2c10e4ac97b1d1289825869826fdec84593f7,ef768c17c85b2a8c,true,2026-09-20T15:00:02+00:00
20260920T145420Z-gpu_h192,electricity_hourly,T94,transformer,deep,168,192,70017,383.57764268149486,506.7270288919512,1.6623583394870216,12.114243564097427,578.2601480000267,10.525390625,0.5724955599998793,19232,false,dcb2c10e4ac97b1d1289825869826fdec84593f7,ef768c17c85b2a8c,true,2026-09-20T15:00:02+00:00
20260920T145420Z-gpu_h192,electricity_hourly,T94,transformer,deep,168,192,70018,461.20933892740004,629.9089603814111,2.5438235332291104,14.987625275344415,590.2713149998817,10.525390625,0.5840816469999481,19232,false,dcb2c10e4ac97b1d1289825869826fdec84593f7,ef768c17c85b2a8c,true,2026-09-20T15:00:02+00:00
20260920T145420Z-gpu_h192,electricity_hourly,T94,transformer,deep,168,192,70019,485.90341378247876,635.0799000780671,5.079129760792461,11.54461982244572,591.684991999955,10.525390625,0.5858982179997838,19232,false,dcb2c10e4ac97b1d1289825869826fdec84593f7,ef768c17c85b2a8c,true,2026-09-20T15:00:02+00:00
20260920T145420Z-gpu_h192,electricity_hourly,T94,transformer,deep,168,192,70020,759.947421117553,1435.6411963346632,4.192010290784433,22.45614047703889,614.1393059997426,10.525390625,0.6045698870002525,19232,false,dcb2c10e4ac97b1d1289825869826fdec84593f7,ef768c17c85b2a8c,true,2026-09-20T15:00:02+00:00
20260920T145420Z-gpu_h192,electricity_hourly,T94,timesfm25,tsfm,168,192,70000,149.7741018931071,203.75269583247766,1.244660126535516,3.9693396455402077,211.63409400014643,13.52490234375,,231289280,true,dcb2c10e4ac97b1d1289825869826fdec84593f7,ef768c17c85b2a8c,true,2026-09-20T15:00:11+00:00
20260920T145420Z-gpu_h192,electricity_hourly,T94,timesfm25,tsfm,168,192,70001,450.21835199991864,696.1127308864673,1.8803167924820408,8.761562149031244,214.69550800020443,13.52490234375,,231289280,true,dcb2c10e4ac97b1d1289825869826fdec84593f7,ef768c17c85b2a8c,true,2026-09-20T15:00:11+00:00
20260920T145420Z-gpu_h192,electricity_hourly,T94,timesfm25,tsfm,168,192,70002,200.99500274658203,305.9681144497396,0.8770956815511928,7.201927168298114,212.43435599990335,13.52490234375,,231289280,true,dcb2c10e4ac97b1d1289825869826fdec84593f7,ef768c17c85b2a8c,true,2026-09-20T15:00:11+00:00
20260920T145420Z-gpu_h192,electricity_hourly,T94,timesfm25,tsfm,168,192,70003,238.508957862854,427.89715977816036,0.8863529363919321,5.922296169940433,208.708703999946,13.52490234375,,231289280,true,dcb2c10e4ac97b1d1289825869826fdec84593f7,ef768c17c85b2a8c,true,2026-09-20T15:00:11+00:00
20260920T145420Z-gpu_h192,electricity_hourly,T94,timesfm25,tsfm,168,192,70004,257.57729657491046,363.71423337147223,1.026630427268596,5.6346354636603335,219.97765400010394,13.52490234375,,231289280,true,dcb2c10e4ac97b1d1289825869826fdec84593f7,ef768c17c85b2a8c,true,2026-09-20T15:00:11+00:00
20260920T145420Z-gpu_h192,electricity_hourly,T94,timesfm25,tsfm,168,192,70005,295.4179843266805,422.23642002339886,1.2695532333485133,6.683721410456591,215.38545499970496,13.52490234375,,231289280,true,dcb2c10e4ac97b1d1289825869826fdec84593f7,ef768c17c85b2a8c,true,2026-09-20T15:00:11+00:00
20260920T145420Z-gpu_h192,electricity_hourly,T94,timesfm25,tsfm,168,192,70006,234.56088383992514,342.52448753154425,0.6643215969032574,5.461480609812069,213.66847099989172,13.52490234375,,231289280,true,dcb2c10e4ac97b1d1289825869826fdec84593f7,ef768c17c85b2a8c,true,2026-09-20T15:00:11+00:00
20260920T145420Z-gpu_h192,electricity_hourly,T94,timesfm25,tsfm,168,192,70007,183.16570917765299,252.54605305408728,1.0656483423531182,4.707179420107635,217.8899549999187,13.52490234375,,231289280,true,dcb2c10e4ac97b1d1289825869826fdec84593f7,ef768c17c85b2a8c,true,2026-09-20T15:00:11+00:00
20260920T145420Z-gpu_h192,electricity_hourly,T94,timesfm25,tsfm,168,192,70008,282.42704645792645,421.6895858272919,2.342308051024674,5.344915510395637,218.82745199991405,13.52490234375,,231289280,true,dcb2c10e4ac97b1d1289825869826fdec84593f7,ef768c17c85b2a8c,true,2026-09-20T15:00:11+00:00
20260920T145420Z-gpu_h192,electricity_hourly,T94,timesfm25,tsfm,168,192,70009,324.6854731241862,415.7866320616522,1.6995531853828723,7.484408717853945,216.70267599984072,13.52490234375,,231289280,true,dcb2c10e4ac97b1d1289825869826fdec84593f7,ef768c17c85b2a8c,true,2026-09-20T15:00:11+00:00
20260920T145420Z-gpu_h192,electricity_hourly,T94,timesfm25,tsfm,168,192,70010,252.63245582580566,362.7572101187957,1.417624255276908,5.107441194802634,208.77726600019741,13.52490234375,,231289280,true,dcb2c10e4ac97b1d1289825869826fdec84593f7,ef768c17c85b2a8c,true,2026-09-20T15:00:11+00:00
20260920T145420Z-gpu_h192,electricity_hourly,T94,timesfm25,tsfm,168,192,70011,318.6003945668538,430.4641308888637,0.963974887433592,6.714293410888921,217.65740599994388,13.52490234375,,231289280,true,dcb2c10e4ac97b1d1289825869826fdec84593f7,ef768c17c85b2a8c,true,2026-09-20T15:00:11+00:00
20260920T145420Z-gpu_h192,electricity_hourly,T94,timesfm25,tsfm,168,192,70012,349.3816630045573,460.4094196451559,2.184204196954773,8.395737365762864,217.2464579998632,13.52490234375,,231289280,true,dcb2c10e4ac97b1d1289825869826fdec84593f7,ef768c17c85b2a8c,true,2026-09-20T15:00:11+00:00
20260920T145420Z-gpu_h192,electricity_hourly,T94,timesfm25,tsfm,168,192,70013,260.51198323567706,347.4831550153658,1.0976949695958302,6.662085187498434,206.1722869998448,13.52490234375,,231289280,true,dcb2c10e4ac97b1d1289825869826fdec84593f7,ef768c17c85b2a8c,true,2026-09-20T15:00:11+00:00
20260920T145420Z-gpu_h192,electricity_hourly,T94,timesfm25,tsfm,168,192,70014,278.6588719685872,365.0126322697203,1.7271500694476203,6.5563171711066754,209.9331509998592,13.52490234375,,231289280,true,dcb2c10e4ac97b1d1289825869826fdec84593f7,ef768c17c85b2a8c,true,2026-09-20T15:00:11+00:00
20260920T145420Z-gpu_h192,electricity_hourly,T94,timesfm25,tsfm,168,192,70015,334.5758597056071,460.80910288287754,1.846218723084282,7.762058253053845,217.58638699975563,13.52490234375,,231289280,true,dcb2c10e4ac97b1d1289825869826fdec84593f7,ef768c17c85b2a8c,true,2026-09-20T15:00:11+00:00
20260920T145420Z-gpu_h192,electricity_hourly,T94,timesfm25,tsfm,168,192,70016,382.0675271352132,522.6509842519051,2.0273315611861853,14.361331041252434,217.10634000010032,13.52490234375,,231289280,true,dcb2c10e4ac97b1d1289825869826fdec84593f7,ef768c17c85b2a8c,true,2026-09-20T15:00:11+00:00
20260920T145420Z-gpu_h192,electricity_hourly,T94,timesfm25,tsfm,168,192,70017,276.059263865153,315.8403026040904,1.1963925120107755,11.056900177660344,224.9505049999243,13.52490234375,,231289280,true,dcb2c10e4ac97b1d1289825869826fdec84593f7,ef768c17c85b2a8c,true,2026-09-20T15:00:11+00:00
20260920T145420Z-gpu_h192,electricity_hourly,T94,timesfm25,tsfm,168,192,70018,117.98465919494629,163.35486328643114,0.6507503801161432,4.06070467832936,201.20675599991955,13.52490234375,,231289280,true,dcb2c10e4ac97b1d1289825869826fdec84593f7,ef768c17c85b2a8c,true,2026-09-20T15:00:11+00:00
20260920T145420Z-gpu_h192,electricity_hourly,T94,timesfm25,tsfm,168,192,70019,386.1984036763509,469.29177908670096,4.036917111599487,10.392457699625252,213.1498379999357,13.52490234375,,231289280,true,dcb2c10e4ac97b1d1289825869826fdec84593f7,ef768c17c85b2a8c,true,2026-09-20T15:00:11+00:00
20260920T145420Z-gpu_h192,electricity_hourly,T94,timesfm25,tsfm,168,192,70020,625.4903361002604,1365.740734879341,3.4503201838129667,17.485925323448072,214.09228199991048,13.52490234375,,231289280,true,dcb2c10e4ac97b1d1289825869826fdec84593f7,ef768c17c85b2a8c,true,2026-09-20T15:00:11+00:00
20260920T145420Z-gpu_h192,electricity_hourly,T94,chronos_bolt,tsfm,168,192,70000,134.0281499226888,177.85500619641294,1.1138073400777464,3.723949342831698,112.7023249996455,15.55126953125,,205292928,true,dcb2c10e4ac97b1d1289825869826fdec84593f7,ef768c17c85b2a8c,true,2026-09-20T15:00:17+00:00
20260920T145420Z-gpu_h192,electricity_hourly,T94,chronos_bolt,tsfm,168,192,70001,334.4969660441081,433.83149549897047,1.397011604465082,7.737445958158591,117.56867299982332,15.55126953125,,205292928,true,dcb2c10e4ac97b1d1289825869826fdec84593f7,ef768c17c85b2a8c,true,2026-09-20T15:00:17+00:00
20260920T145420Z-gpu_h192,electricity_hourly,T94,chronos_bolt,tsfm,168,192,70002,198.57659530639648,296.89995870751574,0.8665423111040059,7.6689558003131655,111.00321100002475,15.55126953125,,205292928,true,dcb2c10e4ac97b1d1289825869826fdec84593f7,ef768c17c85b2a8c,true,2026-09-20T15:00:17+00:00
20260920T145420Z-gpu_h192,electricity_hourly,T94,chronos_bolt,tsfm,168,192,70003,229.8592872619629,417.4728354826128,0.8542088148267738,5.642238260756147,116.30495999997947,15.55126953125,,205292928,true,dcb2c10e4ac97b1d1289825869826fdec84593f7,ef768c17c85b2a8c,true,2026-09-20T15:00:17+00:00
20260920T145420Z-gpu_h192,electricity_hourly,T94,chronos_bolt,tsfm,168,192,70004,263.07713826497394,362.2839355635828,1.0485512444340073,5.691339992576349,109.33786100031284,15.55126953125,,205292928,true,dcb2c10e4ac97b1d1289825869826fdec84593f7,ef768c17c85b2a8c,true,2026-09-20T15:00:17+00:00
20260920T145420Z-gpu_h192,electricity_hourly,T94,chronos_bolt,tsfm,168,192,70005,303.9090868631999,429.2676517723371,1.3060435868539089,6.7990472631272905,105.20550599994749,15.55126953125,,205292928,true,dcb2c10e4ac97b1d1289825869826fdec84593f7,ef768c17c85b2a8c,true,2026-09-20T15:00:17+00:00
20260920T145420Z-gpu_h192,electricity_hourly,T94,chronos_bolt,tsfm,168,192,70006,282.15573501586914,415.9149307839548,0.7991193816828959,5.806512887768013,105.9714799998801,15.55126953125,,205292928,true,dcb2c10e4ac97b1d1289825869826fdec84593f7,ef768c17c85b2a8c,true,2026-09-20T15:00:17+00:00
20260920T145420Z-gpu_h192,electricity_hourly,T94,chronos_bolt,tsfm,168,192,70007,177.70634969075522,241.01241857380305,1.0338860795712799,4.082839902126823,119.28303200011214,15.55126953125,,205292928,true,dcb2c10e4ac97b1d1289825869826fdec84593f7,ef768c17c85b2a8c,true,2026-09-20T15:00:17+00:00
20260920T145420Z-gpu_h192,electricity_hourly,T94,chronos_bolt,tsfm,168,192,70008,264.9751726786296,373.461176344756,2.197570976543377,5.593823995779291,124.39458000017112,15.55126953125,,205292928,true,dcb2c10e4ac97b1d1289825869826fdec84593f7,ef768c17c85b2a8c,true,2026-09-20T15:00:17+00:00
20260920T145420Z-gpu_h192,electricity_hourly,T94,chronos_bolt,tsfm,168,192,70009,289.41281000773114,380.68385690534353,1.5149198342825623,6.917964477578213,120.06584200025827,15.55126953125,,205292928,true,dcb2c10e4ac97b1d1289825869826fdec84593f7,ef768c17c85b2a8c,true,2026-09-20T15:00:17+00:00
20260920T145420Z-gpu_h192,electricity_hourly,T94,chronos_bolt,tsfm,168,192,70010,229.29890569051108,337.6688536805541,1.2866901418219,4.749639374502281,125.0710499998604,15.55126953125,,205292928,true,dcb2c10e4ac97b1d1289825869826fdec84593f7,ef768c17c85b2a8c,true,2026-09-20T15:00:17+00:00
20260920T145420Z-gpu_h192,electricity_hourly,T94,chronos_bolt,tsfm,168,192,70011,288.32458368937176,379.38382614881215,0.8723707278648022,6.491851434100971,120.16226800005825,15.55126953125,,205292928,true,dcb2c10e4ac97b1d1289825869826fdec84593f7,ef768c17c85b2a8c,true,2026-09-20T15:00:17+00:00
20260920T145420Z-gpu_h192,electricity_hourly,T94,chronos_bolt,tsfm,168,192,70012,309.3503252665202,436.7458310967979,1.9339431639480293,6.514830086041973,118.05303299979641,15.55126953125,,205292928,true,dcb2c10e4ac97b1d1289825869826fdec84593f7,ef768c17c85b2a8c,true,2026-09-20T15:00:17+00:00
20260920T145420Z-gpu_h192,electricity_hourly,T94,chronos_bolt,tsfm,168,192,70013,216.42950948079428,290.35237504423276,0.9119487744033468,5.8447198416532915,119.311578000179,15.55126953125,,205292928,true,dcb2c10e4ac97b1d1289825869826fdec84593f7,ef768c17c85b2a8c,true,2026-09-20T15:00:17+00:00
20260920T145420Z-gpu_h192,electricity_hourly,T94,chronos_bolt,tsfm,168,192,70014,250.52966817220053,333.08932761011033,1.5528030050702397,5.717709092694333,119.14557299996886,15.55126953125,,205292928,true,dcb2c10e4ac97b1d1289825869826fdec84593f7,ef768c17c85b2a8c,true,2026-09-20T15:00:17+00:00
20260920T145420Z-gpu_h192,electricity_hourly,T94,chronos_bolt,tsfm,168,192,70015,366.98113377888996,507.5130502153078,2.025033846725941,8.214083518541477,118.82300399975065,15.55126953125,,205292928,true,dcb2c10e4ac97b1d1289825869826fdec84593f7,ef768c17c85b2a8c,true,2026-09-20T15:00:17+00:00
20260920T145420Z-gpu_h192,electricity_hourly,T94,chronos_bolt,tsfm,168,192,70016,359.99259821573895,515.9283656768392,1.9101972932075468,14.090215236257617,119.66820399993594,15.55126953125,,205292928,true,dcb2c10e4ac97b1d1289825869826fdec84593f7,ef768c17c85b2a8c,true,2026-09-20T15:00:17+00:00
20260920T145420Z-gpu_h192,electricity_hourly,T94,chronos_bolt,tsfm,168,192,70017,217.92181523640951,269.4880282837479,0.9444349894375951,7.330838788741483,118.32889300012539,15.55126953125,,205292928,true,dcb2c10e4ac97b1d1289825869826fdec84593f7,ef768c17c85b2a8c,true,2026-09-20T15:00:17+00:00
20260920T145420Z-gpu_h192,electricity_hourly,T94,chronos_bolt,tsfm,168,192,70018,115.23827044169109,162.54795773354516,0.6356025334611428,3.665665264385002,119.97783100014203,15.55126953125,,205292928,true,dcb2c10e4ac97b1d1289825869826fdec84593f7,ef768c17c85b2a8c,true,2026-09-20T15:00:17+00:00
20260920T145420Z-gpu_h192,electricity_hourly,T94,chronos_bolt,tsfm,168,192,70019,384.313777923584,524.3467950444949,4.017217190838857,8.427183581231308,116.44580999973186,15.55126953125,,205292928,true,dcb2c10e4ac97b1d1289825869826fdec84593f7,ef768c17c85b2a8c,true,2026-09-20T15:00:17+00:00
20260920T145420Z-gpu_h192,electricity_hourly,T94,chronos_bolt,tsfm,168,192,70020,624.1671358744303,1359.326217653538,3.4430211670529767,17.723369003161867,111.7484900000818,15.55126953125,,205292928,true,dcb2c10e4ac97b1d1289825869826fdec84593f7,ef768c17c85b2a8c,true,2026-09-20T15:00:17+00:00
20260920T145420Z-gpu_h192,electricity_hourly,T108,lstm,deep,168,192,80000,48.343844925223074,63.179723467190065,1.2898858012288537,99.69580283114462,393.5729229997378,16.14599609375,0.3241800380001223,4513,false,dcb2c10e4ac97b1d1289825869826fdec84593f7,ef768c17c85b2a8c,true,2026-09-20T15:00:30+00:00
20260920T145420Z-gpu_h192,electricity_hourly,T108,lstm,deep,168,192,80001,53.77774222736463,67.34097046567602,0.9786420928523325,108.45545528986548,399.7034760000133,16.10986328125,0.33234841300009066,4513,false,dcb2c10e4ac97b1d1289825869826fdec84593f7,ef768c17c85b2a8c,true,2026-09-20T15:00:30+00:00
20260920T145420Z-gpu_h192,electricity_hourly,T108,lstm,deep,168,192,80002,54.39179913128145,70.83003582735127,2.480968981597887,97.87570212652167,392.28731400044126,16.10986328125,0.3236186990002352,4513,false,dcb2c10e4ac97b1d1289825869826fdec84593f7,ef768c17c85b2a8c,true,2026-09-20T15:00:30+00:00
20260920T145420Z-gpu_h192,electricity_hourly,T108,lstm,deep,168,192,80003,54.06692149467214,66.11013312368445,1.8122990445141498,148.7699786342338,402.2773080000661,16.10986328125,0.3360219149999466,4513,false,dcb2c10e4ac97b1d1289825869826fdec84593f7,ef768c17c85b2a8c,true,2026-09-20T15:00:30+00:00
20260920T145420Z-gpu_h192,electricity_hourly,T108,lstm,deep,168,192,80004,53.096303076193344,68.05932953679638,2.1197304249991245,96.14736037247519,403.64190199989025,16.10986328125,0.33400888200003465,4513,false,dcb2c10e4ac97b1d1289825869826fdec84593f7,ef768c17c85b2a8c,true,2026-09-20T15:00:30+00:00
20260920T145420Z-gpu_h192,electricity_hourly,T108,lstm,deep,168,192,80005,58.22579887212432,72.22710039698464,1.7312647197162714,111.50613990729606,397.41294600025867,16.10986328125,0.3295985340000698,4513,false,dcb2c10e4ac97b1d1289825869826fdec84593f7,ef768c17c85b2a8c,true,2026-09-20T15:00:30+00:00
20260920T145420Z-gpu_h192,electricity_hourly,T108,lstm,deep,168,192,80006,80.50238367643776,96.03908591022125,3.339770455029397,175.47056254199222,423.75257999992755,16.10986328125,0.3583266629998434,4513,false,dcb2c10e4ac97b1d1289825869826fdec84593f7,ef768c17c85b2a8c,true,2026-09-20T15:00:30+00:00
20260920T145420Z-gpu_h192,electricity_hourly,T108,lstm,deep,168,192,80007,51.94148464614918,68.35631380089546,2.0117196850579564,95.068722141396,424.6469839999918,16.10986328125,0.33123171199986245,4513,false,dcb2c10e4ac97b1d1289825869826fdec84593f7,ef768c17c85b2a8c,true,2026-09-20T15:00:30+00:00
20260920T145420Z-gpu_h192,electricity_hourly,T108,lstm,deep,168,192,80008,64.06243020606432,80.15593188039674,2.463939623310166,165.46580117551926,402.9569290000836,16.10986328125,0.33055658800003584,4513,false,dcb2c10e4ac97b1d1289825869826fdec84593f7,ef768c17c85b2a8c,true,2026-09-20T15:00:30+00:00
20260920T145420Z-gpu_h192,electricity_hourly,T108,lstm,deep,168,192,80009,61.52959318462582,79.7807266242377,2.1839441505018775,97.92068875190193,379.2138169997088,16.10986328125,0.3127475289998074,4513,false,dcb2c10e4ac97b1d1289825869826fdec84593f7,ef768c17c85b2a8c,true,2026-09-20T15:00:30+00:00
20260920T145420Z-gpu_h192,electricity_hourly,T108,lstm,deep,168,192,80010,61.39433397924353,72.69409641677139,1.8588696579081303,114.06852957354057,377.2156019999784,16.10986328125,0.30971995400022934,4513,false,dcb2c10e4ac97b1d1289825869826fdec84593f7,ef768c17c85b2a8c,true,2026-09-20T15:00:30+00:00
20260920T145420Z-gpu_h192,electricity_hourly,T108,lstm,deep,168,192,80011,96.17585786913163,114.8289258560912,3.250251943946246,104.24252519733228,423.34087800009,16.10986328125,0.347818936999829,4513,false,dcb2c10e4ac97b1d1289825869826fdec84593f7,ef768c17c85b2a8c,true,2026-09-20T15:00:30+00:00
20260920T145420Z-gpu_h192,electricity_hourly,T108,lstm,deep,168,192,80012,60.91291380653437,78.73405695908978,1.8969419524526272,147.25119604296975,431.6645009998865,16.10986328125,0.3565925650000281,4513,false,dcb2c10e4ac97b1d1289825869826fdec84593f7,ef768c17c85b2a8c,true,2026-09-20T15:00:30+00:00
20260920T145420Z-gpu_h192,electricity_hourly,T108,lstm,deep,168,192,80013,45.73781955668128,61.20654961222128,2.145357008521858,144.44832465980497,392.51716299986583,16.10986328125,0.3254252950000591,4513,false,dcb2c10e4ac97b1d1289825869826fdec84593f7,ef768c17c85b2a8c,true,2026-09-20T15:00:30+00:00
20260920T145420Z-gpu_h192,electricity_hourly,T108,lstm,deep,168,192,80014,43.02338358463487,60.235267744150384,1.790568565372087,143.80189041607912,384.75112900005115,16.10986328125,0.3188758979999875,4513,false,dcb2c10e4ac97b1d1289825869826fdec84593f7,ef768c17c85b2a8c,true,2026-09-20T15:00:30+00:00
20260920T145420Z-gpu_h192,electricity_hourly,T108,lstm,deep,168,192,80015,69.27647696818198,86.62644609108422,1.837166240040185,112.14130283768375,383.03115500002605,16.10986328125,0.31701207200012504,4513,false,dcb2c10e4ac97b1d1289825869826fdec84593f7,ef768c17c85b2a8c,true,2026-09-20T15:00:30+00:00
20260920T145420Z-gpu_h192,electricity_hourly,T108,lstm,deep,168,192,80016,57.002744248618434,66.04837305163959,1.8445831846743943,110.3576774959657,378.8170349998836,16.10986328125,0.3132346169995799,4513,false,dcb2c10e4ac97b1d1289825869826fdec84593f7,ef768c17c85b2a8c,true,2026-09-20T15:00:30+00:00
20260920T145420Z-gpu_h192,electricity_hourly,T108,lstm,deep,168,192,80017,43.43595783978511,61.6740046036888,1.0478770194218556,139.33810420968047,379.0050790003079,16.10986328125,0.3130962179998278,4513,false,dcb2c10e4ac97b1d1289825869826fdec84593f7,ef768c17c85b2a8c,true,2026-09-20T15:00:30+00:00
20260920T145420Z-gpu_h192,electricity_hourly,T108,lstm,deep,168,192,80018,68.82171108678472,85.31295332226118,2.155824754513161,97.7306129951101,413.78376400007255,16.10986328125,0.33934992800004693,4513,false,dcb2c10e4ac97b1d1289825869826fdec84593f7,ef768c17c85b2a8c,true,2026-09-20T15:00:30+00:00
20260920T145420Z-gpu_h192,electricity_hourly,T108,lstm,deep,168,192,80019,66.83446549544529,81.16143967786617,1.9329510004708017,144.52766680025178,382.5386480002635,16.10986328125,0.31452983400004086,4513,false,dcb2c10e4ac97b1d1289825869826fdec84593f7,ef768c17c85b2a8c,true,2026-09-20T15:00:30+00:00
20260920T145420Z-gpu_h192,electricity_hourly,T108,lstm,deep,168,192,80020,51.873214074807144,72.7975758773468,1.7848847853697083,134.12420093545947,383.4817500001009,16.10986328125,0.3188148330000331,4513,false,dcb2c10e4ac97b1d1289825869826fdec84593f7,ef768c17c85b2a8c,true,2026-09-20T15:00:30+00:00
20260920T145420Z-gpu_h192,electricity_hourly,T108,transformer,deep,168,192,80000,42.9431070298074,55.76696478099627,1.145786068610759,119.36018467065021,584.8296440003651,10.6845703125,0.5789215989998411,19232,false,dcb2c10e4ac97b1d1289825869826fdec84593f7,ef768c17c85b2a8c,true,2026-09-20T15:00:47+00:00
20260920T145420Z-gpu_h192,electricity_hourly,T108,transformer,deep,168,192,80001,59.63199704840881,70.89304571110085,1.0851772494592278,121.83630877851644,595.8819510001376,10.525390625,0.5904855600001611,19232,false,dcb2c10e4ac97b1d1289825869826fdec84593f7,ef768c17c85b2a8c,true,2026-09-20T15:00:47+00:00
20260920T145420Z-gpu_h192,electricity_hourly,T108,transformer,deep,168,192,80002,65.63556153218245,75.30300051696342,2.993829857660524,146.65825480384143,616.2733450000815,10.525390625,0.6109182039999723,19232,false,dcb2c10e4ac97b1d1289825869826fdec84593f7,ef768c17c85b2a8c,true,2026-09-20T15:00:47+00:00
20260920T145420Z-gpu_h192,electricity_hourly,T108,transformer,deep,168,192,80003,51.787782726343316,63.16677545301445,1.7359033316092731,123.20776207871307,579.9416360000578,10.525390625,0.5740944690001015,19232,false,dcb2c10e4ac97b1d1289825869826fdec84593f7,ef768c17c85b2a8c,true,2026-09-20T15:00:47+00:00
20260920T145420Z-gpu_h192,electricity_hourly,T108,transformer,deep,168,192,80004,71.82325284331232,85.21359372410262,2.8673547018123022,166.98127256364324,598.5813530000996,10.525390625,0.5929848310001944,19232,false,dcb2c10e4ac97b1d1289825869826fdec84593f7,ef768c17c85b2a8c,true,2026-09-20T15:00:47+00:00
20260920T145420Z-gpu_h192,electricity_hourly,T108,transformer,deep,168,192,80005,57.85293758193993,71.17346380286669,1.7201781977698432,121.4620762837341,583.2377930000803,10.525390625,0.5777860729999702,19232,false,dcb2c10e4ac97b1d1289825869826fdec84593f7,ef768c17c85b2a8c,true,2026-09-20T15:00:47+00:00
20260920T145420Z-gpu_h192,electricity_hourly,T108,transformer,deep,168,192,80006,42.87814240302274,61.81008090556234,1.7788684834443316,141.24247749967054,589.0958570003022,10.525390625,0.5832333810003547,19232,false,dcb2c10e4ac97b1d1289825869826fdec84593f7,ef768c17c85b2a8c,true,2026-09-20T15:00:47+00:00
20260920T145420Z-gpu_h192,electricity_hourly,T108,transformer,deep,168,192,80007,64.22956861498123,76.3715518928991,2.4876433245178315,131.2162656366528,590.8266460000959,10.525390625,0.5852596749996337,19232,false,dcb2c10e4ac97b1d1289825869826fdec84593f7,ef768c17c85b2a8c,true,2026-09-20T15:00:47+00:00
20260920T145420Z-gpu_h192,electricity_hourly,T108,transformer,deep,168,192,80008,51.88741440194593,68.04219241810047,1.9956697846902283,150.87670438634368,591.2221439998575,10.525390625,0.5853457590001199,19232,false,dcb2c10e4ac97b1d1289825869826fdec84593f7,ef768c17c85b2a8c,true,2026-09-20T15:00:47+00:00
20260920T145420Z-gpu_h192,electricity_hourly,T108,transformer,deep,168,192,80009,64.80894546663644,76.33983704914135,2.3003421610045964,125.12537753353985,585.8028140000897,10.525390625,0.580457805000151,19232,false,dcb2c10e4ac97b1d1289825869826fdec84593f7,ef768c17c85b2a8c,true,2026-09-20T15:00:47+00:00
20260920T145420Z-gpu_h192,electricity_hourly,T108,transformer,deep,168,192,80010,76.39922109080679,87.40155109210652,2.3131807899655548,140.96387171276925,588.8593350000519,10.525390625,0.5831956640004137,19232,false,dcb2c10e4ac97b1d1289825869826fdec84593f7,ef768c17c85b2a8c,true,2026-09-20T15:00:47+00:00
20260920T145420Z-gpu_h192,electricity_hourly,T108,transformer,deep,168,192,80011,82.95147737081514,96.7798089383388,2.8033355412807746,170.0346814648558,583.6149020001358,10.525390625,0.5781699430003755,19232,false,dcb2c10e4ac97b1d1289825869826fdec84593f7,ef768c17c85b2a8c,true,2026-09-20T15:00:47+00:00
20260920T145420Z-gpu_h192,electricity_hourly,T108,transformer,deep,168,192,80012,46.73730815136252,57.46811592895853,1.4554871050597322,117.04520381089829,584.446645999833,10.525390625,0.578907172000072,19232,false,dcb2c10e4ac97b1d1289825869826fdec84593f7,ef768c17c85b2a8c,true,2026-09-20T15:00:47+00:00
20260920T145420Z-gpu_h192,electricity_hourly,T108,transformer,deep,168,192,80013,49.6741290763982,65.84167013120623,2.329991722150274,145.6513428868748,586.6634069998327,10.525390625,0.5813442009998653,19232,false,dcb2c10e4ac97b1d1289825869826fdec84593f7,ef768c17c85b2a8c,true,2026-09-20T15:00:47+00:00
20260920T145420Z-gpu_h192,electricity_hourly,T108,transformer,deep,168,192,80014,70.40945359853986,81.8813191868791,2.9303356410953003,150.56240856578452,586.2701810001454,10.525390625,0.5806437989999722,19232,false,dcb2c10e4ac97b1d1289825869826fdec84593f7,ef768c17c85b2a8c,true,2026-09-20T15:00:47+00:00
20260920T145420Z-gpu_h192,electricity_hourly,T108,transformer,deep,168,192,80015,80.87599377259822,97.23952602051973,2.1447777354059196,163.80385029994804,620.2257039999495,10.525390625,0.6143856049998249,19232,false,dcb2c10e4ac97b1d1289825869826fdec84593f7,ef768c17c85b2a8c,true,2026-09-20T15:00:47+00:00
20260920T145420Z-gpu_h192,electricity_hourly,T108,transformer,deep,168,192,80016,78.04390875561599,90.00305573019726,2.525465811417686,151.58621654948902,568.5112229998595,10.525390625,0.5630140090001987,19232,false,dcb2c10e4ac97b1d1289825869826fdec84593f7,ef768c17c85b2a8c,true,2026-09-20T15:00:47+00:00
20260920T145420Z-gpu_h192,electricity_hourly,T108,transformer,deep,168,192,80017,74.95479986711975,84.17002467867373,1.8082578624334469,136.73140060414894,564.0090810002221,10.525390625,0.5584885860002942,19232,false,dcb2c10e4ac97b1d1289825869826fdec84593f7,ef768c17c85b2a8c,true,2026-09-20T15:00:47+00:00
20260920T145420Z-gpu_h192,electricity_hourly,T108,transformer,deep,168,192,80018,87.84226998953297,102.63207452767574,2.7516395210991402,160.25874039704314,576.5648299998247,10.525390625,0.5709085879998383,19232,false,dcb2c10e4ac97b1d1289825869826fdec84593f7,ef768c17c85b2a8c,true,2026-09-20T15:00:47+00:00
20260920T145420Z-gpu_h192,electricity_hourly,T108,transformer,deep,168,192,80019,67.81650260419697,84.1487095492185,1.9613529574220454,111.96721247094253,590.3442149997318,10.525390625,0.5846925040000315,19232,false,dcb2c10e4ac97b1d1289825869826fdec84593f7,ef768c17c85b2a8c,true,2026-09-20T15:00:47+00:00
20260920T145420Z-gpu_h192,electricity_hourly,T108,transformer,deep,168,192,80020,52.894998659868406,71.98928966103982,1.8200429646406333,133.3124355667887,585.4908909996084,10.525390625,0.5780924710002182,19232,false,dcb2c10e4ac97b1d1289825869826fdec84593f7,ef768c17c85b2a8c,true,2026-09-20T15:00:47+00:00
20260920T145420Z-gpu_h192,electricity_hourly,T108,timesfm25,tsfm,168,192,80000,37.09099420905113,43.55121121330324,0.9896429805638991,126.48324186419234,212.7960869997878,13.52490234375,,231289280,true,dcb2c10e4ac97b1d1289825869826fdec84593f7,ef768c17c85b2a8c,true,2026-09-20T15:00:55+00:00
20260920T145420Z-gpu_h192,electricity_hourly,T108,timesfm25,tsfm,168,192,80001,37.92881200710932,43.30498488854602,0.6902248109470166,124.15283331549433,217.93430500019895,13.52490234375,,231289280,true,dcb2c10e4ac97b1d1289825869826fdec84593f7,ef768c17c85b2a8c,true,2026-09-20T15:00:55+00:00
20260920T145420Z-gpu_h192,electricity_hourly,T108,timesfm25,tsfm,168,192,80002,36.65607541799545,46.6806878421127,1.6719907697786967,99.9653335617502,214.45596200010186,13.52490234375,,231289280,true,dcb2c10e4ac97b1d1289825869826fdec84593f7,ef768c17c85b2a8c,true,2026-09-20T15:00:55+00:00
20260920T145420Z-gpu_h192,electricity_hourly,T108,timesfm25,tsfm,168,192,80003,14.026974106828371,20.04948798857526,0.47017790302218004,110.46295223422511,214.14845000026617,13.52490234375,,231289280,true,dcb2c10e4ac97b1d1289825869826fdec84593f7,ef768c17c85b2a8c,true,2026-09-20T15:00:55+00:00
20260920T145420Z-gpu_h192,electricity_hourly,T108,timesfm25,tsfm,168,192,80004,13.739902958273888,21.003519437444133,0.5485295331276517,95.50521221868898,225.13307999997778,13.52490234375,,231289280,true,dcb2c10e4ac97b1d1289825869826fdec84593f7,ef768c17c85b2a8c,true,2026-09-20T15:00:55+00:00
20260920T145420Z-gpu_h192,electricity_hourly,T108,timesfm25,tsfm,168,192,80005,14.310768499970436,20.613918927916867,0.4255111839759948,112.45758660221563,213.74450099983733,13.52490234375,,231289280,true,dcb2c10e4ac97b1d1289825869826fdec84593f7,ef768c17c85b2a8c,true,2026-09-20T15:00:55+00:00
20260920T145420Z-gpu_h192,electricity_hourly,T108,timesfm25,tsfm,168,192,80006,24.618227293093998,42.1255939860549,1.0213266292726981,119.33538597110037,219.26631099995575,13.52490234375,,231289280,true,dcb2c10e4ac97b1d1289825869826fdec84593f7,ef768c17c85b2a8c,true,2026-09-20T15:00:55+00:00
20260920T145420Z-gpu_h192,electricity_hourly,T108,timesfm25,tsfm,168,192,80007,19.128138358394306,30.62370394548891,0.7408423678345294,106.34151443614105,207.26591399989047,13.52490234375,,231289280,true,dcb2c10e4ac97b1d1289825869826fdec84593f7,ef768c17c85b2a8c,true,2026-09-20T15:00:55+00:00
20260920T145420Z-gpu_h192,electricity_hourly,T108,timesfm25,tsfm,168,192,80008,31.189029927055042,50.768197609043895,1.1995780741175017,143.63408052175632,211.3989530002982,13.52490234375,,231289280,true,dcb2c10e4ac97b1d1289825869826fdec84593f7,ef768c17c85b2a8c,true,2026-09-20T15:00:55+00:00
20260920T145420Z-gpu_h192,electricity_hourly,T108,timesfm25,tsfm,168,192,80009,57.82379877567291,75.0578060864074,2.0524099146405965,97.48325027391527,218.13384300003236,13.52490234375,,231289280,true,dcb2c10e4ac97b1d1289825869826fdec84593f7,ef768c17c85b2a8c,true,2026-09-20T15:00:55+00:00
20260920T145420Z-gpu_h192,electricity_hourly,T108,timesfm25,tsfm,168,192,80010,16.432972619930904,23.89645217873532,0.49755005409378683,112.56384927220876,222.42457299989837,13.52490234375,,231289280,true,dcb2c10e4ac97b1d1289825869826fdec84593f7,ef768c17c85b2a8c,true,2026-09-20T15:00:55+00:00
20260920T145420Z-gpu_h192,electricity_hourly,T108,timesfm25,tsfm,168,192,80011,15.950188294053078,24.469040420225163,0.5390347604655347,94.8682636355875,214.91108400005032,13.52490234375,,231289280,true,dcb2c10e4ac97b1d1289825869826fdec84593f7,ef768c17c85b2a8c,true,2026-09-20T15:00:55+00:00
20260920T145420Z-gpu_h192,electricity_hourly,T108,timesfm25,tsfm,168,192,80012,13.48580371340116,34.29040521311847,0.41997312602287346,107.01259485717725,210.43333799980246,13.52490234375,,231289280,true,dcb2c10e4ac97b1d1289825869826fdec84593f7,ef768c17c85b2a8c,true,2026-09-20T15:00:55+00:00
20260920T145420Z-gpu_h192,electricity_hourly,T108,timesfm25,tsfm,168,192,80013,22.66820144156615,37.33101175067383,1.0632641718519629,120.94681416482224,244.66763200007335,13.52490234375,,231289280,true,dcb2c10e4ac97b1d1289825869826fdec84593f7,ef768c17c85b2a8c,true,2026-09-20T15:00:55+00:00
20260920T145420Z-gpu_h192,electricity_hourly,T108,timesfm25,tsfm,168,192,80014,20.664220998684566,27.265838550575662,0.8600138219105715,114.32324854536418,212.18540600011693,13.52490234375,,231289280,true,dcb2c10e4ac97b1d1289825869826fdec84593f7,ef768c17c85b2a8c,true,2026-09-20T15:00:55+00:00
20260920T145420Z-gpu_h192,electricity_hourly,T108,timesfm25,tsfm,168,192,80015,18.551440278689068,23.735209682841006,0.4919718968934117,111.2806910837428,218.35373300018546,13.52490234375,,231289280,true,dcb2c10e4ac97b1d1289825869826fdec84593f7,ef768c17c85b2a8c,true,2026-09-20T15:00:55+00:00
20260920T145420Z-gpu_h192,electricity_hourly,T108,timesfm25,tsfm,168,192,80016,19.441990117232006,26.511182856712715,0.6291340622205412,104.85200375006107,199.73234999997658,13.52490234375,,231289280,true,dcb2c10e4ac97b1d1289825869826fdec84593f7,ef768c17c85b2a8c,true,2026-09-20T15:00:55+00:00
20260920T145420Z-gpu_h192,electricity_hourly,T108,timesfm25,tsfm,168,192,80017,22.856845418612163,29.029811967845777,0.5514132585491961,113.1625643764626,207.06510200034245,13.52490234375,,231289280,true,dcb2c10e4ac97b1d1289825869826fdec84593f7,ef768c17c85b2a8c,true,2026-09-20T15:00:55+00:00
20260920T145420Z-gpu_h192,electricity_hourly,T108,timesfm25,tsfm,168,192,80018,21.64432628452778,31.862301550284815,0.6780036947948662,97.29555684289538,216.15481599974373,13.52490234375,,231289280,true,dcb2c10e4ac97b1d1289825869826fdec84593f7,ef768c17c85b2a8c,true,2026-09-20T15:00:55+00:00
20260920T145420Z-gpu_h192,electricity_hourly,T108,timesfm25,tsfm,168,192,80019,38.05787764489651,45.20537689643399,1.1006897732205458,116.2480248290032,215.48948100007692,13.52490234375,,231289280,true,dcb2c10e4ac97b1d1289825869826fdec84593f7,ef768c17c85b2a8c,true,2026-09-20T15:00:55+00:00
20260920T145420Z-gpu_h192,electricity_hourly,T108,timesfm25,tsfm,168,192,80020,37.63433370490869,58.11443063357434,1.294944815652772,115.26066916002362,216.06315899998663,13.52490234375,,231289280,true,dcb2c10e4ac97b1d1289825869826fdec84593f7,ef768c17c85b2a8c,true,2026-09-20T15:00:55+00:00
20260920T145420Z-gpu_h192,electricity_hourly,T108,chronos_bolt,tsfm,168,192,80000,17.31574374437332,28.465695030034578,0.4620098386492048,109.61665861085417,112.89061499974196,15.55126953125,,205292928,true,dcb2c10e4ac97b1d1289825869826fdec84593f7,ef768c17c85b2a8c,true,2026-09-20T15:01:01+00:00
20260920T145420Z-gpu_h192,electricity_hourly,T108,chronos_bolt,tsfm,168,192,80001,12.92402203877767,24.07883282847553,0.23519008891494814,111.4557193013914,107.92418500022904,15.55126953125,,205292928,true,dcb2c10e4ac97b1d1289825869826fdec84593f7,ef768c17c85b2a8c,true,2026-09-20T15:01:01+00:00
20260920T145420Z-gpu_h192,electricity_hourly,T108,chronos_bolt,tsfm,168,192,80002,13.679009238878885,32.43323755958353,0.6239396041807284,104.31997678860017,109.04046499990727,15.55126953125,,205292928,true,dcb2c10e4ac97b1d1289825869826fdec84593f7,ef768c17c85b2a8c,true,2026-09-20T15:01:01+00:00
20260920T145420Z-gpu_h192,electricity_hourly,T108,chronos_bolt,tsfm,168,192,80003,8.328408976395925,15.302157037109296,0.2791645466948355,108.61245717809818,115.87202200007596,15.55126953125,,205292928,true,dcb2c10e4ac97b1d1289825869826fdec84593f7,ef768c17c85b2a8c,true,2026-09-20T15:01:01+00:00
20260920T145420Z-gpu_h192,electricity_hourly,T108,chronos_bolt,tsfm,168,192,80004,11.215604503949484,17.221967221199208,0.44775354825858765,95.66352553174364,113.24029199977304,15.55126953125,,205292928,true,dcb2c10e4ac97b1d1289825869826fdec84593f7,ef768c17c85b2a8c,true,2026-09-20T15:01:01+00:00
20260920T145420Z-gpu_h192,electricity_hourly,T108,chronos_bolt,tsfm,168,192,80005,9.511537353197733,16.651649490173636,0.28281259113369267,109.49278355274996,111.12750700021934,15.55126953125,,205292928,true,dcb2c10e4ac97b1d1289825869826fdec84593f7,ef768c17c85b2a8c,true,2026-09-20T15:01:01+00:00
20260920T145420Z-gpu_h192,electricity_hourly,T108,chronos_bolt,tsfm,168,192,80006,9.91004870335261,18.933688086447287,0.4111342590846372,98.8413316090383,111.18181800020466,15.55126953125,,205292928,true,dcb2c10e4ac97b1d1289825869826fdec84593f7,ef768c17c85b2a8c,true,2026-09-20T15:01:01+00:00
20260920T145420Z-gpu_h192,electricity_hourly,T108,chronos_bolt,tsfm,168,192,80007,16.977110475301743,32.65743353053897,0.6575319818298685,107.94972571507991,120.83169400011684,15.55126953125,,205292928,true,dcb2c10e4ac97b1d1289825869826fdec84593f7,ef768c17c85b2a8c,true,2026-09-20T15:01:01+00:00
20260920T145420Z-gpu_h192,electricity_hourly,T108,chronos_bolt,tsfm,168,192,80008,25.641031980514526,43.4374001062796,0.9861935377120972,116.25840551561042,112.11643199976606,15.55126953125,,205292928,true,dcb2c10e4ac97b1d1289825869826fdec84593f7,ef768c17c85b2a8c,true,2026-09-20T15:01:01+00:00
20260920T145420Z-gpu_h192,electricity_hourly,T108,chronos_bolt,tsfm,168,192,80009,17.848487555980682,41.12782766891397,0.6335179216320479,105.14952067404835,113.4983869997086,15.55126953125,,205292928,true,dcb2c10e4ac97b1d1289825869826fdec84593f7,ef768c17c85b2a8c,true,2026-09-20T15:01:01+00:00
20260920T145420Z-gpu_h192,electricity_hourly,T108,chronos_bolt,tsfm,168,192,80010,12.44545833269755,20.89383428430204,0.37681791419437494,111.26389521860894,117.3694100002649,15.55126953125,,205292928,true,dcb2c10e4ac97b1d1289825869826fdec84593f7,ef768c17c85b2a8c,true,2026-09-20T15:01:01+00:00
20260920T145420Z-gpu_h192,electricity_hourly,T108,chronos_bolt,tsfm,168,192,80011,12.930086115996042,19.958520193371555,0.43697075820310494,95.27083077494444,112.94997300001342,15.55126953125,,205292928,true,dcb2c10e4ac97b1d1289825869826fdec84593f7,ef768c17c85b2a8c,true,2026-09-20T15:01:01+00:00
20260920T145420Z-gpu_h192,electricity_hourly,T108,chronos_bolt,tsfm,168,192,80012,12.820960581302643,34.28215077896272,0.3992686686218816,107.86686004228967,115.35116000004564,15.55126953125,,205292928,true,dcb2c10e4ac97b1d1289825869826fdec84593f7,ef768c17c85b2a8c,true,2026-09-20T15:01:01+00:00
20260920T145420Z-gpu_h192,electricity_hourly,T108,chronos_bolt,tsfm,168,192,80013,8.369489858547846,16.294212478189213,0.39257542007520846,98.40327193369343,118.40842299989163,15.55126953125,,205292928,true,dcb2c10e4ac97b1d1289825869826fdec84593f7,ef768c17c85b2a8c,true,2026-09-20T15:01:01+00:00
20260920T145420Z-gpu_h192,electricity_hourly,T108,chronos_bolt,tsfm,168,192,80014,12.549144685268402,21.56210879916117,0.5222765418146387,111.78599879656818,122.6707929999975,15.55126953125,,205292928,true,dcb2c10e4ac97b1d1289825869826fdec84593f7,ef768c17c85b2a8c,true,2026-09-20T15:01:01+00:00
20260920T145420Z-gpu_h192,electricity_hourly,T108,chronos_bolt,tsfm,168,192,80015,11.172364036242167,18.26086428908747,0.2962836871489635,108.89539746352075,116.34260899973015,15.55126953125,,205292928,true,dcb2c10e4ac97b1d1289825869826fdec84593f7,ef768c17c85b2a8c,true,2026-09-20T15:01:01+00:00
20260920T145420Z-gpu_h192,electricity_hourly,T108,chronos_bolt,tsfm,168,192,80016,11.775567501783371,22.411515213879,0.3810520719678214,105.26886268025464,111.523070000203,15.55126953125,,205292928,true,dcb2c10e4ac97b1d1289825869826fdec84593f7,ef768c17c85b2a8c,true,2026-09-20T15:01:01+00:00
20260920T145420Z-gpu_h192,electricity_hourly,T108,chronos_bolt,tsfm,168,192,80017,13.862002789974213,22.237683057933996,0.3344158823515307,111.38753047929073,117.18378100022164,15.55126953125,,205292928,true,dcb2c10e4ac97b1d1289825869826fdec84593f7,ef768c17c85b2a8c,true,2026-09-20T15:01:01+00:00
20260920T145420Z-gpu_h192,electricity_hourly,T108,chronos_bolt,tsfm,168,192,80018,17.95630540450414,29.26768391758963,0.562477263051685,98.57254338388235,120.18420300000798,15.55126953125,,205292928,true,dcb2c10e4ac97b1d1289825869826fdec84593f7,ef768c17c85b2a8c,true,2026-09-20T15:01:01+00:00
20260920T145420Z-gpu_h192,electricity_hourly,T108,chronos_bolt,tsfm,168,192,80019,18.336534798145294,31.512824961852093,0.5303195442725291,110.45427500724085,114.60167700033708,15.55126953125,,205292928,true,dcb2c10e4ac97b1d1289825869826fdec84593f7,ef768c17c85b2a8c,true,2026-09-20T15:01:01+00:00
20260920T145420Z-gpu_h192,electricity_hourly,T108,chronos_bolt,tsfm,168,192,80020,23.946188747882843,46.7481986133458,0.8239548816475817,98.5537679060032,120.51265799982502,15.55126953125,,205292928,true,dcb2c10e4ac97b1d1289825869826fdec84593f7,ef768c17c85b2a8c,true,2026-09-20T15:01:01+00:00
20260920T145420Z-gpu_h192,electricity_hourly,T121,lstm,deep,168,192,90000,84.38474190462797,104.22831546921945,3.0174827003393165,6.4416762259333975,411.4499080001224,16.14599609375,0.3457519720000164,4513,false,dcb2c10e4ac97b1d1289825869826fdec84593f7,ef768c17c85b2a8c,true,2026-09-20T15:01:14+00:00
20260920T145420Z-gpu_h192,electricity_hourly,T121,lstm,deep,168,192,90001,79.65837462252584,95.64201424664513,1.32350362820396,5.931159417497179,381.7612679999911,16.10986328125,0.31322895699986475,4513,false,dcb2c10e4ac97b1d1289825869826fdec84593f7,ef768c17c85b2a8c,true,2026-09-20T15:01:14+00:00
20260920T145420Z-gpu_h192,electricity_hourly,T121,lstm,deep,168,192,90002,52.71100566347034,73.30819233112304,1.4051064079118343,4.022714514738511,421.62373000019215,16.10986328125,0.3466735649999464,4513,false,dcb2c10e4ac97b1d1289825869826fdec84593f7,ef768c17c85b2a8c,true,2026-09-20T15:01:14+00:00
20260920T145420Z-gpu_h192,electricity_hourly,T121,lstm,deep,168,192,90003,68.63836454019109,80.31956570712794,2.220108826097825,5.140998676293798,378.7455060000866,16.10986328125,0.31241831499983164,4513,false,dcb2c10e4ac97b1d1289825869826fdec84593f7,ef768c17c85b2a8c,true,2026-09-20T15:01:14+00:00
20260920T145420Z-gpu_h192,electricity_hourly,T121,lstm,deep,168,192,90004,75.92742681805639,91.77778599161226,1.9900890902439243,5.599830735602032,386.870177000219,16.10986328125,0.319726343000184,4513,false,dcb2c10e4ac97b1d1289825869826fdec84593f7,ef768c17c85b2a8c,true,2026-09-20T15:01:14+00:00
20260920T145420Z-gpu_h192,electricity_hourly,T121,lstm,deep,168,192,90005,70.58259501230307,95.1212430552615,2.242200238643645,5.151033542169013,377.35004500018476,16.10986328125,0.3098224539999137,4513,false,dcb2c10e4ac97b1d1289825869826fdec84593f7,ef768c17c85b2a8c,true,2026-09-20T15:01:14+00:00
20260920T145420Z-gpu_h192,electricity_hourly,T121,lstm,deep,168,192,90006,106.30574710510002,125.698086869791,2.024603568725619,7.582551843607933,391.0016770000766,16.10986328125,0.32094758299990644,4513,false,dcb2c10e4ac97b1d1289825869826fdec84593f7,ef768c17c85b2a8c,true,2026-09-20T15:01:14+00:00
20260920T145420Z-gpu_h192,electricity_hourly,T121,lstm,deep,168,192,90007,98.95704116927557,120.16677324233858,2.6947454478773984,6.972196152400242,403.46415800013347,16.10986328125,0.329385904999981,4513,false,dcb2c10e4ac97b1d1289825869826fdec84593f7,ef768c17c85b2a8c,true,2026-09-20T15:01:14+00:00
20260920T145420Z-gpu_h192,electricity_hourly,T121,lstm,deep,168,192,90008,79.7099868655882,98.86198391118032,2.6272002995295725,5.773233835800471,395.6592389999969,16.10986328125,0.3286876840002151,4513,false,dcb2c10e4ac97b1d1289825869826fdec84593f7,ef768c17c85b2a8c,true,2026-09-20T15:01:14+00:00
20260920T145420Z-gpu_h192,electricity_hourly,T121,lstm,deep,168,192,90009,64.96381903655977,80.95496546365474,2.2694783942902976,4.814563130838854,388.91562300022997,16.10986328125,0.3162128579997443,4513,false,dcb2c10e4ac97b1d1289825869826fdec84593f7,ef768c17c85b2a8c,true,2026-09-20T15:01:14+00:00
20260920T145420Z-gpu_h192,electricity_hourly,T121,lstm,deep,168,192,90010,92.64895042072611,110.56193800299862,2.1686360306541874,6.835190294049477,399.4867950000298,16.10986328125,0.32853786699979537,4513,false,dcb2c10e4ac97b1d1289825869826fdec84593f7,ef768c17c85b2a8c,true,2026-09-20T15:01:14+00:00
20260920T145420Z-gpu_h192,electricity_hourly,T121,lstm,deep,168,192,90011,70.65709005583457,85.0174150905771,1.7652014170784487,5.305157355548404,394.6572590002688,16.10986328125,0.32530826899983367,4513,false,dcb2c10e4ac97b1d1289825869826fdec84593f7,ef768c17c85b2a8c,true,2026-09-20T15:01:14+00:00
20260920T145420Z-gpu_h192,electricity_hourly,T121,lstm,deep,168,192,90012,74.74466757903456,93.13694529655218,1.7506883753059492,5.42070505136771,382.51324200018644,16.10986328125,0.31536893400016197,4513,false,dcb2c10e4ac97b1d1289825869826fdec84593f7,ef768c17c85b2a8c,true,2026-09-20T15:01:14+00:00
20260920T145420Z-gpu_h192,electricity_hourly,T121,lstm,deep,168,192,90013,81.05763157555283,95.2403949024562,2.5047851817338214,6.073404732039543,401.30867500010936,16.10986328125,0.33121434699978636,4513,false,dcb2c10e4ac97b1d1289825869826fdec84593f7,ef768c17c85b2a8c,true,2026-09-20T15:01:14+00:00
20260920T145420Z-gpu_h192,electricity_hourly,T121,lstm,deep,168,192,90014,87.59677155217723,137.69633896927888,1.8105260662427904,6.385843835371601,384.51150600030815,16.10986328125,0.3160999130000164,4513,false,dcb2c10e4ac97b1d1289825869826fdec84593f7,ef768c17c85b2a8c,true,2026-09-20T15:01:14+00:00
20260920T145420Z-gpu_h192,electricity_hourly,T121,lstm,deep,168,192,90015,75.32623022535468,91.87836087108121,1.1121682715524528,5.758823002630177,384.0526570002112,16.10986328125,0.31508656500000143,4513,false,dcb2c10e4ac97b1d1289825869826fdec84593f7,ef768c17c85b2a8c,true,2026-09-20T15:01:14+00:00
20260920T145420Z-gpu_h192,electricity_hourly,T121,lstm,deep,168,192,90016,73.7489051160828,94.31024846625044,1.5592192536655296,5.768570860474206,400.20580600003086,16.10986328125,0.327358170000025,4513,false,dcb2c10e4ac97b1d1289825869826fdec84593f7,ef768c17c85b2a8c,true,2026-09-20T15:01:14+00:00
20260920T145420Z-gpu_h192,electricity_hourly,T121,lstm,deep,168,192,90017,81.10339427232121,100.4195561439065,2.0053037045354145,6.05698925558894,407.70130599958065,16.10986328125,0.3180506090002382,4513,false,dcb2c10e4ac97b1d1289825869826fdec84593f7,ef768c17c85b2a8c,true,2026-09-20T15:01:14+00:00
20260920T145420Z-gpu_h192,electricity_hourly,T121,lstm,deep,168,192,90018,72.83949049799212,86.92731037591629,1.1925965470961757,5.232993575439408,380.25829500020336,16.10986328125,0.30769257800011474,4513,false,dcb2c10e4ac97b1d1289825869826fdec84593f7,ef768c17c85b2a8c,true,2026-09-20T15:01:14+00:00
20260920T145420Z-gpu_h192,electricity_hourly,T121,lstm,deep,168,192,90019,57.71887735457404,64.47901320764095,1.466393496658197,4.033163238240549,390.9787120001056,16.10986328125,0.3212218109997593,4513,false,dcb2c10e4ac97b1d1289825869826fdec84593f7,ef768c17c85b2a8c,true,2026-09-20T15:01:14+00:00
20260920T145420Z-gpu_h192,electricity_hourly,T121,lstm,deep,168,192,90020,62.679203915354556,72.37718356249515,1.6458434288495725,4.4374735720023875,397.5637739999911,16.10986328125,0.3283248189995902,4513,false,dcb2c10e4ac97b1d1289825869826fdec84593f7,ef768c17c85b2a8c,true,2026-09-20T15:01:14+00:00
20260920T145420Z-gpu_h192,electricity_hourly,T121,transformer,deep,168,192,90000,63.38139813765406,80.50180440742935,2.266431917512338,4.877650242968098,590.2608860001237,10.6845703125,0.5848163330001626,19232,false,dcb2c10e4ac97b1d1289825869826fdec84593f7,ef768c17c85b2a8c,true,2026-09-20T15:01:31+00:00
20260920T145420Z-gpu_h192,electricity_hourly,T121,transformer,deep,168,192,90001,101.02341305094978,126.86701051416466,1.678478306142468,7.59305547464741,593.3077760000742,10.525390625,0.5876689310002803,19232,false,dcb2c10e4ac97b1d1289825869826fdec84593f7,ef768c17c85b2a8c,true,2026-09-20T15:01:31+00:00
20260920T145420Z-gpu_h192,electricity_hourly,T121,transformer,deep,168,192,90002,63.46957802650099,77.31063531395814,1.691895452761226,4.841771486611854,587.9856810001911,10.525390625,0.5820755029999418,19232,false,dcb2c10e4ac97b1d1289825869826fdec84593f7,ef768c17c85b2a8c,true,2026-09-20T15:01:31+00:00
20260920T145420Z-gpu_h192,electricity_hourly,T121,transformer,deep,168,192,90003,62.82281905757859,76.44557731067664,2.0320049290860998,4.692521406637265,586.145285999919,10.525390625,0.5806428680002682,19232,false,dcb2c10e4ac97b1d1289825869826fdec84593f7,ef768c17c85b2a8c,true,2026-09-20T15:01:31+00:00
20260920T145420Z-gpu_h192,electricity_hourly,T121,transformer,deep,168,192,90004,113.92038546844793,133.15702343892022,2.9859001651722794,8.288610029678228,580.6339600003412,10.525390625,0.5748868380001113,19232,false,dcb2c10e4ac97b1d1289825869826fdec84593f7,ef768c17c85b2a8c,true,2026-09-20T15:01:31+00:00
20260920T145420Z-gpu_h192,electricity_hourly,T121,transformer,deep,168,192,90005,65.59710196184628,81.57355981114951,2.083825873043429,4.794404087692749,579.646008999589,10.525390625,0.5741887270000916,19232,false,dcb2c10e4ac97b1d1289825869826fdec84593f7,ef768c17c85b2a8c,true,2026-09-20T15:01:31+00:00
20260920T145420Z-gpu_h192,electricity_hourly,T121,transformer,deep,168,192,90006,43.69379582960471,56.13673392478052,0.8321527045976826,3.1569561861698827,571.8413619997591,10.525390625,0.5664193709999381,19232,false,dcb2c10e4ac97b1d1289825869826fdec84593f7,ef768c17c85b2a8c,true,2026-09-20T15:01:31+00:00
20260920T145420Z-gpu_h192,electricity_hourly,T121,transformer,deep,168,192,90007,91.970651854966,110.83259518821583,2.504495814507395,6.531840169938112,569.5052080000096,10.525390625,0.5639712809997945,19232,false,dcb2c10e4ac97b1d1289825869826fdec84593f7,ef768c17c85b2a8c,true,2026-09-20T15:01:31+00:00
20260920T145420Z-gpu_h192,electricity_hourly,T121,transformer,deep,168,192,90008,78.03306436931662,98.58247049446885,2.571929793815883,5.716608232548973,588.5916250003902,10.525390625,0.5828832090001015,19232,false,dcb2c10e4ac97b1d1289825869826fdec84593f7,ef768c17c85b2a8c,true,2026-09-20T15:01:31+00:00
20260920T145420Z-gpu_h192,electricity_hourly,T121,transformer,deep,168,192,90009,77.5909566374558,93.81587148428787,2.7106011052386307,5.745696569670166,631.2246689999483,10.525390625,0.6254022910002277,19232,false,dcb2c10e4ac97b1d1289825869826fdec84593f7,ef768c17c85b2a8c,true,2026-09-20T15:01:31+00:00
20260920T145420Z-gpu_h192,electricity_hourly,T121,transformer,deep,168,192,90010,70.8886192448128,89.19250371935419,1.6592914777719512,5.217584511006581,599.5197749998624,10.525390625,0.5936885890000667,19232,false,dcb2c10e4ac97b1d1289825869826fdec84593f7,ef768c17c85b2a8c,true,2026-09-20T15:01:31+00:00
20260920T145420Z-gpu_h192,electricity_hourly,T121,transformer,deep,168,192,90011,92.58172895345596,106.60218730809193,2.312937017574195,6.956752778547699,592.8407730002618,10.525390625,0.5871665899999243,19232,false,dcb2c10e4ac97b1d1289825869826fdec84593f7,ef768c17c85b2a8c,true,2026-09-20T15:01:31+00:00
20260920T145420Z-gpu_h192,electricity_hourly,T121,transformer,deep,168,192,90012,60.33723446402291,79.87220766253064,1.4132338586238289,4.3815469726167375,590.9000649999143,10.525390625,0.5851053520000278,19232,false,dcb2c10e4ac97b1d1289825869826fdec84593f7,ef768c17c85b2a8c,true,2026-09-20T15:01:31+00:00
20260920T145420Z-gpu_h192,electricity_hourly,T121,transformer,deep,168,192,90013,72.37739219841218,86.6101178951775,2.236554608706299,5.448667226918261,608.9826539996466,10.525390625,0.6028949209999155,19232,false,dcb2c10e4ac97b1d1289825869826fdec84593f7,ef768c17c85b2a8c,true,2026-09-20T15:01:31+00:00
20260920T145420Z-gpu_h192,electricity_hourly,T121,transformer,deep,168,192,90014,81.68800407128562,139.69412028548456,1.6883985339837992,5.922215743323277,595.7195529999808,10.525390625,0.5900705629996992,19232,false,dcb2c10e4ac97b1d1289825869826fdec84593f7,ef768c17c85b2a8c,true,2026-09-20T15:01:31+00:00
20260920T145420Z-gpu_h192,electricity_hourly,T121,transformer,deep,168,192,90015,67.91097336621164,83.41055789614154,1.002684319156616,5.173375669698829,584.3489060002867,10.525390625,0.578984827000113,19232,false,dcb2c10e4ac97b1d1289825869826fdec84593f7,ef768c17c85b2a8c,true,2026-09-20T15:01:31+00:00
20260920T145420Z-gpu_h192,electricity_hourly,T121,transformer,deep,168,192,90016,80.82594686799116,92.349852523111,1.7088439801777604,6.263127963668702,574.2864909998389,10.525390625,0.5687223820000327,19232,false,dcb2c10e4ac97b1d1289825869826fdec84593f7,ef768c17c85b2a8c,true,2026-09-20T15:01:31+00:00
20260920T145420Z-gpu_h192,electricity_hourly,T121,transformer,deep,168,192,90017,87.10253950104892,109.68578066014283,2.1536342184325283,6.540699129401297,571.7061539999122,10.525390625,0.5662500460002775,19232,false,dcb2c10e4ac97b1d1289825869826fdec84593f7,ef768c17c85b2a8c,true,2026-09-20T15:01:31+00:00
20260920T145420Z-gpu_h192,electricity_hourly,T121,transformer,deep,168,192,90018,68.92726327628249,83.61804928549641,1.1285418887759726,4.915018016222613,585.3866479997123,10.525390625,0.5800348480001958,19232,false,dcb2c10e4ac97b1d1289825869826fdec84593f7,ef768c17c85b2a8c,true,2026-09-20T15:01:31+00:00
20260920T145420Z-gpu_h192,electricity_hourly,T121,transformer,deep,168,192,90019,68.60575781903071,81.66749580626316,1.7429832614573786,4.809258328919267,582.5392439996904,10.525390625,0.5768886030000431,19232,false,dcb2c10e4ac97b1d1289825869826fdec84593f7,ef768c17c85b2a8c,true,2026-09-20T15:01:31+00:00
20260920T145420Z-gpu_h192,electricity_hourly,T121,transformer,deep,168,192,90020,59.09187651109104,75.0842799764487,1.5516466479936377,4.144070524180532,571.5272659999755,10.525390625,0.5660791939999399,19232,false,dcb2c10e4ac97b1d1289825869826fdec84593f7,ef768c17c85b2a8c,true,2026-09-20T15:01:31+00:00
20260920T145420Z-gpu_h192,electricity_hourly,T121,timesfm25,tsfm,168,192,90000,19.713255564371746,29.89032413392804,0.7049189970870453,1.51978847277088,213.06099699995684,13.52490234375,,231289280,true,dcb2c10e4ac97b1d1289825869826fdec84593f7,ef768c17c85b2a8c,true,2026-09-20T15:01:39+00:00
20260920T145420Z-gpu_h192,electricity_hourly,T121,timesfm25,tsfm,168,192,90001,35.08061218261719,48.34737804424798,0.582855446440161,2.5890825650554268,220.5156260001786,13.52490234375,,231289280,true,dcb2c10e4ac97b1d1289825869826fdec84593f7,ef768c17c85b2a8c,true,2026-09-20T15:01:39+00:00
20260920T145420Z-gpu_h192,electricity_hourly,T121,timesfm25,tsfm,168,192,90002,27.514612197875977,36.74850725484962,0.7334513432976936,2.080685986131384,219.48383900007684,13.52490234375,,231289280,true,dcb2c10e4ac97b1d1289825869826fdec84593f7,ef768c17c85b2a8c,true,2026-09-20T15:01:39+00:00
20260920T145420Z-gpu_h192,electricity_hourly,T121,timesfm25,tsfm,168,192,90003,27.901201883951824,35.621363316261906,0.9024647509634013,2.052871916766429,216.82361000011952,13.52490234375,,231289280,true,dcb2c10e4ac97b1d1289825869826fdec84593f7,ef768c17c85b2a8c,true,2026-09-20T15:01:39+00:00
20260920T145420Z-gpu_h192,electricity_hourly,T121,timesfm25,tsfm,168,192,90004,17.444045384724934,21.419496387230264,0.4572156052785567,1.2837698400348567,228.414389000136,13.52490234375,,231289280,true,dcb2c10e4ac97b1d1289825869826fdec84593f7,ef768c17c85b2a8c,true,2026-09-20T15:01:39+00:00
20260920T145420Z-gpu_h192,electricity_hourly,T121,timesfm25,tsfm,168,192,90005,28.932267506917317,42.13818155720624,0.9190925482012119,2.0738409992124414,218.9280500001587,13.52490234375,,231289280,true,dcb2c10e4ac97b1d1289825869826fdec84593f7,ef768c17c85b2a8c,true,2026-09-20T15:01:39+00:00
20260920T145420Z-gpu_h192,electricity_hourly,T121,timesfm25,tsfm,168,192,90006,34.700724283854164,40.29278096971619,0.6608787590100516,2.5155473995509023,218.12761699993644,13.52490234375,,231289280,true,dcb2c10e4ac97b1d1289825869826fdec84593f7,ef768c17c85b2a8c,true,2026-09-20T15:01:39+00:00
20260920T145420Z-gpu_h192,electricity_hourly,T121,timesfm25,tsfm,168,192,90007,31.780985514322918,43.49391005446037,0.8654428733098526,2.280013504254494,200.86594199983665,13.52490234375,,231289280,true,dcb2c10e4ac97b1d1289825869826fdec84593f7,ef768c17c85b2a8c,true,2026-09-20T15:01:39+00:00
20260920T145420Z-gpu_h192,electricity_hourly,T121,timesfm25,tsfm,168,192,90008,52.0158265431722,66.70360234367732,1.7144149741855796,3.8758291469225767,220.40887999992265,13.52490234375,,231289280,true,dcb2c10e4ac97b1d1289825869826fdec84593f7,ef768c17c85b2a8c,true,2026-09-20T15:01:39+00:00
20260920T145420Z-gpu_h192,electricity_hourly,T121,timesfm25,tsfm,168,192,90009,38.29680633544922,49.6285568489821,1.3378796973082696,2.832979265371549,205.20603700015272,13.52490234375,,231289280,true,dcb2c10e4ac97b1d1289825869826fdec84593f7,ef768c17c85b2a8c,true,2026-09-20T15:01:39+00:00
20260920T145420Z-gpu_h192,electricity_hourly,T121,timesfm25,tsfm,168,192,90010,22.61355972290039,31.81481146016628,0.5293160923435722,1.6319792532412076,212.74367600017285,13.52490234375,,231289280,true,dcb2c10e4ac97b1d1289825869826fdec84593f7,ef768c17c85b2a8c,true,2026-09-20T15:01:39+00:00
20260920T145420Z-gpu_h192,electricity_hourly,T121,timesfm25,tsfm,168,192,90011,33.684672037760414,43.001057338725005,0.8415324034416203,2.51178692589673,218.1773110000904,13.52490234375,,231289280,true,dcb2c10e4ac97b1d1289825869826fdec84593f7,ef768c17c85b2a8c,true,2026-09-20T15:01:39+00:00
20260920T145420Z-gpu_h192,electricity_hourly,T121,timesfm25,tsfm,168,192,90012,23.298081080118816,30.604989904745448,0.5456935061055807,1.6748659161167456,221.88890500001435,13.52490234375,,231289280,true,dcb2c10e4ac97b1d1289825869826fdec84593f7,ef768c17c85b2a8c,true,2026-09-20T15:01:39+00:00
20260920T145420Z-gpu_h192,electricity_hourly,T121,timesfm25,tsfm,168,192,90013,60.43928972880045,64.7867111804304,1.867651871447911,4.582454578093801,215.95417800017458,13.52490234375,,231289280,true,dcb2c10e4ac97b1d1289825869826fdec84593f7,ef768c17c85b2a8c,true,2026-09-20T15:01:39+00:00
20260920T145420Z-gpu_h192,electricity_hourly,T121,timesfm25,tsfm,168,192,90014,46.71004104614258,106.11727026947668,0.9654436501571023,3.30021111617971,206.07185899962133,13.52490234375,,231289280,true,dcb2c10e4ac97b1d1289825869826fdec84593f7,ef768c17c85b2a8c,true,2026-09-20T15:01:39+00:00
20260920T145420Z-gpu_h192,electricity_hourly,T121,timesfm25,tsfm,168,192,90015,31.320035298665363,42.56396890166934,0.46243054270560974,2.363015127944144,215.59793599999466,13.52490234375,,231289280,true,dcb2c10e4ac97b1d1289825869826fdec84593f7,ef768c17c85b2a8c,true,2026-09-20T15:01:39+00:00
20260920T145420Z-gpu_h192,electricity_hourly,T121,timesfm25,tsfm,168,192,90016,52.10919380187988,58.96047211832115,1.1017066374204525,4.058051614356492,215.7019629999013,13.52490234375,,231289280,true,dcb2c10e4ac97b1d1289825869826fdec84593f7,ef768c17c85b2a8c,true,2026-09-20T15:01:39+00:00
20260920T145420Z-gpu_h192,electricity_hourly,T121,timesfm25,tsfm,168,192,90017,44.40707461039225,61.12726641934403,1.0979771194877206,3.2584775249512337,217.52021399970545,13.52490234375,,231289280,true,dcb2c10e4ac97b1d1289825869826fdec84593f7,ef768c17c85b2a8c,true,2026-09-20T15:01:39+00:00
20260920T145420Z-gpu_h192,electricity_hourly,T121,timesfm25,tsfm,168,192,90018,71.52163378397624,78.13104526856083,1.1710193592828402,5.189185713117285,216.3191539998479,13.52490234375,,231289280,true,dcb2c10e4ac97b1d1289825869826fdec84593f7,ef768c17c85b2a8c,true,2026-09-20T15:01:39+00:00
20260920T145420Z-gpu_h192,electricity_hourly,T121,timesfm25,tsfm,168,192,90019,42.0421339670817,50.48711354031388,1.068113495282245,2.9474148098301183,207.71787300009237,13.52490234375,,231289280,true,dcb2c10e4ac97b1d1289825869826fdec84593f7,ef768c17c85b2a8c,true,2026-09-20T15:01:39+00:00
20260920T145420Z-gpu_h192,electricity_hourly,T121,timesfm25,tsfm,168,192,90020,26.036264419555664,37.41720175716252,0.6836655865091202,1.8410743643445509,219.4130339998992,13.52490234375,,231289280,true,dcb2c10e4ac97b1d1289825869826fdec84593f7,ef768c17c85b2a8c,true,2026-09-20T15:01:39+00:00
20260920T145420Z-gpu_h192,electricity_hourly,T121,chronos_bolt,tsfm,168,192,90000,23.23531977335612,34.153330904249245,0.8308631853397769,1.8059741062703318,119.96369799999229,15.55126953125,,205292928,true,dcb2c10e4ac97b1d1289825869826fdec84593f7,ef768c17c85b2a8c,true,2026-09-20T15:01:46+00:00
20260920T145420Z-gpu_h192,electricity_hourly,T121,chronos_bolt,tsfm,168,192,90001,36.61835924784342,46.703964677233024,0.608404722705602,2.734627950328115,100.05984500003251,15.55126953125,,205292928,true,dcb2c10e4ac97b1d1289825869826fdec84593f7,ef768c17c85b2a8c,true,2026-09-20T15:01:46+00:00
20260920T145420Z-gpu_h192,electricity_hourly,T121,chronos_bolt,tsfm,168,192,90002,17.80171839396159,31.944499757985884,0.4745367361589169,1.3536455125612306,107.90903099996285,15.55126953125,,205292928,true,dcb2c10e4ac97b1d1289825869826fdec84593f7,ef768c17c85b2a8c,true,2026-09-20T15:01:46+00:00
20260920T145420Z-gpu_h192,electricity_hourly,T121,chronos_bolt,tsfm,168,192,90003,25.74237314860026,34.680984986203306,0.8326374064237281,1.888444599285596,106.43130000016754,15.55126953125,,205292928,true,dcb2c10e4ac97b1d1289825869826fdec84593f7,ef768c17c85b2a8c,true,2026-09-20T15:01:46+00:00
20260920T145420Z-gpu_h192,electricity_hourly,T121,chronos_bolt,tsfm,168,192,90004,16.759166081746418,20.45218739040982,0.4392646370170157,1.2458872798498408,102.24357700008113,15.55126953125,,205292928,true,dcb2c10e4ac97b1d1289825869826fdec84593f7,ef768c17c85b2a8c,true,2026-09-20T15:01:46+00:00
20260920T145420Z-gpu_h192,electricity_hourly,T121,chronos_bolt,tsfm,168,192,90005,29.79010772705078,44.07278204904919,0.9463435942411895,2.1344656669731803,100.27541299996301,15.55126953125,,205292928,true,dcb2c10e4ac97b1d1289825869826fdec84593f7,ef768c17c85b2a8c,true,2026-09-20T15:01:46+00:00
20260920T145420Z-gpu_h192,electricity_hourly,T121,chronos_bolt,tsfm,168,192,90006,45.255622227986656,53.439277523573026,0.8618978443102868,3.2596022053655345,104.70426599977145,15.55126953125,,205292928,true,dcb2c10e4ac97b1d1289825869826fdec84593f7,ef768c17c85b2a8c,true,2026-09-20T15:01:46+00:00
20260920T145420Z-gpu_h192,electricity_hourly,T121,chronos_bolt,tsfm,168,192,90007,33.46958541870117,45.75878903923159,0.9114259266817263,2.391392800021923,115.47186400002829,15.55126953125,,205292928,true,dcb2c10e4ac97b1d1289825869826fdec84593f7,ef768c17c85b2a8c,true,2026-09-20T15:01:46+00:00
20260920T145420Z-gpu_h192,electricity_hourly,T121,chronos_bolt,tsfm,168,192,90008,41.430922190348305,55.379649098687985,1.365541953630157,3.1230705444348033,114.40766799978519,15.55126953125,,205292928,true,dcb2c10e4ac97b1d1289825869826fdec84593f7,ef768c17c85b2a8c,true,2026-09-20T15:01:46+00:00
20260920T145420Z-gpu_h192,electricity_hourly,T121,chronos_bolt,tsfm,168,192,90009,28.024431864420574,35.49699524822649,0.9790194537788847,2.075864807569136,116.69218099996215,15.55126953125,,205292928,true,dcb2c10e4ac97b1d1289825869826fdec84593f7,ef768c17c85b2a8c,true,2026-09-20T15:01:46+00:00
20260920T145420Z-gpu_h192,electricity_hourly,T121,chronos_bolt,tsfm,168,192,90010,22.289971669514973,31.36146049759285,0.5217418596245378,1.6108205641581501,120.53307799988033,15.55126953125,,205292928,true,dcb2c10e4ac97b1d1289825869826fdec84593f7,ef768c17c85b2a8c,true,2026-09-20T15:01:46+00:00
20260920T145420Z-gpu_h192,electricity_hourly,T121,chronos_bolt,tsfm,168,192,90011,26.02648099263509,33.76143790170279,0.6502104897535483,1.9324183826711245,118.52932700003294,15.55126953125,,205292928,true,dcb2c10e4ac97b1d1289825869826fdec84593f7,ef768c17c85b2a8c,true,2026-09-20T15:01:46+00:00
20260920T145420Z-gpu_h192,electricity_hourly,T121,chronos_bolt,tsfm,168,192,90012,38.046094258626304,45.38919793671032,0.8911251745676949,2.772567209749137,114.1470349998599,15.55126953125,,205292928,true,dcb2c10e4ac97b1d1289825869826fdec84593f7,ef768c17c85b2a8c,true,2026-09-20T15:01:46+00:00
20260920T145420Z-gpu_h192,electricity_hourly,T121,chronos_bolt,tsfm,168,192,90013,52.570773442586265,56.03353873290835,1.6245045870670431,3.9958550915992825,119.77433199990628,15.55126953125,,205292928,true,dcb2c10e4ac97b1d1289825869826fdec84593f7,ef768c17c85b2a8c,true,2026-09-20T15:01:46+00:00
20260920T145420Z-gpu_h192,electricity_hourly,T121,chronos_bolt,tsfm,168,192,90014,30.62501398722331,96.5142731273535,0.6329843568480201,2.116957016535834,114.11980899993068,15.55126953125,,205292928,true,dcb2c10e4ac97b1d1289825869826fdec84593f7,ef768c17c85b2a8c,true,2026-09-20T15:01:46+00:00
20260920T145420Z-gpu_h192,electricity_hourly,T121,chronos_bolt,tsfm,168,192,90015,33.47150484720866,46.211320941344226,0.4941963188760429,2.521828278083553,112.7012250003645,15.55126953125,,205292928,true,dcb2c10e4ac97b1d1289825869826fdec84593f7,ef768c17c85b2a8c,true,2026-09-20T15:01:46+00:00
20260920T145420Z-gpu_h192,electricity_hourly,T121,chronos_bolt,tsfm,168,192,90016,27.583014170328777,32.087572123044914,0.5831675290746356,2.1542908061436568,115.52252199999202,15.55126953125,,205292928,true,dcb2c10e4ac97b1d1289825869826fdec84593f7,ef768c17c85b2a8c,true,2026-09-20T15:01:46+00:00
20260920T145420Z-gpu_h192,electricity_hourly,T121,chronos_bolt,tsfm,168,192,90017,42.40217653910319,58.543575929837864,1.048405463878925,3.108771713903691,117.02446199979022,15.55126953125,,205292928,true,dcb2c10e4ac97b1d1289825869826fdec84593f7,ef768c17c85b2a8c,true,2026-09-20T15:01:46+00:00
20260920T145420Z-gpu_h192,electricity_hourly,T121,chronos_bolt,tsfm,168,192,90018,67.95174026489258,76.68209512297132,1.112569709851567,4.971858344271437,114.72454899967488,15.55126953125,,205292928,true,dcb2c10e4ac97b1d1289825869826fdec84593f7,ef768c17c85b2a8c,true,2026-09-20T15:01:46+00:00
20260920T145420Z-gpu_h192,electricity_hourly,T121,chronos_bolt,tsfm,168,192,90019,35.573896408081055,41.98034969519739,0.9037828304099632,2.4918115343895013,121.16886400008298,15.55126953125,,205292928,true,dcb2c10e4ac97b1d1289825869826fdec84593f7,ef768c17c85b2a8c,true,2026-09-20T15:01:46+00:00
20260920T145420Z-gpu_h192,electricity_hourly,T121,chronos_bolt,tsfm,168,192,90020,23.926008860270183,33.63450847054994,0.6282540619764599,1.6985404012033922,119.81837299981635,15.55126953125,,205292928,true,dcb2c10e4ac97b1d1289825869826fdec84593f7,ef768c17c85b2a8c,true,2026-09-20T15:01:46+00:00
20260920T145420Z-gpu_h192,electricity_hourly,T134,lstm,deep,168,192,100000,1497.6290587590458,1842.6347343461055,1.2695357943704824,14.21241198847856,379.93846299968936,16.14599609375,0.3132465429998774,4513,false,dcb2c10e4ac97b1d1289825869826fdec84593f7,ef768c17c85b2a8c,true,2026-09-20T15:01:58+00:00
20260920T145420Z-gpu_h192,electricity_hourly,T134,lstm,deep,168,192,100001,1174.1858930948913,1435.204581663194,0.6535231176177962,10.311868868313965,378.475379000065,16.10986328125,0.3126435319995835,4513,false,dcb2c10e4ac97b1d1289825869826fdec84593f7,ef768c17c85b2a8c,true,2026-09-20T15:01:58+00:00
20260920T145420Z-gpu_h192,electricity_hourly,T134,lstm,deep,168,192,100002,2511.4483134230977,2874.6187159118376,2.675845575998506,24.884512079677283,401.00060700024187,16.10986328125,0.3258558549996451,4513,false,dcb2c10e4ac97b1d1289825869826fdec84593f7,ef768c17c85b2a8c,true,2026-09-20T15:01:58+00:00
20260920T145420Z-gpu_h192,electricity_hourly,T134,lstm,deep,168,192,100003,1565.760176332172,1986.3861398347342,1.1629630710088086,13.57955279263036,401.72483000014836,16.10986328125,0.3324430659999962,4513,false,dcb2c10e4ac97b1d1289825869826fdec84593f7,ef768c17c85b2a8c,true,2026-09-20T15:01:58+00:00
20260920T145420Z-gpu_h192,electricity_hourly,T134,lstm,deep,168,192,100004,1706.287642973594,2057.4396969103495,1.5267370092782646,15.055467124109247,407.0046359997832,16.10986328125,0.338422785000148,4513,false,dcb2c10e4ac97b1d1289825869826fdec84593f7,ef768c17c85b2a8c,true,2026-09-20T15:01:58+00:00
20260920T145420Z-gpu_h192,electricity_hourly,T134,lstm,deep,168,192,100005,1151.1906827576852,1352.2169733532623,1.2401545471467543,11.101222486499907,405.977707999682,16.10986328125,0.33800584100026754,4513,false,dcb2c10e4ac97b1d1289825869826fdec84593f7,ef768c17c85b2a8c,true,2026-09-20T15:01:58+00:00
20260920T145420Z-gpu_h192,electricity_hourly,T134,lstm,deep,168,192,100006,667.1151373022461,910.1053217552166,0.9673495299578423,6.666542400603602,389.7666150000987,16.10986328125,0.3230686140000216,4513,false,dcb2c10e4ac97b1d1289825869826fdec84593f7,ef768c17c85b2a8c,true,2026-09-20T15:01:58+00:00
20260920T145420Z-gpu_h192,electricity_hourly,T134,lstm,deep,168,192,100007,564.2598636095217,737.1112312114742,0.9250372317194282,5.801824542601524,402.3108729998057,16.10986328125,0.32957892700005686,4513,false,dcb2c10e4ac97b1d1289825869826fdec84593f7,ef768c17c85b2a8c,true,2026-09-20T15:01:58+00:00
20260920T145420Z-gpu_h192,electricity_hourly,T134,lstm,deep,168,192,100008,708.9280048940676,914.7853391727944,0.9349528584161788,7.391138354595463,403.0487580002955,16.10986328125,0.3296619009997812,4513,false,dcb2c10e4ac97b1d1289825869826fdec84593f7,ef768c17c85b2a8c,true,2026-09-20T15:01:58+00:00
20260920T145420Z-gpu_h192,electricity_hourly,T134,lstm,deep,168,192,100009,1388.8728510692374,1617.448394144084,2.33296033401344,14.483707536559058,399.0800810001929,16.10986328125,0.3283799529999669,4513,false,dcb2c10e4ac97b1d1289825869826fdec84593f7,ef768c17c85b2a8c,true,2026-09-20T15:01:58+00:00
20260920T145420Z-gpu_h192,electricity_hourly,T134,lstm,deep,168,192,100010,711.0605612652786,938.0381995756317,1.0531305174714853,7.146688575747616,412.32681900009993,16.10986328125,0.34528354600024613,4513,false,dcb2c10e4ac97b1d1289825869826fdec84593f7,ef768c17c85b2a8c,true,2026-09-20T15:01:58+00:00
20260920T145420Z-gpu_h192,electricity_hourly,T134,lstm,deep,168,192,100011,1243.1814054309536,1518.551622002857,1.7611920034438868,12.89503680151152,426.1136439999973,16.10986328125,0.3542788270001438,4513,false,dcb2c10e4ac97b1d1289825869826fdec84593f7,ef768c17c85b2a8c,true,2026-09-20T15:01:58+00:00
20260920T145420Z-gpu_h192,electricity_hourly,T134,lstm,deep,168,192,100012,909.9889140914294,1136.2537278021177,1.1964901398767869,9.522187230975481,429.48023300004934,16.10986328125,0.3556924499998786,4513,false,dcb2c10e4ac97b1d1289825869826fdec84593f7,ef768c17c85b2a8c,true,2026-09-20T15:01:58+00:00
20260920T145420Z-gpu_h192,electricity_hourly,T134,lstm,deep,168,192,100013,702.7304768309132,850.1958580514921,0.916206619075506,7.191033882099863,380.11251699981585,16.10986328125,0.3149546299996473,4513,false,dcb2c10e4ac97b1d1289825869826fdec84593f7,ef768c17c85b2a8c,true,2026-09-20T15:01:58+00:00
20260920T145420Z-gpu_h192,electricity_hourly,T134,lstm,deep,168,192,100014,550.060079754814,925.117773879689,0.7713600697721543,5.570831401604681,384.651219999796,16.10986328125,0.3174346999999216,4513,false,dcb2c10e4ac97b1d1289825869826fdec84593f7,ef768c17c85b2a8c,true,2026-09-20T15:01:58+00:00
20260920T145420Z-gpu_h192,electricity_hourly,T134,lstm,deep,168,192,100015,1257.6415837176419,1470.891471175416,1.5116136759038816,13.328268729962996,384.0014899997186,16.10986328125,0.31762583099998665,4513,false,dcb2c10e4ac97b1d1289825869826fdec84593f7,ef768c17c85b2a8c,true,2026-09-20T15:01:58+00:00
20260920T145420Z-gpu_h192,electricity_hourly,T134,lstm,deep,168,192,100016,2060.7975466304856,2240.3116737486876,2.89570600125672,24.221485990788715,405.46627799994894,16.10986328125,0.3311780069998349,4513,false,dcb2c10e4ac97b1d1289825869826fdec84593f7,ef768c17c85b2a8c,true,2026-09-20T15:01:58+00:00
20260920T145420Z-gpu_h192,electricity_hourly,T134,lstm,deep,168,192,100017,966.4691646237816,1145.6342782578358,1.2511377585118537,10.051830072213868,392.37168699992253,16.10986328125,0.3227568090001114,4513,false,dcb2c10e4ac97b1d1289825869826fdec84593f7,ef768c17c85b2a8c,true,2026-09-20T15:01:58+00:00
20260920T145420Z-gpu_h192,electricity_hourly,T134,lstm,deep,168,192,100018,1203.4212542458818,1476.610257799306,1.7028542009257215,12.967897288083652,385.7363800002531,16.10986328125,0.3172086929998841,4513,false,dcb2c10e4ac97b1d1289825869826fdec84593f7,ef768c17c85b2a8c,true,2026-09-20T15:01:58+00:00
20260920T145420Z-gpu_h192,electricity_hourly,T134,lstm,deep,168,192,100019,1651.3649996089407,1974.976427958396,1.7099301057302,18.675062824563692,389.9627259997942,16.10986328125,0.32335362100002385,4513,false,dcb2c10e4ac97b1d1289825869826fdec84593f7,ef768c17c85b2a8c,true,2026-09-20T15:01:58+00:00
20260920T145420Z-gpu_h192,electricity_hourly,T134,lstm,deep,168,192,100020,1727.9061110080627,2125.0052672167253,1.8438920423971858,19.014453497632154,393.26479900000777,16.10986328125,0.3249187230003372,4513,false,dcb2c10e4ac97b1d1289825869826fdec84593f7,ef768c17c85b2a8c,true,2026-09-20T15:01:58+00:00
20260920T145420Z-gpu_h192,electricity_hourly,T134,transformer,deep,168,192,100000,1907.6073024235873,2254.5913420596585,1.617073158313298,18.23065098352594,577.0013510000354,10.6845703125,0.5712594659999013,19232,false,dcb2c10e4ac97b1d1289825869826fdec84593f7,ef768c17c85b2a8c,true,2026-09-20T15:02:16+00:00
20260920T145420Z-gpu_h192,electricity_hourly,T134,transformer,deep,168,192,100001,2246.5305423875157,2663.2979523165836,1.250363892564701,21.159681981213037,590.709181999955,10.525390625,0.5850070470000901,19232,false,dcb2c10e4ac97b1d1289825869826fdec84593f7,ef768c17c85b2a8c,true,2026-09-20T15:02:16+00:00
20260920T145420Z-gpu_h192,electricity_hourly,T134,transformer,deep,168,192,100002,1660.537863330687,2139.739196481939,1.7692352542645664,15.654667870113363,594.8128709997036,10.525390625,0.5892882250000184,19232,false,dcb2c10e4ac97b1d1289825869826fdec84593f7,ef768c17c85b2a8c,true,2026-09-20T15:02:16+00:00
20260920T145420Z-gpu_h192,electricity_hourly,T134,transformer,deep,168,192,100003,2194.3181930224396,2575.3017640590515,1.6298224102913283,19.933694277980884,586.067655000079,10.525390625,0.5803693059997386,19232,false,dcb2c10e4ac97b1d1289825869826fdec84593f7,ef768c17c85b2a8c,true,2026-09-20T15:02:16+00:00
20260920T145420Z-gpu_h192,electricity_hourly,T134,transformer,deep,168,192,100004,1855.9828205723054,2183.8709850521814,1.6606799401150276,16.237076494631744,603.191171999697,10.525390625,0.5974753349996718,19232,false,dcb2c10e4ac97b1d1289825869826fdec84593f7,ef768c17c85b2a8c,true,2026-09-20T15:02:16+00:00
20260920T145420Z-gpu_h192,electricity_hourly,T134,transformer,deep,168,192,100005,1252.6301011372514,1619.2832755220184,1.3494331904224148,12.182137314617181,590.8451159998549,10.525390625,0.5855033879997791,19232,false,dcb2c10e4ac97b1d1289825869826fdec84593f7,ef768c17c85b2a8c,true,2026-09-20T15:02:16+00:00
20260920T145420Z-gpu_h192,electricity_hourly,T134,transformer,deep,168,192,100006,745.9197043240769,999.425123201938,1.0816200008324395,7.437953839156329,599.9685599999793,10.525390625,0.5945313819997864,19232,false,dcb2c10e4ac97b1d1289825869826fdec84593f7,ef768c17c85b2a8c,true,2026-09-20T15:02:16+00:00
20260920T145420Z-gpu_h192,electricity_hourly,T134,transformer,deep,168,192,100007,843.863541879981,1021.9009599159649,1.3834143540462813,8.473970990718694,585.6572600000618,10.525390625,0.5799705660001564,19232,false,dcb2c10e4ac97b1d1289825869826fdec84593f7,ef768c17c85b2a8c,true,2026-09-20T15:02:16+00:00
20260920T145420Z-gpu_h192,electricity_hourly,T134,transformer,deep,168,192,100008,809.9584313037661,1035.8339848416213,1.0681944362726885,8.463592151629754,617.37869100034,10.525390625,0.6117376160000276,19232,false,dcb2c10e4ac97b1d1289825869826fdec84593f7,ef768c17c85b2a8c,true,2026-09-20T15:02:16+00:00
20260920T145420Z-gpu_h192,electricity_hourly,T134,transformer,deep,168,192,100009,1060.4419223951613,1310.1756776618665,1.7812782066898787,10.89565786426458,656.0610239998823,10.525390625,0.6498996909999732,19232,false,dcb2c10e4ac97b1d1289825869826fdec84593f7,ef768c17c85b2a8c,true,2026-09-20T15:02:16+00:00
20260920T145420Z-gpu_h192,electricity_hourly,T134,transformer,deep,168,192,100010,844.7275587626408,1069.947546636212,1.2511007072296818,8.53342032831677,659.0274559998761,10.525390625,0.6527175830001397,19232,false,dcb2c10e4ac97b1d1289825869826fdec84593f7,ef768c17c85b2a8c,true,2026-09-20T15:02:16+00:00
20260920T145420Z-gpu_h192,electricity_hourly,T134,transformer,deep,168,192,100011,1207.2962275323578,1544.1863884054815,1.7103541385264498,12.549093798383778,664.0798949997588,10.525390625,0.6578770239998448,19232,false,dcb2c10e4ac97b1d1289825869826fdec84593f7,ef768c17c85b2a8c,true,2026-09-20T15:02:16+00:00
20260920T145420Z-gpu_h192,electricity_hourly,T134,transformer,deep,168,192,100012,921.6423319417521,1295.0040574322568,1.2118125238507684,9.778621686574194,656.3001419999637,10.525390625,0.6504608260001987,19232,false,dcb2c10e4ac97b1d1289825869826fdec84593f7,ef768c17c85b2a8c,true,2026-09-20T15:02:16+00:00
20260920T145420Z-gpu_h192,electricity_hourly,T134,transformer,deep,168,192,100013,940.1967098650736,1141.6680201624768,1.22581057348771,9.554268684247347,597.1511510001619,10.525390625,0.5911333599997306,19232,false,dcb2c10e4ac97b1d1289825869826fdec84593f7,ef768c17c85b2a8c,true,2026-09-20T15:02:16+00:00
20260920T145420Z-gpu_h192,electricity_hourly,T134,transformer,deep,168,192,100014,704.0557077404882,1026.8146390843544,0.9873111680605169,7.190195420281971,602.5650910000877,10.525390625,0.5966716009997981,19232,false,dcb2c10e4ac97b1d1289825869826fdec84593f7,ef768c17c85b2a8c,true,2026-09-20T15:02:16+00:00
20260920T145420Z-gpu_h192,electricity_hourly,T134,transformer,deep,168,192,100015,938.656400473113,1195.6495612321562,1.128211622691086,9.776520416770246,604.4489599998997,10.525390625,0.5985504800000854,19232,false,dcb2c10e4ac97b1d1289825869826fdec84593f7,ef768c17c85b2a8c,true,2026-09-20T15:02:16+00:00
20260920T145420Z-gpu_h192,electricity_hourly,T134,transformer,deep,168,192,100016,992.7625405188411,1162.9115180762813,1.3949688804238163,10.459132031956724,646.2066330000198,10.525390625,0.6404050000001007,19232,false,dcb2c10e4ac97b1d1289825869826fdec84593f7,ef768c17c85b2a8c,true,2026-09-20T15:02:16+00:00
20260920T145420Z-gpu_h192,electricity_hourly,T134,transformer,deep,168,192,100017,1241.065461863534,1507.078124238506,1.6066150033114182,13.136153762051245,612.6877159999822,10.525390625,0.6067027369999778,19232,false,dcb2c10e4ac97b1d1289825869826fdec84593f7,ef768c17c85b2a8c,true,2026-09-20T15:02:16+00:00
20260920T145420Z-gpu_h192,electricity_hourly,T134,transformer,deep,168,192,100018,1145.4303162292867,1455.0262499907526,1.6207963911032888,12.371191792945877,591.1441899997953,10.525390625,0.5851124040000286,19232,false,dcb2c10e4ac97b1d1289825869826fdec84593f7,ef768c17c85b2a8c,true,2026-09-20T15:02:16+00:00
20260920T145420Z-gpu_h192,electricity_hourly,T134,transformer,deep,168,192,100019,1196.5331466586956,1442.1736726154802,1.238967793589123,13.137700987614128,602.0481519999521,10.525390625,0.5961547169999903,19232,false,dcb2c10e4ac97b1d1289825869826fdec84593f7,ef768c17c85b2a8c,true,2026-09-20T15:02:16+00:00
20260920T145420Z-gpu_h192,electricity_hourly,T134,transformer,deep,168,192,100020,1291.6887619752163,1757.0335225141005,1.3783935448150402,14.689307743660118,613.5806299998876,10.525390625,0.6075183090001701,19232,false,dcb2c10e4ac97b1d1289825869826fdec84593f7,ef768c17c85b2a8c,true,2026-09-20T15:02:16+00:00
20260920T145420Z-gpu_h192,electricity_hourly,T134,timesfm25,tsfm,168,192,100000,573.3304723103842,777.6760653457937,0.48601057274121284,5.549841401120351,206.96725000016158,13.52490234375,,231289280,true,dcb2c10e4ac97b1d1289825869826fdec84593f7,ef768c17c85b2a8c,true,2026-09-20T15:02:24+00:00
20260920T145420Z-gpu_h192,electricity_hourly,T134,timesfm25,tsfm,168,192,100001,1229.2164357503254,1595.4868860141232,0.6841517702117957,10.717857330869052,222.44667599989043,13.52490234375,,231289280,true,dcb2c10e4ac97b1d1289825869826fdec84593f7,ef768c17c85b2a8c,true,2026-09-20T15:02:24+00:00
20260920T145420Z-gpu_h192,electricity_hourly,T134,timesfm25,tsfm,168,192,100002,641.7953898111979,917.3675935097144,0.683806768128066,5.810634052711446,225.6016860001182,13.52490234375,,231289280,true,dcb2c10e4ac97b1d1289825869826fdec84593f7,ef768c17c85b2a8c,true,2026-09-20T15:02:24+00:00
20260920T145420Z-gpu_h192,electricity_hourly,T134,timesfm25,tsfm,168,192,100003,607.2624155680338,744.6194194910864,0.4510421036327369,5.3664184304602385,216.69094899971242,13.52490234375,,231289280,true,dcb2c10e4ac97b1d1289825869826fdec84593f7,ef768c17c85b2a8c,true,2026-09-20T15:02:24+00:00
20260920T145420Z-gpu_h192,electricity_hourly,T134,timesfm25,tsfm,168,192,100004,1266.132563273112,1582.5873378423155,1.1328989288304478,11.270631899746915,224.68253999977605,13.52490234375,,231289280,true,dcb2c10e4ac97b1d1289825869826fdec84593f7,ef768c17c85b2a8c,true,2026-09-20T15:02:24+00:00
20260920T145420Z-gpu_h192,electricity_hourly,T134,timesfm25,tsfm,168,192,100005,746.9616088867188,1037.8572285594612,0.8046867036708872,7.293261539998236,224.17459500002224,13.52490234375,,231289280,true,dcb2c10e4ac97b1d1289825869826fdec84593f7,ef768c17c85b2a8c,true,2026-09-20T15:02:24+00:00
20260920T145420Z-gpu_h192,electricity_hourly,T134,timesfm25,tsfm,168,192,100006,539.3131968180338,740.0648902661015,0.7820304746069952,5.425811657113867,226.51989899986802,13.52490234375,,231289280,true,dcb2c10e4ac97b1d1289825869826fdec84593f7,ef768c17c85b2a8c,true,2026-09-20T15:02:24+00:00
20260920T145420Z-gpu_h192,electricity_hourly,T134,timesfm25,tsfm,168,192,100007,500.89520772298175,655.5353358258617,0.8211583814762332,5.1205588311099,225.01863400020738,13.52490234375,,231289280,true,dcb2c10e4ac97b1d1289825869826fdec84593f7,ef768c17c85b2a8c,true,2026-09-20T15:02:24+00:00
20260920T145420Z-gpu_h192,electricity_hourly,T134,timesfm25,tsfm,168,192,100008,659.9297892252604,855.7568879272562,0.8703327256515139,6.890586126532082,218.94162899980074,13.52490234375,,231289280,true,dcb2c10e4ac97b1d1289825869826fdec84593f7,ef768c17c85b2a8c,true,2026-09-20T15:02:24+00:00
20260920T145420Z-gpu_h192,electricity_hourly,T134,timesfm25,tsfm,168,192,100009,585.6774393717448,808.6157521396611,0.9837921689728002,5.892701412281126,220.98673799973767,13.52490234375,,231289280,true,dcb2c10e4ac97b1d1289825869826fdec84593f7,ef768c17c85b2a8c,true,2026-09-20T15:02:24+00:00
20260920T145420Z-gpu_h192,electricity_hourly,T134,timesfm25,tsfm,168,192,100010,491.3889617919922,664.9886865183831,0.7277814855754767,4.999240456818429,224.28545200000372,13.52490234375,,231289280,true,dcb2c10e4ac97b1d1289825869826fdec84593f7,ef768c17c85b2a8c,true,2026-09-20T15:02:24+00:00
20260920T145420Z-gpu_h192,electricity_hourly,T134,timesfm25,tsfm,168,192,100011,688.7484741210938,862.8885684781359,0.9757371689337259,7.448800155851985,219.84082000017224,13.52490234375,,231289280,true,dcb2c10e4ac97b1d1289825869826fdec84593f7,ef768c17c85b2a8c,true,2026-09-20T15:02:24+00:00
20260920T145420Z-gpu_h192,electricity_hourly,T134,timesfm25,tsfm,168,192,100012,481.40404256184894,677.8287107179765,0.6329694585314535,4.991666955971846,219.9163730001601,13.52490234375,,231289280,true,dcb2c10e4ac97b1d1289825869826fdec84593f7,ef768c17c85b2a8c,true,2026-09-20T15:02:24+00:00
20260920T145420Z-gpu_h192,electricity_hourly,T134,timesfm25,tsfm,168,192,100013,473.4176330566406,588.0006438637948,0.6172328983789317,4.845694907817047,212.38236899989715,13.52490234375,,231289280,true,dcb2c10e4ac97b1d1289825869826fdec84593f7,ef768c17c85b2a8c,true,2026-09-20T15:02:24+00:00
20260920T145420Z-gpu_h192,electricity_hourly,T134,timesfm25,tsfm,168,192,100014,473.3561299641927,894.123338596798,0.6637966121791828,4.787202162598564,227.39912099996218,13.52490234375,,231289280,true,dcb2c10e4ac97b1d1289825869826fdec84593f7,ef768c17c85b2a8c,true,2026-09-20T15:02:24+00:00
20260920T145420Z-gpu_h192,electricity_hourly,T134,timesfm25,tsfm,168,192,100015,549.0065511067709,727.5384577273114,0.6598746586930121,5.780438759151814,244.62067199965531,13.52490234375,,231289280,true,dcb2c10e4ac97b1d1289825869826fdec84593f7,ef768c17c85b2a8c,true,2026-09-20T15:02:24+00:00
20260920T145420Z-gpu_h192,electricity_hourly,T134,timesfm25,tsfm,168,192,100016,479.6159210205078,598.7000129708401,0.6739268023043601,5.1849125428551375,219.27492099985102,13.52490234375,,231289280,true,dcb2c10e4ac97b1d1289825869826fdec84593f7,ef768c17c85b2a8c,true,2026-09-20T15:02:24+00:00
20260920T145420Z-gpu_h192,electricity_hourly,T134,timesfm25,tsfm,168,192,100017,435.0096028645833,587.4086619538681,0.563139476540868,4.512676084100268,211.8343030001597,13.52490234375,,231289280,true,dcb2c10e4ac97b1d1289825869826fdec84593f7,ef768c17c85b2a8c,true,2026-09-20T15:02:24+00:00
20260920T145420Z-gpu_h192,electricity_hourly,T134,timesfm25,tsfm,168,192,100018,490.29066467285156,653.8497212430931,0.6937666382965885,5.564635709289637,201.69238300013603,13.52490234375,,231289280,true,dcb2c10e4ac97b1d1289825869826fdec84593f7,ef768c17c85b2a8c,true,2026-09-20T15:02:24+00:00
20260920T145420Z-gpu_h192,electricity_hourly,T134,timesfm25,tsfm,168,192,100019,450.1580123901367,560.0001599677155,0.4661227153923238,4.79431321443999,211.79898499985939,13.52490234375,,231289280,true,dcb2c10e4ac97b1d1289825869826fdec84593f7,ef768c17c85b2a8c,true,2026-09-20T15:02:24+00:00
20260920T145420Z-gpu_h192,electricity_hourly,T134,timesfm25,tsfm,168,192,100020,905.0750783284506,1391.852063105895,0.9658283653665789,10.751245231818448,215.76202300002478,13.52490234375,,231289280,true,dcb2c10e4ac97b1d1289825869826fdec84593f7,ef768c17c85b2a8c,true,2026-09-20T15:02:24+00:00
20260920T145420Z-gpu_h192,electricity_hourly,T134,chronos_bolt,tsfm,168,192,100000,491.8418324788411,727.0520655709702,0.41693288992272487,4.768926746329679,105.64764899982038,15.55126953125,,205292928,true,dcb2c10e4ac97b1d1289825869826fdec84593f7,ef768c17c85b2a8c,true,2026-09-20T15:02:31+00:00
20260920T145420Z-gpu_h192,electricity_hourly,T134,chronos_bolt,tsfm,168,192,100001,473.8918202718099,598.5654800225784,0.2637565837052493,4.248851650285595,103.06325999999899,15.55126953125,,205292928,true,dcb2c10e4ac97b1d1289825869826fdec84593f7,ef768c17c85b2a8c,true,2026-09-20T15:02:31+00:00
20260920T145420Z-gpu_h192,electricity_hourly,T134,chronos_bolt,tsfm,168,192,100002,838.4372482299805,976.3081155115991,0.8933206347259565,7.68528654681081,104.65646700004072,15.55126953125,,205292928,true,dcb2c10e4ac97b1d1289825869826fdec84593f7,ef768c17c85b2a8c,true,2026-09-20T15:02:31+00:00
20260920T145420Z-gpu_h192,electricity_hourly,T134,chronos_bolt,tsfm,168,192,100003,496.1387990315755,618.410524455195,0.3685054135940522,4.389882739370349,108.94310699995913,15.55126953125,,205292928,true,dcb2c10e4ac97b1d1289825869826fdec84593f7,ef768c17c85b2a8c,true,2026-09-20T15:02:31+00:00
20260920T145420Z-gpu_h192,electricity_hourly,T134,chronos_bolt,tsfm,168,192,100004,1264.3088506062825,1601.2620069515954,1.1312671232939053,11.2868787098741,105.60448599972005,15.55126953125,,205292928,true,dcb2c10e4ac97b1d1289825869826fdec84593f7,ef768c17c85b2a8c,true,2026-09-20T15:02:31+00:00
20260920T145420Z-gpu_h192,electricity_hourly,T134,chronos_bolt,tsfm,168,192,100005,803.5551096598307,1106.958266826909,0.8656537427322183,7.798122424792118,101.78134099987801,15.55126953125,,205292928,true,dcb2c10e4ac97b1d1289825869826fdec84593f7,ef768c17c85b2a8c,true,2026-09-20T15:02:31+00:00
20260920T145420Z-gpu_h192,electricity_hourly,T134,chronos_bolt,tsfm,168,192,100006,438.32224527994794,559.3414899005614,0.6355886626351869,4.390134223664187,105.07106500017471,15.55126953125,,205292928,true,dcb2c10e4ac97b1d1289825869826fdec84593f7,ef768c17c85b2a8c,true,2026-09-20T15:02:31+00:00
20260920T145420Z-gpu_h192,electricity_hourly,T134,chronos_bolt,tsfm,168,192,100007,524.2362518310547,663.687740649063,0.85942325945117,5.3939102836977,109.58884299998317,15.55126953125,,205292928,true,dcb2c10e4ac97b1d1289825869826fdec84593f7,ef768c17c85b2a8c,true,2026-09-20T15:02:31+00:00
20260920T145420Z-gpu_h192,electricity_hourly,T134,chronos_bolt,tsfm,168,192,100008,559.9035085042318,739.085539014229,0.7384154414826665,5.850423442169574,112.74515300010535,15.55126953125,,205292928,true,dcb2c10e4ac97b1d1289825869826fdec84593f7,ef768c17c85b2a8c,true,2026-09-20T15:02:31+00:00
20260920T145420Z-gpu_h192,electricity_hourly,T134,chronos_bolt,tsfm,168,192,100009,637.2799860636393,854.896987458357,1.0704715899677355,6.5119496447494445,119.44900700018479,15.55126953125,,205292928,true,dcb2c10e4ac97b1d1289825869826fdec84593f7,ef768c17c85b2a8c,true,2026-09-20T15:02:31+00:00
20260920T145420Z-gpu_h192,electricity_hourly,T134,chronos_bolt,tsfm,168,192,100010,438.7120310465495,602.2425669520333,0.649763259904174,4.4489885540996,120.47438200033866,15.55126953125,,205292928,true,dcb2c10e4ac97b1d1289825869826fdec84593f7,ef768c17c85b2a8c,true,2026-09-20T15:02:31+00:00
20260920T145420Z-gpu_h192,electricity_hourly,T134,chronos_bolt,tsfm,168,192,100011,527.6482086181641,679.4134268402568,0.7475094154321432,5.708027449481095,116.12572099966201,15.55126953125,,205292928,true,dcb2c10e4ac97b1d1289825869826fdec84593f7,ef768c17c85b2a8c,true,2026-09-20T15:02:31+00:00
20260920T145420Z-gpu_h192,electricity_hourly,T134,chronos_bolt,tsfm,168,192,100012,503.4779993693034,697.649203869647,0.6619931875672687,5.213696241698898,114.91307200003575,15.55126953125,,205292928,true,dcb2c10e4ac97b1d1289825869826fdec84593f7,ef768c17c85b2a8c,true,2026-09-20T15:02:31+00:00
20260920T145420Z-gpu_h192,electricity_hourly,T134,chronos_bolt,tsfm,168,192,100013,588.0901362101237,721.4491850608313,0.7667407251761716,6.159572067159794,111.69603900043512,15.55126953125,,205292928,true,dcb2c10e4ac97b1d1289825869826fdec84593f7,ef768c17c85b2a8c,true,2026-09-20T15:02:31+00:00
20260920T145420Z-gpu_h192,electricity_hourly,T134,chronos_bolt,tsfm,168,192,100014,471.2846374511719,914.3865646709373,0.6608917174809738,4.769061005316757,122.45326199990814,15.55126953125,,205292928,true,dcb2c10e4ac97b1d1289825869826fdec84593f7,ef768c17c85b2a8c,true,2026-09-20T15:02:31+00:00
20260920T145420Z-gpu_h192,electricity_hourly,T134,chronos_bolt,tsfm,168,192,100015,494.4293212890625,632.9601232566947,0.5942759316363538,5.208217862808303,115.33099200005381,15.55126953125,,205292928,true,dcb2c10e4ac97b1d1289825869826fdec84593f7,ef768c17c85b2a8c,true,2026-09-20T15:02:31+00:00
20260920T145420Z-gpu_h192,electricity_hourly,T134,chronos_bolt,tsfm,168,192,100016,350.2289784749349,438.4551003264784,0.49212022619208073,3.8125449867210914,118.8429220001126,15.55126953125,,205292928,true,dcb2c10e4ac97b1d1289825869826fdec84593f7,ef768c17c85b2a8c,true,2026-09-20T15:02:31+00:00
20260920T145420Z-gpu_h192,electricity_hourly,T134,chronos_bolt,tsfm,168,192,100017,414.2758331298828,540.2877006337408,0.5362986800199857,4.299909759964224,117.37182700017001,15.55126953125,,205292928,true,dcb2c10e4ac97b1d1289825869826fdec84593f7,ef768c17c85b2a8c,true,2026-09-20T15:02:31+00:00
20260920T145420Z-gpu_h192,electricity_hourly,T134,chronos_bolt,tsfm,168,192,100018,458.67610422770184,606.1295347223404,0.6490316904348118,5.19980429898339,113.36747999985164,15.55126953125,,205292928,true,dcb2c10e4ac97b1d1289825869826fdec84593f7,ef768c17c85b2a8c,true,2026-09-20T15:02:31+00:00
20260920T145420Z-gpu_h192,electricity_hourly,T134,chronos_bolt,tsfm,168,192,100019,435.70252736409503,546.8494580843194,0.45115457143577015,4.6575100904387625,113.35192999968058,15.55126953125,,205292928,true,dcb2c10e4ac97b1d1289825869826fdec84593f7,ef768c17c85b2a8c,true,2026-09-20T15:02:31+00:00
20260920T145420Z-gpu_h192,electricity_hourly,T134,chronos_bolt,tsfm,168,192,100020,936.7594045003256,1434.9953997038251,0.9996395062178335,11.107139162808581,119.25645799965423,15.55126953125,,205292928,true,dcb2c10e4ac97b1d1289825869826fdec84593f7,ef768c17c85b2a8c,true,2026-09-20T15:02:31+00:00
20260920T145420Z-gpu_h192,electricity_hourly,T148,lstm,deep,168,192,110000,51.48742076918279,63.82477810374216,4.820668784630898,32.27537225621707,377.6979899998878,16.14599609375,0.31025556099984897,4513,false,dcb2c10e4ac97b1d1289825869826fdec84593f7,ef768c17c85b2a8c,true,2026-09-20T15:02:43+00:00
20260920T145420Z-gpu_h192,electricity_hourly,T148,lstm,deep,168,192,110001,54.45810783085518,65.48755557574135,6.391171579171267,31.40282322594295,394.6536329999617,16.10986328125,0.3255686190000233,4513,false,dcb2c10e4ac97b1d1289825869826fdec84593f7,ef768c17c85b2a8c,true,2026-09-20T15:02:43+00:00
20260920T145420Z-gpu_h192,electricity_hourly,T148,lstm,deep,168,192,110002,12.846102070410856,18.08272777933069,1.708068973351028,7.817794255032926,383.28250499989736,16.10986328125,0.31518544799973824,4513,false,dcb2c10e4ac97b1d1289825869826fdec84593f7,ef768c17c85b2a8c,true,2026-09-20T15:02:43+00:00
20260920T145420Z-gpu_h192,electricity_hourly,T148,lstm,deep,168,192,110003,23.656699637708698,34.656271688002256,3.9657331173807364,14.178129460559072,396.2889889999133,16.10986328125,0.3257993360002729,4513,false,dcb2c10e4ac97b1d1289825869826fdec84593f7,ef768c17c85b2a8c,true,2026-09-20T15:02:43+00:00
20260920T145420Z-gpu_h192,electricity_hourly,T148,lstm,deep,168,192,110004,51.72665437043474,64.50090199553242,7.252812297315095,29.12154130506004,385.30201000003217,16.10986328125,0.3145306530000198,4513,false,dcb2c10e4ac97b1d1289825869826fdec84593f7,ef768c17c85b2a8c,true,2026-09-20T15:02:43+00:00
20260920T145420Z-gpu_h192,electricity_hourly,T148,lstm,deep,168,192,110005,38.564493611624506,51.03309392298103,5.7487443893104855,21.996886858969226,399.72831200020664,16.10986328125,0.33104660299977695,4513,false,dcb2c10e4ac97b1d1289825869826fdec84593f7,ef768c17c85b2a8c,true,2026-09-20T15:02:43+00:00
20260920T145420Z-gpu_h192,electricity_hourly,T148,lstm,deep,168,192,110006,25.887043772599927,37.031773866662874,3.7128827721657265,14.689845446779906,411.64635199993427,16.10986328125,0.34084664799956954,4513,false,dcb2c10e4ac97b1d1289825869826fdec84593f7,ef768c17c85b2a8c,true,2026-09-20T15:02:43+00:00
20260920T145420Z-gpu_h192,electricity_hourly,T148,lstm,deep,168,192,110007,56.15184563675612,66.57360033112914,9.358640939459354,31.278934334713355,401.8741259997114,16.10986328125,0.33420703899992077,4513,false,dcb2c10e4ac97b1d1289825869826fdec84593f7,ef768c17c85b2a8c,true,2026-09-20T15:02:43+00:00
20260920T145420Z-gpu_h192,electricity_hourly,T148,lstm,deep,168,192,110008,33.32166281843763,45.53976270199506,4.467708981243034,18.970577727849495,397.6427249999688,16.10986328125,0.33067272799962666,4513,false,dcb2c10e4ac97b1d1289825869826fdec84593f7,ef768c17c85b2a8c,true,2026-09-20T15:02:43+00:00
20260920T145420Z-gpu_h192,electricity_hourly,T148,lstm,deep,168,192,110009,39.906164988568776,52.566013845457014,5.195739383683457,22.01866930181684,388.55184499971074,16.10986328125,0.321991388999777,4513,false,dcb2c10e4ac97b1d1289825869826fdec84593f7,ef768c17c85b2a8c,true,2026-09-20T15:02:43+00:00
20260920T145420Z-gpu_h192,electricity_hourly,T148,lstm,deep,168,192,110010,46.84619144896461,57.77175085288254,7.871472075438628,25.750331030926777,377.11896999962846,16.10986328125,0.3106969690002188,4513,false,dcb2c10e4ac97b1d1289825869826fdec84593f7,ef768c17c85b2a8c,true,2026-09-20T15:02:43+00:00
20260920T145420Z-gpu_h192,electricity_hourly,T148,lstm,deep,168,192,110011,40.25089242875959,48.98687366609257,4.774405691714482,23.069408091967514,378.9657389997956,16.10986328125,0.3102010389998213,4513,false,dcb2c10e4ac97b1d1289825869826fdec84593f7,ef768c17c85b2a8c,true,2026-09-20T15:02:43+00:00
20260920T145420Z-gpu_h192,electricity_hourly,T148,lstm,deep,168,192,110012,31.19614159504776,42.88387237527755,3.9579245724113457,18.34800133258647,381.6171220000797,16.10986328125,0.31452032099969074,4513,false,dcb2c10e4ac97b1d1289825869826fdec84593f7,ef768c17c85b2a8c,true,2026-09-20T15:02:43+00:00
20260920T145420Z-gpu_h192,electricity_hourly,T148,lstm,deep,168,192,110013,49.995976636912644,60.32953606780114,6.393801630297887,29.511639344167083,383.0331079998359,16.10986328125,0.3154265759999362,4513,false,dcb2c10e4ac97b1d1289825869826fdec84593f7,ef768c17c85b2a8c,true,2026-09-20T15:02:43+00:00
20260920T145420Z-gpu_h192,electricity_hourly,T148,lstm,deep,168,192,110014,24.4628956433327,35.400187156551986,2.9502989720602253,14.401044576822402,379.69664899992495,16.10986328125,0.3126355849999527,4513,false,dcb2c10e4ac97b1d1289825869826fdec84593f7,ef768c17c85b2a8c,true,2026-09-20T15:02:43+00:00
20260920T145420Z-gpu_h192,electricity_hourly,T148,lstm,deep,168,192,110015,44.68109059479749,55.46576364273995,4.915261303018211,26.79846784281424,385.1425970001401,16.10986328125,0.3174043859999074,4513,false,dcb2c10e4ac97b1d1289825869826fdec84593f7,ef768c17c85b2a8c,true,2026-09-20T15:02:43+00:00
20260920T145420Z-gpu_h192,electricity_hourly,T148,lstm,deep,168,192,110016,7.051159721190035,9.238262530670339,0.9384168205650323,4.567934856138659,376.6873479999049,16.10986328125,0.30813010300016686,4513,false,dcb2c10e4ac97b1d1289825869826fdec84593f7,ef768c17c85b2a8c,true,2026-09-20T15:02:43+00:00
20260920T145420Z-gpu_h192,electricity_hourly,T148,lstm,deep,168,192,110017,17.606091314849923,25.460007235239203,2.10396443928497,11.85099322918739,383.2350019997648,16.10986328125,0.3176915299995926,4513,false,dcb2c10e4ac97b1d1289825869826fdec84593f7,ef768c17c85b2a8c,true,2026-09-20T15:02:43+00:00
20260920T145420Z-gpu_h192,electricity_hourly,T148,lstm,deep,168,192,110018,47.5585501585943,70.22641595827578,6.578704344704687,44.39801567880928,381.9053420002092,16.10986328125,0.31450645500035534,4513,false,dcb2c10e4ac97b1d1289825869826fdec84593f7,ef768c17c85b2a8c,true,2026-09-20T15:02:43+00:00
20260920T145420Z-gpu_h192,electricity_hourly,T148,lstm,deep,168,192,110019,53.14032899440647,63.60380588192754,4.606988184945534,37.66491889465961,436.1470979997648,16.10986328125,0.36719652500005395,4513,false,dcb2c10e4ac97b1d1289825869826fdec84593f7,ef768c17c85b2a8c,true,2026-09-20T15:02:43+00:00
20260920T145420Z-gpu_h192,electricity_hourly,T148,lstm,deep,168,192,110020,22.018366378200085,32.963636436133115,2.866767412713212,16.333540103073485,398.6433649997707,16.10986328125,0.3270197609999741,4513,false,dcb2c10e4ac97b1d1289825869826fdec84593f7,ef768c17c85b2a8c,true,2026-09-20T15:02:43+00:00
20260920T145420Z-gpu_h192,electricity_hourly,T148,transformer,deep,168,192,110000,9.793925897935877,12.586279135337843,0.9169865600148025,6.245098825490183,585.9792320002271,10.6845703125,0.5801189419998991,19232,false,dcb2c10e4ac97b1d1289825869826fdec84593f7,ef768c17c85b2a8c,true,2026-09-20T15:03:00+00:00
20260920T145420Z-gpu_h192,electricity_hourly,T148,transformer,deep,168,192,110001,24.553077784511355,30.024326717872125,2.881534801116247,14.578734940609204,603.3416519999264,10.525390625,0.5978223540000727,19232,false,dcb2c10e4ac97b1d1289825869826fdec84593f7,ef768c17c85b2a8c,true,2026-09-20T15:03:00+00:00
20260920T145420Z-gpu_h192,electricity_hourly,T148,transformer,deep,168,192,110002,13.146375192227808,17.53954190705924,1.7479944853931713,7.995469592974734,599.453380000341,10.525390625,0.5934391969999524,19232,false,dcb2c10e4ac97b1d1289825869826fdec84593f7,ef768c17c85b2a8c,true,2026-09-20T15:03:00+00:00
20260920T145420Z-gpu_h192,electricity_hourly,T148,transformer,deep,168,192,110003,15.675739539619576,21.086605092238102,2.627830609668474,9.34001733258556,613.523492999775,10.525390625,0.6077370479997626,19232,false,dcb2c10e4ac97b1d1289825869826fdec84593f7,ef768c17c85b2a8c,true,2026-09-20T15:03:00+00:00
20260920T145420Z-gpu_h192,electricity_hourly,T148,transformer,deep,168,192,110004,11.308131378831279,14.25147930932841,1.5855607775576477,6.599079476515233,587.3656910002865,10.525390625,0.5819602269998541,19232,false,dcb2c10e4ac97b1d1289825869826fdec84593f7,ef768c17c85b2a8c,true,2026-09-20T15:03:00+00:00
20260920T145420Z-gpu_h192,electricity_hourly,T148,transformer,deep,168,192,110005,13.65067748446666,17.81375009415233,2.034883600168943,7.99236466221921,588.7467880002077,10.525390625,0.5832313689998045,19232,false,dcb2c10e4ac97b1d1289825869826fdec84593f7,ef768c17c85b2a8c,true,2026-09-20T15:03:00+00:00
20260920T145420Z-gpu_h192,electricity_hourly,T148,transformer,deep,168,192,110006,11.16819382196583,15.088111054612588,1.6018126597241826,6.298752138042864,597.7872839998781,10.525390625,0.5922015989999636,19232,false,dcb2c10e4ac97b1d1289825869826fdec84593f7,ef768c17c85b2a8c,true,2026-09-20T15:03:00+00:00
20260920T145420Z-gpu_h192,electricity_hourly,T148,transformer,deep,168,192,110007,24.76271248654818,32.9852687303935,4.12711874775803,14.030274668300748,598.0998129998625,10.525390625,0.5924355289998857,19232,false,dcb2c10e4ac97b1d1289825869826fdec84593f7,ef768c17c85b2a8c,true,2026-09-20T15:03:00+00:00
20260920T145420Z-gpu_h192,electricity_hourly,T148,transformer,deep,168,192,110008,12.055574208336546,16.25739917714519,1.6163898379892576,6.907533152823827,589.1155080003045,10.525390625,0.582992932000252,19232,false,dcb2c10e4ac97b1d1289825869826fdec84593f7,ef768c17c85b2a8c,true,2026-09-20T15:03:00+00:00
20260920T145420Z-gpu_h192,electricity_hourly,T148,transformer,deep,168,192,110009,16.560089656482692,21.563292296903423,2.1561057057264987,9.05532999657627,588.7459599998692,10.525390625,0.5832500369997433,19232,false,dcb2c10e4ac97b1d1289825869826fdec84593f7,ef768c17c85b2a8c,true,2026-09-20T15:03:00+00:00
20260920T145420Z-gpu_h192,electricity_hourly,T148,transformer,deep,168,192,110010,15.229177721839335,19.805399044612592,2.5589283453265623,8.524338507053521,620.1992690002953,10.525390625,0.6134717489999275,19232,false,dcb2c10e4ac97b1d1289825869826fdec84593f7,ef768c17c85b2a8c,true,2026-09-20T15:03:00+00:00
20260920T145420Z-gpu_h192,electricity_hourly,T148,transformer,deep,168,192,110011,16.08387810284188,19.803041285970284,1.9078076168115574,9.687743986361479,575.4973690000043,10.525390625,0.5697968510003193,19232,false,dcb2c10e4ac97b1d1289825869826fdec84593f7,ef768c17c85b2a8c,true,2026-09-20T15:03:00+00:00
20260920T145420Z-gpu_h192,electricity_hourly,T148,transformer,deep,168,192,110012,18.77551114438357,24.96517191220808,2.3820912817543913,11.03475673132391,592.1916950001105,10.525390625,0.5864119410002786,19232,false,dcb2c10e4ac97b1d1289825869826fdec84593f7,ef768c17c85b2a8c,true,2026-09-20T15:03:00+00:00
20260920T145420Z-gpu_h192,electricity_hourly,T148,transformer,deep,168,192,110013,20.396151565852268,25.756086639032006,2.60838883257791,12.178781441447182,591.5298269997038,10.525390625,0.5856846960000439,19232,false,dcb2c10e4ac97b1d1289825869826fdec84593f7,ef768c17c85b2a8c,true,2026-09-20T15:03:00+00:00
20260920T145420Z-gpu_h192,electricity_hourly,T148,transformer,deep,168,192,110014,11.373727989706707,16.876547439584474,1.371705888205834,6.597891740545204,594.1747669999131,10.525390625,0.5884758779998265,19232,false,dcb2c10e4ac97b1d1289825869826fdec84593f7,ef768c17c85b2a8c,true,2026-09-20T15:03:00+00:00
20260920T145420Z-gpu_h192,electricity_hourly,T148,transformer,deep,168,192,110015,18.763489347523105,23.730801065124066,2.064127170392152,11.727831339064739,593.9145080001254,10.525390625,0.5882501980004236,19232,false,dcb2c10e4ac97b1d1289825869826fdec84593f7,ef768c17c85b2a8c,true,2026-09-20T15:03:00+00:00
20260920T145420Z-gpu_h192,electricity_hourly,T148,transformer,deep,168,192,110016,14.936447953208356,20.723419491643785,1.9878451989482468,10.011079335214113,592.7837429999272,10.525390625,0.587215174999983,19232,false,dcb2c10e4ac97b1d1289825869826fdec84593f7,ef768c17c85b2a8c,true,2026-09-20T15:03:00+00:00
20260920T145420Z-gpu_h192,electricity_hourly,T148,transformer,deep,168,192,110017,9.477227109569482,11.637231449561042,1.132548301890461,6.310159480108177,596.6868499999691,10.525390625,0.5909850889993322,19232,false,dcb2c10e4ac97b1d1289825869826fdec84593f7,ef768c17c85b2a8c,true,2026-09-20T15:03:00+00:00
20260920T145420Z-gpu_h192,electricity_hourly,T148,transformer,deep,168,192,110018,29.731957421615093,58.57124184211563,4.112777971866064,31.718647235056512,579.1744429998289,10.525390625,0.5734189819995663,19232,false,dcb2c10e4ac97b1d1289825869826fdec84593f7,ef768c17c85b2a8c,true,2026-09-20T15:03:00+00:00
20260920T145420Z-gpu_h192,electricity_hourly,T148,transformer,deep,168,192,110019,12.293078351076531,16.826882087166695,1.0657455042474537,8.9677519087364,595.5194039997878,10.525390625,0.5897698039998431,19232,false,dcb2c10e4ac97b1d1289825869826fdec84593f7,ef768c17c85b2a8c,true,2026-09-20T15:03:00+00:00
20260920T145420Z-gpu_h192,electricity_hourly,T148,transformer,deep,168,192,110020,16.39132971110301,27.73991678863964,2.134133343941079,12.112060742347929,600.3530269999828,10.525390625,0.5946706700005961,19232,false,dcb2c10e4ac97b1d1289825869826fdec84593f7,ef768c17c85b2a8c,true,2026-09-20T15:03:00+00:00
20260920T145420Z-gpu_h192,electricity_hourly,T148,timesfm25,tsfm,168,192,110000,6.493228832880656,8.45311712707257,0.607948603338631,4.146172023755184,217.54988399970898,13.52490234375,,231289280,true,dcb2c10e4ac97b1d1289825869826fdec84593f7,ef768c17c85b2a8c,true,2026-09-20T15:03:09+00:00
20260920T145420Z-gpu_h192,electricity_hourly,T148,timesfm25,tsfm,168,192,110001,13.546377499898275,15.65803045385068,1.5897949144134895,8.068267655493313,210.12930699998833,13.52490234375,,231289280,true,dcb2c10e4ac97b1d1289825869826fdec84593f7,ef768c17c85b2a8c,true,2026-09-20T15:03:09+00:00
20260920T145420Z-gpu_h192,electricity_hourly,T148,timesfm25,tsfm,168,192,110002,7.007193525632222,8.790589482175516,0.9317044023001293,4.145626257322976,213.84348399988085,13.52490234375,,231289280,true,dcb2c10e4ac97b1d1289825869826fdec84593f7,ef768c17c85b2a8c,true,2026-09-20T15:03:09+00:00
20260920T145420Z-gpu_h192,electricity_hourly,T148,timesfm25,tsfm,168,192,110003,5.7206822236378985,7.501374677433768,0.9589967871989027,3.2152521502071187,209.7211509999397,13.52490234375,,231289280,true,dcb2c10e4ac97b1d1289825869826fdec84593f7,ef768c17c85b2a8c,true,2026-09-20T15:03:09+00:00
20260920T145420Z-gpu_h192,electricity_hourly,T148,timesfm25,tsfm,168,192,110004,6.604354461034139,8.35631679713516,0.926024384020366,3.6635798427739745,255.45913699988887,13.52490234375,,231289280,true,dcb2c10e4ac97b1d1289825869826fdec84593f7,ef768c17c85b2a8c,true,2026-09-20T15:03:09+00:00
20260920T145420Z-gpu_h192,electricity_hourly,T148,timesfm25,tsfm,168,192,110005,6.762508829434712,10.292223157526953,1.0080758503505163,3.668522214552603,214.28395099974296,13.52490234375,,231289280,true,dcb2c10e4ac97b1d1289825869826fdec84593f7,ef768c17c85b2a8c,true,2026-09-20T15:03:09+00:00
20260920T145420Z-gpu_h192,electricity_hourly,T148,timesfm25,tsfm,168,192,110006,6.432835936546326,8.239119109349483,0.9226378235683973,3.5244250392011165,201.06121200024063,13.52490234375,,231289280,true,dcb2c10e4ac97b1d1289825869826fdec84593f7,ef768c17c85b2a8c,true,2026-09-20T15:03:09+00:00
20260920T145420Z-gpu_h192,electricity_hourly,T148,timesfm25,tsfm,168,192,110007,6.9513314962387085,8.82439028015659,1.1585552493731182,3.7518929962076406,218.74016099991422,13.52490234375,,231289280,true,dcb2c10e4ac97b1d1289825869826fdec84593f7,ef768c17c85b2a8c,true,2026-09-20T15:03:09+00:00
20260920T145420Z-gpu_h192,electricity_hourly,T148,timesfm25,tsfm,168,192,110008,7.1051086982091265,8.90976650856549,0.9526402723855812,3.920767985371968,214.11044299929927,13.52490234375,,231289280,true,dcb2c10e4ac97b1d1289825869826fdec84593f7,ef768c17c85b2a8c,true,2026-09-20T15:03:09+00:00
20260920T145420Z-gpu_h192,electricity_hourly,T148,timesfm25,tsfm,168,192,110009,5.9781648715337115,7.963677428733165,0.7783505800188557,3.0943206358562247,215.57133899932523,13.52490234375,,231289280,true,dcb2c10e4ac97b1d1289825869826fdec84593f7,ef768c17c85b2a8c,true,2026-09-20T15:03:09+00:00
20260920T145420Z-gpu_h192,electricity_hourly,T148,timesfm25,tsfm,168,192,110010,8.486849665641785,11.004948066325966,1.4260284152303582,4.871465218280047,212.8487709996989,13.52490234375,,231289280,true,dcb2c10e4ac97b1d1289825869826fdec84593f7,ef768c17c85b2a8c,true,2026-09-20T15:03:09+00:00
20260920T145420Z-gpu_h192,electricity_hourly,T148,timesfm25,tsfm,168,192,110011,13.501079877217611,16.047525657334656,1.6014460480389918,8.467827397819788,206.57888599998842,13.52490234375,,231289280,true,dcb2c10e4ac97b1d1289825869826fdec84593f7,ef768c17c85b2a8c,true,2026-09-20T15:03:09+00:00
20260920T145420Z-gpu_h192,electricity_hourly,T148,timesfm25,tsfm,168,192,110012,6.287057161331177,8.054329000462685,0.797653067164484,3.557161622126955,218.8017159996889,13.52490234375,,231289280,true,dcb2c10e4ac97b1d1289825869826fdec84593f7,ef768c17c85b2a8c,true,2026-09-20T15:03:09+00:00
20260920T145420Z-gpu_h192,electricity_hourly,T148,timesfm25,tsfm,168,192,110013,10.414126515388489,12.633807235699196,1.3318243501029683,6.16340099769266,216.32156100076827,13.52490234375,,231289280,true,dcb2c10e4ac97b1d1289825869826fdec84593f7,ef768c17c85b2a8c,true,2026-09-20T15:03:09+00:00
20260920T145420Z-gpu_h192,electricity_hourly,T148,timesfm25,tsfm,168,192,110014,9.369620283444723,14.613567006235247,1.130004456294841,5.130103818900424,216.57857300033356,13.52490234375,,231289280,true,dcb2c10e4ac97b1d1289825869826fdec84593f7,ef768c17c85b2a8c,true,2026-09-20T15:03:09+00:00
20260920T145420Z-gpu_h192,electricity_hourly,T148,timesfm25,tsfm,168,192,110015,10.885018587112427,12.913903289893247,1.1974351998045756,6.713011331681367,207.66314499996952,13.52490234375,,231289280,true,dcb2c10e4ac97b1d1289825869826fdec84593f7,ef768c17c85b2a8c,true,2026-09-20T15:03:09+00:00
20260920T145420Z-gpu_h192,electricity_hourly,T148,timesfm25,tsfm,168,192,110016,6.1524689594904585,8.292682871571273,0.8188128744608373,3.757424862379169,204.91789400057314,13.52490234375,,231289280,true,dcb2c10e4ac97b1d1289825869826fdec84593f7,ef768c17c85b2a8c,true,2026-09-20T15:03:09+00:00
20260920T145420Z-gpu_h192,electricity_hourly,T148,timesfm25,tsfm,168,192,110017,6.057831525802612,8.508315378274773,0.7239234354486109,3.6727388892851485,217.91072999985772,13.52490234375,,231289280,true,dcb2c10e4ac97b1d1289825869826fdec84593f7,ef768c17c85b2a8c,true,2026-09-20T15:03:09+00:00
20260920T145420Z-gpu_h192,electricity_hourly,T148,timesfm25,tsfm,168,192,110018,24.831439812978108,56.60853013345068,3.4348965735531674,28.53188193184054,213.95103599934373,13.52490234375,,231289280,true,dcb2c10e4ac97b1d1289825869826fdec84593f7,ef768c17c85b2a8c,true,2026-09-20T15:03:09+00:00
20260920T145420Z-gpu_h192,electricity_hourly,T148,timesfm25,tsfm,168,192,110019,8.006664037704468,10.701546519996908,0.6941358346956312,5.76030099321041,208.49532000011095,13.52490234375,,231289280,true,dcb2c10e4ac97b1d1289825869826fdec84593f7,ef768c17c85b2a8c,true,2026-09-20T15:03:09+00:00
20260920T145420Z-gpu_h192,electricity_hourly,T148,timesfm25,tsfm,168,192,110020,11.185301899909973,24.358291161026308,1.4563141714168502,8.001877531518732,214.2562730005011,13.52490234375,,231289280,true,dcb2c10e4ac97b1d1289825869826fdec84593f7,ef768c17c85b2a8c,true,2026-09-20T15:03:09+00:00
20260920T145420Z-gpu_h192,electricity_hourly,T148,chronos_bolt,tsfm,168,192,110000,6.047256032625834,8.005494727960073,0.5661930225605463,3.7063467372173564,109.79473899988079,15.55126953125,,205292928,true,dcb2c10e4ac97b1d1289825869826fdec84593f7,ef768c17c85b2a8c,true,2026-09-20T15:03:15+00:00
20260920T145420Z-gpu_h192,electricity_hourly,T148,chronos_bolt,tsfm,168,192,110001,11.913274010022482,13.839653780018324,1.3981348471420028,7.054498706744093,110.1934540001821,15.55126953125,,205292928,true,dcb2c10e4ac97b1d1289825869826fdec84593f7,ef768c17c85b2a8c,true,2026-09-20T15:03:15+00:00
20260920T145420Z-gpu_h192,electricity_hourly,T148,chronos_bolt,tsfm,168,192,110002,7.468893369038899,9.28347173234577,0.993093855163067,4.4740961093563065,117.22349599949666,15.55126953125,,205292928,true,dcb2c10e4ac97b1d1289825869826fdec84593f7,ef768c17c85b2a8c,true,2026-09-20T15:03:15+00:00
20260920T145420Z-gpu_h192,electricity_hourly,T148,chronos_bolt,tsfm,168,192,110003,5.900335629781087,7.65853568685437,0.9891133069714512,3.302744754048686,115.99528299939266,15.55126953125,,205292928,true,dcb2c10e4ac97b1d1289825869826fdec84593f7,ef768c17c85b2a8c,true,2026-09-20T15:03:15+00:00
20260920T145420Z-gpu_h192,electricity_hourly,T148,chronos_bolt,tsfm,168,192,110004,6.003894488016765,7.558770667975583,0.8418313595661286,3.2690496597564325,112.2019470003579,15.55126953125,,205292928,true,dcb2c10e4ac97b1d1289825869826fdec84593f7,ef768c17c85b2a8c,true,2026-09-20T15:03:15+00:00
20260920T145420Z-gpu_h192,electricity_hourly,T148,chronos_bolt,tsfm,168,192,110005,6.353878776232402,9.898006181350508,0.9471620535998612,3.4183895799972115,115.52865500016196,15.55126953125,,205292928,true,dcb2c10e4ac97b1d1289825869826fdec84593f7,ef768c17c85b2a8c,true,2026-09-20T15:03:15+00:00
20260920T145420Z-gpu_h192,electricity_hourly,T148,chronos_bolt,tsfm,168,192,110006,6.878990809122722,8.576304258557082,0.9866281638582389,3.7535306756743854,115.04455500016775,15.55126953125,,205292928,true,dcb2c10e4ac97b1d1289825869826fdec84593f7,ef768c17c85b2a8c,true,2026-09-20T15:03:15+00:00
20260920T145420Z-gpu_h192,electricity_hourly,T148,chronos_bolt,tsfm,168,192,110007,6.9190622965494795,8.589382469878371,1.1531770494249132,3.8179453157020045,116.29742900004203,15.55126953125,,205292928,true,dcb2c10e4ac97b1d1289825869826fdec84593f7,ef768c17c85b2a8c,true,2026-09-20T15:03:15+00:00
20260920T145420Z-gpu_h192,electricity_hourly,T148,chronos_bolt,tsfm,168,192,110008,7.77825923760732,9.682530244622866,1.0428950933104786,4.289151760681439,114.9428969993096,15.55126953125,,205292928,true,dcb2c10e4ac97b1d1289825869826fdec84593f7,ef768c17c85b2a8c,true,2026-09-20T15:03:15+00:00
20260920T145420Z-gpu_h192,electricity_hourly,T148,chronos_bolt,tsfm,168,192,110009,6.034494241078694,7.905386368495577,0.7856846028167559,3.1549498446651523,114.43295499975648,15.55126953125,,205292928,true,dcb2c10e4ac97b1d1289825869826fdec84593f7,ef768c17c85b2a8c,true,2026-09-20T15:03:15+00:00
20260920T145420Z-gpu_h192,electricity_hourly,T148,chronos_bolt,tsfm,168,192,110010,8.670767704645792,11.192882917095039,1.4569317963465507,4.8829648681141515,115.9917149998364,15.55126953125,,205292928,true,dcb2c10e4ac97b1d1289825869826fdec84593f7,ef768c17c85b2a8c,true,2026-09-20T15:03:15+00:00
20260920T145420Z-gpu_h192,electricity_hourly,T148,chronos_bolt,tsfm,168,192,110011,13.19762667020162,15.773523403382214,1.565451598442367,8.273658973160574,119.16953900072258,15.55126953125,,205292928,true,dcb2c10e4ac97b1d1289825869826fdec84593f7,ef768c17c85b2a8c,true,2026-09-20T15:03:15+00:00
20260920T145420Z-gpu_h192,electricity_hourly,T148,chronos_bolt,tsfm,168,192,110012,6.555145223935445,8.295351631155915,0.8316660019794749,3.7172345436660867,111.72130999966612,15.55126953125,,205292928,true,dcb2c10e4ac97b1d1289825869826fdec84593f7,ef768c17c85b2a8c,true,2026-09-20T15:03:15+00:00
20260920T145420Z-gpu_h192,electricity_hourly,T148,chronos_bolt,tsfm,168,192,110013,10.028374711672464,12.127872634324843,1.2824919702316473,5.91026009357933,119.50726099985332,15.55126953125,,205292928,true,dcb2c10e4ac97b1d1289825869826fdec84593f7,ef768c17c85b2a8c,true,2026-09-20T15:03:15+00:00
20260920T145420Z-gpu_h192,electricity_hourly,T148,chronos_bolt,tsfm,168,192,110014,7.991604844729106,13.374875871522745,0.9638116395653193,4.387088600722583,115.54863399942406,15.55126953125,,205292928,true,dcb2c10e4ac97b1d1289825869826fdec84593f7,ef768c17c85b2a8c,true,2026-09-20T15:03:15+00:00
20260920T145420Z-gpu_h192,electricity_hourly,T148,chronos_bolt,tsfm,168,192,110015,10.786298036575317,13.017343309445616,1.1865751850778041,6.639621704823679,121.87448700024106,15.55126953125,,205292928,true,dcb2c10e4ac97b1d1289825869826fdec84593f7,ef768c17c85b2a8c,true,2026-09-20T15:03:15+00:00
20260920T145420Z-gpu_h192,electricity_hourly,T148,chronos_bolt,tsfm,168,192,110016,6.2446582317352295,8.215295640951101,0.8310820567189214,3.8696307553642972,119.45836399991094,15.55126953125,,205292928,true,dcb2c10e4ac97b1d1289825869826fdec84593f7,ef768c17c85b2a8c,true,2026-09-20T15:03:15+00:00
20260920T145420Z-gpu_h192,electricity_hourly,T148,chronos_bolt,tsfm,168,192,110017,5.875969250996907,8.247432656848309,0.7021905163017051,3.580074499472843,116.57426999954623,15.55126953125,,205292928,true,dcb2c10e4ac97b1d1289825869826fdec84593f7,ef768c17c85b2a8c,true,2026-09-20T15:03:15+00:00
20260920T145420Z-gpu_h192,electricity_hourly,T148,chronos_bolt,tsfm,168,192,110018,24.75921364625295,56.16643179687193,3.4249056340638084,28.587887964326725,114.6054720002212,15.55126953125,,205292928,true,dcb2c10e4ac97b1d1289825869826fdec84593f7,ef768c17c85b2a8c,true,2026-09-20T15:03:15+00:00
20260920T145420Z-gpu_h192,electricity_hourly,T148,chronos_bolt,tsfm,168,192,110019,7.409715215365092,9.634644622597465,0.6423834985024524,5.14919786113984,111.4175789998626,15.55126953125,,205292928,true,dcb2c10e4ac97b1d1289825869826fdec84593f7,ef768c17c85b2a8c,true,2026-09-20T15:03:15+00:00
20260920T145420Z-gpu_h192,electricity_hourly,T148,chronos_bolt,tsfm,168,192,110020,11.650312145551046,24.022370635466856,1.5168580008674057,8.396673627150108,116.4613199998712,15.55126953125,,205292928,true,dcb2c10e4ac97b1d1289825869826fdec84593f7,ef768c17c85b2a8c,true,2026-09-20T15:03:15+00:00
20260920T145420Z-gpu_h192,electricity_hourly,T161,lstm,deep,168,192,120000,136.6496924967058,174.72362874764949,2.269876077924286,13.132738563935748,398.8805010003489,16.14599609375,0.329309190999993,4513,false,dcb2c10e4ac97b1d1289825869826fdec84593f7,ef768c17c85b2a8c,true,2026-09-20T15:03:27+00:00
20260920T145420Z-gpu_h192,electricity_hourly,T161,lstm,deep,168,192,120001,466.8298722481907,566.1373870963307,7.760736735596798,37.403788026092855,397.5530970001273,16.10986328125,0.3275511279998682,4513,false,dcb2c10e4ac97b1d1289825869826fdec84593f7,ef768c17c85b2a8c,true,2026-09-20T15:03:27+00:00
20260920T145420Z-gpu_h192,electricity_hourly,T161,lstm,deep,168,192,120002,349.27546870870793,411.4774183194151,3.68628463017106,29.11997346233831,392.0416219998515,16.10986328125,0.3221108280004046,4513,false,dcb2c10e4ac97b1d1289825869826fdec84593f7,ef768c17c85b2a8c,true,2026-09-20T15:03:27+00:00
20260920T145420Z-gpu_h192,electricity_hourly,T161,lstm,deep,168,192,120003,298.3201516169839,374.54053237955037,4.330890395488021,25.320204469975664,380.8651179997469,16.10986328125,0.31198489100006555,4513,false,dcb2c10e4ac97b1d1289825869826fdec84593f7,ef768c17c85b2a8c,true,2026-09-20T15:03:27+00:00
20260920T145420Z-gpu_h192,electricity_hourly,T161,lstm,deep,168,192,120004,307.9816983828316,389.3066257747796,3.8591511109578622,25.175494845687258,395.5973339998309,16.10986328125,0.32474842200008425,4513,false,dcb2c10e4ac97b1d1289825869826fdec84593f7,ef768c17c85b2a8c,true,2026-09-20T15:03:27+00:00
20260920T145420Z-gpu_h192,electricity_hourly,T161,lstm,deep,168,192,120005,427.34426301160806,535.7772627031507,5.8136583725717115,33.6038890603464,389.2461040004491,16.10986328125,0.32148157299980085,4513,false,dcb2c10e4ac97b1d1289825869826fdec84593f7,ef768c17c85b2a8c,true,2026-09-20T15:03:27+00:00
20260920T145420Z-gpu_h192,electricity_hourly,T161,lstm,deep,168,192,120006,434.5284708755059,534.4132818611864,4.118211123211323,32.55030342397702,400.7112160006727,16.10986328125,0.32821037899975636,4513,false,dcb2c10e4ac97b1d1289825869826fdec84593f7,ef768c17c85b2a8c,true,2026-09-20T15:03:27+00:00
20260920T145420Z-gpu_h192,electricity_hourly,T161,lstm,deep,168,192,120007,420.19869619893035,519.2556549472874,5.234761852465263,32.348569969069025,406.2089460003335,16.10986328125,0.3358648980001817,4513,false,dcb2c10e4ac97b1d1289825869826fdec84593f7,ef768c17c85b2a8c,true,2026-09-20T15:03:27+00:00
20260920T145420Z-gpu_h192,electricity_hourly,T161,lstm,deep,168,192,120008,336.0938237071694,407.3546177131198,4.207381606001252,27.64691809530349,407.7730529998007,16.10986328125,0.34061682999981713,4513,false,dcb2c10e4ac97b1d1289825869826fdec84593f7,ef768c17c85b2a8c,true,2026-09-20T15:03:27+00:00
20260920T145420Z-gpu_h192,electricity_hourly,T161,lstm,deep,168,192,120009,510.2880266823488,582.5003941279597,5.834641562828191,39.0181794945535,398.93484200001694,16.10986328125,0.33016282400058117,4513,false,dcb2c10e4ac97b1d1289825869826fdec84593f7,ef768c17c85b2a8c,true,2026-09-20T15:03:27+00:00
20260920T145420Z-gpu_h192,electricity_hourly,T161,lstm,deep,168,192,120010,508.35349993315964,580.8269252661155,3.9122924477780443,39.20002727980137,390.596946000187,16.10986328125,0.3208835890000046,4513,false,dcb2c10e4ac97b1d1289825869826fdec84593f7,ef768c17c85b2a8c,true,2026-09-20T15:03:27+00:00
20260920T145420Z-gpu_h192,electricity_hourly,T161,lstm,deep,168,192,120011,304.5472395933638,370.41944875607953,2.581364559505821,25.88589951406598,418.97981300007814,16.10986328125,0.3257919449997644,4513,false,dcb2c10e4ac97b1d1289825869826fdec84593f7,ef768c17c85b2a8c,true,2026-09-20T15:03:27+00:00
20260920T145420Z-gpu_h192,electricity_hourly,T161,lstm,deep,168,192,120012,224.62300108586234,292.8232443957999,4.277967485301438,20.87369140439223,376.61848700008704,16.10986328125,0.3093350380004267,4513,false,dcb2c10e4ac97b1d1289825869826fdec84593f7,ef768c17c85b2a8c,true,2026-09-20T15:03:27+00:00
20260920T145420Z-gpu_h192,electricity_hourly,T161,lstm,deep,168,192,120013,304.69610991451526,372.0004372152412,3.621944842966006,26.788864601875378,381.67945700024575,16.10986328125,0.31298209099986707,4513,false,dcb2c10e4ac97b1d1289825869826fdec84593f7,ef768c17c85b2a8c,true,2026-09-20T15:03:27+00:00
20260920T145420Z-gpu_h192,electricity_hourly,T161,lstm,deep,168,192,120014,111.14231777629512,141.3597632503873,1.554287050576527,9.143763391320048,379.4580700005099,16.10986328125,0.31332124500022474,4513,false,dcb2c10e4ac97b1d1289825869826fdec84593f7,ef768c17c85b2a8c,true,2026-09-20T15:03:27+00:00
20260920T145420Z-gpu_h192,electricity_hourly,T161,lstm,deep,168,192,120015,121.4394679149021,156.73340666828688,1.639074269354757,10.588417934078864,383.48294400020677,16.10986328125,0.3177961419996791,4513,false,dcb2c10e4ac97b1d1289825869826fdec84593f7,ef768c17c85b2a8c,true,2026-09-20T15:03:27+00:00
20260920T145420Z-gpu_h192,electricity_hourly,T161,lstm,deep,168,192,120016,205.17902245854984,258.0698326546201,2.9989625694306916,20.08847076062773,384.4809800002622,16.10986328125,0.31822218600063934,4513,false,dcb2c10e4ac97b1d1289825869826fdec84593f7,ef768c17c85b2a8c,true,2026-09-20T15:03:27+00:00
20260920T145420Z-gpu_h192,electricity_hourly,T161,lstm,deep,168,192,120017,157.08167056287368,212.29547695322105,2.790840291308305,14.883892592940562,381.53359799980535,16.10986328125,0.31317654700069397,4513,false,dcb2c10e4ac97b1d1289825869826fdec84593f7,ef768c17c85b2a8c,true,2026-09-20T15:03:27+00:00
20260920T145420Z-gpu_h192,electricity_hourly,T161,lstm,deep,168,192,120018,101.55320207221807,132.71171749955755,2.2143641881283163,10.123945529884796,415.40859899942006,16.10986328125,0.34107711799970275,4513,false,dcb2c10e4ac97b1d1289825869826fdec84593f7,ef768c17c85b2a8c,true,2026-09-20T15:03:27+00:00
20260920T145420Z-gpu_h192,electricity_hourly,T161,lstm,deep,168,192,120019,251.90228483735532,312.42959428101585,4.694438852928584,25.783631763468456,406.15268100009416,16.10986328125,0.33247750800001086,4513,false,dcb2c10e4ac97b1d1289825869826fdec84593f7,ef768c17c85b2a8c,true,2026-09-20T15:03:27+00:00
20260920T145420Z-gpu_h192,electricity_hourly,T161,lstm,deep,168,192,120020,224.5609757125711,290.9670226580974,3.221436591214409,24.21454267296981,407.97850800026936,16.10986328125,0.3318235180004194,4513,false,dcb2c10e4ac97b1d1289825869826fdec84593f7,ef768c17c85b2a8c,true,2026-09-20T15:03:27+00:00
20260920T145420Z-gpu_h192,electricity_hourly,T161,transformer,deep,168,192,120000,79.2288302800353,108.59652100337067,1.3160631630320778,8.188527478548684,589.5597099997758,10.6845703125,0.584063065999544,19232,false,dcb2c10e4ac97b1d1289825869826fdec84593f7,ef768c17c85b2a8c,true,2026-09-20T15:03:44+00:00
20260920T145420Z-gpu_h192,electricity_hourly,T161,transformer,deep,168,192,120001,260.0678565698989,345.6763230340679,4.323455477495433,18.851369912916493,581.1525409999376,10.525390625,0.5755782490005004,19232,false,dcb2c10e4ac97b1d1289825869826fdec84593f7,ef768c17c85b2a8c,true,2026-09-20T15:03:44+00:00
20260920T145420Z-gpu_h192,electricity_hourly,T161,transformer,deep,168,192,120002,129.012030951912,159.09876386143438,1.36160454830514,10.414738183420562,595.1719209997464,10.525390625,0.5896072920004372,19232,false,dcb2c10e4ac97b1d1289825869826fdec84593f7,ef768c17c85b2a8c,true,2026-09-20T15:03:44+00:00
20260920T145420Z-gpu_h192,electricity_hourly,T161,transformer,deep,168,192,120003,268.60948432198325,326.7651217249638,3.8995630348185895,23.14945292728504,591.9329620001008,10.525390625,0.5859666789992843,19232,false,dcb2c10e4ac97b1d1289825869826fdec84593f7,ef768c17c85b2a8c,true,2026-09-20T15:03:44+00:00
20260920T145420Z-gpu_h192,electricity_hourly,T161,transformer,deep,168,192,120004,120.16796255747592,150.71117046031807,1.5057593637553544,10.230749356583575,575.9353690000353,10.525390625,0.5705827720003072,19232,false,dcb2c10e4ac97b1d1289825869826fdec84593f7,ef768c17c85b2a8c,true,2026-09-20T15:03:44+00:00
20260920T145420Z-gpu_h192,electricity_hourly,T161,transformer,deep,168,192,120005,106.59020957944959,144.62053626986918,1.4500699272027153,8.27255587016718,612.0838880005977,10.525390625,0.6063482950003163,19232,false,dcb2c10e4ac97b1d1289825869826fdec84593f7,ef768c17c85b2a8c,true,2026-09-20T15:03:44+00:00
20260920T145420Z-gpu_h192,electricity_hourly,T161,transformer,deep,168,192,120006,103.06915758416757,130.63648151718277,0.9768302416822516,7.547989561909422,594.9823769997238,10.525390625,0.5897046630007026,19232,false,dcb2c10e4ac97b1d1289825869826fdec84593f7,ef768c17c85b2a8c,true,2026-09-20T15:03:44+00:00
20260920T145420Z-gpu_h192,electricity_hourly,T161,transformer,deep,168,192,120007,141.87286168781975,164.05533930610054,1.7674272932819488,11.385108090500239,585.320870999567,10.525390625,0.5799137929998324,19232,false,dcb2c10e4ac97b1d1289825869826fdec84593f7,ef768c17c85b2a8c,true,2026-09-20T15:03:44+00:00
20260920T145420Z-gpu_h192,electricity_hourly,T161,transformer,deep,168,192,120008,118.06725846085219,147.27412408994522,1.4780218393777897,10.498925787588446,582.374897999216,10.525390625,0.5765298229998734,19232,false,dcb2c10e4ac97b1d1289825869826fdec84593f7,ef768c17c85b2a8c,true,2026-09-20T15:03:44+00:00
20260920T145420Z-gpu_h192,electricity_hourly,T161,transformer,deep,168,192,120009,230.35713658054178,289.8964364521897,2.6339072310304923,16.574408579864926,577.994354999646,10.525390625,0.5723537719995875,19232,false,dcb2c10e4ac97b1d1289825869826fdec84593f7,ef768c17c85b2a8c,true,2026-09-20T15:03:44+00:00
20260920T145420Z-gpu_h192,electricity_hourly,T161,transformer,deep,168,192,120010,121.10445493593845,160.52856881186963,0.9320208172077995,9.524519948510072,573.2731859998239,10.525390625,0.5679229970000961,19232,false,dcb2c10e4ac97b1d1289825869826fdec84593f7,ef768c17c85b2a8c,true,2026-09-20T15:03:44+00:00
20260920T145420Z-gpu_h192,electricity_hourly,T161,transformer,deep,168,192,120011,152.93505555588493,181.88739930619892,1.296288657369323,12.229378087687158,574.3746970001666,10.525390625,0.5682100429994534,19232,false,dcb2c10e4ac97b1d1289825869826fdec84593f7,ef768c17c85b2a8c,true,2026-09-20T15:03:44+00:00
20260920T145420Z-gpu_h192,electricity_hourly,T161,transformer,deep,168,192,120012,213.8940208165112,283.80430013857256,4.073632984734507,19.990832490689684,563.436419000027,10.525390625,0.5581099030005134,19232,false,dcb2c10e4ac97b1d1289825869826fdec84593f7,ef768c17c85b2a8c,true,2026-09-20T15:03:44+00:00
20260920T145420Z-gpu_h192,electricity_hourly,T161,transformer,deep,168,192,120013,132.0176394642302,175.1559447141825,1.5693032922939696,12.384277604632969,571.4480149999872,10.525390625,0.5660302619999129,19232,false,dcb2c10e4ac97b1d1289825869826fdec84593f7,ef768c17c85b2a8c,true,2026-09-20T15:03:44+00:00
20260920T145420Z-gpu_h192,electricity_hourly,T161,transformer,deep,168,192,120014,145.3841223676428,179.94034695399057,2.033146899188168,13.014191549496093,580.8873440000752,10.525390625,0.5754925160008497,19232,false,dcb2c10e4ac97b1d1289825869826fdec84593f7,ef768c17c85b2a8c,true,2026-09-20T15:03:44+00:00
20260920T145420Z-gpu_h192,electricity_hourly,T161,transformer,deep,168,192,120015,130.37878431438506,165.4640828491896,1.7597286476025353,11.447534342939266,587.3605260003387,10.525390625,0.5817857949996323,19232,false,dcb2c10e4ac97b1d1289825869826fdec84593f7,ef768c17c85b2a8c,true,2026-09-20T15:03:44+00:00
20260920T145420Z-gpu_h192,electricity_hourly,T161,transformer,deep,168,192,120016,72.63430291377234,97.62264457314944,1.061646327606904,7.5621864553201394,578.4447269998054,10.525390625,0.572997616000066,19232,false,dcb2c10e4ac97b1d1289825869826fdec84593f7,ef768c17c85b2a8c,true,2026-09-20T15:03:44+00:00
20260920T145420Z-gpu_h192,electricity_hourly,T161,transformer,deep,168,192,120017,54.448306064696006,66.98043315016812,0.9673727419267396,4.943142774695794,573.2259659998817,10.525390625,0.5674950120001085,19232,false,dcb2c10e4ac97b1d1289825869826fdec84593f7,ef768c17c85b2a8c,true,2026-09-20T15:03:44+00:00
20260920T145420Z-gpu_h192,electricity_hourly,T161,transformer,deep,168,192,120018,69.53254144250094,95.39504765533064,1.5161547498061985,6.936067663507445,624.4679110004654,10.525390625,0.6184970620006425,19232,false,dcb2c10e4ac97b1d1289825869826fdec84593f7,ef768c17c85b2a8c,true,2026-09-20T15:03:44+00:00
20260920T145420Z-gpu_h192,electricity_hourly,T161,transformer,deep,168,192,120019,258.8701614964861,322.48103984175293,4.824291866894526,26.400336163299997,601.7588109998542,10.525390625,0.5961417589996927,19232,false,dcb2c10e4ac97b1d1289825869826fdec84593f7,ef768c17c85b2a8c,true,2026-09-20T15:03:44+00:00
20260920T145420Z-gpu_h192,electricity_hourly,T161,transformer,deep,168,192,120020,158.5194437769755,244.8158976561514,2.274038643542984,17.221344110629573,570.9226990002207,10.525390625,0.5653320409992375,19232,false,dcb2c10e4ac97b1d1289825869826fdec84593f7,ef768c17c85b2a8c,true,2026-09-20T15:03:44+00:00
20260920T145420Z-gpu_h192,electricity_hourly,T161,timesfm25,tsfm,168,192,120000,42.235434214274086,57.7137479890006,0.7015690998795096,4.149307617640695,214.53952100000606,13.52490234375,,231289280,true,dcb2c10e4ac97b1d1289825869826fdec84593f7,ef768c17c85b2a8c,true,2026-09-20T15:03:53+00:00
20260920T145420Z-gpu_h192,electricity_hourly,T161,timesfm25,tsfm,168,192,120001,239.62821006774902,328.267241756897,3.983659922622473,17.072161305805874,211.9996949995766,13.52490234375,,231289280,true,dcb2c10e4ac97b1d1289825869826fdec84593f7,ef768c17c85b2a8c,true,2026-09-20T15:03:53+00:00
20260920T145420Z-gpu_h192,electricity_hourly,T161,timesfm25,tsfm,168,192,120002,118.84119351704915,160.570397072289,1.2542606175941862,9.288972562402494,216.38896300009947,13.52490234375,,231289280,true,dcb2c10e4ac97b1d1289825869826fdec84593f7,ef768c17c85b2a8c,true,2026-09-20T15:03:53+00:00
20260920T145420Z-gpu_h192,electricity_hourly,T161,timesfm25,tsfm,168,192,120003,97.9029769897461,144.70571004249206,1.4213155243999835,7.492919925113674,207.85991000047943,13.52490234375,,231289280,true,dcb2c10e4ac97b1d1289825869826fdec84593f7,ef768c17c85b2a8c,true,2026-09-20T15:03:53+00:00
20260920T145420Z-gpu_h192,electricity_hourly,T161,timesfm25,tsfm,168,192,120004,83.35900402069092,112.7290140640547,1.0445263295318041,6.400940643542046,214.9455199996737,13.52490234375,,231289280,true,dcb2c10e4ac97b1d1289825869826fdec84593f7,ef768c17c85b2a8c,true,2026-09-20T15:03:53+00:00
20260920T145420Z-gpu_h192,electricity_hourly,T161,timesfm25,tsfm,168,192,120005,84.34413305918376,121.19029501315053,1.147430813464569,6.41031151168121,216.62931199989544,13.52490234375,,231289280,true,dcb2c10e4ac97b1d1289825869826fdec84593f7,ef768c17c85b2a8c,true,2026-09-20T15:03:53+00:00
20260920T145420Z-gpu_h192,electricity_hourly,T161,timesfm25,tsfm,168,192,120006,83.06873353322347,108.46176385468773,0.7872777167818994,6.048785383204586,219.3019739997908,13.52490234375,,231289280,true,dcb2c10e4ac97b1d1289825869826fdec84593f7,ef768c17c85b2a8c,true,2026-09-20T15:03:53+00:00
20260920T145420Z-gpu_h192,electricity_hourly,T161,timesfm25,tsfm,168,192,120007,124.79623222351074,145.84319195436424,1.5546896306069338,9.630754453658053,216.1595989991838,13.52490234375,,231289280,true,dcb2c10e4ac97b1d1289825869826fdec84593f7,ef768c17c85b2a8c,true,2026-09-20T15:03:53+00:00
20260920T145420Z-gpu_h192,electricity_hourly,T161,timesfm25,tsfm,168,192,120008,58.09974924723307,75.50457738681283,0.7273201679215476,4.863079844361631,203.1331339994722,13.52490234375,,231289280,true,dcb2c10e4ac97b1d1289825869826fdec84593f7,ef768c17c85b2a8c,true,2026-09-20T15:03:53+00:00
20260920T145420Z-gpu_h192,electricity_hourly,T161,timesfm25,tsfm,168,192,120009,178.1687692006429,249.22534184803104,2.037184593051658,11.80265600673779,219.47871400061558,13.52490234375,,231289280,true,dcb2c10e4ac97b1d1289825869826fdec84593f7,ef768c17c85b2a8c,true,2026-09-20T15:03:53+00:00
20260920T145420Z-gpu_h192,electricity_hourly,T161,timesfm25,tsfm,168,192,120010,114.27922852834065,167.08790184229366,0.8794938222479319,8.121765716816467,217.5311529999817,13.52490234375,,231289280,true,dcb2c10e4ac97b1d1289825869826fdec84593f7,ef768c17c85b2a8c,true,2026-09-20T15:03:53+00:00
20260920T145420Z-gpu_h192,electricity_hourly,T161,timesfm25,tsfm,168,192,120011,116.92310206095378,145.4637062394922,0.9910487195701538,9.182170145417649,224.83322199968825,13.52490234375,,231289280,true,dcb2c10e4ac97b1d1289825869826fdec84593f7,ef768c17c85b2a8c,true,2026-09-20T15:03:53+00:00
20260920T145420Z-gpu_h192,electricity_hourly,T161,timesfm25,tsfm,168,192,120012,54.65386517842611,73.23051955965028,1.040888319758413,4.973476599499458,215.2185830000235,13.52490234375,,231289280,true,dcb2c10e4ac97b1d1289825869826fdec84593f7,ef768c17c85b2a8c,true,2026-09-20T15:03:53+00:00
20260920T145420Z-gpu_h192,electricity_hourly,T161,timesfm25,tsfm,168,192,120013,58.75207392374674,75.57760373791139,0.6983901803714323,5.390553460441061,204.33231700008037,13.52490234375,,231289280,true,dcb2c10e4ac97b1d1289825869826fdec84593f7,ef768c17c85b2a8c,true,2026-09-20T15:03:53+00:00
20260920T145420Z-gpu_h192,electricity_hourly,T161,timesfm25,tsfm,168,192,120014,98.58091322580974,136.75688892132447,1.3786201325159368,7.954304479271045,219.69265100051416,13.52490234375,,231289280,true,dcb2c10e4ac97b1d1289825869826fdec84593f7,ef768c17c85b2a8c,true,2026-09-20T15:03:53+00:00
20260920T145420Z-gpu_h192,electricity_hourly,T161,timesfm25,tsfm,168,192,120015,119.37651983896892,158.8081267740244,1.611230561140831,10.161454442109942,224.30300099949818,13.52490234375,,231289280,true,dcb2c10e4ac97b1d1289825869826fdec84593f7,ef768c17c85b2a8c,true,2026-09-20T15:03:53+00:00
20260920T145420Z-gpu_h192,electricity_hourly,T161,timesfm25,tsfm,168,192,120016,61.42448361714681,80.12033326284586,0.897800004148309,6.469183664104151,225.24918700037233,13.52490234375,,231289280,true,dcb2c10e4ac97b1d1289825869826fdec84593f7,ef768c17c85b2a8c,true,2026-09-20T15:03:53+00:00
20260920T145420Z-gpu_h192,electricity_hourly,T161,timesfm25,tsfm,168,192,120017,42.81418259938558,55.48769414059936,0.7606714736966717,3.8374860371434485,220.56580900061817,13.52490234375,,231289280,true,dcb2c10e4ac97b1d1289825869826fdec84593f7,ef768c17c85b2a8c,true,2026-09-20T15:03:53+00:00
20260920T145420Z-gpu_h192,electricity_hourly,T161,timesfm25,tsfm,168,192,120018,48.92966397603353,62.0567777544675,1.0669096929964912,4.900590463830177,220.856681999976,13.52490234375,,231289280,true,dcb2c10e4ac97b1d1289825869826fdec84593f7,ef768c17c85b2a8c,true,2026-09-20T15:03:53+00:00
20260920T145420Z-gpu_h192,electricity_hourly,T161,timesfm25,tsfm,168,192,120019,64.8954251607259,87.28126982494946,1.2093880190429054,6.8868503729954815,247.60375999994721,13.52490234375,,231289280,true,dcb2c10e4ac97b1d1289825869826fdec84593f7,ef768c17c85b2a8c,true,2026-09-20T15:03:53+00:00
20260920T145420Z-gpu_h192,electricity_hourly,T161,timesfm25,tsfm,168,192,120020,143.96744664510092,241.71802169769992,2.0652831556978017,15.937600713891516,213.07915599936678,13.52490234375,,231289280,true,dcb2c10e4ac97b1d1289825869826fdec84593f7,ef768c17c85b2a8c,true,2026-09-20T15:03:53+00:00
20260920T145420Z-gpu_h192,electricity_hourly,T161,chronos_bolt,tsfm,168,192,120000,45.63475386301676,58.42088669046,0.7580349009429478,4.429480786536869,106.64636599994992,15.55126953125,,205292928,true,dcb2c10e4ac97b1d1289825869826fdec84593f7,ef768c17c85b2a8c,true,2026-09-20T15:03:59+00:00
20260920T145420Z-gpu_h192,electricity_hourly,T161,chronos_bolt,tsfm,168,192,120001,228.05674521128336,316.00302709102414,3.791292000741723,16.048520164383483,103.69052399983048,15.55126953125,,205292928,true,dcb2c10e4ac97b1d1289825869826fdec84593f7,ef768c17c85b2a8c,true,2026-09-20T15:03:59+00:00
20260920T145420Z-gpu_h192,electricity_hourly,T161,chronos_bolt,tsfm,168,192,120002,114.61980628967285,150.33501511253556,1.209707718096811,9.097684106311892,104.98629799985792,15.55126953125,,205292928,true,dcb2c10e4ac97b1d1289825869826fdec84593f7,ef768c17c85b2a8c,true,2026-09-20T15:03:59+00:00
20260920T145420Z-gpu_h192,electricity_hourly,T161,chronos_bolt,tsfm,168,192,120003,102.83545780181885,158.0739707275535,1.4929232708399953,7.848922861706015,98.7996120002208,15.55126953125,,205292928,true,dcb2c10e4ac97b1d1289825869826fdec84593f7,ef768c17c85b2a8c,true,2026-09-20T15:03:59+00:00
20260920T145420Z-gpu_h192,electricity_hourly,T161,chronos_bolt,tsfm,168,192,120004,67.85936101277669,94.61679685670953,0.8503087352801812,5.169994063614001,105.36114800015639,15.55126953125,,205292928,true,dcb2c10e4ac97b1d1289825869826fdec84593f7,ef768c17c85b2a8c,true,2026-09-20T15:03:59+00:00
20260920T145420Z-gpu_h192,electricity_hourly,T161,chronos_bolt,tsfm,168,192,120005,77.58636665344238,112.50765495679921,1.0554970994894382,5.840471416966278,107.55320899988874,15.55126953125,,205292928,true,dcb2c10e4ac97b1d1289825869826fdec84593f7,ef768c17c85b2a8c,true,2026-09-20T15:03:59+00:00
20260920T145420Z-gpu_h192,electricity_hourly,T161,chronos_bolt,tsfm,168,192,120006,74.06011454264323,101.51700597853515,0.7018992032473756,5.189585828004828,106.78187899975455,15.55126953125,,205292928,true,dcb2c10e4ac97b1d1289825869826fdec84593f7,ef768c17c85b2a8c,true,2026-09-20T15:03:59+00:00
20260920T145420Z-gpu_h192,electricity_hourly,T161,chronos_bolt,tsfm,168,192,120007,128.45575873057047,150.35344258201107,1.6002793716759363,9.976309698442037,113.96881899963773,15.55126953125,,205292928,true,dcb2c10e4ac97b1d1289825869826fdec84593f7,ef768c17c85b2a8c,true,2026-09-20T15:03:59+00:00
20260920T145420Z-gpu_h192,electricity_hourly,T161,chronos_bolt,tsfm,168,192,120008,68.13417625427246,88.77000563674169,0.8529358759119564,5.6921887010701315,119.23268000009557,15.55126953125,,205292928,true,dcb2c10e4ac97b1d1289825869826fdec84593f7,ef768c17c85b2a8c,true,2026-09-20T15:03:59+00:00
20260920T145420Z-gpu_h192,electricity_hourly,T161,chronos_bolt,tsfm,168,192,120009,178.57626597086588,259.2731419932452,2.041843917723097,11.463251884922691,113.63430300025357,15.55126953125,,205292928,true,dcb2c10e4ac97b1d1289825869826fdec84593f7,ef768c17c85b2a8c,true,2026-09-20T15:03:59+00:00
20260920T145420Z-gpu_h192,electricity_hourly,T161,chronos_bolt,tsfm,168,192,120010,105.06574789683025,147.14431806146203,0.80858680440081,7.648544145745414,120.84475499977998,15.55126953125,,205292928,true,dcb2c10e4ac97b1d1289825869826fdec84593f7,ef768c17c85b2a8c,true,2026-09-20T15:03:59+00:00
20260920T145420Z-gpu_h192,electricity_hourly,T161,chronos_bolt,tsfm,168,192,120011,101.8660208384196,123.85494832735786,0.8634238036807594,8.266351483057626,118.65073400076653,15.55126953125,,205292928,true,dcb2c10e4ac97b1d1289825869826fdec84593f7,ef768c17c85b2a8c,true,2026-09-20T15:03:59+00:00
20260920T145420Z-gpu_h192,electricity_hourly,T161,chronos_bolt,tsfm,168,192,120012,49.0160608291626,68.23047773013951,0.9335157729664614,4.384872975186536,112.57253799976752,15.55126953125,,205292928,true,dcb2c10e4ac97b1d1289825869826fdec84593f7,ef768c17c85b2a8c,true,2026-09-20T15:03:59+00:00
20260920T145420Z-gpu_h192,electricity_hourly,T161,chronos_bolt,tsfm,168,192,120013,59.13975683848063,74.26983631771594,0.7029985954054161,5.416270310032088,124.71643899971241,15.55126953125,,205292928,true,dcb2c10e4ac97b1d1289825869826fdec84593f7,ef768c17c85b2a8c,true,2026-09-20T15:03:59+00:00
20260920T145420Z-gpu_h192,electricity_hourly,T161,chronos_bolt,tsfm,168,192,120014,88.89512475331624,122.57327811556262,1.2431677153032474,7.22642776406749,119.95281599956797,15.55126953125,,205292928,true,dcb2c10e4ac97b1d1289825869826fdec84593f7,ef768c17c85b2a8c,true,2026-09-20T15:03:59+00:00
20260920T145420Z-gpu_h192,electricity_hourly,T161,chronos_bolt,tsfm,168,192,120015,120.34914080301921,155.6144426153233,1.6243580725123974,10.383537312568958,122.9867900001409,15.55126953125,,205292928,true,dcb2c10e4ac97b1d1289825869826fdec84593f7,ef768c17c85b2a8c,true,2026-09-20T15:03:59+00:00
20260920T145420Z-gpu_h192,electricity_hourly,T161,chronos_bolt,tsfm,168,192,120016,56.28510252634684,72.09515726788048,0.8226811575105506,5.889531697638795,115.34534899965365,15.55126953125,,205292928,true,dcb2c10e4ac97b1d1289825869826fdec84593f7,ef768c17c85b2a8c,true,2026-09-20T15:03:59+00:00
20260920T145420Z-gpu_h192,electricity_hourly,T161,chronos_bolt,tsfm,168,192,120017,36.08174991607666,48.610659694545575,0.6410576172628055,3.258312040640626,121.04745100077707,15.55126953125,,205292928,true,dcb2c10e4ac97b1d1289825869826fdec84593f7,ef768c17c85b2a8c,true,2026-09-20T15:03:59+00:00
20260920T145420Z-gpu_h192,electricity_hourly,T161,chronos_bolt,tsfm,168,192,120018,47.25583108266195,60.350495231088594,1.0304118225171592,4.75771675798403,120.35662099970068,15.55126953125,,205292928,true,dcb2c10e4ac97b1d1289825869826fdec84593f7,ef768c17c85b2a8c,true,2026-09-20T15:03:59+00:00
20260920T145420Z-gpu_h192,electricity_hourly,T161,chronos_bolt,tsfm,168,192,120019,62.80684280395508,85.85037966136659,1.170465298792485,6.573812041134228,113.25957699955325,15.55126953125,,205292928,true,dcb2c10e4ac97b1d1289825869826fdec84593f7,ef768c17c85b2a8c,true,2026-09-20T15:03:59+00:00
20260920T145420Z-gpu_h192,electricity_hourly,T161,chronos_bolt,tsfm,168,192,120020,153.80278714497885,249.15639450828286,2.2063759064432116,16.737149368052044,119.51659900023515,15.55126953125,,205292928,true,dcb2c10e4ac97b1d1289825869826fdec84593f7,ef768c17c85b2a8c,true,2026-09-20T15:03:59+00:00
20260920T145420Z-gpu_h192,electricity_hourly,T174,lstm,deep,168,192,130000,461.6047122695349,589.3102114844353,8.673157433039279,35.025351996271354,389.2676279992884,16.14599609375,0.31782644699978846,4513,false,dcb2c10e4ac97b1d1289825869826fdec84593f7,ef768c17c85b2a8c,true,2026-09-20T15:04:12+00:00
20260920T145420Z-gpu_h192,electricity_hourly,T174,lstm,deep,168,192,130001,786.3869720512549,962.3503475438947,8.046022735212498,43.621829410927745,388.9545129995895,16.10986328125,0.3201345669995135,4513,false,dcb2c10e4ac97b1d1289825869826fdec84593f7,ef768c17c85b2a8c,true,2026-09-20T15:04:12+00:00
20260920T145420Z-gpu_h192,electricity_hourly,T174,lstm,deep,168,192,130002,659.0102775935405,829.7012201478724,4.638648937993442,39.6242036160883,398.7770570001885,16.10986328125,0.3318965650005339,4513,false,dcb2c10e4ac97b1d1289825869826fdec84593f7,ef768c17c85b2a8c,true,2026-09-20T15:04:12+00:00
20260920T145420Z-gpu_h192,electricity_hourly,T174,lstm,deep,168,192,130003,496.622552498829,613.2853187337455,3.8025015983320776,30.918382760085468,389.83335699958843,16.10986328125,0.3235795809996489,4513,false,dcb2c10e4ac97b1d1289825869826fdec84593f7,ef768c17c85b2a8c,true,2026-09-20T15:04:12+00:00
20260920T145420Z-gpu_h192,electricity_hourly,T174,lstm,deep,168,192,130004,758.0599593638353,921.450381826094,6.887106255419072,43.431112362695075,430.61423300059687,16.10986328125,0.3623842059996605,4513,false,dcb2c10e4ac97b1d1289825869826fdec84593f7,ef768c17c85b2a8c,true,2026-09-20T15:04:12+00:00
20260920T145420Z-gpu_h192,electricity_hourly,T174,lstm,deep,168,192,130005,614.2009399506816,855.6147910557431,3.8693208221584627,35.5801999152311,400.68462700037344,16.10986328125,0.33237659499991423,4513,false,dcb2c10e4ac97b1d1289825869826fdec84593f7,ef768c17c85b2a8c,true,2026-09-20T15:04:12+00:00
20260920T145420Z-gpu_h192,electricity_hourly,T174,lstm,deep,168,192,130006,364.5070511411305,469.8124083575382,1.96529187375778,19.593282907263955,418.10310300024867,16.10986328125,0.3495570469995073,4513,false,dcb2c10e4ac97b1d1289825869826fdec84593f7,ef768c17c85b2a8c,true,2026-09-20T15:04:12+00:00
20260920T145420Z-gpu_h192,electricity_hourly,T174,lstm,deep,168,192,130007,649.1655421419993,833.3209371368492,6.731463820007769,37.87167713125284,407.1258840003793,16.10986328125,0.33766679400014254,4513,false,dcb2c10e4ac97b1d1289825869826fdec84593f7,ef768c17c85b2a8c,true,2026-09-20T15:04:12+00:00
20260920T145420Z-gpu_h192,electricity_hourly,T174,lstm,deep,168,192,130008,107.68211092819492,143.02443549768475,1.014606031123475,6.188816327531357,435.95927500064136,16.10986328125,0.3644758730006288,4513,false,dcb2c10e4ac97b1d1289825869826fdec84593f7,ef768c17c85b2a8c,true,2026-09-20T15:04:12+00:00
20260920T145420Z-gpu_h192,electricity_hourly,T174,lstm,deep,168,192,130009,137.99295031497542,180.4201138826496,1.190806307026815,7.46330375448708,387.7121519999491,16.10986328125,0.3215604950000852,4513,false,dcb2c10e4ac97b1d1289825869826fdec84593f7,ef768c17c85b2a8c,true,2026-09-20T15:04:12+00:00
20260920T145420Z-gpu_h192,electricity_hourly,T174,lstm,deep,168,192,130010,664.2650014363314,797.6155676212992,6.685362049680719,41.546200574797744,387.3615989996324,16.10986328125,0.3139615629997934,4513,false,dcb2c10e4ac97b1d1289825869826fdec84593f7,ef768c17c85b2a8c,true,2026-09-20T15:04:12+00:00
20260920T145420Z-gpu_h192,electricity_hourly,T174,lstm,deep,168,192,130011,483.5072440454863,618.4776315689048,4.52845809057236,35.16560359870367,399.41079700020055,16.10986328125,0.3296823399996356,4513,false,dcb2c10e4ac97b1d1289825869826fdec84593f7,ef768c17c85b2a8c,true,2026-09-20T15:04:12+00:00
20260920T145420Z-gpu_h192,electricity_hourly,T174,lstm,deep,168,192,130012,488.2223391404055,596.375385924448,7.713848676346104,35.24991437380465,407.9091920002611,16.10986328125,0.33096618600029615,4513,false,dcb2c10e4ac97b1d1289825869826fdec84593f7,ef768c17c85b2a8c,true,2026-09-20T15:04:12+00:00
20260920T145420Z-gpu_h192,electricity_hourly,T174,lstm,deep,168,192,130013,296.8074619196837,407.7696229380321,3.287966344829176,22.49927561185435,383.49996699980693,16.10986328125,0.3131404839996321,4513,false,dcb2c10e4ac97b1d1289825869826fdec84593f7,ef768c17c85b2a8c,true,2026-09-20T15:04:12+00:00
20260920T145420Z-gpu_h192,electricity_hourly,T174,lstm,deep,168,192,130014,522.1385219212111,636.8012947346803,7.928708969382516,38.20724699177842,389.16295999933936,16.10986328125,0.32139875600023515,4513,false,dcb2c10e4ac97b1d1289825869826fdec84593f7,ef768c17c85b2a8c,true,2026-09-20T15:04:12+00:00
20260920T145420Z-gpu_h192,electricity_hourly,T174,lstm,deep,168,192,130015,430.60261287220766,527.3684167186925,4.7726890589284094,32.96837859382069,381.2423919998764,16.10986328125,0.31355027300014626,4513,false,dcb2c10e4ac97b1d1289825869826fdec84593f7,ef768c17c85b2a8c,true,2026-09-20T15:04:12+00:00
20260920T145420Z-gpu_h192,electricity_hourly,T174,lstm,deep,168,192,130016,460.69156956290584,561.4645500075336,7.0364431498789175,37.579722416150744,390.93257799959247,16.10986328125,0.31784838499970647,4513,false,dcb2c10e4ac97b1d1289825869826fdec84593f7,ef768c17c85b2a8c,true,2026-09-20T15:04:12+00:00
20260920T145420Z-gpu_h192,electricity_hourly,T174,lstm,deep,168,192,130017,492.62742358696437,605.7390461858737,5.794669906593929,38.903307203390504,386.10836699990614,16.10986328125,0.3165396630001851,4513,false,dcb2c10e4ac97b1d1289825869826fdec84593f7,ef768c17c85b2a8c,true,2026-09-20T15:04:12+00:00
20260920T145420Z-gpu_h192,electricity_hourly,T174,lstm,deep,168,192,130018,405.63808214994725,540.2986139735623,8.306581887029637,33.48514706839061,387.2244120002506,16.10986328125,0.31694356799926027,4513,false,dcb2c10e4ac97b1d1289825869826fdec84593f7,ef768c17c85b2a8c,true,2026-09-20T15:04:12+00:00
20260920T145420Z-gpu_h192,electricity_hourly,T174,lstm,deep,168,192,130019,550.3492932332973,666.9025626532759,11.742524555577836,45.273458756038,391.32575299936434,16.10986328125,0.31962131099953695,4513,false,dcb2c10e4ac97b1d1289825869826fdec84593f7,ef768c17c85b2a8c,true,2026-09-20T15:04:12+00:00
20260920T145420Z-gpu_h192,electricity_hourly,T174,lstm,deep,168,192,130020,517.256257019751,647.9140094034301,9.31760082697575,43.637456828591866,411.2305529997684,16.10986328125,0.3425644659992031,4513,false,dcb2c10e4ac97b1d1289825869826fdec84593f7,ef768c17c85b2a8c,true,2026-09-20T15:04:12+00:00
20260920T145420Z-gpu_h192,electricity_hourly,T174,transformer,deep,168,192,130000,89.24492381692829,113.39842735150185,1.6768357293368572,6.573043537006172,587.275540000519,10.6845703125,0.5817794439999489,19232,false,dcb2c10e4ac97b1d1289825869826fdec84593f7,ef768c17c85b2a8c,true,2026-09-20T15:04:29+00:00
20260920T145420Z-gpu_h192,electricity_hourly,T174,transformer,deep,168,192,130001,636.4932069388555,760.2865119820112,6.512364771862668,37.32307982236192,600.5412100003014,10.525390625,0.5945356769998398,19232,false,dcb2c10e4ac97b1d1289825869826fdec84593f7,ef768c17c85b2a8c,true,2026-09-20T15:04:29+00:00
20260920T145420Z-gpu_h192,electricity_hourly,T174,transformer,deep,168,192,130002,170.62718020736546,209.56043662461352,1.2010125109913297,10.051044228539642,589.7049559998777,10.525390625,0.5840443160004725,19232,false,dcb2c10e4ac97b1d1289825869826fdec84593f7,ef768c17c85b2a8c,true,2026-09-20T15:04:29+00:00
20260920T145420Z-gpu_h192,electricity_hourly,T174,transformer,deep,168,192,130003,151.63998947390473,190.96745908041953,1.1610654801000841,8.610604156165524,597.7563429996735,10.525390625,0.5912369219995526,19232,false,dcb2c10e4ac97b1d1289825869826fdec84593f7,ef768c17c85b2a8c,true,2026-09-20T15:04:29+00:00
20260920T145420Z-gpu_h192,electricity_hourly,T174,transformer,deep,168,192,130004,249.74757065579956,340.7248949629037,2.2690000110053714,12.589931283080844,595.3830819998984,10.525390625,0.5898509099997682,19232,false,dcb2c10e4ac97b1d1289825869826fdec84593f7,ef768c17c85b2a8c,true,2026-09-20T15:04:29+00:00
20260920T145420Z-gpu_h192,electricity_hourly,T174,transformer,deep,168,192,130005,314.84598595480117,377.9821888978107,1.9834553319402994,16.41140359438014,588.1260239993935,10.525390625,0.5823363690005863,19232,false,dcb2c10e4ac97b1d1289825869826fdec84593f7,ef768c17c85b2a8c,true,2026-09-20T15:04:29+00:00
20260920T145420Z-gpu_h192,electricity_hourly,T174,transformer,deep,168,192,130006,466.44418619509435,548.7055343533806,2.514900509663531,26.236331053519073,597.400402999483,10.525390625,0.5913912880005228,19232,false,dcb2c10e4ac97b1d1289825869826fdec84593f7,ef768c17c85b2a8c,true,2026-09-20T15:04:29+00:00
20260920T145420Z-gpu_h192,electricity_hourly,T174,transformer,deep,168,192,130007,204.6436303087468,257.1204424941495,2.1220337556318527,12.558170136825876,610.0063850008155,10.525390625,0.6043126320000738,19232,false,dcb2c10e4ac97b1d1289825869826fdec84593f7,ef768c17c85b2a8c,true,2026-09-20T15:04:29+00:00
20260920T145420Z-gpu_h192,electricity_hourly,T174,transformer,deep,168,192,130008,136.98879296069734,179.05050505776012,1.290740442736401,8.260543223041601,585.529164000036,10.525390625,0.5798596699996779,19232,false,dcb2c10e4ac97b1d1289825869826fdec84593f7,ef768c17c85b2a8c,true,2026-09-20T15:04:29+00:00
20260920T145420Z-gpu_h192,electricity_hourly,T174,transformer,deep,168,192,130009,228.34196723622168,289.5544385576129,1.9704706227611866,13.28588722805764,586.6001909998886,10.525390625,0.5810575249997783,19232,false,dcb2c10e4ac97b1d1289825869826fdec84593f7,ef768c17c85b2a8c,true,2026-09-20T15:04:29+00:00
20260920T145420Z-gpu_h192,electricity_hourly,T174,transformer,deep,168,192,130010,184.4669376956315,259.72814333722835,1.8565305443228217,10.431004392314309,586.3169020003625,10.525390625,0.5803647570000976,19232,false,dcb2c10e4ac97b1d1289825869826fdec84593f7,ef768c17c85b2a8c,true,2026-09-20T15:04:29+00:00
20260920T145420Z-gpu_h192,electricity_hourly,T174,transformer,deep,168,192,130011,115.83200529781932,153.32302410166184,1.0848656105942103,8.355208491622172,601.3435230006507,10.525390625,0.5958219120002468,19232,false,dcb2c10e4ac97b1d1289825869826fdec84593f7,ef768c17c85b2a8c,true,2026-09-20T15:04:29+00:00
20260920T145420Z-gpu_h192,electricity_hourly,T174,transformer,deep,168,192,130012,105.74295827207023,138.0368467320176,1.670724817991893,7.309602709269907,620.6214100002398,10.525390625,0.6150127209994025,19232,false,dcb2c10e4ac97b1d1289825869826fdec84593f7,ef768c17c85b2a8c,true,2026-09-20T15:04:29+00:00
20260920T145420Z-gpu_h192,electricity_hourly,T174,transformer,deep,168,192,130013,115.69407229935132,154.37942071603413,1.2816329264640811,9.181276924965214,583.3585009995659,10.525390625,0.5776546739998594,19232,false,dcb2c10e4ac97b1d1289825869826fdec84593f7,ef768c17c85b2a8c,true,2026-09-20T15:04:29+00:00
20260920T145420Z-gpu_h192,electricity_hourly,T174,transformer,deep,168,192,130014,129.84601512861093,173.77511624858502,1.9717205713930162,9.952793402235272,588.0066930003522,10.525390625,0.582511854000586,19232,false,dcb2c10e4ac97b1d1289825869826fdec84593f7,ef768c17c85b2a8c,true,2026-09-20T15:04:29+00:00
20260920T145420Z-gpu_h192,electricity_hourly,T174,transformer,deep,168,192,130015,130.3695493978801,158.28374162668146,1.444982690370592,9.907995380440717,585.3142699997989,10.525390625,0.5798365620003096,19232,false,dcb2c10e4ac97b1d1289825869826fdec84593f7,ef768c17c85b2a8c,true,2026-09-20T15:04:29+00:00
20260920T145420Z-gpu_h192,electricity_hourly,T174,transformer,deep,168,192,130016,111.0441280181434,138.6251877617944,1.6960494733360891,9.018660523345854,588.5324990003937,10.525390625,0.5831232509999609,19232,false,dcb2c10e4ac97b1d1289825869826fdec84593f7,ef768c17c85b2a8c,true,2026-09-20T15:04:29+00:00
20260920T145420Z-gpu_h192,electricity_hourly,T174,transformer,deep,168,192,130017,118.36316600076475,160.2922669861032,1.3922803385157756,9.287254391892912,580.5491049995908,10.525390625,0.5747381430001042,19232,false,dcb2c10e4ac97b1d1289825869826fdec84593f7,ef768c17c85b2a8c,true,2026-09-20T15:04:29+00:00
20260920T145420Z-gpu_h192,electricity_hourly,T174,transformer,deep,168,192,130018,77.01002583769728,110.28206090567356,1.5769971161303198,7.077889400130223,591.2722630000644,10.525390625,0.5858804419995067,19232,false,dcb2c10e4ac97b1d1289825869826fdec84593f7,ef768c17c85b2a8c,true,2026-09-20T15:04:29+00:00
20260920T145420Z-gpu_h192,electricity_hourly,T174,transformer,deep,168,192,130019,73.03943987257904,100.95398367196297,1.558405592184232,6.119809725930355,586.7811420002909,10.525390625,0.5806259959999807,19232,false,dcb2c10e4ac97b1d1289825869826fdec84593f7,ef768c17c85b2a8c,true,2026-09-20T15:04:29+00:00
20260920T145420Z-gpu_h192,electricity_hourly,T174,transformer,deep,168,192,130020,180.143367395548,349.0075537922696,3.2450143739002897,15.785486695882273,585.1923649997843,10.525390625,0.5797312770000644,19232,false,dcb2c10e4ac97b1d1289825869826fdec84593f7,ef768c17c85b2a8c,true,2026-09-20T15:04:29+00:00
20260920T145420Z-gpu_h192,electricity_hourly,T174,timesfm25,tsfm,168,192,130000,68.49193731943767,89.269218914832,1.2869048765656348,5.0869347309767745,207.1437380000134,13.52490234375,,231289280,true,dcb2c10e4ac97b1d1289825869826fdec84593f7,ef768c17c85b2a8c,true,2026-09-20T15:04:37+00:00
20260920T145420Z-gpu_h192,electricity_hourly,T174,timesfm25,tsfm,168,192,130001,393.52409807840985,496.60684104240534,4.026394068728934,20.67675711772403,219.98116100076004,13.52490234375,,231289280,true,dcb2c10e4ac97b1d1289825869826fdec84593f7,ef768c17c85b2a8c,true,2026-09-20T15:04:37+00:00
20260920T145420Z-gpu_h192,electricity_hourly,T174,timesfm25,tsfm,168,192,130002,142.00152683258057,181.7047146379588,0.9995219407513736,8.344672768896833,215.50475799995183,13.52490234375,,231289280,true,dcb2c10e4ac97b1d1289825869826fdec84593f7,ef768c17c85b2a8c,true,2026-09-20T15:04:37+00:00
20260920T145420Z-gpu_h192,electricity_hourly,T174,timesfm25,tsfm,168,192,130003,107.68313852945964,150.38421244465096,0.8245000238337954,5.807743224218786,216.68548999969062,13.52490234375,,231289280,true,dcb2c10e4ac97b1d1289825869826fdec84593f7,ef768c17c85b2a8c,true,2026-09-20T15:04:37+00:00
20260920T145420Z-gpu_h192,electricity_hourly,T174,timesfm25,tsfm,168,192,130004,227.78754170735678,326.15931925736436,2.069489337909109,10.980724451001437,197.94807200014475,13.52490234375,,231289280,true,dcb2c10e4ac97b1d1289825869826fdec84593f7,ef768c17c85b2a8c,true,2026-09-20T15:04:37+00:00
20260920T145420Z-gpu_h192,electricity_hourly,T174,timesfm25,tsfm,168,192,130005,198.3309590021769,264.4720252868064,1.2494381877816727,10.691435447516291,221.0766309999599,13.52490234375,,231289280,true,dcb2c10e4ac97b1d1289825869826fdec84593f7,ef768c17c85b2a8c,true,2026-09-20T15:04:37+00:00
20260920T145420Z-gpu_h192,electricity_hourly,T174,timesfm25,tsfm,168,192,130006,151.15076637268066,203.13543781004336,0.8149509644176283,7.841648364003519,215.9265049995156,13.52490234375,,231289280,true,dcb2c10e4ac97b1d1289825869826fdec84593f7,ef768c17c85b2a8c,true,2026-09-20T15:04:37+00:00
20260920T145420Z-gpu_h192,electricity_hourly,T174,timesfm25,tsfm,168,192,130007,153.68696657816568,189.91519056641366,1.593643204958296,9.030340591660886,210.86768999975902,13.52490234375,,231289280,true,dcb2c10e4ac97b1d1289825869826fdec84593f7,ef768c17c85b2a8c,true,2026-09-20T15:04:37+00:00
20260920T145420Z-gpu_h192,electricity_hourly,T174,timesfm25,tsfm,168,192,130008,84.24580097198486,112.64496451881217,0.7937836380269463,5.024546394998675,237.67172600037156,13.52490234375,,231289280,true,dcb2c10e4ac97b1d1289825869826fdec84593f7,ef768c17c85b2a8c,true,2026-09-20T15:04:37+00:00
20260920T145420Z-gpu_h192,electricity_hourly,T174,timesfm25,tsfm,168,192,130009,136.95320415496826,173.53237954616773,1.1818338466060665,7.582356766608527,211.3773860000947,13.52490234375,,231289280,true,dcb2c10e4ac97b1d1289825869826fdec84593f7,ef768c17c85b2a8c,true,2026-09-20T15:04:37+00:00
20260920T145420Z-gpu_h192,electricity_hourly,T174,timesfm25,tsfm,168,192,130010,155.58366839090982,239.4577708072659,1.5658406659415023,8.269010137657418,215.0086090005061,13.52490234375,,231289280,true,dcb2c10e4ac97b1d1289825869826fdec84593f7,ef768c17c85b2a8c,true,2026-09-20T15:04:37+00:00
20260920T145420Z-gpu_h192,electricity_hourly,T174,timesfm25,tsfm,168,192,130011,112.42192681630452,138.5307736798508,1.052927314572218,7.131928822411397,202.40922100038006,13.52490234375,,231289280,true,dcb2c10e4ac97b1d1289825869826fdec84593f7,ef768c17c85b2a8c,true,2026-09-20T15:04:37+00:00
20260920T145420Z-gpu_h192,electricity_hourly,T174,timesfm25,tsfm,168,192,130012,85.03354040781657,110.07580262380714,1.3435187424539814,5.933279276137082,204.51547499942535,13.52490234375,,231289280,true,dcb2c10e4ac97b1d1289825869826fdec84593f7,ef768c17c85b2a8c,true,2026-09-20T15:04:37+00:00
20260920T145420Z-gpu_h192,electricity_hourly,T174,timesfm25,tsfm,168,192,130013,68.27468840281169,87.46020831339567,0.7563316508965985,5.378065241837709,214.0793990001839,13.52490234375,,231289280,true,dcb2c10e4ac97b1d1289825869826fdec84593f7,ef768c17c85b2a8c,true,2026-09-20T15:04:37+00:00
20260920T145420Z-gpu_h192,electricity_hourly,T174,timesfm25,tsfm,168,192,130014,86.3662748336792,120.20888202485628,1.3114777576768748,6.685452048534129,213.17469000041456,13.52490234375,,231289280,true,dcb2c10e4ac97b1d1289825869826fdec84593f7,ef768c17c85b2a8c,true,2026-09-20T15:04:37+00:00
20260920T145420Z-gpu_h192,electricity_hourly,T174,timesfm25,tsfm,168,192,130015,109.38862800598145,137.99001115516688,1.2124355320860012,7.928798013425574,203.56165099929058,13.52490234375,,231289280,true,dcb2c10e4ac97b1d1289825869826fdec84593f7,ef768c17c85b2a8c,true,2026-09-20T15:04:37+00:00
20260920T145420Z-gpu_h192,electricity_hourly,T174,timesfm25,tsfm,168,192,130016,95.18238798777263,124.5081036830429,1.4537827609502818,7.634320331648438,217.92547900076897,13.52490234375,,231289280,true,dcb2c10e4ac97b1d1289825869826fdec84593f7,ef768c17c85b2a8c,true,2026-09-20T15:04:37+00:00
20260920T145420Z-gpu_h192,electricity_hourly,T174,timesfm25,tsfm,168,192,130017,63.129563649495445,76.63366919072176,0.7425794123123137,5.562873744656963,200.28645800084632,13.52490234375,,231289280,true,dcb2c10e4ac97b1d1289825869826fdec84593f7,ef768c17c85b2a8c,true,2026-09-20T15:04:37+00:00
20260920T145420Z-gpu_h192,electricity_hourly,T174,timesfm25,tsfm,168,192,130018,41.803574879964195,56.83160183362779,0.8560459019787889,3.830600712789022,209.9163299999418,13.52490234375,,231289280,true,dcb2c10e4ac97b1d1289825869826fdec84593f7,ef768c17c85b2a8c,true,2026-09-20T15:04:37+00:00
20260920T145420Z-gpu_h192,electricity_hourly,T174,timesfm25,tsfm,168,192,130019,43.00487836201986,57.67742478287877,0.9175733418478085,3.4187728476770403,212.13746099965647,13.52490234375,,231289280,true,dcb2c10e4ac97b1d1289825869826fdec84593f7,ef768c17c85b2a8c,true,2026-09-20T15:04:37+00:00
20260920T145420Z-gpu_h192,electricity_hourly,T174,timesfm25,tsfm,168,192,130020,163.92044989267984,344.83174172813773,2.952782685082049,14.509135710057757,204.3481390001034,13.52490234375,,231289280,true,dcb2c10e4ac97b1d1289825869826fdec84593f7,ef768c17c85b2a8c,true,2026-09-20T15:04:37+00:00
20260920T145420Z-gpu_h192,electricity_hourly,T174,chronos_bolt,tsfm,168,192,130000,92.47099622090657,116.18063097945063,1.7374508684512717,6.372019898938963,106.21670599994104,15.55126953125,,205292928,true,dcb2c10e4ac97b1d1289825869826fdec84593f7,ef768c17c85b2a8c,true,2026-09-20T15:04:43+00:00
20260920T145420Z-gpu_h192,electricity_hourly,T174,chronos_bolt,tsfm,168,192,130001,272.972557703654,354.4487585352245,2.7929549743730404,14.304470212488472,102.29449200051022,15.55126953125,,205292928,true,dcb2c10e4ac97b1d1289825869826fdec84593f7,ef768c17c85b2a8c,true,2026-09-20T15:04:43+00:00
20260920T145420Z-gpu_h192,electricity_hourly,T174,chronos_bolt,tsfm,168,192,130002,131.18690967559814,167.73169560185198,0.9233998921344282,7.825783059051927,99.4390329997259,15.55126953125,,205292928,true,dcb2c10e4ac97b1d1289825869826fdec84593f7,ef768c17c85b2a8c,true,2026-09-20T15:04:43+00:00
20260920T145420Z-gpu_h192,electricity_hourly,T174,chronos_bolt,tsfm,168,192,130003,99.70132509867351,146.31237947477865,0.7633854848837659,5.187774497713884,103.31740400033596,15.55126953125,,205292928,true,dcb2c10e4ac97b1d1289825869826fdec84593f7,ef768c17c85b2a8c,true,2026-09-20T15:04:43+00:00
20260920T145420Z-gpu_h192,electricity_hourly,T174,chronos_bolt,tsfm,168,192,130004,216.30122407277426,319.9599575859437,1.9651341493046999,10.285766252527646,102.44478399999934,15.55126953125,,205292928,true,dcb2c10e4ac97b1d1289825869826fdec84593f7,ef768c17c85b2a8c,true,2026-09-20T15:04:43+00:00
20260920T145420Z-gpu_h192,electricity_hourly,T174,chronos_bolt,tsfm,168,192,130005,202.2106558481852,268.3355929062296,1.2738793613675155,10.652830586461038,97.97189400069328,15.55126953125,,205292928,true,dcb2c10e4ac97b1d1289825869826fdec84593f7,ef768c17c85b2a8c,true,2026-09-20T15:04:43+00:00
20260920T145420Z-gpu_h192,electricity_hourly,T174,chronos_bolt,tsfm,168,192,130006,132.36480299631754,184.3797949706223,0.7136637573562126,6.633120908781626,108.58330199971533,15.55126953125,,205292928,true,dcb2c10e4ac97b1d1289825869826fdec84593f7,ef768c17c85b2a8c,true,2026-09-20T15:04:43+00:00
20260920T145420Z-gpu_h192,electricity_hourly,T174,chronos_bolt,tsfm,168,192,130007,144.58953062693277,178.89611875077173,1.4993081594497242,8.569670162480826,112.49075599971547,15.55126953125,,205292928,true,dcb2c10e4ac97b1d1289825869826fdec84593f7,ef768c17c85b2a8c,true,2026-09-20T15:04:43+00:00
20260920T145420Z-gpu_h192,electricity_hourly,T174,chronos_bolt,tsfm,168,192,130008,77.52508195241292,102.863444879999,0.7304594517534162,4.508421327582463,110.30490000030113,15.55126953125,,205292928,true,dcb2c10e4ac97b1d1289825869826fdec84593f7,ef768c17c85b2a8c,true,2026-09-20T15:04:43+00:00
20260920T145420Z-gpu_h192,electricity_hourly,T174,chronos_bolt,tsfm,168,192,130009,126.40048631032307,167.12890626549725,1.0907694629763602,6.698687090106067,112.07816299975093,15.55126953125,,205292928,true,dcb2c10e4ac97b1d1289825869826fdec84593f7,ef768c17c85b2a8c,true,2026-09-20T15:04:43+00:00
20260920T145420Z-gpu_h192,electricity_hourly,T174,chronos_bolt,tsfm,168,192,130010,146.3167584737142,222.60291481173465,1.472575707311633,7.82741876074893,115.24387999997998,15.55126953125,,205292928,true,dcb2c10e4ac97b1d1289825869826fdec84593f7,ef768c17c85b2a8c,true,2026-09-20T15:04:43+00:00
20260920T145420Z-gpu_h192,electricity_hourly,T174,chronos_bolt,tsfm,168,192,130011,121.94122219085693,149.1136513507029,1.14208364198266,7.646997715072133,112.56399099966075,15.55126953125,,205292928,true,dcb2c10e4ac97b1d1289825869826fdec84593f7,ef768c17c85b2a8c,true,2026-09-20T15:04:43+00:00
20260920T145420Z-gpu_h192,electricity_hourly,T174,chronos_bolt,tsfm,168,192,130012,75.01367664337158,99.78971536634252,1.185206214246819,5.2840725750824085,111.33116299970425,15.55126953125,,205292928,true,dcb2c10e4ac97b1d1289825869826fdec84593f7,ef768c17c85b2a8c,true,2026-09-20T15:04:43+00:00
20260920T145420Z-gpu_h192,electricity_hourly,T174,chronos_bolt,tsfm,168,192,130013,66.31865914662679,83.48896017459805,0.7346631984855956,4.975562729776417,118.23373700008233,15.55126953125,,205292928,true,dcb2c10e4ac97b1d1289825869826fdec84593f7,ef768c17c85b2a8c,true,2026-09-20T15:04:43+00:00
20260920T145420Z-gpu_h192,electricity_hourly,T174,chronos_bolt,tsfm,168,192,130014,93.50337092081706,125.87068004716123,1.419855047200006,6.988136834796586,115.64120700040803,15.55126953125,,205292928,true,dcb2c10e4ac97b1d1289825869826fdec84593f7,ef768c17c85b2a8c,true,2026-09-20T15:04:43+00:00
20260920T145420Z-gpu_h192,electricity_hourly,T174,chronos_bolt,tsfm,168,192,130015,107.76495043436687,136.85047709929157,1.1944391057996326,7.862765381757875,116.60210599984566,15.55126953125,,205292928,true,dcb2c10e4ac97b1d1289825869826fdec84593f7,ef768c17c85b2a8c,true,2026-09-20T15:04:43+00:00
20260920T145420Z-gpu_h192,electricity_hourly,T174,chronos_bolt,tsfm,168,192,130016,91.02063337961833,121.06464471219297,1.390217565407832,7.253253535160196,113.26777199974458,15.55126953125,,205292928,true,dcb2c10e4ac97b1d1289825869826fdec84593f7,ef768c17c85b2a8c,true,2026-09-20T15:04:43+00:00
20260920T145420Z-gpu_h192,electricity_hourly,T174,chronos_bolt,tsfm,168,192,130017,42.52775923411051,56.11335767541335,0.5002448398719094,3.3608237688798512,111.18517300019448,15.55126953125,,205292928,true,dcb2c10e4ac97b1d1289825869826fdec84593f7,ef768c17c85b2a8c,true,2026-09-20T15:04:43+00:00
20260920T145420Z-gpu_h192,electricity_hourly,T174,chronos_bolt,tsfm,168,192,130018,42.93899917602539,56.2237332005606,0.8792969114544448,3.7435679976517875,111.37608100034413,15.55126953125,,205292928,true,dcb2c10e4ac97b1d1289825869826fdec84593f7,ef768c17c85b2a8c,true,2026-09-20T15:04:43+00:00
20260920T145420Z-gpu_h192,electricity_hourly,T174,chronos_bolt,tsfm,168,192,130019,37.76822821299235,52.11428205750465,0.8058415858158094,2.9903839848731626,114.85514200012403,15.55126953125,,205292928,true,dcb2c10e4ac97b1d1289825869826fdec84593f7,ef768c17c85b2a8c,true,2026-09-20T15:04:43+00:00
20260920T145420Z-gpu_h192,electricity_hourly,T174,chronos_bolt,tsfm,168,192,130020,165.13044516245523,346.2687806799136,2.974578947134545,14.653916540409645,115.23802800002159,15.55126953125,,205292928,true,dcb2c10e4ac97b1d1289825869826fdec84593f7,ef768c17c85b2a8c,true,2026-09-20T15:04:43+00:00
20260920T145420Z-gpu_h192,electricity_hourly,T188,lstm,deep,168,192,140000,208.8699621632469,288.0739592280986,1.5914743929047863,6.562898772577869,377.0465190000323,16.14599609375,0.31005994800034387,4513,false,dcb2c10e4ac97b1d1289825869826fdec84593f7,ef768c17c85b2a8c,true,2026-09-20T15:04:56+00:00
20260920T145420Z-gpu_h192,electricity_hourly,T188,lstm,deep,168,192,140001,696.5799134828709,958.9390622821694,3.523889251415191,19.719308947057993,372.97448699973756,16.10986328125,0.305562261999512,4513,false,dcb2c10e4ac97b1d1289825869826fdec84593f7,ef768c17c85b2a8c,true,2026-09-20T15:04:56+00:00
20260920T145420Z-gpu_h192,electricity_hourly,T188,lstm,deep,168,192,140002,216.62858902045264,298.13944080558343,1.1970267390232225,6.503037647527922,376.3673840003321,16.10986328125,0.31074414500017156,4513,false,dcb2c10e4ac97b1d1289825869826fdec84593f7,ef768c17c85b2a8c,true,2026-09-20T15:04:56+00:00
20260920T145420Z-gpu_h192,electricity_hourly,T188,lstm,deep,168,192,140003,778.7535033006757,1059.5109902994413,6.683384258614774,22.39643938047467,396.0053920000064,16.10986328125,0.32860974200048076,4513,false,dcb2c10e4ac97b1d1289825869826fdec84593f7,ef768c17c85b2a8c,true,2026-09-20T15:04:56+00:00
20260920T145420Z-gpu_h192,electricity_hourly,T188,lstm,deep,168,192,140004,1159.9523998087532,1500.2443058833567,5.181571707794405,30.72841527060018,386.31907800026966,16.10986328125,0.32027559600010136,4513,false,dcb2c10e4ac97b1d1289825869826fdec84593f7,ef768c17c85b2a8c,true,2026-09-20T15:04:56+00:00
20260920T145420Z-gpu_h192,electricity_hourly,T188,lstm,deep,168,192,140005,705.2785127385496,993.6518409546479,5.863070421103287,19.724070953611772,384.8599479997574,16.10986328125,0.31285637700057123,4513,false,dcb2c10e4ac97b1d1289825869826fdec84593f7,ef768c17c85b2a8c,true,2026-09-20T15:04:56+00:00
20260920T145420Z-gpu_h192,electricity_hourly,T188,lstm,deep,168,192,140006,205.85921407387502,291.1545670849101,1.2760417901355088,5.808264146305949,389.31233000039356,16.10986328125,0.3182241940003223,4513,false,dcb2c10e4ac97b1d1289825869826fdec84593f7,ef768c17c85b2a8c,true,2026-09-20T15:04:56+00:00
20260920T145420Z-gpu_h192,electricity_hourly,T188,lstm,deep,168,192,140007,282.7952636372305,333.56217197909064,2.1852706178567853,7.48022986486902,401.07011100008094,16.10986328125,0.32639583599939215,4513,false,dcb2c10e4ac97b1d1289825869826fdec84593f7,ef768c17c85b2a8c,true,2026-09-20T15:04:56+00:00
20260920T145420Z-gpu_h192,electricity_hourly,T188,lstm,deep,168,192,140008,1225.8059294564468,1520.5955549470798,8.580820273284155,31.80926417432991,397.8027770008339,16.10986328125,0.3231405120004638,4513,false,dcb2c10e4ac97b1d1289825869826fdec84593f7,ef768c17c85b2a8c,true,2026-09-20T15:04:56+00:00
20260920T145420Z-gpu_h192,electricity_hourly,T188,lstm,deep,168,192,140009,206.08693985272217,282.604124118391,1.0335209075291494,5.990346469345,412.83895099968504,16.10986328125,0.3455523089996859,4513,false,dcb2c10e4ac97b1d1289825869826fdec84593f7,ef768c17c85b2a8c,true,2026-09-20T15:04:56+00:00
20260920T145420Z-gpu_h192,electricity_hourly,T188,lstm,deep,168,192,140010,151.44649419170358,208.4186149871109,1.1545500113084501,4.198099038610771,385.0734719999309,16.10986328125,0.31844264999926963,4513,false,dcb2c10e4ac97b1d1289825869826fdec84593f7,ef768c17c85b2a8c,true,2026-09-20T15:04:56+00:00
20260920T145420Z-gpu_h192,electricity_hourly,T188,lstm,deep,168,192,140011,552.1867884321861,832.6383853940996,4.120583382610499,15.345535671978839,379.3863909995707,16.10986328125,0.3132658190006623,4513,false,dcb2c10e4ac97b1d1289825869826fdec84593f7,ef768c17c85b2a8c,true,2026-09-20T15:04:56+00:00
20260920T145420Z-gpu_h192,electricity_hourly,T188,lstm,deep,168,192,140012,462.025001797452,644.454153849264,3.8519916777925594,13.021246676319262,400.0002360007784,16.10986328125,0.3276177859997915,4513,false,dcb2c10e4ac97b1d1289825869826fdec84593f7,ef768c17c85b2a8c,true,2026-09-20T15:04:56+00:00
20260920T145420Z-gpu_h192,electricity_hourly,T188,lstm,deep,168,192,140013,1150.5909537482164,1427.0351705294458,6.532551249447745,31.110107343223664,382.42243799959397,16.10986328125,0.31483270899934723,4513,false,dcb2c10e4ac97b1d1289825869826fdec84593f7,ef768c17c85b2a8c,true,2026-09-20T15:04:56+00:00
20260920T145420Z-gpu_h192,electricity_hourly,T188,lstm,deep,168,192,140014,174.49351102350693,275.05111813561405,1.1632900734900462,4.727034022953226,422.0700260002559,16.10986328125,0.3325002569999924,4513,false,dcb2c10e4ac97b1d1289825869826fdec84593f7,ef768c17c85b2a8c,true,2026-09-20T15:04:56+00:00
20260920T145420Z-gpu_h192,electricity_hourly,T188,lstm,deep,168,192,140015,787.400359982273,1031.6574523608303,3.835909599020512,21.320082645303295,387.6462759999413,16.10986328125,0.32150491399988823,4513,false,dcb2c10e4ac97b1d1289825869826fdec84593f7,ef768c17c85b2a8c,true,2026-09-20T15:04:56+00:00
20260920T145420Z-gpu_h192,electricity_hourly,T188,lstm,deep,168,192,140016,279.8501536603212,398.69643839743,1.8553601347645603,7.820262941557761,378.3409779998692,16.10986328125,0.3135738210003183,4513,false,dcb2c10e4ac97b1d1289825869826fdec84593f7,ef768c17c85b2a8c,true,2026-09-20T15:04:56+00:00
20260920T145420Z-gpu_h192,electricity_hourly,T188,lstm,deep,168,192,140017,612.2230130325188,852.6125908552581,3.6251537430273735,17.023144584446335,391.6969350002546,16.10986328125,0.3227703920001659,4513,false,dcb2c10e4ac97b1d1289825869826fdec84593f7,ef768c17c85b2a8c,true,2026-09-20T15:04:56+00:00
20260920T145420Z-gpu_h192,electricity_hourly,T188,lstm,deep,168,192,140018,402.4498794413235,558.5729606947054,3.217275447707244,11.361083821075983,390.69635899977584,16.10986328125,0.32354218299951754,4513,false,dcb2c10e4ac97b1d1289825869826fdec84593f7,ef768c17c85b2a8c,true,2026-09-20T15:04:56+00:00
20260920T145420Z-gpu_h192,electricity_hourly,T188,lstm,deep,168,192,140019,806.6306399420391,1087.9749617084788,4.9080880652266385,21.855571465462997,389.8005009996268,16.10986328125,0.32155928800057154,4513,false,dcb2c10e4ac97b1d1289825869826fdec84593f7,ef768c17c85b2a8c,true,2026-09-20T15:04:56+00:00
20260920T145420Z-gpu_h192,electricity_hourly,T188,lstm,deep,168,192,140020,1057.7765582595232,1645.5866158655053,6.388182536041408,40.022248855659534,385.3785129995231,16.10986328125,0.31618762299967784,4513,false,dcb2c10e4ac97b1d1289825869826fdec84593f7,ef768c17c85b2a8c,true,2026-09-20T15:04:56+00:00
20260920T145420Z-gpu_h192,electricity_hourly,T188,transformer,deep,168,192,140000,202.51748170040364,274.27075373164746,1.5430719807851276,6.274478449946369,579.090866000115,10.6845703125,0.5734177919994181,19232,false,dcb2c10e4ac97b1d1289825869826fdec84593f7,ef768c17c85b2a8c,true,2026-09-20T15:05:13+00:00
20260920T145420Z-gpu_h192,electricity_hourly,T188,transformer,deep,168,192,140001,420.2661226646298,513.9497109128773,2.126060834839511,12.304093764076034,586.1347250001927,10.525390625,0.5806333990003623,19232,false,dcb2c10e4ac97b1d1289825869826fdec84593f7,ef768c17c85b2a8c,true,2026-09-20T15:05:13+00:00
20260920T145420Z-gpu_h192,electricity_hourly,T188,transformer,deep,168,192,140002,549.0600869441073,759.1859928863926,3.033946758248329,15.875580810178866,594.5014870003433,10.525390625,0.588209986000038,19232,false,dcb2c10e4ac97b1d1289825869826fdec84593f7,ef768c17c85b2a8c,true,2026-09-20T15:05:13+00:00
20260920T145420Z-gpu_h192,electricity_hourly,T188,transformer,deep,168,192,140003,336.6682756694496,431.343885308445,2.889339751856532,10.07060382735622,574.1793870001857,10.525390625,0.5685304290000204,19232,false,dcb2c10e4ac97b1d1289825869826fdec84593f7,ef768c17c85b2a8c,true,2026-09-20T15:05:13+00:00
20260920T145420Z-gpu_h192,electricity_hourly,T188,transformer,deep,168,192,140004,799.527489545227,1038.263753113311,3.571533642341255,21.092216551612093,596.6707240004325,10.525390625,0.5906833799999731,19232,false,dcb2c10e4ac97b1d1289825869826fdec84593f7,ef768c17c85b2a8c,true,2026-09-20T15:05:13+00:00
20260920T145420Z-gpu_h192,electricity_hourly,T188,transformer,deep,168,192,140005,298.0514583365562,394.0029293599244,2.4777398684022685,8.943529674417288,585.0550510003814,10.525390625,0.5794222790000276,19232,false,dcb2c10e4ac97b1d1289825869826fdec84593f7,ef768c17c85b2a8c,true,2026-09-20T15:05:13+00:00
20260920T145420Z-gpu_h192,electricity_hourly,T188,transformer,deep,168,192,140006,208.72647390844597,285.02494915999915,1.2938148268613585,5.695812240113854,600.1486750001277,10.525390625,0.5945652810005413,19232,false,dcb2c10e4ac97b1d1289825869826fdec84593f7,ef768c17c85b2a8c,true,2026-09-20T15:05:13+00:00
20260920T145420Z-gpu_h192,electricity_hourly,T188,transformer,deep,168,192,140007,234.2006433066914,286.7974924166295,1.8097608068775723,6.283328621878535,638.8659470003404,10.525390625,0.6333281200004421,19232,false,dcb2c10e4ac97b1d1289825869826fdec84593f7,ef768c17c85b2a8c,true,2026-09-20T15:05:13+00:00
20260920T145420Z-gpu_h192,electricity_hourly,T188,transformer,deep,168,192,140008,287.5113008496986,389.7689573536412,2.012621035552798,8.132923674913645,585.700282000289,10.525390625,0.5800933090004037,19232,false,dcb2c10e4ac97b1d1289825869826fdec84593f7,ef768c17c85b2a8c,true,2026-09-20T15:05:13+00:00
20260920T145420Z-gpu_h192,electricity_hourly,T188,transformer,deep,168,192,140009,210.0223559505679,275.5483741932836,1.0532569219503303,5.953545606503189,596.1314710002625,10.525390625,0.5902741019999667,19232,false,dcb2c10e4ac97b1d1289825869826fdec84593f7,ef768c17c85b2a8c,true,2026-09-20T15:05:13+00:00
20260920T145420Z-gpu_h192,electricity_hourly,T188,transformer,deep,168,192,140010,167.61176922730087,219.41532647644584,1.2777857360755638,4.603563423945451,590.4000869995798,10.525390625,0.5847551059996476,19232,false,dcb2c10e4ac97b1d1289825869826fdec84593f7,ef768c17c85b2a8c,true,2026-09-20T15:05:13+00:00
20260920T145420Z-gpu_h192,electricity_hourly,T188,transformer,deep,168,192,140011,297.639551345568,413.8400835017733,2.2210755761912107,8.414260835480567,582.0062160000816,10.525390625,0.5764763029992537,19232,false,dcb2c10e4ac97b1d1289825869826fdec84593f7,ef768c17c85b2a8c,true,2026-09-20T15:05:13+00:00
20260920T145420Z-gpu_h192,electricity_hourly,T188,transformer,deep,168,192,140012,199.61914670664177,254.86200940809624,1.664263381528278,5.809863163906589,593.2142890005707,10.525390625,0.587513546000082,19232,false,dcb2c10e4ac97b1d1289825869826fdec84593f7,ef768c17c85b2a8c,true,2026-09-20T15:05:13+00:00
20260920T145420Z-gpu_h192,electricity_hourly,T188,transformer,deep,168,192,140013,298.6424892757873,403.14460363881904,1.6955611897533165,8.7625217450935,593.375862999892,10.525390625,0.5877812969993101,19232,false,dcb2c10e4ac97b1d1289825869826fdec84593f7,ef768c17c85b2a8c,true,2026-09-20T15:05:13+00:00
20260920T145420Z-gpu_h192,electricity_hourly,T188,transformer,deep,168,192,140014,191.46299992690106,285.90049746090557,1.2764199995126737,5.240781464910401,598.5318610000832,10.525390625,0.5930606550000448,19232,false,dcb2c10e4ac97b1d1289825869826fdec84593f7,ef768c17c85b2a8c,true,2026-09-20T15:05:13+00:00
20260920T145420Z-gpu_h192,electricity_hourly,T188,transformer,deep,168,192,140015,184.9369213967096,238.559240065097,0.9009410562307988,5.324894582006157,569.4111100001464,10.525390625,0.5639823080000497,19232,false,dcb2c10e4ac97b1d1289825869826fdec84593f7,ef768c17c85b2a8c,true,2026-09-20T15:05:13+00:00
20260920T145420Z-gpu_h192,electricity_hourly,T188,transformer,deep,168,192,140016,195.58960701549452,261.6036442732658,1.29672667634582,5.605274354302548,577.4014190001253,10.525390625,0.5718298170004346,19232,false,dcb2c10e4ac97b1d1289825869826fdec84593f7,ef768c17c85b2a8c,true,2026-09-20T15:05:13+00:00
20260920T145420Z-gpu_h192,electricity_hourly,T188,transformer,deep,168,192,140017,175.99775704265457,227.96973125958806,1.0421348334282765,5.05057366682027,576.6312819996529,10.525390625,0.5712396449998778,19232,false,dcb2c10e4ac97b1d1289825869826fdec84593f7,ef768c17c85b2a8c,true,2026-09-20T15:05:13+00:00
20260920T145420Z-gpu_h192,electricity_hourly,T188,transformer,deep,168,192,140018,304.7325649112269,426.02822484676784,2.436101112930477,8.562474233445414,583.1064139993032,10.525390625,0.5774798510001347,19232,false,dcb2c10e4ac97b1d1289825869826fdec84593f7,ef768c17c85b2a8c,true,2026-09-20T15:05:13+00:00
20260920T145420Z-gpu_h192,electricity_hourly,T188,transformer,deep,168,192,140019,160.0608301380898,214.77081487780006,0.9739186824932364,4.598000425932403,582.6481200001581,10.525390625,0.5770371990001877,19232,false,dcb2c10e4ac97b1d1289825869826fdec84593f7,ef768c17c85b2a8c,true,2026-09-20T15:05:13+00:00
20260920T145420Z-gpu_h192,electricity_hourly,T188,transformer,deep,168,192,140020,729.7878842327738,1451.6351782964775,4.4073752444858,31.373237149542078,616.7541119993984,10.525390625,0.611033246000261,19232,false,dcb2c10e4ac97b1d1289825869826fdec84593f7,ef768c17c85b2a8c,true,2026-09-20T15:05:13+00:00
20260920T145420Z-gpu_h192,electricity_hourly,T188,timesfm25,tsfm,168,192,140000,133.62983830769858,199.70008846156267,1.0181859736657282,4.381098352429536,217.85482699942804,13.52490234375,,231289280,true,dcb2c10e4ac97b1d1289825869826fdec84593f7,ef768c17c85b2a8c,true,2026-09-20T15:05:21+00:00
20260920T145420Z-gpu_h192,electricity_hourly,T188,timesfm25,tsfm,168,192,140001,236.83367665608725,296.5158779762882,1.1981046702433362,6.486369527057954,215.87686099974235,13.52490234375,,231289280,true,dcb2c10e4ac97b1d1289825869826fdec84593f7,ef768c17c85b2a8c,true,2026-09-20T15:05:21+00:00
20260920T145420Z-gpu_h192,electricity_hourly,T188,timesfm25,tsfm,168,192,140002,116.39425150553386,143.5398890856312,0.6431608678740167,3.5225853951505135,218.10907600047358,13.52490234375,,231289280,true,dcb2c10e4ac97b1d1289825869826fdec84593f7,ef768c17c85b2a8c,true,2026-09-20T15:05:21+00:00
20260920T145420Z-gpu_h192,electricity_hourly,T188,timesfm25,tsfm,168,192,140003,194.6352195739746,260.271858269195,1.6703898693993888,5.652257424970107,211.80718200048432,13.52490234375,,231289280,true,dcb2c10e4ac97b1d1289825869826fdec84593f7,ef768c17c85b2a8c,true,2026-09-20T15:05:21+00:00
20260920T145420Z-gpu_h192,electricity_hourly,T188,timesfm25,tsfm,168,192,140004,150.30351384480795,192.1428089493768,0.6714141330702428,4.239344005078007,211.77270299995143,13.52490234375,,231289280,true,dcb2c10e4ac97b1d1289825869826fdec84593f7,ef768c17c85b2a8c,true,2026-09-20T15:05:21+00:00
20260920T145420Z-gpu_h192,electricity_hourly,T188,timesfm25,tsfm,168,192,140005,117.57957712809245,150.86994929207742,0.9774540530218977,3.4160489952146573,213.13774899954296,13.52490234375,,231289280,true,dcb2c10e4ac97b1d1289825869826fdec84593f7,ef768c17c85b2a8c,true,2026-09-20T15:05:21+00:00
20260920T145420Z-gpu_h192,electricity_hourly,T188,timesfm25,tsfm,168,192,140006,128.0174217224121,165.65840177034224,0.7935305724259543,3.580538183999973,214.06204699997033,13.52490234375,,231289280,true,dcb2c10e4ac97b1d1289825869826fdec84593f7,ef768c17c85b2a8c,true,2026-09-20T15:05:21+00:00
20260920T145420Z-gpu_h192,electricity_hourly,T188,timesfm25,tsfm,168,192,140007,211.55601374308267,255.3291439459464,1.6347768166892356,5.684553026781945,209.83212999999523,13.52490234375,,231289280,true,dcb2c10e4ac97b1d1289825869826fdec84593f7,ef768c17c85b2a8c,true,2026-09-20T15:05:21+00:00
20260920T145420Z-gpu_h192,electricity_hourly,T188,timesfm25,tsfm,168,192,140008,160.93287404378256,209.51590656671337,1.1265535881728983,4.529050209716306,213.97526399960043,13.52490234375,,231289280,true,dcb2c10e4ac97b1d1289825869826fdec84593f7,ef768c17c85b2a8c,true,2026-09-20T15:05:21+00:00
20260920T145420Z-gpu_h192,electricity_hourly,T188,timesfm25,tsfm,168,192,140009,129.94285202026367,159.2383976499209,0.651660189834853,3.623468628166094,213.896057999591,13.52490234375,,231289280,true,dcb2c10e4ac97b1d1289825869826fdec84593f7,ef768c17c85b2a8c,true,2026-09-20T15:05:21+00:00
20260920T145420Z-gpu_h192,electricity_hourly,T188,timesfm25,tsfm,168,192,140010,116.85316467285156,154.11105220936085,0.8908282975748121,3.2001280378871884,207.97312499962572,13.52490234375,,231289280,true,dcb2c10e4ac97b1d1289825869826fdec84593f7,ef768c17c85b2a8c,true,2026-09-20T15:05:21+00:00
20260920T145420Z-gpu_h192,electricity_hourly,T188,timesfm25,tsfm,168,192,140011,127.02225240071614,161.89105364090742,0.9478781336841542,3.716784696243827,213.49544700024126,13.52490234375,,231289280,true,dcb2c10e4ac97b1d1289825869826fdec84593f7,ef768c17c85b2a8c,true,2026-09-20T15:05:21+00:00
20260920T145420Z-gpu_h192,electricity_hourly,T188,timesfm25,tsfm,168,192,140012,157.2194569905599,206.62236519723527,1.3107689790783132,4.585132922725347,215.5464209999991,13.52490234375,,231289280,true,dcb2c10e4ac97b1d1289825869826fdec84593f7,ef768c17c85b2a8c,true,2026-09-20T15:05:21+00:00
20260920T145420Z-gpu_h192,electricity_hourly,T188,timesfm25,tsfm,168,192,140013,224.45921071370444,295.34176271363964,1.2743810409956802,6.315570174617282,213.68980299939722,13.52490234375,,231289280,true,dcb2c10e4ac97b1d1289825869826fdec84593f7,ef768c17c85b2a8c,true,2026-09-20T15:05:21+00:00
20260920T145420Z-gpu_h192,electricity_hourly,T188,timesfm25,tsfm,168,192,140014,133.1806182861328,242.19503275484163,0.8878707885742188,3.5800006298249185,219.7586259999298,13.52490234375,,231289280,true,dcb2c10e4ac97b1d1289825869826fdec84593f7,ef768c17c85b2a8c,true,2026-09-20T15:05:21+00:00
20260920T145420Z-gpu_h192,electricity_hourly,T188,timesfm25,tsfm,168,192,140015,121.30390803019206,191.21916507144815,0.5909456597431462,3.6391389930496287,212.13598199938133,13.52490234375,,231289280,true,dcb2c10e4ac97b1d1289825869826fdec84593f7,ef768c17c85b2a8c,true,2026-09-20T15:05:21+00:00
20260920T145420Z-gpu_h192,electricity_hourly,T188,timesfm25,tsfm,168,192,140016,106.46866861979167,136.66329004604904,0.7058696262085635,3.078028564414371,211.12718799940922,13.52490234375,,231289280,true,dcb2c10e4ac97b1d1289825869826fdec84593f7,ef768c17c85b2a8c,true,2026-09-20T15:05:21+00:00
20260920T145420Z-gpu_h192,electricity_hourly,T188,timesfm25,tsfm,168,192,140017,92.06750106811523,133.9521270268655,0.5451589355569141,2.6877232100227957,205.20931000010023,13.52490234375,,231289280,true,dcb2c10e4ac97b1d1289825869826fdec84593f7,ef768c17c85b2a8c,true,2026-09-20T15:05:21+00:00
20260920T145420Z-gpu_h192,electricity_hourly,T188,timesfm25,tsfm,168,192,140018,342.82245508829754,404.1517524507952,2.740600318254308,9.574470525387817,209.9136400001953,13.52490234375,,231289280,true,dcb2c10e4ac97b1d1289825869826fdec84593f7,ef768c17c85b2a8c,true,2026-09-20T15:05:21+00:00
20260920T145420Z-gpu_h192,electricity_hourly,T188,timesfm25,tsfm,168,192,140019,100.39905802408855,132.55259936137796,0.6108959839207618,2.898538826972429,215.85159899950668,13.52490234375,,231289280,true,dcb2c10e4ac97b1d1289825869826fdec84593f7,ef768c17c85b2a8c,true,2026-09-20T15:05:21+00:00
20260920T145420Z-gpu_h192,electricity_hourly,T188,timesfm25,tsfm,168,192,140020,602.2095883687338,1451.1384480689715,3.636897363072373,27.614714360448684,214.0864809998675,13.52490234375,,231289280,true,dcb2c10e4ac97b1d1289825869826fdec84593f7,ef768c17c85b2a8c,true,2026-09-20T15:05:21+00:00
20260920T145420Z-gpu_h192,electricity_hourly,T188,chronos_bolt,tsfm,168,192,140000,159.51895332336426,215.69631580141245,1.2154468108664191,4.955242401067487,106.38144200038369,15.55126953125,,205292928,true,dcb2c10e4ac97b1d1289825869826fdec84593f7,ef768c17c85b2a8c,true,2026-09-20T15:05:27+00:00
20260920T145420Z-gpu_h192,electricity_hourly,T188,chronos_bolt,tsfm,168,192,140001,223.12224769592285,280.12206192418836,1.1287406874481958,6.337913619599801,109.5852250000462,15.55126953125,,205292928,true,dcb2c10e4ac97b1d1289825869826fdec84593f7,ef768c17c85b2a8c,true,2026-09-20T15:05:27+00:00
20260920T145420Z-gpu_h192,electricity_hourly,T188,chronos_bolt,tsfm,168,192,140002,99.3780148824056,121.0537574934743,0.5491340807009365,2.982110563562537,106.90717700072128,15.55126953125,,205292928,true,dcb2c10e4ac97b1d1289825869826fdec84593f7,ef768c17c85b2a8c,true,2026-09-20T15:05:27+00:00
20260920T145420Z-gpu_h192,electricity_hourly,T188,chronos_bolt,tsfm,168,192,140003,198.42931620279947,262.5592584299288,1.7029513995591588,5.794158604735178,116.96901399955095,15.55126953125,,205292928,true,dcb2c10e4ac97b1d1289825869826fdec84593f7,ef768c17c85b2a8c,true,2026-09-20T15:05:27+00:00
20260920T145420Z-gpu_h192,electricity_hourly,T188,chronos_bolt,tsfm,168,192,140004,133.7758420308431,175.07762672313285,0.59758410635443,3.7505889164765964,102.71691899924917,15.55126953125,,205292928,true,dcb2c10e4ac97b1d1289825869826fdec84593f7,ef768c17c85b2a8c,true,2026-09-20T15:05:27+00:00
20260920T145420Z-gpu_h192,electricity_hourly,T188,chronos_bolt,tsfm,168,192,140005,123.73863474527995,159.84486182603948,1.0286550862094628,3.676320395384739,102.30114000023605,15.55126953125,,205292928,true,dcb2c10e4ac97b1d1289825869826fdec84593f7,ef768c17c85b2a8c,true,2026-09-20T15:05:27+00:00
20260920T145420Z-gpu_h192,electricity_hourly,T188,chronos_bolt,tsfm,168,192,140006,125.97931416829427,165.57427911181117,0.7808971305683946,3.5261754652576243,106.64430300039385,15.55126953125,,205292928,true,dcb2c10e4ac97b1d1289825869826fdec84593f7,ef768c17c85b2a8c,true,2026-09-20T15:05:27+00:00
20260920T145420Z-gpu_h192,electricity_hourly,T188,chronos_bolt,tsfm,168,192,140007,185.6185442606608,228.12719499526443,1.4343477528057502,5.073368710099975,109.85868100033258,15.55126953125,,205292928,true,dcb2c10e4ac97b1d1289825869826fdec84593f7,ef768c17c85b2a8c,true,2026-09-20T15:05:27+00:00
20260920T145420Z-gpu_h192,electricity_hourly,T188,chronos_bolt,tsfm,168,192,140008,161.16916275024414,205.77089531097806,1.128207643577617,4.602174515935475,118.4530900000027,15.55126953125,,205292928,true,dcb2c10e4ac97b1d1289825869826fdec84593f7,ef768c17c85b2a8c,true,2026-09-20T15:05:27+00:00
20260920T145420Z-gpu_h192,electricity_hourly,T188,chronos_bolt,tsfm,168,192,140009,110.08460235595703,131.0751529456698,0.5520715587956333,2.9653855818289094,113.02583399992727,15.55126953125,,205292928,true,dcb2c10e4ac97b1d1289825869826fdec84593f7,ef768c17c85b2a8c,true,2026-09-20T15:05:27+00:00
20260920T145420Z-gpu_h192,electricity_hourly,T188,chronos_bolt,tsfm,168,192,140010,121.8019307454427,164.75301562249118,0.9285551393585552,3.35554211744988,116.04765199990652,15.55126953125,,205292928,true,dcb2c10e4ac97b1d1289825869826fdec84593f7,ef768c17c85b2a8c,true,2026-09-20T15:05:27+00:00
20260920T145420Z-gpu_h192,electricity_hourly,T188,chronos_bolt,tsfm,168,192,140011,107.56142679850261,135.17357607018465,0.8026556179190741,2.9759492653809065,116.35284300064086,15.55126953125,,205292928,true,dcb2c10e4ac97b1d1289825869826fdec84593f7,ef768c17c85b2a8c,true,2026-09-20T15:05:27+00:00
20260920T145420Z-gpu_h192,electricity_hourly,T188,chronos_bolt,tsfm,168,192,140012,172.09797159830728,228.22893909456175,1.434814029073428,5.134218263451438,115.24554100014939,15.55126953125,,205292928,true,dcb2c10e4ac97b1d1289825869826fdec84593f7,ef768c17c85b2a8c,true,2026-09-20T15:05:27+00:00
20260920T145420Z-gpu_h192,electricity_hourly,T188,chronos_bolt,tsfm,168,192,140013,199.93887329101562,261.9190410056437,1.1351653098571244,5.680197649516261,113.61597199993412,15.55126953125,,205292928,true,dcb2c10e4ac97b1d1289825869826fdec84593f7,ef768c17c85b2a8c,true,2026-09-20T15:05:27+00:00
20260920T145420Z-gpu_h192,electricity_hourly,T188,chronos_bolt,tsfm,168,192,140014,140.25093460083008,245.90404012834108,0.9350062306722006,3.848552479228303,112.89101400052459,15.55126953125,,205292928,true,dcb2c10e4ac97b1d1289825869826fdec84593f7,ef768c17c85b2a8c,true,2026-09-20T15:05:27+00:00
20260920T145420Z-gpu_h192,electricity_hourly,T188,chronos_bolt,tsfm,168,192,140015,119.33798599243164,155.54932565077306,0.5813684489634343,3.469256680696626,115.21114800052601,15.55126953125,,205292928,true,dcb2c10e4ac97b1d1289825869826fdec84593f7,ef768c17c85b2a8c,true,2026-09-20T15:05:27+00:00
20260920T145420Z-gpu_h192,electricity_hourly,T188,chronos_bolt,tsfm,168,192,140016,134.08376693725586,167.68164264241537,0.8889531509652322,3.8840661532494742,114.78874500062375,15.55126953125,,205292928,true,dcb2c10e4ac97b1d1289825869826fdec84593f7,ef768c17c85b2a8c,true,2026-09-20T15:05:27+00:00
20260920T145420Z-gpu_h192,electricity_hourly,T188,chronos_bolt,tsfm,168,192,140017,106.31752904256184,142.726506357848,0.6295375707113329,3.10257771045878,113.53675999998813,15.55126953125,,205292928,true,dcb2c10e4ac97b1d1289825869826fdec84593f7,ef768c17c85b2a8c,true,2026-09-20T15:05:27+00:00
20260920T145420Z-gpu_h192,electricity_hourly,T188,chronos_bolt,tsfm,168,192,140018,210.7449188232422,258.0803719796676,1.6847425920472368,5.96402937509439,113.4607389994926,15.55126953125,,205292928,true,dcb2c10e4ac97b1d1289825869826fdec84593f7,ef768c17c85b2a8c,true,2026-09-20T15:05:27+00:00
20260920T145420Z-gpu_h192,electricity_hourly,T188,chronos_bolt,tsfm,168,192,140019,105.38649113972981,136.95394471176152,0.6412429106786568,3.037494524973215,120.99950599986187,15.55126953125,,205292928,true,dcb2c10e4ac97b1d1289825869826fdec84593f7,ef768c17c85b2a8c,true,2026-09-20T15:05:27+00:00
20260920T145420Z-gpu_h192,electricity_hourly,T188,chronos_bolt,tsfm,168,192,140020,603.0699882507324,1441.6051485254975,3.6420935374981322,27.73577591146109,112.77217199949519,15.55126953125,,205292928,true,dcb2c10e4ac97b1d1289825869826fdec84593f7,ef768c17c85b2a8c,true,2026-09-20T15:05:27+00:00
20260920T145420Z-gpu_h192,electricity_hourly,T201,lstm,deep,168,192,150000,72.20321357328883,113.73336161484822,1.330083504484277,11.683374555721722,374.7108240004309,16.14599609375,0.30724166900017735,4513,false,dcb2c10e4ac97b1d1289825869826fdec84593f7,ef768c17c85b2a8c,true,2026-09-20T15:05:40+00:00
20260920T145420Z-gpu_h192,electricity_hourly,T201,lstm,deep,168,192,150001,50.77492799323918,68.43130683656216,1.9276534750926555,7.818727190136824,374.0310809998846,16.10986328125,0.30499590699946566,4513,false,dcb2c10e4ac97b1d1289825869826fdec84593f7,ef768c17c85b2a8c,true,2026-09-20T15:05:40+00:00
20260920T145420Z-gpu_h192,electricity_hourly,T201,lstm,deep,168,192,150002,230.40779852182536,274.72571519200716,5.61304736713633,34.35989817798856,399.78449099999125,16.10986328125,0.33022629900005995,4513,false,dcb2c10e4ac97b1d1289825869826fdec84593f7,ef768c17c85b2a8c,true,2026-09-20T15:05:40+00:00
20260920T145420Z-gpu_h192,electricity_hourly,T201,lstm,deep,168,192,150003,47.62240968296948,71.118354702999,1.7498410294329179,7.556096586222504,384.8287540004094,16.10986328125,0.3161543429996527,4513,false,dcb2c10e4ac97b1d1289825869826fdec84593f7,ef768c17c85b2a8c,true,2026-09-20T15:05:40+00:00
20260920T145420Z-gpu_h192,electricity_hourly,T201,lstm,deep,168,192,150004,67.28151891107757,90.68666157197454,1.7153928334269068,10.336065002893854,387.60348400046496,16.10986328125,0.3177196249998815,4513,false,dcb2c10e4ac97b1d1289825869826fdec84593f7,ef768c17c85b2a8c,true,2026-09-20T15:05:40+00:00
20260920T145420Z-gpu_h192,electricity_hourly,T201,lstm,deep,168,192,150005,104.50902986759223,161.24355365362982,3.3228748732464743,13.424048468543251,406.89182299956883,16.10986328125,0.33412921800027107,4513,false,dcb2c10e4ac97b1d1289825869826fdec84593f7,ef768c17c85b2a8c,true,2026-09-20T15:05:40+00:00
20260920T145420Z-gpu_h192,electricity_hourly,T201,lstm,deep,168,192,150006,230.28469907205852,295.46267473209366,2.9767501495849573,29.411075496097805,393.5468559993751,16.10986328125,0.32472731600046245,4513,false,dcb2c10e4ac97b1d1289825869826fdec84593f7,ef768c17c85b2a8c,true,2026-09-20T15:05:40+00:00
20260920T145420Z-gpu_h192,electricity_hourly,T201,lstm,deep,168,192,150007,142.73668522026074,184.98415163289306,2.205137074532512,17.673851408712924,395.23711600031675,16.10986328125,0.3245807829998739,4513,false,dcb2c10e4ac97b1d1289825869826fdec84593f7,ef768c17c85b2a8c,true,2026-09-20T15:05:40+00:00
20260920T145420Z-gpu_h192,electricity_hourly,T201,lstm,deep,168,192,150008,125.49000556566618,159.4811709330192,1.7002785850071442,15.896501410945142,406.8440090004515,16.10986328125,0.3359438670004238,4513,false,dcb2c10e4ac97b1d1289825869826fdec84593f7,ef768c17c85b2a8c,true,2026-09-20T15:05:40+00:00
20260920T145420Z-gpu_h192,electricity_hourly,T201,lstm,deep,168,192,150009,254.40523788641255,301.3798142926767,3.9845936758367855,34.26139581775129,457.06415199947514,16.10986328125,0.378813614000137,4513,false,dcb2c10e4ac97b1d1289825869826fdec84593f7,ef768c17c85b2a8c,true,2026-09-20T15:05:40+00:00
20260920T145420Z-gpu_h192,electricity_hourly,T201,lstm,deep,168,192,150010,114.62387563572808,159.56639623870478,2.6760437891609667,15.162423704603778,444.9171469996145,16.10986328125,0.3711197930006165,4513,false,dcb2c10e4ac97b1d1289825869826fdec84593f7,ef768c17c85b2a8c,true,2026-09-20T15:05:40+00:00
20260920T145420Z-gpu_h192,electricity_hourly,T201,lstm,deep,168,192,150011,208.3791526518875,258.3478219731995,4.571389089255301,29.236644491057113,396.1269239998728,16.10986328125,0.32762952800021594,4513,false,dcb2c10e4ac97b1d1289825869826fdec84593f7,ef768c17c85b2a8c,true,2026-09-20T15:05:40+00:00
20260920T145420Z-gpu_h192,electricity_hourly,T201,lstm,deep,168,192,150012,160.39091830883618,217.04032569135484,4.454444018606058,21.72247219544973,405.2175930000885,16.10986328125,0.336377382000137,4513,false,dcb2c10e4ac97b1d1289825869826fdec84593f7,ef768c17c85b2a8c,true,2026-09-20T15:05:40+00:00
20260920T145420Z-gpu_h192,electricity_hourly,T201,lstm,deep,168,192,150013,129.9073620392992,177.24204225552364,1.9102073045705181,18.167469809481094,430.62979099977383,16.10986328125,0.3604338049999569,4513,false,dcb2c10e4ac97b1d1289825869826fdec84593f7,ef768c17c85b2a8c,true,2026-09-20T15:05:40+00:00
20260920T145420Z-gpu_h192,electricity_hourly,T201,lstm,deep,168,192,150014,69.26699501816121,100.9040950211491,1.0796024767415535,10.420024644757609,411.2581950003005,16.10986328125,0.339382373999797,4513,false,dcb2c10e4ac97b1d1289825869826fdec84593f7,ef768c17c85b2a8c,true,2026-09-20T15:05:40+00:00
20260920T145420Z-gpu_h192,electricity_hourly,T201,lstm,deep,168,192,150015,108.68864727543257,160.68508660655772,3.302630345571279,17.51842244508265,394.37296699998114,16.10986328125,0.32651145399995585,4513,false,dcb2c10e4ac97b1d1289825869826fdec84593f7,ef768c17c85b2a8c,true,2026-09-20T15:05:40+00:00
20260920T145420Z-gpu_h192,electricity_hourly,T201,lstm,deep,168,192,150016,150.04499609812396,212.3492300666731,3.7556891079662527,25.24146622063594,390.3806389998863,16.10986328125,0.3216652239998439,4513,false,dcb2c10e4ac97b1d1289825869826fdec84593f7,ef768c17c85b2a8c,true,2026-09-20T15:05:40+00:00
20260920T145420Z-gpu_h192,electricity_hourly,T201,lstm,deep,168,192,150017,57.84753788845547,88.68856676265573,1.462181052472808,9.26552387930809,400.83503299956647,16.10986328125,0.33245623799939494,4513,false,dcb2c10e4ac97b1d1289825869826fdec84593f7,ef768c17c85b2a8c,true,2026-09-20T15:05:40+00:00
20260920T145420Z-gpu_h192,electricity_hourly,T201,lstm,deep,168,192,150018,261.3274194403301,319.5554003761768,4.335885286255045,42.37528938217232,393.6443170005077,16.10986328125,0.32418221899933997,4513,false,dcb2c10e4ac97b1d1289825869826fdec84593f7,ef768c17c85b2a8c,true,2026-09-20T15:05:40+00:00
20260920T145420Z-gpu_h192,electricity_hourly,T201,lstm,deep,168,192,150019,182.03593440227897,242.01471778247077,4.5715337554810205,28.76958074650245,423.4138699994219,16.10986328125,0.34525661999941804,4513,false,dcb2c10e4ac97b1d1289825869826fdec84593f7,ef768c17c85b2a8c,true,2026-09-20T15:05:40+00:00
20260920T145420Z-gpu_h192,electricity_hourly,T201,lstm,deep,168,192,150020,113.02526694523603,170.96037635846835,1.9732830310516474,19.883097198953532,400.25890600009006,16.10986328125,0.33264766600041185,4513,false,dcb2c10e4ac97b1d1289825869826fdec84593f7,ef768c17c85b2a8c,true,2026-09-20T15:05:40+00:00
20260920T145420Z-gpu_h192,electricity_hourly,T201,transformer,deep,168,192,150000,43.40034535436553,61.84450910587762,0.7994946566494353,7.1771392201948725,587.5001439999323,10.6845703125,0.5817800810000335,19232,false,dcb2c10e4ac97b1d1289825869826fdec84593f7,ef768c17c85b2a8c,true,2026-09-20T15:05:57+00:00
20260920T145420Z-gpu_h192,electricity_hourly,T201,transformer,deep,168,192,150001,52.238487252573826,66.37390869840313,1.9832170219801293,8.18904049927267,583.0307639998864,10.525390625,0.5774950699997135,19232,false,dcb2c10e4ac97b1d1289825869826fdec84593f7,ef768c17c85b2a8c,true,2026-09-20T15:05:57+00:00
20260920T145420Z-gpu_h192,electricity_hourly,T201,transformer,deep,168,192,150002,43.52583708545243,56.2594626095715,1.0603485941981305,6.668099181079675,575.7380899995042,10.525390625,0.570439742000417,19232,false,dcb2c10e4ac97b1d1289825869826fdec84593f7,ef768c17c85b2a8c,true,2026-09-20T15:05:57+00:00
20260920T145420Z-gpu_h192,electricity_hourly,T201,transformer,deep,168,192,150003,55.9555906573677,79.32398440884153,2.0560359925136384,8.607746236199382,569.3687530001625,10.525390625,0.5637124519998906,19232,false,dcb2c10e4ac97b1d1289825869826fdec84593f7,ef768c17c85b2a8c,true,2026-09-20T15:05:57+00:00
20260920T145420Z-gpu_h192,electricity_hourly,T201,transformer,deep,168,192,150004,64.15295806845369,84.81787541580584,1.6356278261078843,9.835446683927351,565.2571139999054,10.525390625,0.5598801659998571,19232,false,dcb2c10e4ac97b1d1289825869826fdec84593f7,ef768c17c85b2a8c,true,2026-09-20T15:05:57+00:00
20260920T145420Z-gpu_h192,electricity_hourly,T201,transformer,deep,168,192,150005,91.50155458147033,141.90618820243628,2.9093009184658265,11.662673020198106,564.9464140005875,10.525390625,0.559240401000352,19232,false,dcb2c10e4ac97b1d1289825869826fdec84593f7,ef768c17c85b2a8c,true,2026-09-20T15:05:57+00:00
20260920T145420Z-gpu_h192,electricity_hourly,T201,transformer,deep,168,192,150006,225.25132607361263,283.464590260272,2.911686800233413,29.224221384134736,568.6368859996946,10.525390625,0.5631844429999546,19232,false,dcb2c10e4ac97b1d1289825869826fdec84593f7,ef768c17c85b2a8c,true,2026-09-20T15:05:57+00:00
20260920T145420Z-gpu_h192,electricity_hourly,T201,transformer,deep,168,192,150007,119.37013383558171,159.25399162195595,1.8441475455770588,14.32462480592312,572.0593819996793,10.525390625,0.5665577889994893,19232,false,dcb2c10e4ac97b1d1289825869826fdec84593f7,ef768c17c85b2a8c,true,2026-09-20T15:05:57+00:00
20260920T145420Z-gpu_h192,electricity_hourly,T201,transformer,deep,168,192,150008,121.01042486772701,159.03859889520433,1.6395842285427822,15.976214839888195,567.4180389996764,10.525390625,0.5617778499999986,19232,false,dcb2c10e4ac97b1d1289825869826fdec84593f7,ef768c17c85b2a8c,true,2026-09-20T15:05:57+00:00
20260920T145420Z-gpu_h192,electricity_hourly,T201,transformer,deep,168,192,150009,69.35338408511926,96.52186028320617,1.0862396463190314,9.195482827130348,561.7154519995893,10.525390625,0.5563069899999391,19232,false,dcb2c10e4ac97b1d1289825869826fdec84593f7,ef768c17c85b2a8c,true,2026-09-20T15:05:57+00:00
20260920T145420Z-gpu_h192,electricity_hourly,T201,transformer,deep,168,192,150010,57.796833888806326,75.04820333190439,1.349342425419603,7.661385076941389,565.2625419998003,10.525390625,0.5598494599998958,19232,false,dcb2c10e4ac97b1d1289825869826fdec84593f7,ef768c17c85b2a8c,true,2026-09-20T15:05:57+00:00
20260920T145420Z-gpu_h192,electricity_hourly,T201,transformer,deep,168,192,150011,51.884320111580585,64.5294683900329,1.1382300572924442,8.012365181851877,585.6439249992036,10.525390625,0.5799872170000526,19232,false,dcb2c10e4ac97b1d1289825869826fdec84593f7,ef768c17c85b2a8c,true,2026-09-20T15:05:57+00:00
20260920T145420Z-gpu_h192,electricity_hourly,T201,transformer,deep,168,192,150012,74.62906382997666,102.76294157697203,2.0726297379974232,10.053372875966415,597.0722370002477,10.525390625,0.5915796259996569,19232,false,dcb2c10e4ac97b1d1289825869826fdec84593f7,ef768c17c85b2a8c,true,2026-09-20T15:05:57+00:00
20260920T145420Z-gpu_h192,electricity_hourly,T201,transformer,deep,168,192,150013,152.0451277713832,194.56639121837426,2.2357294393014584,21.280998880013627,589.9701850003112,10.525390625,0.5842709489998015,19232,false,dcb2c10e4ac97b1d1289825869826fdec84593f7,ef768c17c85b2a8c,true,2026-09-20T15:05:57+00:00
20260920T145420Z-gpu_h192,electricity_hourly,T201,transformer,deep,168,192,150014,62.87513098630111,87.68583388582859,0.9799782294650242,9.313897810963741,583.5715430002892,10.525390625,0.5780268539992903,19232,false,dcb2c10e4ac97b1d1289825869826fdec84593f7,ef768c17c85b2a8c,true,2026-09-20T15:05:57+00:00
20260920T145420Z-gpu_h192,electricity_hourly,T201,transformer,deep,168,192,150015,65.91941775392303,88.02741151351215,2.0030378047193325,10.717054520703,599.1625790002217,10.525390625,0.5936291299994991,19232,false,dcb2c10e4ac97b1d1289825869826fdec84593f7,ef768c17c85b2a8c,true,2026-09-20T15:05:57+00:00
20260920T145420Z-gpu_h192,electricity_hourly,T201,transformer,deep,168,192,150016,123.7372698595439,169.88915668090436,3.0971956995957455,20.999986182535512,582.870320999973,10.525390625,0.5770819150002353,19232,false,dcb2c10e4ac97b1d1289825869826fdec84593f7,ef768c17c85b2a8c,true,2026-09-20T15:05:57+00:00
20260920T145420Z-gpu_h192,electricity_hourly,T201,transformer,deep,168,192,150017,85.76113612690658,125.24476311079758,2.1677380379628834,14.080534285354545,577.6277499999196,10.525390625,0.5721163680000245,19232,false,dcb2c10e4ac97b1d1289825869826fdec84593f7,ef768c17c85b2a8c,true,2026-09-20T15:05:57+00:00
20260920T145420Z-gpu_h192,electricity_hourly,T201,transformer,deep,168,192,150018,69.51670972819532,85.89661302025006,1.1534054846019273,11.43515965705106,602.3745269994834,10.525390625,0.5968817989996751,19232,false,dcb2c10e4ac97b1d1289825869826fdec84593f7,ef768c17c85b2a8c,true,2026-09-20T15:05:57+00:00
20260920T145420Z-gpu_h192,electricity_hourly,T201,transformer,deep,168,192,150019,79.66963280287702,110.08005486665701,2.000772082946336,12.206734138096941,590.2786720007498,10.525390625,0.5848204470003111,19232,false,dcb2c10e4ac97b1d1289825869826fdec84593f7,ef768c17c85b2a8c,true,2026-09-20T15:05:57+00:00
20260920T145420Z-gpu_h192,electricity_hourly,T201,transformer,deep,168,192,150020,94.35330541171668,152.97987676496362,1.6472934019504366,16.09454594264835,590.5369340007383,10.525390625,0.5849300569998377,19232,false,dcb2c10e4ac97b1d1289825869826fdec84593f7,ef768c17c85b2a8c,true,2026-09-20T15:05:57+00:00
20260920T145420Z-gpu_h192,electricity_hourly,T201,timesfm25,tsfm,168,192,150000,26.87088108062744,38.34143660494618,0.4949989606767752,4.31595780748311,214.83256600004097,13.52490234375,,231289280,true,dcb2c10e4ac97b1d1289825869826fdec84593f7,ef768c17c85b2a8c,true,2026-09-20T15:06:05+00:00
20260920T145420Z-gpu_h192,electricity_hourly,T201,timesfm25,tsfm,168,192,150001,43.78722604115804,59.67327332418924,1.6623676640988025,6.891832255372661,221.14914400026464,13.52490234375,,231289280,true,dcb2c10e4ac97b1d1289825869826fdec84593f7,ef768c17c85b2a8c,true,2026-09-20T15:06:05+00:00
20260920T145420Z-gpu_h192,electricity_hourly,T201,timesfm25,tsfm,168,192,150002,31.78714640935262,41.40681047085209,0.7743781226436773,4.789810886557102,206.69693799936795,13.52490234375,,231289280,true,dcb2c10e4ac97b1d1289825869826fdec84593f7,ef768c17c85b2a8c,true,2026-09-20T15:06:05+00:00
20260920T145420Z-gpu_h192,electricity_hourly,T201,timesfm25,tsfm,168,192,150003,31.106014887491863,49.94538370358381,1.1429615064554295,4.785034986661999,220.97681099967303,13.52490234375,,231289280,true,dcb2c10e4ac97b1d1289825869826fdec84593f7,ef768c17c85b2a8c,true,2026-09-20T15:06:05+00:00
20260920T145420Z-gpu_h192,electricity_hourly,T201,timesfm25,tsfm,168,192,150004,28.118589878082275,39.54391163209034,0.7169045577981317,4.138467789117076,223.09201700045378,13.52490234375,,231289280,true,dcb2c10e4ac97b1d1289825869826fdec84593f7,ef768c17c85b2a8c,true,2026-09-20T15:06:05+00:00
20260920T145420Z-gpu_h192,electricity_hourly,T201,timesfm25,tsfm,168,192,150005,67.84748474756877,119.03913148688846,2.1572174439500778,7.9159970780393785,219.35744300026272,13.52490234375,,231289280,true,dcb2c10e4ac97b1d1289825869826fdec84593f7,ef768c17c85b2a8c,true,2026-09-20T15:06:05+00:00
20260920T145420Z-gpu_h192,electricity_hourly,T201,timesfm25,tsfm,168,192,150006,76.61797984441121,116.23167109888824,0.9903939943981341,8.911170027832622,218.2036780004637,13.52490234375,,231289280,true,dcb2c10e4ac97b1d1289825869826fdec84593f7,ef768c17c85b2a8c,true,2026-09-20T15:06:05+00:00
20260920T145420Z-gpu_h192,electricity_hourly,T201,timesfm25,tsfm,168,192,150007,76.91866095860799,97.0358659961381,1.188315328617053,9.782955048062847,207.98686699981772,13.52490234375,,231289280,true,dcb2c10e4ac97b1d1289825869826fdec84593f7,ef768c17c85b2a8c,true,2026-09-20T15:06:05+00:00
20260920T145420Z-gpu_h192,electricity_hourly,T201,timesfm25,tsfm,168,192,150008,74.81585518519084,103.84339586444956,1.0136886664158338,9.946239803686431,219.967326999722,13.52490234375,,231289280,true,dcb2c10e4ac97b1d1289825869826fdec84593f7,ef768c17c85b2a8c,true,2026-09-20T15:06:05+00:00
20260920T145420Z-gpu_h192,electricity_hourly,T201,timesfm25,tsfm,168,192,150009,53.487146854400635,78.37331768080753,0.8377364745522832,6.771680882839835,217.79679800056329,13.52490234375,,231289280,true,dcb2c10e4ac97b1d1289825869826fdec84593f7,ef768c17c85b2a8c,true,2026-09-20T15:06:05+00:00
20260920T145420Z-gpu_h192,electricity_hourly,T201,timesfm25,tsfm,168,192,150010,42.81200488408407,58.50520009914879,0.9995020595506008,5.647175117675668,221.44770300019445,13.52490234375,,231289280,true,dcb2c10e4ac97b1d1289825869826fdec84593f7,ef768c17c85b2a8c,true,2026-09-20T15:06:05+00:00
20260920T145420Z-gpu_h192,electricity_hourly,T201,timesfm25,tsfm,168,192,150011,36.60380872090658,51.96808629787746,0.8030086008242759,5.675685197362843,217.0944330000566,13.52490234375,,231289280,true,dcb2c10e4ac97b1d1289825869826fdec84593f7,ef768c17c85b2a8c,true,2026-09-20T15:06:05+00:00
20260920T145420Z-gpu_h192,electricity_hourly,T201,timesfm25,tsfm,168,192,150012,54.061789194742836,84.9293756359245,1.5014267394489815,7.072303104240047,205.5550420000145,13.52490234375,,231289280,true,dcb2c10e4ac97b1d1289825869826fdec84593f7,ef768c17c85b2a8c,true,2026-09-20T15:06:05+00:00
20260920T145420Z-gpu_h192,electricity_hourly,T201,timesfm25,tsfm,168,192,150013,46.1947070757548,59.73030626190836,0.6792645582465732,6.775830840245598,225.83750900048472,13.52490234375,,231289280,true,dcb2c10e4ac97b1d1289825869826fdec84593f7,ef768c17c85b2a8c,true,2026-09-20T15:06:05+00:00
20260920T145420Z-gpu_h192,electricity_hourly,T201,timesfm25,tsfm,168,192,150014,46.01858568191528,77.31621592734726,0.7172503883749107,7.022851818931984,203.2888379999349,13.52490234375,,231289280,true,dcb2c10e4ac97b1d1289825869826fdec84593f7,ef768c17c85b2a8c,true,2026-09-20T15:06:05+00:00
20260920T145420Z-gpu_h192,electricity_hourly,T201,timesfm25,tsfm,168,192,150015,45.71551561355591,59.600407337468056,1.3891188538409054,7.427465614281789,221.01294900039647,13.52490234375,,231289280,true,dcb2c10e4ac97b1d1289825869826fdec84593f7,ef768c17c85b2a8c,true,2026-09-20T15:06:05+00:00
20260920T145420Z-gpu_h192,electricity_hourly,T201,timesfm25,tsfm,168,192,150016,31.822599569956463,47.74803910877116,0.7965329981007702,5.490453661602435,209.05734699954337,13.52490234375,,231289280,true,dcb2c10e4ac97b1d1289825869826fdec84593f7,ef768c17c85b2a8c,true,2026-09-20T15:06:05+00:00
20260920T145420Z-gpu_h192,electricity_hourly,T201,timesfm25,tsfm,168,192,150017,39.97034788131714,68.77419078239777,1.010308951186531,6.066838621458941,203.15216300059546,13.52490234375,,231289280,true,dcb2c10e4ac97b1d1289825869826fdec84593f7,ef768c17c85b2a8c,true,2026-09-20T15:06:05+00:00
20260920T145420Z-gpu_h192,electricity_hourly,T201,timesfm25,tsfm,168,192,150018,39.59781789779663,72.8051670379319,0.6569980155873619,5.449820880093579,208.48648799983494,13.52490234375,,231289280,true,dcb2c10e4ac97b1d1289825869826fdec84593f7,ef768c17c85b2a8c,true,2026-09-20T15:06:05+00:00
20260920T145420Z-gpu_h192,electricity_hourly,T201,timesfm25,tsfm,168,192,150019,44.99197959899902,82.83905238610298,1.1298997318199964,6.401728427204972,215.76153800015163,13.52490234375,,231289280,true,dcb2c10e4ac97b1d1289825869826fdec84593f7,ef768c17c85b2a8c,true,2026-09-20T15:06:05+00:00
20260920T145420Z-gpu_h192,electricity_hourly,T201,timesfm25,tsfm,168,192,150020,75.36847448348999,140.11877649237454,1.3158414555798446,12.768122637042708,201.8523409997215,13.52490234375,,231289280,true,dcb2c10e4ac97b1d1289825869826fdec84593f7,ef768c17c85b2a8c,true,2026-09-20T15:06:05+00:00
20260920T145420Z-gpu_h192,electricity_hourly,T201,chronos_bolt,tsfm,168,192,150000,25.556058406829834,35.390399384255794,0.470778100368875,3.9373642253127805,112.6862320006694,15.55126953125,,205292928,true,dcb2c10e4ac97b1d1289825869826fdec84593f7,ef768c17c85b2a8c,true,2026-09-20T15:06:11+00:00
20260920T145420Z-gpu_h192,electricity_hourly,T201,chronos_bolt,tsfm,168,192,150001,38.49327898025513,55.246322532576535,1.46138470159682,6.010089348278821,107.70542899990687,15.55126953125,,205292928,true,dcb2c10e4ac97b1d1289825869826fdec84593f7,ef768c17c85b2a8c,true,2026-09-20T15:06:11+00:00
20260920T145420Z-gpu_h192,electricity_hourly,T201,chronos_bolt,tsfm,168,192,150002,28.820372263590496,38.63956082969202,0.7021034691180902,4.209412751991262,103.54676800034213,15.55126953125,,205292928,true,dcb2c10e4ac97b1d1289825869826fdec84593f7,ef768c17c85b2a8c,true,2026-09-20T15:06:11+00:00
20260920T145420Z-gpu_h192,electricity_hourly,T201,chronos_bolt,tsfm,168,192,150003,32.955127557118736,51.29934521231778,1.2109054269520536,5.0080478568013485,107.03621600077895,15.55126953125,,205292928,true,dcb2c10e4ac97b1d1289825869826fdec84593f7,ef768c17c85b2a8c,true,2026-09-20T15:06:11+00:00
20260920T145420Z-gpu_h192,electricity_hourly,T201,chronos_bolt,tsfm,168,192,150004,24.502986590067547,35.53148629347185,0.6247220377071045,3.461700668246607,106.82218400052079,15.55126953125,,205292928,true,dcb2c10e4ac97b1d1289825869826fdec84593f7,ef768c17c85b2a8c,true,2026-09-20T15:06:11+00:00
20260920T145420Z-gpu_h192,electricity_hourly,T201,chronos_bolt,tsfm,168,192,150005,67.92837111155193,119.52859004586107,2.1597892338404674,7.844907597079864,102.37177600083669,15.55126953125,,205292928,true,dcb2c10e4ac97b1d1289825869826fdec84593f7,ef768c17c85b2a8c,true,2026-09-20T15:06:11+00:00
20260920T145420Z-gpu_h192,electricity_hourly,T201,chronos_bolt,tsfm,168,192,150006,69.12353626887004,113.75198266381165,0.8935178835473326,7.921120952572121,103.20188300011068,15.55126953125,,205292928,true,dcb2c10e4ac97b1d1289825869826fdec84593f7,ef768c17c85b2a8c,true,2026-09-20T15:06:11+00:00
20260920T145420Z-gpu_h192,electricity_hourly,T201,chronos_bolt,tsfm,168,192,150007,80.976668993632,100.06038988445955,1.251007438588457,10.013639967616204,115.1396699997349,15.55126953125,,205292928,true,dcb2c10e4ac97b1d1289825869826fdec84593f7,ef768c17c85b2a8c,true,2026-09-20T15:06:11+00:00
20260920T145420Z-gpu_h192,electricity_hourly,T201,chronos_bolt,tsfm,168,192,150008,73.27180814743042,102.636977053879,0.9927681946960839,9.778270408009337,116.8391100000008,15.55126953125,,205292928,true,dcb2c10e4ac97b1d1289825869826fdec84593f7,ef768c17c85b2a8c,true,2026-09-20T15:06:11+00:00
20260920T145420Z-gpu_h192,electricity_hourly,T201,chronos_bolt,tsfm,168,192,150009,53.47355922063192,76.65738257667054,0.8375236597532082,6.5533481347471625,112.61527100032254,15.55126953125,,205292928,true,dcb2c10e4ac97b1d1289825869826fdec84593f7,ef768c17c85b2a8c,true,2026-09-20T15:06:11+00:00
20260920T145420Z-gpu_h192,electricity_hourly,T201,chronos_bolt,tsfm,168,192,150010,43.729238986968994,59.483684342577966,1.020916085298887,5.780185495213358,110.86333399998693,15.55126953125,,205292928,true,dcb2c10e4ac97b1d1289825869826fdec84593f7,ef768c17c85b2a8c,true,2026-09-20T15:06:11+00:00
20260920T145420Z-gpu_h192,electricity_hourly,T201,chronos_bolt,tsfm,168,192,150011,32.45405594507853,45.99750532639077,0.7119719768572986,4.844924614384541,118.10370900002454,15.55126953125,,205292928,true,dcb2c10e4ac97b1d1289825869826fdec84593f7,ef768c17c85b2a8c,true,2026-09-20T15:06:11+00:00
20260920T145420Z-gpu_h192,electricity_hourly,T201,chronos_bolt,tsfm,168,192,150012,55.9042002360026,87.38977241302808,1.5525949535167551,7.2993009213392535,111.85205499987205,15.55126953125,,205292928,true,dcb2c10e4ac97b1d1289825869826fdec84593f7,ef768c17c85b2a8c,true,2026-09-20T15:06:11+00:00
20260920T145420Z-gpu_h192,electricity_hourly,T201,chronos_bolt,tsfm,168,192,150013,53.82178243001302,75.20361579855087,0.7914159777312239,7.955543254103824,117.36406999989413,15.55126953125,,205292928,true,dcb2c10e4ac97b1d1289825869826fdec84593f7,ef768c17c85b2a8c,true,2026-09-20T15:06:11+00:00
20260920T145420Z-gpu_h192,electricity_hourly,T201,chronos_bolt,tsfm,168,192,150014,50.374099254608154,79.67676533688305,0.7851358688887946,7.54762594544381,120.07473300036509,15.55126953125,,205292928,true,dcb2c10e4ac97b1d1289825869826fdec84593f7,ef768c17c85b2a8c,true,2026-09-20T15:06:11+00:00
20260920T145420Z-gpu_h192,electricity_hourly,T201,chronos_bolt,tsfm,168,192,150015,44.44585132598877,58.7991198063297,1.350538634931923,7.243089497834397,118.60669500038057,15.55126953125,,205292928,true,dcb2c10e4ac97b1d1289825869826fdec84593f7,ef768c17c85b2a8c,true,2026-09-20T15:06:11+00:00
20260920T145420Z-gpu_h192,electricity_hourly,T201,chronos_bolt,tsfm,168,192,150016,27.100314458211262,43.15915031791483,0.6783322235324912,4.438270901632776,120.84712199975911,15.55126953125,,205292928,true,dcb2c10e4ac97b1d1289825869826fdec84593f7,ef768c17c85b2a8c,true,2026-09-20T15:06:11+00:00
20260920T145420Z-gpu_h192,electricity_hourly,T201,chronos_bolt,tsfm,168,192,150017,38.63633871078491,66.9838528057398,0.9765899200198398,5.804510452357722,117.07972400017752,15.55126953125,,205292928,true,dcb2c10e4ac97b1d1289825869826fdec84593f7,ef768c17c85b2a8c,true,2026-09-20T15:06:11+00:00
20260920T145420Z-gpu_h192,electricity_hourly,T201,chronos_bolt,tsfm,168,192,150018,35.74165360132853,61.8611704484667,0.5930174119819458,5.1202893244833705,118.7057189999905,15.55126953125,,205292928,true,dcb2c10e4ac97b1d1289825869826fdec84593f7,ef768c17c85b2a8c,true,2026-09-20T15:06:11+00:00
20260920T145420Z-gpu_h192,electricity_hourly,T201,chronos_bolt,tsfm,168,192,150019,49.035447120666504,87.9369575049405,1.2314447829396542,6.719704314077234,114.14441200031433,15.55126953125,,205292928,true,dcb2c10e4ac97b1d1289825869826fdec84593f7,ef768c17c85b2a8c,true,2026-09-20T15:06:11+00:00
20260920T145420Z-gpu_h192,electricity_hourly,T201,chronos_bolt,tsfm,168,192,150020,73.35560274124146,137.9981210645832,1.2806991749198313,12.752644666321459,112.3538030005875,15.55126953125,,205292928,true,dcb2c10e4ac97b1d1289825869826fdec84593f7,ef768c17c85b2a8c,true,2026-09-20T15:06:11+00:00
20260920T145420Z-gpu_h192,electricity_hourly,T215,lstm,deep,168,192,160000,74.82160174808972,104.78038002021056,2.4348724636666486,13.457562865991978,419.85143100009736,16.14599609375,0.328625481999552,4513,false,dcb2c10e4ac97b1d1289825869826fdec84593f7,ef768c17c85b2a8c,true,2026-09-20T15:06:24+00:00
20260920T145420Z-gpu_h192,electricity_hourly,T215,lstm,deep,168,192,160001,186.32039112337597,237.62556915552545,5.9490324438505855,30.978833913460473,385.43857999957254,16.10986328125,0.3180111969995778,4513,false,dcb2c10e4ac97b1d1289825869826fdec84593f7,ef768c17c85b2a8c,true,2026-09-20T15:06:24+00:00
20260920T145420Z-gpu_h192,electricity_hourly,T215,lstm,deep,168,192,160002,86.87257149292121,117.3003948028652,3.2166753137003483,14.364997863744469,398.92801199948735,16.10986328125,0.3314878149994911,4513,false,dcb2c10e4ac97b1d1289825869826fdec84593f7,ef768c17c85b2a8c,true,2026-09-20T15:06:24+00:00
20260920T145420Z-gpu_h192,electricity_hourly,T215,lstm,deep,168,192,160003,132.95480741743268,179.015937986883,4.882808535605791,24.193456284006984,430.24663899996085,16.10986328125,0.3558081190003577,4513,false,dcb2c10e4ac97b1d1289825869826fdec84593f7,ef768c17c85b2a8c,true,2026-09-20T15:06:24+00:00
20260920T145420Z-gpu_h192,electricity_hourly,T215,lstm,deep,168,192,160004,171.2926131250292,212.68612631241677,5.3738859019617005,28.248872038478073,432.59539599966956,16.10986328125,0.35837890400034667,4513,false,dcb2c10e4ac97b1d1289825869826fdec84593f7,ef768c17c85b2a8c,true,2026-09-20T15:06:24+00:00
20260920T145420Z-gpu_h192,electricity_hourly,T215,lstm,deep,168,192,160005,173.764212928751,223.19213543139347,8.379787897434744,28.10169042012669,390.319639000154,16.10986328125,0.3229556579999553,4513,false,dcb2c10e4ac97b1d1289825869826fdec84593f7,ef768c17c85b2a8c,true,2026-09-20T15:06:24+00:00
20260920T145420Z-gpu_h192,electricity_hourly,T215,lstm,deep,168,192,160006,60.45868334814488,82.67210305008227,2.2874541256260805,9.800179816623638,411.9950929998595,16.10986328125,0.34097562999977526,4513,false,dcb2c10e4ac97b1d1289825869826fdec84593f7,ef768c17c85b2a8c,true,2026-09-20T15:06:24+00:00
20260920T145420Z-gpu_h192,electricity_hourly,T215,lstm,deep,168,192,160007,45.78513848911452,64.14430101361657,1.901113016849046,8.216343795430125,396.26889000010124,16.10986328125,0.32703598200077977,4513,false,dcb2c10e4ac97b1d1289825869826fdec84593f7,ef768c17c85b2a8c,true,2026-09-20T15:06:24+00:00
20260920T145420Z-gpu_h192,electricity_hourly,T215,lstm,deep,168,192,160008,108.99045645950197,147.69901374429384,4.78640613911811,18.93550044927153,393.65189999989525,16.10986328125,0.3264842870003122,4513,false,dcb2c10e4ac97b1d1289825869826fdec84593f7,ef768c17c85b2a8c,true,2026-09-20T15:06:24+00:00
20260920T145420Z-gpu_h192,electricity_hourly,T215,lstm,deep,168,192,160009,96.19897222629976,120.0287381477693,2.586380134538306,15.859128486023124,395.8153820003645,16.10986328125,0.32623178999983793,4513,false,dcb2c10e4ac97b1d1289825869826fdec84593f7,ef768c17c85b2a8c,true,2026-09-20T15:06:24+00:00
20260920T145420Z-gpu_h192,electricity_hourly,T215,lstm,deep,168,192,160010,68.06581274531491,95.21721546087414,3.16074718972117,12.085139193164075,380.1560169995355,16.10986328125,0.31149400800040894,4513,false,dcb2c10e4ac97b1d1289825869826fdec84593f7,ef768c17c85b2a8c,true,2026-09-20T15:06:24+00:00
20260920T145420Z-gpu_h192,electricity_hourly,T215,lstm,deep,168,192,160011,41.14747226096053,51.506769179374224,2.011964687802484,7.482022108507602,387.15780199981964,16.10986328125,0.32201629700011836,4513,false,dcb2c10e4ac97b1d1289825869826fdec84593f7,ef768c17c85b2a8c,true,2026-09-20T15:06:24+00:00
20260920T145420Z-gpu_h192,electricity_hourly,T215,lstm,deep,168,192,160012,141.68671771962488,185.04451679070897,5.56240113185005,26.782652475104445,383.98509999933594,16.10986328125,0.3169539700002133,4513,false,dcb2c10e4ac97b1d1289825869826fdec84593f7,ef768c17c85b2a8c,true,2026-09-20T15:06:24+00:00
20260920T145420Z-gpu_h192,electricity_hourly,T215,lstm,deep,168,192,160013,101.48023997140847,141.36259669616592,3.0848964652486424,20.271025578055614,382.16154300062044,16.10986328125,0.3159221269997943,4513,false,dcb2c10e4ac97b1d1289825869826fdec84593f7,ef768c17c85b2a8c,true,2026-09-20T15:06:24+00:00
20260920T145420Z-gpu_h192,electricity_hourly,T215,lstm,deep,168,192,160014,41.350873283833785,56.68368100601196,1.692107346653045,7.3659692702278585,390.8430879992011,16.10986328125,0.32522187100039446,4513,false,dcb2c10e4ac97b1d1289825869826fdec84593f7,ef768c17c85b2a8c,true,2026-09-20T15:06:24+00:00
20260920T145420Z-gpu_h192,electricity_hourly,T215,lstm,deep,168,192,160015,145.73824224030844,189.3129481043209,3.466519141493957,27.365614592348336,393.9084379999258,16.10986328125,0.3231898310004908,4513,false,dcb2c10e4ac97b1d1289825869826fdec84593f7,ef768c17c85b2a8c,true,2026-09-20T15:06:24+00:00
20260920T145420Z-gpu_h192,electricity_hourly,T215,lstm,deep,168,192,160016,131.93278304211876,160.54891108119745,3.8740458315793433,27.512751965904673,396.5389579998373,16.10986328125,0.32659445099943696,4513,false,dcb2c10e4ac97b1d1289825869826fdec84593f7,ef768c17c85b2a8c,true,2026-09-20T15:06:24+00:00
20260920T145420Z-gpu_h192,electricity_hourly,T215,lstm,deep,168,192,160017,139.55082762203406,163.9558202758352,3.9294718767252457,28.709664687026677,408.2357580000462,16.10986328125,0.3405125859999316,4513,false,dcb2c10e4ac97b1d1289825869826fdec84593f7,ef768c17c85b2a8c,true,2026-09-20T15:06:24+00:00
20260920T145420Z-gpu_h192,electricity_hourly,T215,lstm,deep,168,192,160018,80.37107528215846,110.98336635190452,4.093892762869055,17.467454375829185,388.60787300018274,16.10986328125,0.32014352199985296,4513,false,dcb2c10e4ac97b1d1289825869826fdec84593f7,ef768c17c85b2a8c,true,2026-09-20T15:06:24+00:00
20260920T145420Z-gpu_h192,electricity_hourly,T215,lstm,deep,168,192,160019,48.87823823537649,58.75342565247235,2.4498664482750487,9.936194056860536,369.69039700034045,16.10986328125,0.3048523800007388,4513,false,dcb2c10e4ac97b1d1289825869826fdec84593f7,ef768c17c85b2a8c,true,2026-09-20T15:06:24+00:00
20260920T145420Z-gpu_h192,electricity_hourly,T215,lstm,deep,168,192,160020,113.96475363813151,146.59331452869216,4.989639563359969,22.888620273957507,418.1001009992542,16.10986328125,0.3462560930001928,4513,false,dcb2c10e4ac97b1d1289825869826fdec84593f7,ef768c17c85b2a8c,true,2026-09-20T15:06:24+00:00
20260920T145420Z-gpu_h192,electricity_hourly,T215,transformer,deep,168,192,160000,48.134675754512195,61.50344263361529,1.5664165669264984,8.677968545916155,586.0510909997174,10.6845703125,0.580527494999842,19232,false,dcb2c10e4ac97b1d1289825869826fdec84593f7,ef768c17c85b2a8c,true,2026-09-20T15:06:41+00:00
20260920T145420Z-gpu_h192,electricity_hourly,T215,transformer,deep,168,192,160001,72.90064708883769,91.13252749544226,2.3276481553863917,11.859265071533304,623.1724500003111,10.525390625,0.6175379049991534,19232,false,dcb2c10e4ac97b1d1289825869826fdec84593f7,ef768c17c85b2a8c,true,2026-09-20T15:06:41+00:00
20260920T145420Z-gpu_h192,electricity_hourly,T215,transformer,deep,168,192,160002,59.30207898778025,71.9028864507758,2.195808530275227,9.72568619699878,580.3600509998432,10.525390625,0.5747083850001218,19232,false,dcb2c10e4ac97b1d1289825869826fdec84593f7,ef768c17c85b2a8c,true,2026-09-20T15:06:41+00:00
20260920T145420Z-gpu_h192,electricity_hourly,T215,transformer,deep,168,192,160003,35.45018566889305,44.77208081651465,1.3019195961031877,6.513168601736523,580.1307720003024,10.525390625,0.5747283999999127,19232,false,dcb2c10e4ac97b1d1289825869826fdec84593f7,ef768c17c85b2a8c,true,2026-09-20T15:06:41+00:00
20260920T145420Z-gpu_h192,electricity_hourly,T215,transformer,deep,168,192,160004,144.58793743350384,182.69252253573472,4.536092154776591,23.277076842667867,580.2094840000791,10.525390625,0.5744405169998572,19232,false,dcb2c10e4ac97b1d1289825869826fdec84593f7,ef768c17c85b2a8c,true,2026-09-20T15:06:41+00:00
20260920T145420Z-gpu_h192,electricity_hourly,T215,transformer,deep,168,192,160005,44.3850887674457,57.343483885866185,2.140473135469585,7.249981245763511,584.3643019998126,10.525390625,0.5789547080003103,19232,false,dcb2c10e4ac97b1d1289825869826fdec84593f7,ef768c17c85b2a8c,true,2026-09-20T15:06:41+00:00
20260920T145420Z-gpu_h192,electricity_hourly,T215,transformer,deep,168,192,160006,48.98537107244791,58.26079552379351,1.8533613858204148,7.870441636206051,593.441279000217,10.525390625,0.58813962000022,19232,false,dcb2c10e4ac97b1d1289825869826fdec84593f7,ef768c17c85b2a8c,true,2026-09-20T15:06:41+00:00
20260920T145420Z-gpu_h192,electricity_hourly,T215,transformer,deep,168,192,160007,42.34774367064274,53.39639740773411,1.7583838202343007,7.2379692990906825,588.6526539998158,10.525390625,0.5813212590001058,19232,false,dcb2c10e4ac97b1d1289825869826fdec84593f7,ef768c17c85b2a8c,true,2026-09-20T15:06:41+00:00
20260920T145420Z-gpu_h192,electricity_hourly,T215,transformer,deep,168,192,160008,88.04500773053275,115.51346700919837,3.8665694154305323,15.855543356582807,584.0670909992696,10.525390625,0.5786032020005223,19232,false,dcb2c10e4ac97b1d1289825869826fdec84593f7,ef768c17c85b2a8c,true,2026-09-20T15:06:41+00:00
20260920T145420Z-gpu_h192,electricity_hourly,T215,transformer,deep,168,192,160009,72.51682252493237,88.08780651523612,1.9496681186688314,12.218019559560638,593.251637999856,10.525390625,0.587533386999894,19232,false,dcb2c10e4ac97b1d1289825869826fdec84593f7,ef768c17c85b2a8c,true,2026-09-20T15:06:41+00:00
20260920T145420Z-gpu_h192,electricity_hourly,T215,transformer,deep,168,192,160010,30.887870191469883,39.04206477080591,1.434328702860904,5.462028407930012,605.91089799982,10.525390625,0.5998527390001982,19232,false,dcb2c10e4ac97b1d1289825869826fdec84593f7,ef768c17c85b2a8c,true,2026-09-20T15:06:41+00:00
20260920T145420Z-gpu_h192,electricity_hourly,T215,transformer,deep,168,192,160011,35.28255836143685,44.755436560470265,1.725191308674671,6.6385769423561864,578.8532960004886,10.525390625,0.5733191700001044,19232,false,dcb2c10e4ac97b1d1289825869826fdec84593f7,ef768c17c85b2a8c,true,2026-09-20T15:06:41+00:00
20260920T145420Z-gpu_h192,electricity_hourly,T215,transformer,deep,168,192,160012,55.2142156412929,70.91823940559087,2.167624605328838,10.037809557634096,578.8804419998996,10.525390625,0.5734196069997779,19232,false,dcb2c10e4ac97b1d1289825869826fdec84593f7,ef768c17c85b2a8c,true,2026-09-20T15:06:41+00:00
20260920T145420Z-gpu_h192,electricity_hourly,T215,transformer,deep,168,192,160013,34.98927221728079,43.42886598248052,1.0636384207913097,6.794279266903357,562.6864839996415,10.525390625,0.55682521000017,19232,false,dcb2c10e4ac97b1d1289825869826fdec84593f7,ef768c17c85b2a8c,true,2026-09-20T15:06:41+00:00
20260920T145420Z-gpu_h192,electricity_hourly,T215,transformer,deep,168,192,160014,108.95832024284482,139.9033074208132,4.4586524907557985,20.628001637907136,572.8134450000653,10.525390625,0.567458692999935,19232,false,dcb2c10e4ac97b1d1289825869826fdec84593f7,ef768c17c85b2a8c,true,2026-09-20T15:06:41+00:00
20260920T145420Z-gpu_h192,electricity_hourly,T215,transformer,deep,168,192,160015,83.79338833277292,99.87897181779836,1.9931033894812191,16.050841869189465,631.1080999994374,10.525390625,0.625129822999952,19232,false,dcb2c10e4ac97b1d1289825869826fdec84593f7,ef768c17c85b2a8c,true,2026-09-20T15:06:41+00:00
20260920T145420Z-gpu_h192,electricity_hourly,T215,transformer,deep,168,192,160016,57.78873369458162,79.25938655768955,1.6968959323041912,12.533759541102176,585.678241000096,10.525390625,0.5802775880001718,19232,false,dcb2c10e4ac97b1d1289825869826fdec84593f7,ef768c17c85b2a8c,true,2026-09-20T15:06:41+00:00
20260920T145420Z-gpu_h192,electricity_hourly,T215,transformer,deep,168,192,160017,46.93625680809083,60.75707104984437,1.3216310090663044,9.337498223239347,584.4930120001663,10.525390625,0.5785959009999715,19232,false,dcb2c10e4ac97b1d1289825869826fdec84593f7,ef768c17c85b2a8c,true,2026-09-20T15:06:41+00:00
20260920T145420Z-gpu_h192,electricity_hourly,T215,transformer,deep,168,192,160018,28.8669362891526,38.94845557566165,1.4704063762426511,6.776008842639334,571.1169939995671,10.525390625,0.5657472680004503,19232,false,dcb2c10e4ac97b1d1289825869826fdec84593f7,ef768c17c85b2a8c,true,2026-09-20T15:06:41+00:00
20260920T145420Z-gpu_h192,electricity_hourly,T215,transformer,deep,168,192,160019,42.54759369873701,52.78847909030943,2.1325629977786735,8.801680872044908,566.8600279996099,10.525390625,0.5612677699991764,19232,false,dcb2c10e4ac97b1d1289825869826fdec84593f7,ef768c17c85b2a8c,true,2026-09-20T15:06:41+00:00
20260920T145420Z-gpu_h192,electricity_hourly,T215,transformer,deep,168,192,160020,62.36885451621001,86.8901372395289,2.7306521892168565,12.635127636498689,579.4988110001213,10.525390625,0.5742458610002359,19232,false,dcb2c10e4ac97b1d1289825869826fdec84593f7,ef768c17c85b2a8c,true,2026-09-20T15:06:41+00:00
20260920T145420Z-gpu_h192,electricity_hourly,T215,timesfm25,tsfm,168,192,160000,31.265815416971844,41.96276637122507,1.0174638237387448,5.476003866920493,210.16260299984424,13.52490234375,,231289280,true,dcb2c10e4ac97b1d1289825869826fdec84593f7,ef768c17c85b2a8c,true,2026-09-20T15:06:49+00:00
20260920T145420Z-gpu_h192,electricity_hourly,T215,timesfm25,tsfm,168,192,160001,64.87357187271118,77.83029236155676,2.071351297044437,10.542498600035238,204.35463299963885,13.52490234375,,231289280,true,dcb2c10e4ac97b1d1289825869826fdec84593f7,ef768c17c85b2a8c,true,2026-09-20T15:06:49+00:00
20260920T145420Z-gpu_h192,electricity_hourly,T215,timesfm25,tsfm,168,192,160002,58.62469816207886,71.30520046994624,2.1707268026071884,9.115610126643688,204.5907840001746,13.52490234375,,231289280,true,dcb2c10e4ac97b1d1289825869826fdec84593f7,ef768c17c85b2a8c,true,2026-09-20T15:06:49+00:00
20260920T145420Z-gpu_h192,electricity_hourly,T215,timesfm25,tsfm,168,192,160003,23.39199177424113,28.908856579998087,0.8590785043332626,4.02518148273696,244.3635549998362,13.52490234375,,231289280,true,dcb2c10e4ac97b1d1289825869826fdec84593f7,ef768c17c85b2a8c,true,2026-09-20T15:06:49+00:00
20260920T145420Z-gpu_h192,electricity_hourly,T215,timesfm25,tsfm,168,192,160004,40.786465644836426,54.092252593731416,1.279575392779182,6.122382924015528,210.67397900060314,13.52490234375,,231289280,true,dcb2c10e4ac97b1d1289825869826fdec84593f7,ef768c17c85b2a8c,true,2026-09-20T15:06:49+00:00
20260920T145420Z-gpu_h192,electricity_hourly,T215,timesfm25,tsfm,168,192,160005,29.504825433095295,36.61188514279249,1.4228716886690296,4.71011189170139,210.70803300062835,13.52490234375,,231289280,true,dcb2c10e4ac97b1d1289825869826fdec84593f7,ef768c17c85b2a8c,true,2026-09-20T15:06:49+00:00
20260920T145420Z-gpu_h192,electricity_hourly,T215,timesfm25,tsfm,168,192,160006,26.237070242563885,34.55618296505671,0.9926794836913293,4.068776652886837,209.6857030001047,13.52490234375,,231289280,true,dcb2c10e4ac97b1d1289825869826fdec84593f7,ef768c17c85b2a8c,true,2026-09-20T15:06:49+00:00
20260920T145420Z-gpu_h192,electricity_hourly,T215,timesfm25,tsfm,168,192,160007,23.044544061024983,30.52782192399454,0.9568668814266429,4.069803769932692,208.28509400053008,13.52490234375,,231289280,true,dcb2c10e4ac97b1d1289825869826fdec84593f7,ef768c17c85b2a8c,true,2026-09-20T15:06:49+00:00
20260920T145420Z-gpu_h192,electricity_hourly,T215,timesfm25,tsfm,168,192,160008,40.69150940577189,52.65431503755969,1.7870013279753438,7.953483281698769,209.9831429995902,13.52490234375,,231289280,true,dcb2c10e4ac97b1d1289825869826fdec84593f7,ef768c17c85b2a8c,true,2026-09-20T15:06:49+00:00
20260920T145420Z-gpu_h192,electricity_hourly,T215,timesfm25,tsfm,168,192,160009,30.154705047607422,37.37443255445866,0.8107314277176007,4.79304873087415,211.6964460001327,13.52490234375,,231289280,true,dcb2c10e4ac97b1d1289825869826fdec84593f7,ef768c17c85b2a8c,true,2026-09-20T15:06:49+00:00
20260920T145420Z-gpu_h192,electricity_hourly,T215,timesfm25,tsfm,168,192,160010,19.155237833658855,24.27092689948837,0.8895047559003145,3.418580139804031,213.2856560001528,13.52490234375,,231289280,true,dcb2c10e4ac97b1d1289825869826fdec84593f7,ef768c17c85b2a8c,true,2026-09-20T15:06:49+00:00
20260920T145420Z-gpu_h192,electricity_hourly,T215,timesfm25,tsfm,168,192,160011,21.931081771850586,27.555809983036287,1.0723517063315737,3.9523486942568344,212.2924140003306,13.52490234375,,231289280,true,dcb2c10e4ac97b1d1289825869826fdec84593f7,ef768c17c85b2a8c,true,2026-09-20T15:06:49+00:00
20260920T145420Z-gpu_h192,electricity_hourly,T215,timesfm25,tsfm,168,192,160012,34.5053440729777,46.191669431578624,1.3546263758202806,5.815182888578039,212.93278200027999,13.52490234375,,231289280,true,dcb2c10e4ac97b1d1289825869826fdec84593f7,ef768c17c85b2a8c,true,2026-09-20T15:06:49+00:00
20260920T145420Z-gpu_h192,electricity_hourly,T215,timesfm25,tsfm,168,192,160013,27.113622665405273,33.88390960690232,0.8242266548064934,5.204274271925138,216.14559699992242,13.52490234375,,231289280,true,dcb2c10e4ac97b1d1289825869826fdec84593f7,ef768c17c85b2a8c,true,2026-09-20T15:06:49+00:00
20260920T145420Z-gpu_h192,electricity_hourly,T215,timesfm25,tsfm,168,192,160014,28.1283860206604,41.663086987610505,1.151033699055157,5.139160035931037,207.95917000032205,13.52490234375,,231289280,true,dcb2c10e4ac97b1d1289825869826fdec84593f7,ef768c17c85b2a8c,true,2026-09-20T15:06:49+00:00
20260920T145420Z-gpu_h192,electricity_hourly,T215,timesfm25,tsfm,168,192,160015,71.01012420654297,79.48779455150378,1.6890416064985445,13.17783481060519,219.24401799969928,13.52490234375,,231289280,true,dcb2c10e4ac97b1d1289825869826fdec84593f7,ef768c17c85b2a8c,true,2026-09-20T15:06:49+00:00
20260920T145420Z-gpu_h192,electricity_hourly,T215,timesfm25,tsfm,168,192,160016,34.260513146718345,44.44305096432693,1.00601833057248,7.254788236598666,217.43715100001282,13.52490234375,,231289280,true,dcb2c10e4ac97b1d1289825869826fdec84593f7,ef768c17c85b2a8c,true,2026-09-20T15:06:49+00:00
20260920T145420Z-gpu_h192,electricity_hourly,T215,timesfm25,tsfm,168,192,160017,34.04629055658976,46.83780885334681,0.9586753696028404,6.4754693981382445,211.8355579996205,13.52490234375,,231289280,true,dcb2c10e4ac97b1d1289825869826fdec84593f7,ef768c17c85b2a8c,true,2026-09-20T15:06:49+00:00
20260920T145420Z-gpu_h192,electricity_hourly,T215,timesfm25,tsfm,168,192,160018,19.934717655181885,24.97366565721035,1.0154224769530213,4.471157950056434,211.01194200036844,13.52490234375,,231289280,true,dcb2c10e4ac97b1d1289825869826fdec84593f7,ef768c17c85b2a8c,true,2026-09-20T15:06:49+00:00
20260920T145420Z-gpu_h192,electricity_hourly,T215,timesfm25,tsfm,168,192,160019,35.56965891520182,42.222534726384474,1.7828161795297814,7.092617851669091,212.3350929996377,13.52490234375,,231289280,true,dcb2c10e4ac97b1d1289825869826fdec84593f7,ef768c17c85b2a8c,true,2026-09-20T15:06:49+00:00
20260920T145420Z-gpu_h192,electricity_hourly,T215,timesfm25,tsfm,168,192,160020,34.718584855397545,59.94565796207413,1.5200596592208107,7.102874292278143,203.58104900060425,13.52490234375,,231289280,true,dcb2c10e4ac97b1d1289825869826fdec84593f7,ef768c17c85b2a8c,true,2026-09-20T15:06:49+00:00
20260920T145420Z-gpu_h192,electricity_hourly,T215,chronos_bolt,tsfm,168,192,160000,32.160073598225914,42.9599615801501,1.046565106925318,5.592853709628482,108.72771800040937,15.55126953125,,205292928,true,dcb2c10e4ac97b1d1289825869826fdec84593f7,ef768c17c85b2a8c,true,2026-09-20T15:06:55+00:00
20260920T145420Z-gpu_h192,electricity_hourly,T215,chronos_bolt,tsfm,168,192,160001,47.75543483098348,58.52860079904636,1.524785502363996,7.794446199516295,105.0889369998913,15.55126953125,,205292928,true,dcb2c10e4ac97b1d1289825869826fdec84593f7,ef768c17c85b2a8c,true,2026-09-20T15:06:55+00:00
20260920T145420Z-gpu_h192,electricity_hourly,T215,chronos_bolt,tsfm,168,192,160002,54.11854632695516,68.04690349574794,2.003875204700834,8.296722833407912,105.5414299999029,15.55126953125,,205292928,true,dcb2c10e4ac97b1d1289825869826fdec84593f7,ef768c17c85b2a8c,true,2026-09-20T15:06:55+00:00
20260920T145420Z-gpu_h192,electricity_hourly,T215,chronos_bolt,tsfm,168,192,160003,24.345378081003826,29.561542308632553,0.8940919264637978,4.2055797233734475,107.03011199984758,15.55126953125,,205292928,true,dcb2c10e4ac97b1d1289825869826fdec84593f7,ef768c17c85b2a8c,true,2026-09-20T15:06:55+00:00
20260920T145420Z-gpu_h192,electricity_hourly,T215,chronos_bolt,tsfm,168,192,160004,37.32875935236613,47.175560038386706,1.1710983326232511,6.118062665610908,109.41729600017425,15.55126953125,,205292928,true,dcb2c10e4ac97b1d1289825869826fdec84593f7,ef768c17c85b2a8c,true,2026-09-20T15:06:55+00:00
20260920T145420Z-gpu_h192,electricity_hourly,T215,chronos_bolt,tsfm,168,192,160005,28.79754368464152,35.78141108259605,1.3887629908199528,4.49177922356751,108.07253300026787,15.55126953125,,205292928,true,dcb2c10e4ac97b1d1289825869826fdec84593f7,ef768c17c85b2a8c,true,2026-09-20T15:06:55+00:00
20260920T145420Z-gpu_h192,electricity_hourly,T215,chronos_bolt,tsfm,168,192,160006,20.908288796742756,29.939122900625993,0.7910650516896891,3.3840702982817263,108.3634679998795,15.55126953125,,205292928,true,dcb2c10e4ac97b1d1289825869826fdec84593f7,ef768c17c85b2a8c,true,2026-09-20T15:06:55+00:00
20260920T145420Z-gpu_h192,electricity_hourly,T215,chronos_bolt,tsfm,168,192,160007,20.248040835062664,27.60973676632631,0.8407491004178269,3.5099334467063628,116.37090200019884,15.55126953125,,205292928,true,dcb2c10e4ac97b1d1289825869826fdec84593f7,ef768c17c85b2a8c,true,2026-09-20T15:06:55+00:00
20260920T145420Z-gpu_h192,electricity_hourly,T215,chronos_bolt,tsfm,168,192,160008,32.48816045125326,41.210540615414395,1.426744466294745,5.9322156370105965,109.5300059996589,15.55126953125,,205292928,true,dcb2c10e4ac97b1d1289825869826fdec84593f7,ef768c17c85b2a8c,true,2026-09-20T15:06:55+00:00
20260920T145420Z-gpu_h192,electricity_hourly,T215,chronos_bolt,tsfm,168,192,160009,23.580277760823567,30.54989408291975,0.63397311380855,3.833947745336953,111.10510599974077,15.55126953125,,205292928,true,dcb2c10e4ac97b1d1289825869826fdec84593f7,ef768c17c85b2a8c,true,2026-09-20T15:06:55+00:00
20260920T145420Z-gpu_h192,electricity_hourly,T215,chronos_bolt,tsfm,168,192,160010,18.895782470703125,23.413259160911448,0.8774565223415834,3.3344885302881293,119.2441430002873,15.55126953125,,205292928,true,dcb2c10e4ac97b1d1289825869826fdec84593f7,ef768c17c85b2a8c,true,2026-09-20T15:06:55+00:00
20260920T145420Z-gpu_h192,electricity_hourly,T215,chronos_bolt,tsfm,168,192,160011,22.863377888997395,29.036256175934778,1.117937662484083,4.1494340603865965,111.04514500038931,15.55126953125,,205292928,true,dcb2c10e4ac97b1d1289825869826fdec84593f7,ef768c17c85b2a8c,true,2026-09-20T15:06:55+00:00
20260920T145420Z-gpu_h192,electricity_hourly,T215,chronos_bolt,tsfm,168,192,160012,30.512452443440754,42.21083387973093,1.197871633548383,5.1759294393421476,113.29680899962113,15.55126953125,,205292928,true,dcb2c10e4ac97b1d1289825869826fdec84593f7,ef768c17c85b2a8c,true,2026-09-20T15:06:55+00:00
20260920T145420Z-gpu_h192,electricity_hourly,T215,chronos_bolt,tsfm,168,192,160013,26.936151186625164,33.64493367952225,0.8188317016833488,5.172596311167524,113.28228599995782,15.55126953125,,205292928,true,dcb2c10e4ac97b1d1289825869826fdec84593f7,ef768c17c85b2a8c,true,2026-09-20T15:06:55+00:00
20260920T145420Z-gpu_h192,electricity_hourly,T215,chronos_bolt,tsfm,168,192,160014,27.50984525680542,42.32439144368949,1.1257225680534186,5.028020634324284,120.52533400037646,15.55126953125,,205292928,true,dcb2c10e4ac97b1d1289825869826fdec84593f7,ef768c17c85b2a8c,true,2026-09-20T15:06:55+00:00
20260920T145420Z-gpu_h192,electricity_hourly,T215,chronos_bolt,tsfm,168,192,160015,69.66625531514485,80.00459731340221,1.6570764396070135,12.651954852344138,119.37135900006979,15.55126953125,,205292928,true,dcb2c10e4ac97b1d1289825869826fdec84593f7,ef768c17c85b2a8c,true,2026-09-20T15:06:55+00:00
20260920T145420Z-gpu_h192,electricity_hourly,T215,chronos_bolt,tsfm,168,192,160016,23.63709783554077,34.7290867351912,0.6940746509620455,4.868146797613545,115.4688590004298,15.55126953125,,205292928,true,dcb2c10e4ac97b1d1289825869826fdec84593f7,ef768c17c85b2a8c,true,2026-09-20T15:06:55+00:00
20260920T145420Z-gpu_h192,electricity_hourly,T215,chronos_bolt,tsfm,168,192,160017,33.19331932067871,45.47815785503841,0.934657407543554,6.301581282326165,117.45024099946022,15.55126953125,,205292928,true,dcb2c10e4ac97b1d1289825869826fdec84593f7,ef768c17c85b2a8c,true,2026-09-20T15:06:55+00:00
20260920T145420Z-gpu_h192,electricity_hourly,T215,chronos_bolt,tsfm,168,192,160018,17.178914546966553,21.37982319355214,0.8750490607581124,3.902126080101794,117.82041599963122,15.55126953125,,205292928,true,dcb2c10e4ac97b1d1289825869826fdec84593f7,ef768c17c85b2a8c,true,2026-09-20T15:06:55+00:00
20260920T145420Z-gpu_h192,electricity_hourly,T215,chronos_bolt,tsfm,168,192,160019,37.239099661509194,44.10933301281738,1.8664915945900884,7.468849483448177,115.28382400047121,15.55126953125,,205292928,true,dcb2c10e4ac97b1d1289825869826fdec84593f7,ef768c17c85b2a8c,true,2026-09-20T15:06:55+00:00
20260920T145420Z-gpu_h192,electricity_hourly,T215,chronos_bolt,tsfm,168,192,160020,35.57855939865112,60.14938794517417,1.5577113266663916,7.2688704899112295,117.71235299966065,15.55126953125,,205292928,true,dcb2c10e4ac97b1d1289825869826fdec84593f7,ef768c17c85b2a8c,true,2026-09-20T15:06:55+00:00
20260920T145420Z-gpu_h192,electricity_hourly,T228,lstm,deep,168,192,170000,82.75772425396654,103.63022665513576,4.892082221909352,36.467834196931975,381.41024299966375,16.14599609375,0.3132859399993322,4513,false,dcb2c10e4ac97b1d1289825869826fdec84593f7,ef768c17c85b2a8c,true,2026-09-20T15:07:07+00:00
20260920T145420Z-gpu_h192,electricity_hourly,T228,lstm,deep,168,192,170001,100.88869768182867,120.62905803854683,5.222132446507308,42.78301198328755,390.30297699991934,16.10986328125,0.32311705099982646,4513,false,dcb2c10e4ac97b1d1289825869826fdec84593f7,ef768c17c85b2a8c,true,2026-09-20T15:07:07+00:00
20260920T145420Z-gpu_h192,electricity_hourly,T228,lstm,deep,168,192,170002,82.39297904215975,104.5755199213162,6.237954249248688,35.43282397385397,376.60025200057134,16.10986328125,0.31169571400005225,4513,false,dcb2c10e4ac97b1d1289825869826fdec84593f7,ef768c17c85b2a8c,true,2026-09-20T15:07:07+00:00
20260920T145420Z-gpu_h192,electricity_hourly,T228,lstm,deep,168,192,170003,88.42562223158507,111.10348418146631,7.684544116685727,38.01042649903487,375.51346300006117,16.10986328125,0.30966170400006376,4513,false,dcb2c10e4ac97b1d1289825869826fdec84593f7,ef768c17c85b2a8c,true,2026-09-20T15:07:07+00:00
20260920T145420Z-gpu_h192,electricity_hourly,T228,lstm,deep,168,192,170004,85.06876435860346,106.5322485664546,6.1372254847890275,35.663511652505704,374.7323340003277,16.10986328125,0.3090353289999257,4513,false,dcb2c10e4ac97b1d1289825869826fdec84593f7,ef768c17c85b2a8c,true,2026-09-20T15:07:07+00:00
20260920T145420Z-gpu_h192,electricity_hourly,T228,lstm,deep,168,192,170005,31.62130979580145,42.75122587262396,1.8397852972102662,13.090576363611554,377.5854679997792,16.10986328125,0.3127067850000458,4513,false,dcb2c10e4ac97b1d1289825869826fdec84593f7,ef768c17c85b2a8c,true,2026-09-20T15:07:07+00:00
20260920T145420Z-gpu_h192,electricity_hourly,T228,lstm,deep,168,192,170006,79.6058712775278,101.72496711227467,5.054341033493828,31.73859059096603,373.3323910000763,16.10986328125,0.3089215840000179,4513,false,dcb2c10e4ac97b1d1289825869826fdec84593f7,ef768c17c85b2a8c,true,2026-09-20T15:07:07+00:00
20260920T145420Z-gpu_h192,electricity_hourly,T228,lstm,deep,168,192,170007,34.41911728131247,42.395129259019015,2.399009142550337,13.659114523975513,379.2633399998522,16.10986328125,0.31316056800005754,4513,false,dcb2c10e4ac97b1d1289825869826fdec84593f7,ef768c17c85b2a8c,true,2026-09-20T15:07:07+00:00
20260920T145420Z-gpu_h192,electricity_hourly,T228,lstm,deep,168,192,170008,75.05249534212895,99.79693675225482,3.751322224667327,30.732484034138892,377.05081999956747,16.10986328125,0.3056999150003321,4513,false,dcb2c10e4ac97b1d1289825869826fdec84593f7,ef768c17c85b2a8c,true,2026-09-20T15:07:07+00:00
20260920T145420Z-gpu_h192,electricity_hourly,T228,lstm,deep,168,192,170009,22.600867107496708,30.32590449566572,1.4101060933620129,8.87061263392935,390.68121800028166,16.10986328125,0.32159910799964564,4513,false,dcb2c10e4ac97b1d1289825869826fdec84593f7,ef768c17c85b2a8c,true,2026-09-20T15:07:07+00:00
20260920T145420Z-gpu_h192,electricity_hourly,T228,lstm,deep,168,192,170010,29.47426248742748,43.578557389143484,2.196839440056707,12.485107034307381,401.7630859998462,16.10986328125,0.3280758920000153,4513,false,dcb2c10e4ac97b1d1289825869826fdec84593f7,ef768c17c85b2a8c,true,2026-09-20T15:07:07+00:00
20260920T145420Z-gpu_h192,electricity_hourly,T228,lstm,deep,168,192,170011,31.705851080651232,44.67681025116082,2.3294094671498864,14.602281114633797,402.9616519992487,16.10986328125,0.327544816000227,4513,false,dcb2c10e4ac97b1d1289825869826fdec84593f7,ef768c17c85b2a8c,true,2026-09-20T15:07:07+00:00
20260920T145420Z-gpu_h192,electricity_hourly,T228,lstm,deep,168,192,170012,81.26398119382942,102.54086357420006,4.680805316764575,33.517901744526846,380.1224620001449,16.10986328125,0.3138429720002023,4513,false,dcb2c10e4ac97b1d1289825869826fdec84593f7,ef768c17c85b2a8c,true,2026-09-20T15:07:07+00:00
20260920T145420Z-gpu_h192,electricity_hourly,T228,lstm,deep,168,192,170013,64.06493093424214,86.58650365489473,2.5498479973827717,26.854945501161616,380.54648599973007,16.10986328125,0.311920471999656,4513,false,dcb2c10e4ac97b1d1289825869826fdec84593f7,ef768c17c85b2a8c,true,2026-09-20T15:07:07+00:00
20260920T145420Z-gpu_h192,electricity_hourly,T228,lstm,deep,168,192,170014,20.56687457501067,31.242344717690298,0.9529053857147801,8.455700502634977,388.31904200014833,16.10986328125,0.3221861970005193,4513,false,dcb2c10e4ac97b1d1289825869826fdec84593f7,ef768c17c85b2a8c,true,2026-09-20T15:07:07+00:00
20260920T145420Z-gpu_h192,electricity_hourly,T228,lstm,deep,168,192,170015,74.42288327572334,93.3300174883354,3.2514851916578156,31.103255857727873,382.77476000075694,16.10986328125,0.3166284660001111,4513,false,dcb2c10e4ac97b1d1289825869826fdec84593f7,ef768c17c85b2a8c,true,2026-09-20T15:07:07+00:00
20260920T145420Z-gpu_h192,electricity_hourly,T228,lstm,deep,168,192,170016,104.18885262870948,128.05652691619142,7.745583262020736,47.309810908201946,390.4541900001277,16.10986328125,0.3230423430004521,4513,false,dcb2c10e4ac97b1d1289825869826fdec84593f7,ef768c17c85b2a8c,true,2026-09-20T15:07:07+00:00
20260920T145420Z-gpu_h192,electricity_hourly,T228,lstm,deep,168,192,170017,90.09467492752412,116.29421043690152,7.6631028881060095,40.4478345655647,386.3150039996981,16.10986328125,0.31817208800021035,4513,false,dcb2c10e4ac97b1d1289825869826fdec84593f7,ef768c17c85b2a8c,true,2026-09-20T15:07:07+00:00
20260920T145420Z-gpu_h192,electricity_hourly,T228,lstm,deep,168,192,170018,103.5626772588243,123.43975984212668,7.0178943648332694,46.537493434478414,388.82092099993315,16.10986328125,0.3185888360003446,4513,false,dcb2c10e4ac97b1d1289825869826fdec84593f7,ef768c17c85b2a8c,true,2026-09-20T15:07:07+00:00
20260920T145420Z-gpu_h192,electricity_hourly,T228,lstm,deep,168,192,170019,87.83594220970996,111.72700405861033,7.13790952494257,38.20391947019474,386.85129700024845,16.10986328125,0.31798103999972227,4513,false,dcb2c10e4ac97b1d1289825869826fdec84593f7,ef768c17c85b2a8c,true,2026-09-20T15:07:07+00:00
20260920T145420Z-gpu_h192,electricity_hourly,T228,lstm,deep,168,192,170020,83.38166786966461,103.03501343492373,6.557597036172421,38.23556495292712,383.2912389998455,16.10986328125,0.3140455379998457,4513,false,dcb2c10e4ac97b1d1289825869826fdec84593f7,ef768c17c85b2a8c,true,2026-09-20T15:07:07+00:00
20260920T145420Z-gpu_h192,electricity_hourly,T228,transformer,deep,168,192,170000,47.25223297139619,67.33524347395596,2.7932354465849962,21.45605504295537,574.5556439997017,10.6845703125,0.5690530789997865,19232,false,dcb2c10e4ac97b1d1289825869826fdec84593f7,ef768c17c85b2a8c,true,2026-09-20T15:07:24+00:00
20260920T145420Z-gpu_h192,electricity_hourly,T228,transformer,deep,168,192,170001,29.2052902133492,41.63413178377826,1.5117044538901097,12.385650881163546,572.9166030005217,10.525390625,0.5671929150003052,19232,false,dcb2c10e4ac97b1d1289825869826fdec84593f7,ef768c17c85b2a8c,true,2026-09-20T15:07:24+00:00
20260920T145420Z-gpu_h192,electricity_hourly,T228,transformer,deep,168,192,170002,21.03037010014882,29.63848776043156,1.592204676351961,9.711888974108735,605.0272809998205,10.525390625,0.5989349179999408,19232,false,dcb2c10e4ac97b1d1289825869826fdec84593f7,ef768c17c85b2a8c,true,2026-09-20T15:07:24+00:00
20260920T145420Z-gpu_h192,electricity_hourly,T228,transformer,deep,168,192,170003,22.78890337340883,30.876958741904165,1.9804478489866453,10.18899778615129,605.5520449999676,10.525390625,0.5998237919993699,19232,false,dcb2c10e4ac97b1d1289825869826fdec84593f7,ef768c17c85b2a8c,true,2026-09-20T15:07:24+00:00
20260920T145420Z-gpu_h192,electricity_hourly,T228,transformer,deep,168,192,170004,28.86734132481736,41.190218505284804,2.0826138029928356,11.955731849121483,587.7405849996649,10.525390625,0.5822879449997345,19232,false,dcb2c10e4ac97b1d1289825869826fdec84593f7,ef768c17c85b2a8c,true,2026-09-20T15:07:24+00:00
20260920T145420Z-gpu_h192,electricity_hourly,T228,transformer,deep,168,192,170005,44.80018102150107,62.29321208477894,2.6065559867055166,18.096339259618496,615.0954820004699,10.525390625,0.6095394110006964,19232,false,dcb2c10e4ac97b1d1289825869826fdec84593f7,ef768c17c85b2a8c,true,2026-09-20T15:07:24+00:00
20260920T145420Z-gpu_h192,electricity_hourly,T228,transformer,deep,168,192,170006,24.639299727705247,33.831707739929996,1.5643999827114443,9.752491648221067,584.3349030001264,10.525390625,0.5786659639998106,19232,false,dcb2c10e4ac97b1d1289825869826fdec84593f7,ef768c17c85b2a8c,true,2026-09-20T15:07:24+00:00
20260920T145420Z-gpu_h192,electricity_hourly,T228,transformer,deep,168,192,170007,36.32256668177749,46.42012508704078,2.531679381498528,14.448829832939728,568.4332459995858,10.525390625,0.5630364469998312,19232,false,dcb2c10e4ac97b1d1289825869826fdec84593f7,ef768c17c85b2a8c,true,2026-09-20T15:07:24+00:00
20260920T145420Z-gpu_h192,electricity_hourly,T228,transformer,deep,168,192,170008,36.294649675782686,52.848421206257676,1.8141025870575174,15.403461236080274,567.751466000118,10.525390625,0.5620859700002256,19232,false,dcb2c10e4ac97b1d1289825869826fdec84593f7,ef768c17c85b2a8c,true,2026-09-20T15:07:24+00:00
20260920T145420Z-gpu_h192,electricity_hourly,T228,transformer,deep,168,192,170009,28.71869899824951,38.3770924253549,1.7918079097694668,11.824361036191956,566.2850489998164,10.525390625,0.560850066999592,19232,false,dcb2c10e4ac97b1d1289825869826fdec84593f7,ef768c17c85b2a8c,true,2026-09-20T15:07:24+00:00
20260920T145420Z-gpu_h192,electricity_hourly,T228,transformer,deep,168,192,170010,20.855522952702334,27.01131362597271,1.5544489157293666,8.5576938076639,577.6541290006207,10.525390625,0.5720635440002297,19232,false,dcb2c10e4ac97b1d1289825869826fdec84593f7,ef768c17c85b2a8c,true,2026-09-20T15:07:24+00:00
20260920T145420Z-gpu_h192,electricity_hourly,T228,transformer,deep,168,192,170011,44.41266681232502,62.121278153622434,3.262971439272859,19.594126613911854,624.242896999931,10.525390625,0.6186557410001114,19232,false,dcb2c10e4ac97b1d1289825869826fdec84593f7,ef768c17c85b2a8c,true,2026-09-20T15:07:24+00:00
20260920T145420Z-gpu_h192,electricity_hourly,T228,transformer,deep,168,192,170012,23.891469840479516,35.710665365279546,1.3761486628116202,10.777533434452751,578.939445999822,10.525390625,0.572937216000355,19232,false,dcb2c10e4ac97b1d1289825869826fdec84593f7,ef768c17c85b2a8c,true,2026-09-20T15:07:24+00:00
20260920T145420Z-gpu_h192,electricity_hourly,T228,transformer,deep,168,192,170013,39.6899134307061,54.15587605903464,1.5796980469932775,17.56279812916739,580.7721619994481,10.525390625,0.5750361079999493,19232,false,dcb2c10e4ac97b1d1289825869826fdec84593f7,ef768c17c85b2a8c,true,2026-09-20T15:07:24+00:00
20260920T145420Z-gpu_h192,electricity_hourly,T228,transformer,deep,168,192,170014,22.79159253221194,32.88251973591473,1.0559811211835648,9.881078059988878,571.629777000453,10.525390625,0.5662362310004028,19232,false,dcb2c10e4ac97b1d1289825869826fdec84593f7,ef768c17c85b2a8c,true,2026-09-20T15:07:24+00:00
20260920T145420Z-gpu_h192,electricity_hourly,T228,transformer,deep,168,192,170015,42.848278922108534,62.85048479310025,1.872012185917363,19.442981567243454,575.3492390003885,10.525390625,0.5697283230001631,19232,false,dcb2c10e4ac97b1d1289825869826fdec84593f7,ef768c17c85b2a8c,true,2026-09-20T15:07:24+00:00
20260920T145420Z-gpu_h192,electricity_hourly,T228,transformer,deep,168,192,170016,25.19731345899645,35.7877402842749,1.8732127713451157,11.625488397332669,576.493532999848,10.525390625,0.5710580209997715,19232,false,dcb2c10e4ac97b1d1289825869826fdec84593f7,ef768c17c85b2a8c,true,2026-09-20T15:07:24+00:00
20260920T145420Z-gpu_h192,electricity_hourly,T228,transformer,deep,168,192,170017,27.51938376043118,38.99426782962188,2.340691826049669,13.155058766370612,572.9947549998542,10.525390625,0.5673132560004888,19232,false,dcb2c10e4ac97b1d1289825869826fdec84593f7,ef768c17c85b2a8c,true,2026-09-20T15:07:24+00:00
20260920T145420Z-gpu_h192,electricity_hourly,T228,transformer,deep,168,192,170018,22.398055456475443,31.385234849182435,1.517797640344689,10.133874422749885,625.8327030000146,10.525390625,0.6203750370004855,19232,false,dcb2c10e4ac97b1d1289825869826fdec84593f7,ef768c17c85b2a8c,true,2026-09-20T15:07:24+00:00
20260920T145420Z-gpu_h192,electricity_hourly,T228,transformer,deep,168,192,170019,17.65369678482388,22.49744053063555,1.4346119283378322,8.916400637918258,582.7346879996185,10.525390625,0.5770695810006146,19232,false,dcb2c10e4ac97b1d1289825869826fdec84593f7,ef768c17c85b2a8c,true,2026-09-20T15:07:24+00:00
20260920T145420Z-gpu_h192,electricity_hourly,T228,transformer,deep,168,192,170020,49.46063005107849,73.35405143930406,3.889858398337139,23.139959995076808,572.2555539996392,10.525390625,0.5666520189997755,19232,false,dcb2c10e4ac97b1d1289825869826fdec84593f7,ef768c17c85b2a8c,true,2026-09-20T15:07:24+00:00
20260920T145420Z-gpu_h192,electricity_hourly,T228,timesfm25,tsfm,168,192,170000,15.767293691635132,22.999117179660264,0.9320567699488748,6.298365322037479,209.60275500056014,13.52490234375,,231289280,true,dcb2c10e4ac97b1d1289825869826fdec84593f7,ef768c17c85b2a8c,true,2026-09-20T15:07:32+00:00
20260920T145420Z-gpu_h192,electricity_hourly,T228,timesfm25,tsfm,168,192,170001,17.027287085851032,24.11118418388687,0.8813549030778393,6.512433720705131,199.73636100075964,13.52490234375,,231289280,true,dcb2c10e4ac97b1d1289825869826fdec84593f7,ef768c17c85b2a8c,true,2026-09-20T15:07:32+00:00
20260920T145420Z-gpu_h192,electricity_hourly,T228,timesfm25,tsfm,168,192,170002,13.23663075764974,19.278171811281915,1.0021423917463526,5.820673623524752,215.65446200020233,13.52490234375,,231289280,true,dcb2c10e4ac97b1d1289825869826fdec84593f7,ef768c17c85b2a8c,true,2026-09-20T15:07:32+00:00
20260920T145420Z-gpu_h192,electricity_hourly,T228,timesfm25,tsfm,168,192,170003,11.299794634183248,14.668533912899528,0.981997843887983,4.702330840075442,216.68882300036785,13.52490234375,,231289280,true,dcb2c10e4ac97b1d1289825869826fdec84593f7,ef768c17c85b2a8c,true,2026-09-20T15:07:32+00:00
20260920T145420Z-gpu_h192,electricity_hourly,T228,timesfm25,tsfm,168,192,170004,15.686183253924051,21.795414202003222,1.1316685313452222,6.569637537984862,214.83797900054924,13.52490234375,,231289280,true,dcb2c10e4ac97b1d1289825869826fdec84593f7,ef768c17c85b2a8c,true,2026-09-20T15:07:32+00:00
20260920T145420Z-gpu_h192,electricity_hourly,T228,timesfm25,tsfm,168,192,170005,17.95452070236206,27.933620555830476,1.0446266590465199,7.02664851173335,212.19058299993776,13.52490234375,,231289280,true,dcb2c10e4ac97b1d1289825869826fdec84593f7,ef768c17c85b2a8c,true,2026-09-20T15:07:32+00:00
20260920T145420Z-gpu_h192,electricity_hourly,T228,timesfm25,tsfm,168,192,170006,14.095388730367025,20.27502999769773,0.8949453162137794,5.060439685402527,193.33086000006006,13.52490234375,,231289280,true,dcb2c10e4ac97b1d1289825869826fdec84593f7,ef768c17c85b2a8c,true,2026-09-20T15:07:32+00:00
20260920T145420Z-gpu_h192,electricity_hourly,T228,timesfm25,tsfm,168,192,170007,15.608253320058187,19.325564877322343,1.0878937454445203,6.403766911376282,215.1048069999888,13.52490234375,,231289280,true,dcb2c10e4ac97b1d1289825869826fdec84593f7,ef768c17c85b2a8c,true,2026-09-20T15:07:32+00:00
20260920T145420Z-gpu_h192,electricity_hourly,T228,timesfm25,tsfm,168,192,170008,13.279028336207071,17.83679199608397,0.6637209581443313,5.472027242674504,202.02476600024966,13.52490234375,,231289280,true,dcb2c10e4ac97b1d1289825869826fdec84593f7,ef768c17c85b2a8c,true,2026-09-20T15:07:32+00:00
20260920T145420Z-gpu_h192,electricity_hourly,T228,timesfm25,tsfm,168,192,170009,13.613455613454184,17.743625896874335,0.8493663814286838,5.405525738606093,213.55024200056505,13.52490234375,,231289280,true,dcb2c10e4ac97b1d1289825869826fdec84593f7,ef768c17c85b2a8c,true,2026-09-20T15:07:32+00:00
20260920T145420Z-gpu_h192,electricity_hourly,T228,timesfm25,tsfm,168,192,170010,13.53684147198995,16.92728559154888,1.008957128347077,5.216753348281586,215.0940100000298,13.52490234375,,231289280,true,dcb2c10e4ac97b1d1289825869826fdec84593f7,ef768c17c85b2a8c,true,2026-09-20T15:07:32+00:00
20260920T145420Z-gpu_h192,electricity_hourly,T228,timesfm25,tsfm,168,192,170011,13.443344990412394,17.99673831490944,0.9876743258262167,5.281533378608233,207.42707600038557,13.52490234375,,231289280,true,dcb2c10e4ac97b1d1289825869826fdec84593f7,ef768c17c85b2a8c,true,2026-09-20T15:07:32+00:00
20260920T145420Z-gpu_h192,electricity_hourly,T228,timesfm25,tsfm,168,192,170012,15.949679533640543,28.066136360913678,0.9187015411376953,6.989125996876744,203.73559299969202,13.52490234375,,231289280,true,dcb2c10e4ac97b1d1289825869826fdec84593f7,ef768c17c85b2a8c,true,2026-09-20T15:07:32+00:00
20260920T145420Z-gpu_h192,electricity_hourly,T228,timesfm25,tsfm,168,192,170013,17.551337321599323,22.87257478635616,0.6985606894168885,7.353074332172056,210.66126499954407,13.52490234375,,231289280,true,dcb2c10e4ac97b1d1289825869826fdec84593f7,ef768c17c85b2a8c,true,2026-09-20T15:07:32+00:00
20260920T145420Z-gpu_h192,electricity_hourly,T228,timesfm25,tsfm,168,192,170014,17.326955159505207,25.246362635873524,0.8027932892434846,6.807239951164493,212.6260259992705,13.52490234375,,231289280,true,dcb2c10e4ac97b1d1289825869826fdec84593f7,ef768c17c85b2a8c,true,2026-09-20T15:07:32+00:00
20260920T145420Z-gpu_h192,electricity_hourly,T228,timesfm25,tsfm,168,192,170015,29.552511771519978,34.34452756776067,1.2911291550664068,14.198803884727576,216.0280080006487,13.52490234375,,231289280,true,dcb2c10e4ac97b1d1289825869826fdec84593f7,ef768c17c85b2a8c,true,2026-09-20T15:07:32+00:00
20260920T145420Z-gpu_h192,electricity_hourly,T228,timesfm25,tsfm,168,192,170016,11.127684593200684,14.018825272414592,0.8272517198868861,5.054701210091616,217.6166680001188,13.52490234375,,231289280,true,dcb2c10e4ac97b1d1289825869826fdec84593f7,ef768c17c85b2a8c,true,2026-09-20T15:07:32+00:00
20260920T145420Z-gpu_h192,electricity_hourly,T228,timesfm25,tsfm,168,192,170017,12.532256921132406,16.798993426120013,1.0659450659439258,5.606660082371582,213.89020100014022,13.52490234375,,231289280,true,dcb2c10e4ac97b1d1289825869826fdec84593f7,ef768c17c85b2a8c,true,2026-09-20T15:07:32+00:00
20260920T145420Z-gpu_h192,electricity_hourly,T228,timesfm25,tsfm,168,192,170018,11.225018858909607,14.7293936715196,0.7606601014978746,4.990474347585618,200.66309200046817,13.52490234375,,231289280,true,dcb2c10e4ac97b1d1289825869826fdec84593f7,ef768c17c85b2a8c,true,2026-09-20T15:07:32+00:00
20260920T145420Z-gpu_h192,electricity_hourly,T228,timesfm25,tsfm,168,192,170019,11.948702414830526,16.982046189287058,0.9710006477063182,5.521743130949084,199.55990299968107,13.52490234375,,231289280,true,dcb2c10e4ac97b1d1289825869826fdec84593f7,ef768c17c85b2a8c,true,2026-09-20T15:07:32+00:00
20260920T145420Z-gpu_h192,electricity_hourly,T228,timesfm25,tsfm,168,192,170020,29.98496715227763,57.92292316732234,2.3581841998514355,13.613399309478917,236.76646500007337,13.52490234375,,231289280,true,dcb2c10e4ac97b1d1289825869826fdec84593f7,ef768c17c85b2a8c,true,2026-09-20T15:07:32+00:00
20260920T145420Z-gpu_h192,electricity_hourly,T228,chronos_bolt,tsfm,168,192,170000,14.610983888308207,21.986956710258514,0.8637034810822585,5.9913162479814375,106.99896400001307,15.55126953125,,205292928,true,dcb2c10e4ac97b1d1289825869826fdec84593f7,ef768c17c85b2a8c,true,2026-09-20T15:07:39+00:00
20260920T145420Z-gpu_h192,electricity_hourly,T228,chronos_bolt,tsfm,168,192,170001,17.528055747350056,24.562830685947052,0.907275351408486,6.378843935634755,107.98696300025767,15.55126953125,,205292928,true,dcb2c10e4ac97b1d1289825869826fdec84593f7,ef768c17c85b2a8c,true,2026-09-20T15:07:39+00:00
20260920T145420Z-gpu_h192,electricity_hourly,T228,chronos_bolt,tsfm,168,192,170002,13.496261914571127,19.298296103565253,1.0217990093050695,5.947731227362735,106.97438899933331,15.55126953125,,205292928,true,dcb2c10e4ac97b1d1289825869826fdec84593f7,ef768c17c85b2a8c,true,2026-09-20T15:07:39+00:00
20260920T145420Z-gpu_h192,electricity_hourly,T228,chronos_bolt,tsfm,168,192,170003,10.010619084040323,13.756405265778646,0.8699632758610781,4.057152583822042,113.86720399968908,15.55126953125,,205292928,true,dcb2c10e4ac97b1d1289825869826fdec84593f7,ef768c17c85b2a8c,true,2026-09-20T15:07:39+00:00
20260920T145420Z-gpu_h192,electricity_hourly,T228,chronos_bolt,tsfm,168,192,170004,14.162831703821817,20.070514409680825,1.0217674175101912,5.600356252894021,111.35356900012994,15.55126953125,,205292928,true,dcb2c10e4ac97b1d1289825869826fdec84593f7,ef768c17c85b2a8c,true,2026-09-20T15:07:39+00:00
20260920T145420Z-gpu_h192,electricity_hourly,T228,chronos_bolt,tsfm,168,192,170005,13.194485187530518,19.939039780170376,0.7676791381835938,4.850031549094499,115.66430000038963,15.55126953125,,205292928,true,dcb2c10e4ac97b1d1289825869826fdec84593f7,ef768c17c85b2a8c,true,2026-09-20T15:07:39+00:00
20260920T145420Z-gpu_h192,electricity_hourly,T228,chronos_bolt,tsfm,168,192,170006,12.366472800572714,17.222808691026188,0.785172876226839,4.484863038426793,117.90443699919706,15.55126953125,,205292928,true,dcb2c10e4ac97b1d1289825869826fdec84593f7,ef768c17c85b2a8c,true,2026-09-20T15:07:39+00:00
20260920T145420Z-gpu_h192,electricity_hourly,T228,chronos_bolt,tsfm,168,192,170007,16.546340703964233,20.253146686430075,1.1532783452908275,6.735830528752208,114.36428100023477,15.55126953125,,205292928,true,dcb2c10e4ac97b1d1289825869826fdec84593f7,ef768c17c85b2a8c,true,2026-09-20T15:07:39+00:00
20260920T145420Z-gpu_h192,electricity_hourly,T228,chronos_bolt,tsfm,168,192,170008,12.350098133087158,18.66928193024892,0.6172905696510069,4.970156045440006,117.20548099947337,15.55126953125,,205292928,true,dcb2c10e4ac97b1d1289825869826fdec84593f7,ef768c17c85b2a8c,true,2026-09-20T15:07:39+00:00
20260920T145420Z-gpu_h192,electricity_hourly,T228,chronos_bolt,tsfm,168,192,170009,13.58635926246643,17.314704596948147,0.8476757945386334,5.083276720726095,117.65010799990705,15.55126953125,,205292928,true,dcb2c10e4ac97b1d1289825869826fdec84593f7,ef768c17c85b2a8c,true,2026-09-20T15:07:39+00:00
20260920T145420Z-gpu_h192,electricity_hourly,T228,chronos_bolt,tsfm,168,192,170010,12.134447971979776,15.360435986786644,0.9044309047438344,4.553851185098632,116.42841899993073,15.55126953125,,205292928,true,dcb2c10e4ac97b1d1289825869826fdec84593f7,ef768c17c85b2a8c,true,2026-09-20T15:07:39+00:00
20260920T145420Z-gpu_h192,electricity_hourly,T228,chronos_bolt,tsfm,168,192,170011,13.589977900187174,17.801056907747903,0.998447355932119,5.330591843742603,111.67892899993603,15.55126953125,,205292928,true,dcb2c10e4ac97b1d1289825869826fdec84593f7,ef768c17c85b2a8c,true,2026-09-20T15:07:39+00:00
20260920T145420Z-gpu_h192,electricity_hourly,T228,chronos_bolt,tsfm,168,192,170012,15.895438154538473,27.923627451227713,0.9155772377014161,6.748469886225046,111.34927100010827,15.55126953125,,205292928,true,dcb2c10e4ac97b1d1289825869826fdec84593f7,ef768c17c85b2a8c,true,2026-09-20T15:07:39+00:00
20260920T145420Z-gpu_h192,electricity_hourly,T228,chronos_bolt,tsfm,168,192,170013,17.496740738550823,23.61312085638157,0.6963876910865999,7.3310028054204235,111.60684299920831,15.55126953125,,205292928,true,dcb2c10e4ac97b1d1289825869826fdec84593f7,ef768c17c85b2a8c,true,2026-09-20T15:07:39+00:00
20260920T145420Z-gpu_h192,electricity_hourly,T228,chronos_bolt,tsfm,168,192,170014,16.912912050882976,27.067294429558476,0.7836098247513349,6.63147625810722,114.58748299992294,15.55126953125,,205292928,true,dcb2c10e4ac97b1d1289825869826fdec84593f7,ef768c17c85b2a8c,true,2026-09-20T15:07:39+00:00
20260920T145420Z-gpu_h192,electricity_hourly,T228,chronos_bolt,tsfm,168,192,170015,26.266739050547283,29.64550635591203,1.1475759779365318,12.207746429239224,117.25493199992343,15.55126953125,,205292928,true,dcb2c10e4ac97b1d1289825869826fdec84593f7,ef768c17c85b2a8c,true,2026-09-20T15:07:39+00:00
20260920T145420Z-gpu_h192,electricity_hourly,T228,chronos_bolt,tsfm,168,192,170016,10.111350218454996,13.09136850572099,0.7516956280111097,4.508616087647486,116.26461600008042,15.55126953125,,205292928,true,dcb2c10e4ac97b1d1289825869826fdec84593f7,ef768c17c85b2a8c,true,2026-09-20T15:07:39+00:00
20260920T145420Z-gpu_h192,electricity_hourly,T228,chronos_bolt,tsfm,168,192,170017,11.855038046836853,16.505314189224848,1.0083434605697028,5.241426262436574,115.68965900005423,15.55126953125,,205292928,true,dcb2c10e4ac97b1d1289825869826fdec84593f7,ef768c17c85b2a8c,true,2026-09-20T15:07:39+00:00
20260920T145420Z-gpu_h192,electricity_hourly,T228,chronos_bolt,tsfm,168,192,170018,11.037644783655802,14.775067718859935,0.7479627523983226,4.799930453925888,114.80094400030794,15.55126953125,,205292928,true,dcb2c10e4ac97b1d1289825869826fdec84593f7,ef768c17c85b2a8c,true,2026-09-20T15:07:39+00:00
20260920T145420Z-gpu_h192,electricity_hourly,T228,chronos_bolt,tsfm,168,192,170019,12.059480706850687,16.974397271481354,0.98000294683211,5.464799379270882,111.47005900056683,15.55126953125,,205292928,true,dcb2c10e4ac97b1d1289825869826fdec84593f7,ef768c17c85b2a8c,true,2026-09-20T15:07:39+00:00
20260920T145420Z-gpu_h192,electricity_hourly,T228,chronos_bolt,tsfm,168,192,170020,28.72280701001485,57.0204751042204,2.258920922688224,12.845369128696213,110.99753500002407,15.55126953125,,205292928,true,dcb2c10e4ac97b1d1289825869826fdec84593f7,ef768c17c85b2a8c,true,2026-09-20T15:07:39+00:00
20260920T145420Z-gpu_h192,electricity_hourly,T241,lstm,deep,168,192,180000,219.29163505490297,284.6664700149891,5.834810688822252,23.301434574177513,378.578254999411,16.14599609375,0.3115500229996542,4513,false,dcb2c10e4ac97b1d1289825869826fdec84593f7,ef768c17c85b2a8c,true,2026-09-20T15:07:51+00:00
20260920T145420Z-gpu_h192,electricity_hourly,T241,lstm,deep,168,192,180001,248.9800923721942,312.22423365640384,6.351307936509472,24.505302953090293,374.37270999998873,16.10986328125,0.3095473619996483,4513,false,dcb2c10e4ac97b1d1289825869826fdec84593f7,ef768c17c85b2a8c,true,2026-09-20T15:07:51+00:00
20260920T145420Z-gpu_h192,electricity_hourly,T241,lstm,deep,168,192,180002,232.07888499424064,301.2659730675017,3.1834024994447185,23.956031054297053,384.60722399941005,16.10986328125,0.3181190470004367,4513,false,dcb2c10e4ac97b1d1289825869826fdec84593f7,ef768c17c85b2a8c,true,2026-09-20T15:07:51+00:00
20260920T145420Z-gpu_h192,electricity_hourly,T241,lstm,deep,168,192,180003,261.14961198872817,323.26013820402306,7.702897199175923,26.3944558704802,396.3399489994117,16.10986328125,0.3272368230000211,4513,false,dcb2c10e4ac97b1d1289825869826fdec84593f7,ef768c17c85b2a8c,true,2026-09-20T15:07:51+00:00
20260920T145420Z-gpu_h192,electricity_hourly,T241,lstm,deep,168,192,180004,279.5746478539643,342.606362890095,6.437280027337841,27.815471750037972,395.71098099986557,16.10986328125,0.32610820700028853,4513,false,dcb2c10e4ac97b1d1289825869826fdec84593f7,ef768c17c85b2a8c,true,2026-09-20T15:07:51+00:00
20260920T145420Z-gpu_h192,electricity_hourly,T241,lstm,deep,168,192,180005,285.32867405562894,345.0065459853171,7.811279289735849,28.12958192625142,407.0777500000986,16.10986328125,0.341130830000111,4513,false,dcb2c10e4ac97b1d1289825869826fdec84593f7,ef768c17c85b2a8c,true,2026-09-20T15:07:51+00:00
20260920T145420Z-gpu_h192,electricity_hourly,T241,lstm,deep,168,192,180006,251.05878113273965,313.60978037172475,6.48940306643592,24.444190763522855,390.6292810006562,16.10986328125,0.3223564620002435,4513,false,dcb2c10e4ac97b1d1289825869826fdec84593f7,ef768c17c85b2a8c,true,2026-09-20T15:07:51+00:00
20260920T145420Z-gpu_h192,electricity_hourly,T241,lstm,deep,168,192,180007,275.08473668169626,339.676799340018,6.2253971526267895,26.738217479191956,397.3174590000781,16.10986328125,0.3286340560007375,4513,false,dcb2c10e4ac97b1d1289825869826fdec84593f7,ef768c17c85b2a8c,true,2026-09-20T15:07:51+00:00
20260920T145420Z-gpu_h192,electricity_hourly,T241,lstm,deep,168,192,180008,183.4750770375576,258.9458074858808,6.786645541589596,18.219996271442547,434.8303830001896,16.10986328125,0.36133437900025456,4513,false,dcb2c10e4ac97b1d1289825869826fdec84593f7,ef768c17c85b2a8c,true,2026-09-20T15:07:51+00:00
20260920T145420Z-gpu_h192,electricity_hourly,T241,lstm,deep,168,192,180009,253.19449492242697,321.100514856576,6.749353437399017,24.03900105921087,419.1296950002652,16.10986328125,0.35117588299999625,4513,false,dcb2c10e4ac97b1d1289825869826fdec84593f7,ef768c17c85b2a8c,true,2026-09-20T15:07:51+00:00
20260920T145420Z-gpu_h192,electricity_hourly,T241,lstm,deep,168,192,180010,268.8508576823571,330.5144049679085,7.060828653339309,25.42564191369489,377.3642400001336,16.10986328125,0.31182622399956017,4513,false,dcb2c10e4ac97b1d1289825869826fdec84593f7,ef768c17c85b2a8c,true,2026-09-20T15:07:51+00:00
20260920T145420Z-gpu_h192,electricity_hourly,T241,lstm,deep,168,192,180011,197.22825837431287,260.421258718682,4.806374886766129,19.61243431665625,380.44579300003534,16.10986328125,0.3131032600003891,4513,false,dcb2c10e4ac97b1d1289825869826fdec84593f7,ef768c17c85b2a8c,true,2026-09-20T15:07:51+00:00
20260920T145420Z-gpu_h192,electricity_hourly,T241,lstm,deep,168,192,180012,258.5577234207172,325.93343068943176,6.459457351246231,25.293340621094057,378.33758299984765,16.10986328125,0.3121498579994295,4513,false,dcb2c10e4ac97b1d1289825869826fdec84593f7,ef768c17c85b2a8c,true,2026-09-20T15:07:51+00:00
20260920T145420Z-gpu_h192,electricity_hourly,T241,lstm,deep,168,192,180013,179.64653350385984,250.13965116798605,3.6195747620758105,18.68652938442457,403.9710879997074,16.10986328125,0.33327553999970405,4513,false,dcb2c10e4ac97b1d1289825869826fdec84593f7,ef768c17c85b2a8c,true,2026-09-20T15:07:51+00:00
20260920T145420Z-gpu_h192,electricity_hourly,T241,lstm,deep,168,192,180014,100.24963933363968,150.16696483885022,2.2968891112242025,9.96744430934644,379.52216400026373,16.10986328125,0.3126822229996833,4513,false,dcb2c10e4ac97b1d1289825869826fdec84593f7,ef768c17c85b2a8c,true,2026-09-20T15:07:51+00:00
20260920T145420Z-gpu_h192,electricity_hourly,T241,lstm,deep,168,192,180015,268.63795782946374,326.35457706131183,4.950584326521984,27.089531112987803,392.5020509996102,16.10986328125,0.3219034069998088,4513,false,dcb2c10e4ac97b1d1289825869826fdec84593f7,ef768c17c85b2a8c,true,2026-09-20T15:07:51+00:00
20260920T145420Z-gpu_h192,electricity_hourly,T241,lstm,deep,168,192,180016,187.3803188023642,251.16171502939477,4.4555425871103775,20.932520771299316,383.8493049997851,16.10986328125,0.3181337619998885,4513,false,dcb2c10e4ac97b1d1289825869826fdec84593f7,ef768c17c85b2a8c,true,2026-09-20T15:07:51+00:00
20260920T145420Z-gpu_h192,electricity_hourly,T241,lstm,deep,168,192,180017,255.80014684787002,317.032694120502,4.783794954038089,27.990794241639765,389.2952200003492,16.10986328125,0.321148940999592,4513,false,dcb2c10e4ac97b1d1289825869826fdec84593f7,ef768c17c85b2a8c,true,2026-09-20T15:07:51+00:00
20260920T145420Z-gpu_h192,electricity_hourly,T241,lstm,deep,168,192,180018,265.5519304069955,326.3268738545516,6.9074201550952585,30.040809469348183,374.9017299996922,16.10986328125,0.30788962400038145,4513,false,dcb2c10e4ac97b1d1289825869826fdec84593f7,ef768c17c85b2a8c,true,2026-09-20T15:07:51+00:00
20260920T145420Z-gpu_h192,electricity_hourly,T241,lstm,deep,168,192,180019,189.05980076939818,252.09918026806324,6.417871596132329,22.67313965510421,388.6904409991985,16.10986328125,0.3200531080001383,4513,false,dcb2c10e4ac97b1d1289825869826fdec84593f7,ef768c17c85b2a8c,true,2026-09-20T15:07:51+00:00
20260920T145420Z-gpu_h192,electricity_hourly,T241,lstm,deep,168,192,180020,254.0809068272123,305.9906096772234,3.290552260375805,29.215908006468272,403.52942800018354,16.10986328125,0.32904758699987724,4513,false,dcb2c10e4ac97b1d1289825869826fdec84593f7,ef768c17c85b2a8c,true,2026-09-20T15:07:51+00:00
20260920T145420Z-gpu_h192,electricity_hourly,T241,transformer,deep,168,192,180000,45.30465428824049,58.20379280972276,1.2054453469154898,4.780913521834713,619.535451000047,10.6845703125,0.6139551919995938,19232,false,dcb2c10e4ac97b1d1289825869826fdec84593f7,ef768c17c85b2a8c,true,2026-09-20T15:08:08+00:00
20260920T145420Z-gpu_h192,electricity_hourly,T241,transformer,deep,168,192,180001,98.91299484108585,126.16129505193273,2.5232012855830583,9.531354557509559,644.3596500002968,10.525390625,0.6384602520001863,19232,false,dcb2c10e4ac97b1d1289825869826fdec84593f7,ef768c17c85b2a8c,true,2026-09-20T15:08:08+00:00
20260920T145420Z-gpu_h192,electricity_hourly,T241,transformer,deep,168,192,180002,89.49658319528233,116.5143183084145,1.2276155439246195,9.379226810917423,638.714727999286,10.525390625,0.6328712859994994,19232,false,dcb2c10e4ac97b1d1289825869826fdec84593f7,ef768c17c85b2a8c,true,2026-09-20T15:08:08+00:00
20260920T145420Z-gpu_h192,electricity_hourly,T241,transformer,deep,168,192,180003,57.67393979737543,71.260666743666,1.7011567658381939,5.9252844785008305,632.3480419996486,10.525390625,0.6263150109998605,19232,false,dcb2c10e4ac97b1d1289825869826fdec84593f7,ef768c17c85b2a8c,true,2026-09-20T15:08:08+00:00
20260920T145420Z-gpu_h192,electricity_hourly,T241,transformer,deep,168,192,180004,51.27575078205572,67.11704817178628,1.1806376898970297,4.919584731657608,589.5791380007722,10.525390625,0.5841886379994321,19232,false,dcb2c10e4ac97b1d1289825869826fdec84593f7,ef768c17c85b2a8c,true,2026-09-20T15:08:08+00:00
20260920T145420Z-gpu_h192,electricity_hourly,T241,transformer,deep,168,192,180005,43.52157070423683,54.42147424000013,1.1914650535000197,4.124118518223476,626.9689079999807,10.525390625,0.6209565609997298,19232,false,dcb2c10e4ac97b1d1289825869826fdec84593f7,ef768c17c85b2a8c,true,2026-09-20T15:08:08+00:00
20260920T145420Z-gpu_h192,electricity_hourly,T241,transformer,deep,168,192,180006,72.72274686644481,93.28099538172758,1.8797478996173134,6.998490606746702,584.2863750003744,10.525390625,0.5789909449995321,19232,false,dcb2c10e4ac97b1d1289825869826fdec84593f7,ef768c17c85b2a8c,true,2026-09-20T15:08:08+00:00
20260920T145420Z-gpu_h192,electricity_hourly,T241,transformer,deep,168,192,180007,137.72822701088276,182.0038047560982,3.116904713117573,13.528451528318271,582.0500970003195,10.525390625,0.5763232480003353,19232,false,dcb2c10e4ac97b1d1289825869826fdec84593f7,ef768c17c85b2a8c,true,2026-09-20T15:08:08+00:00
20260920T145420Z-gpu_h192,electricity_hourly,T241,transformer,deep,168,192,180008,65.3308418740391,80.50840330025395,2.416553102969851,6.329500653036743,595.8441290003975,10.525390625,0.5900454190004893,19232,false,dcb2c10e4ac97b1d1289825869826fdec84593f7,ef768c17c85b2a8c,true,2026-09-20T15:08:08+00:00
20260920T145420Z-gpu_h192,electricity_hourly,T241,transformer,deep,168,192,180009,47.389979743291995,60.863754319808805,1.2632649172591721,4.452940626359756,582.6867440000569,10.525390625,0.5770236629996361,19232,false,dcb2c10e4ac97b1d1289825869826fdec84593f7,ef768c17c85b2a8c,true,2026-09-20T15:08:08+00:00
20260920T145420Z-gpu_h192,electricity_hourly,T241,transformer,deep,168,192,180010,70.45338035656157,86.96779113951459,1.850316755671141,6.528490294246106,636.5419650001058,10.525390625,0.6304655169997204,19232,false,dcb2c10e4ac97b1d1289825869826fdec84593f7,ef768c17c85b2a8c,true,2026-09-20T15:08:08+00:00
20260920T145420Z-gpu_h192,electricity_hourly,T241,transformer,deep,168,192,180011,54.75279455150211,70.03583155556888,1.3343040134398891,5.153848438132047,591.8360890000258,10.525390625,0.5862595930002499,19232,false,dcb2c10e4ac97b1d1289825869826fdec84593f7,ef768c17c85b2a8c,true,2026-09-20T15:08:08+00:00
20260920T145420Z-gpu_h192,electricity_hourly,T241,transformer,deep,168,192,180012,100.42708552657761,135.22302385912167,2.50893482231561,9.832900255594708,585.8235709993096,10.525390625,0.5802143729997624,19232,false,dcb2c10e4ac97b1d1289825869826fdec84593f7,ef768c17c85b2a8c,true,2026-09-20T15:08:08+00:00
20260920T145420Z-gpu_h192,electricity_hourly,T241,transformer,deep,168,192,180013,75.14853325532734,92.01608239376581,1.5141162430064554,7.507626190862437,609.6041990003869,10.525390625,0.6038193840004169,19232,false,dcb2c10e4ac97b1d1289825869826fdec84593f7,ef768c17c85b2a8c,true,2026-09-20T15:08:08+00:00
20260920T145420Z-gpu_h192,electricity_hourly,T241,transformer,deep,168,192,180014,83.18565097211633,117.36353281699893,1.9059242227501594,8.147368699054326,583.1130319993463,10.525390625,0.5773259709994818,19232,false,dcb2c10e4ac97b1d1289825869826fdec84593f7,ef768c17c85b2a8c,true,2026-09-20T15:08:08+00:00
20260920T145420Z-gpu_h192,electricity_hourly,T241,transformer,deep,168,192,180015,101.60786619250871,133.7777722512134,1.872476674138886,10.505568461038136,583.5317850005595,10.525390625,0.5777415120001024,19232,false,dcb2c10e4ac97b1d1289825869826fdec84593f7,ef768c17c85b2a8c,true,2026-09-20T15:08:08+00:00
20260920T145420Z-gpu_h192,electricity_hourly,T241,transformer,deep,168,192,180016,55.959614873821295,71.25986262928721,1.3306117143048657,6.035583286209315,581.9521309995253,10.525390625,0.5762088069996025,19232,false,dcb2c10e4ac97b1d1289825869826fdec84593f7,ef768c17c85b2a8c,true,2026-09-20T15:08:08+00:00
20260920T145420Z-gpu_h192,electricity_hourly,T241,transformer,deep,168,192,180017,131.05024420664213,174.10620351230958,2.4508097617865543,14.665629099484246,581.0080749997724,10.525390625,0.5754280909995941,19232,false,dcb2c10e4ac97b1d1289825869826fdec84593f7,ef768c17c85b2a8c,true,2026-09-20T15:08:08+00:00
20260920T145420Z-gpu_h192,electricity_hourly,T241,transformer,deep,168,192,180018,84.54289971353644,130.0249160033393,2.19909276711511,9.771693780262195,583.5203279993948,10.525390625,0.5781612889995813,19232,false,dcb2c10e4ac97b1d1289825869826fdec84593f7,ef768c17c85b2a8c,true,2026-09-20T15:08:08+00:00
20260920T145420Z-gpu_h192,electricity_hourly,T241,transformer,deep,168,192,180019,92.0386192414664,133.32265868527023,3.124366141153032,10.8445127738043,578.7695549997807,10.525390625,0.5732559829993988,19232,false,dcb2c10e4ac97b1d1289825869826fdec84593f7,ef768c17c85b2a8c,true,2026-09-20T15:08:08+00:00
20260920T145420Z-gpu_h192,electricity_hourly,T241,transformer,deep,168,192,180020,117.8020839909377,164.43185148558447,1.525631809937497,14.069529640386271,608.1311989992173,10.525390625,0.6026989089996277,19232,false,dcb2c10e4ac97b1d1289825869826fdec84593f7,ef768c17c85b2a8c,true,2026-09-20T15:08:08+00:00
20260920T145420Z-gpu_h192,electricity_hourly,T241,timesfm25,tsfm,168,192,180000,29.64557425181071,37.18197630505201,0.788795767232214,3.0011243044410416,208.66479799951776,13.52490234375,,231289280,true,dcb2c10e4ac97b1d1289825869826fdec84593f7,ef768c17c85b2a8c,true,2026-09-20T15:08:17+00:00
20260920T145420Z-gpu_h192,electricity_hourly,T241,timesfm25,tsfm,168,192,180001,81.77499675750732,111.44950512586155,2.0860229465156874,7.90355078602961,219.12620900002366,13.52490234375,,231289280,true,dcb2c10e4ac97b1d1289825869826fdec84593f7,ef768c17c85b2a8c,true,2026-09-20T15:08:17+00:00
20260920T145420Z-gpu_h192,electricity_hourly,T241,timesfm25,tsfm,168,192,180002,43.126526832580566,57.38605907987614,0.5915621893590781,4.505549194063221,215.30298500056233,13.52490234375,,231289280,true,dcb2c10e4ac97b1d1289825869826fdec84593f7,ef768c17c85b2a8c,true,2026-09-20T15:08:17+00:00
20260920T145420Z-gpu_h192,electricity_hourly,T241,timesfm25,tsfm,168,192,180003,45.85977363586426,56.05504131897503,1.3526848430078764,4.416691858313778,204.38688099966384,13.52490234375,,231289280,true,dcb2c10e4ac97b1d1289825869826fdec84593f7,ef768c17c85b2a8c,true,2026-09-20T15:08:17+00:00
20260920T145420Z-gpu_h192,electricity_hourly,T241,timesfm25,tsfm,168,192,180004,24.12731870015462,32.308652669357436,0.5555378786092525,2.224807077256452,215.6686879998233,13.52490234375,,231289280,true,dcb2c10e4ac97b1d1289825869826fdec84593f7,ef768c17c85b2a8c,true,2026-09-20T15:08:17+00:00
20260920T145420Z-gpu_h192,electricity_hourly,T241,timesfm25,tsfm,168,192,180005,30.853466033935547,39.3745940396587,0.8446576252636347,2.876944221105629,212.06372600045142,13.52490234375,,231289280,true,dcb2c10e4ac97b1d1289825869826fdec84593f7,ef768c17c85b2a8c,true,2026-09-20T15:08:17+00:00
20260920T145420Z-gpu_h192,electricity_hourly,T241,timesfm25,tsfm,168,192,180006,37.57275549570719,47.028280336448645,0.9711859255756301,3.5053482105949745,201.8969199998537,13.52490234375,,231289280,true,dcb2c10e4ac97b1d1289825869826fdec84593f7,ef768c17c85b2a8c,true,2026-09-20T15:08:17+00:00
20260920T145420Z-gpu_h192,electricity_hourly,T241,timesfm25,tsfm,168,192,180007,52.766797383626304,63.577001562385114,1.1941566593182755,5.282886851248652,216.50045299975318,13.52490234375,,231289280,true,dcb2c10e4ac97b1d1289825869826fdec84593f7,ef768c17c85b2a8c,true,2026-09-20T15:08:17+00:00
20260920T145420Z-gpu_h192,electricity_hourly,T241,timesfm25,tsfm,168,192,180008,45.481398264567055,55.77547912427046,1.6823327382732227,4.259877606913221,214.2950439993001,13.52490234375,,231289280,true,dcb2c10e4ac97b1d1289825869826fdec84593f7,ef768c17c85b2a8c,true,2026-09-20T15:08:17+00:00
20260920T145420Z-gpu_h192,electricity_hourly,T241,timesfm25,tsfm,168,192,180009,37.304837226867676,49.467622631596036,0.9944273529561173,3.484606368743747,221.12974199990276,13.52490234375,,231289280,true,dcb2c10e4ac97b1d1289825869826fdec84593f7,ef768c17c85b2a8c,true,2026-09-20T15:08:17+00:00
20260920T145420Z-gpu_h192,electricity_hourly,T241,timesfm25,tsfm,168,192,180010,45.13426844278971,56.06291693473915,1.1853610533944408,4.235244737800417,220.64296799999283,13.52490234375,,231289280,true,dcb2c10e4ac97b1d1289825869826fdec84593f7,ef768c17c85b2a8c,true,2026-09-20T15:08:17+00:00
20260920T145420Z-gpu_h192,electricity_hourly,T241,timesfm25,tsfm,168,192,180011,34.05741055806478,42.86970630460059,0.8299656659944709,3.204024318920214,219.51217600053496,13.52490234375,,231289280,true,dcb2c10e4ac97b1d1289825869826fdec84593f7,ef768c17c85b2a8c,true,2026-09-20T15:08:17+00:00
20260920T145420Z-gpu_h192,electricity_hourly,T241,timesfm25,tsfm,168,192,180012,43.75886090596517,56.392630720986496,1.0932123474078739,4.022731237098345,217.91300299992145,13.52490234375,,231289280,true,dcb2c10e4ac97b1d1289825869826fdec84593f7,ef768c17c85b2a8c,true,2026-09-20T15:08:17+00:00
20260920T145420Z-gpu_h192,electricity_hourly,T241,timesfm25,tsfm,168,192,180013,49.910582542419434,60.55040373609478,1.005614087884203,4.8635777745097775,205.37529600005655,13.52490234375,,231289280,true,dcb2c10e4ac97b1d1289825869826fdec84593f7,ef768c17c85b2a8c,true,2026-09-20T15:08:17+00:00
20260920T145420Z-gpu_h192,electricity_hourly,T241,timesfm25,tsfm,168,192,180014,46.427754720052086,73.76522944223501,1.063738532965394,4.3709896633650125,197.89062900053978,13.52490234375,,231289280,true,dcb2c10e4ac97b1d1289825869826fdec84593f7,ef768c17c85b2a8c,true,2026-09-20T15:08:17+00:00
20260920T145420Z-gpu_h192,electricity_hourly,T241,timesfm25,tsfm,168,192,180015,67.93338362375896,81.83979019416232,1.2519077606630777,6.987485206712789,216.59754799929942,13.52490234375,,231289280,true,dcb2c10e4ac97b1d1289825869826fdec84593f7,ef768c17c85b2a8c,true,2026-09-20T15:08:17+00:00
20260920T145420Z-gpu_h192,electricity_hourly,T241,timesfm25,tsfm,168,192,180016,40.8699738184611,51.670434570783286,0.9718091528828265,4.178748285882192,205.3593330001604,13.52490234375,,231289280,true,dcb2c10e4ac97b1d1289825869826fdec84593f7,ef768c17c85b2a8c,true,2026-09-20T15:08:17+00:00
20260920T145420Z-gpu_h192,electricity_hourly,T241,timesfm25,tsfm,168,192,180017,47.958045641581215,61.79184567435599,0.8968777366737266,5.191350164352318,212.4845499993171,13.52490234375,,231289280,true,dcb2c10e4ac97b1d1289825869826fdec84593f7,ef768c17c85b2a8c,true,2026-09-20T15:08:17+00:00
20260920T145420Z-gpu_h192,electricity_hourly,T241,timesfm25,tsfm,168,192,180018,32.759291648864746,40.38029641268589,0.8521203030051524,3.707165068633723,222.83629100002145,13.52490234375,,231289280,true,dcb2c10e4ac97b1d1289825869826fdec84593f7,ef768c17c85b2a8c,true,2026-09-20T15:08:17+00:00
20260920T145420Z-gpu_h192,electricity_hourly,T241,timesfm25,tsfm,168,192,180019,38.339783668518066,65.99576728555962,1.3014919491434704,4.37991759460484,218.30012900045404,13.52490234375,,231289280,true,dcb2c10e4ac97b1d1289825869826fdec84593f7,ef768c17c85b2a8c,true,2026-09-20T15:08:17+00:00
20260920T145420Z-gpu_h192,electricity_hourly,T241,timesfm25,tsfm,168,192,180020,71.94588947296143,135.07527774969608,0.9317571799718002,8.783461376930141,220.59903899935307,13.52490234375,,231289280,true,dcb2c10e4ac97b1d1289825869826fdec84593f7,ef768c17c85b2a8c,true,2026-09-20T15:08:17+00:00
20260920T145420Z-gpu_h192,electricity_hourly,T241,chronos_bolt,tsfm,168,192,180000,27.104766527811687,35.27796924054297,0.7211911271258098,2.6877294836232855,113.8898600001994,15.55126953125,,205292928,true,dcb2c10e4ac97b1d1289825869826fdec84593f7,ef768c17c85b2a8c,true,2026-09-20T15:08:23+00:00
20260920T145420Z-gpu_h192,electricity_hourly,T241,chronos_bolt,tsfm,168,192,180001,66.8536205291748,95.66229655846216,1.7053890799293485,6.4831455178343464,113.06134300048143,15.55126953125,,205292928,true,dcb2c10e4ac97b1d1289825869826fdec84593f7,ef768c17c85b2a8c,true,2026-09-20T15:08:23+00:00
20260920T145420Z-gpu_h192,electricity_hourly,T241,chronos_bolt,tsfm,168,192,180002,36.71989472707113,46.07444358537279,0.503683067317417,3.7334857927465737,111.98494600012054,15.55126953125,,205292928,true,dcb2c10e4ac97b1d1289825869826fdec84593f7,ef768c17c85b2a8c,true,2026-09-20T15:08:23+00:00
20260920T145420Z-gpu_h192,electricity_hourly,T241,chronos_bolt,tsfm,168,192,180003,41.48171424865723,53.43828123719236,1.2235491298252028,3.968352658619958,118.56852999972034,15.55126953125,,205292928,true,dcb2c10e4ac97b1d1289825869826fdec84593f7,ef768c17c85b2a8c,true,2026-09-20T15:08:23+00:00
20260920T145420Z-gpu_h192,electricity_hourly,T241,chronos_bolt,tsfm,168,192,180004,25.581652959187824,33.59559208558561,0.5890243086221693,2.329842670633655,118.30580700006976,15.55126953125,,205292928,true,dcb2c10e4ac97b1d1289825869826fdec84593f7,ef768c17c85b2a8c,true,2026-09-20T15:08:23+00:00
20260920T145420Z-gpu_h192,electricity_hourly,T241,chronos_bolt,tsfm,168,192,180005,30.211032231648762,40.22028243954189,0.8270700839082551,2.7057324239033,117.55771000025561,15.55126953125,,205292928,true,dcb2c10e4ac97b1d1289825869826fdec84593f7,ef768c17c85b2a8c,true,2026-09-20T15:08:23+00:00
20260920T145420Z-gpu_h192,electricity_hourly,T241,chronos_bolt,tsfm,168,192,180006,36.95523738861084,46.45224466933656,0.9552242297540766,3.4021481809228162,116.61777700010134,15.55126953125,,205292928,true,dcb2c10e4ac97b1d1289825869826fdec84593f7,ef768c17c85b2a8c,true,2026-09-20T15:08:23+00:00
20260920T145420Z-gpu_h192,electricity_hourly,T241,chronos_bolt,tsfm,168,192,180007,49.81261952718099,58.96564595751603,1.12730114912998,4.987457188896775,115.18233999959193,15.55126953125,,205292928,true,dcb2c10e4ac97b1d1289825869826fdec84593f7,ef768c17c85b2a8c,true,2026-09-20T15:08:23+00:00
20260920T145420Z-gpu_h192,electricity_hourly,T241,chronos_bolt,tsfm,168,192,180008,44.12575435638428,54.92653642997804,1.6321881909374096,4.130273212336355,120.49425700024585,15.55126953125,,205292928,true,dcb2c10e4ac97b1d1289825869826fdec84593f7,ef768c17c85b2a8c,true,2026-09-20T15:08:23+00:00
20260920T145420Z-gpu_h192,electricity_hourly,T241,chronos_bolt,tsfm,168,192,180009,34.87202390034994,45.98823231601448,0.9295763498057,3.223759099765109,121.67448299987882,15.55126953125,,205292928,true,dcb2c10e4ac97b1d1289825869826fdec84593f7,ef768c17c85b2a8c,true,2026-09-20T15:08:23+00:00
20260920T145420Z-gpu_h192,electricity_hourly,T241,chronos_bolt,tsfm,168,192,180010,43.230902671813965,54.73039732516519,1.1353729682183498,4.054054176882302,115.51928100016084,15.55126953125,,205292928,true,dcb2c10e4ac97b1d1289825869826fdec84593f7,ef768c17c85b2a8c,true,2026-09-20T15:08:23+00:00
20260920T145420Z-gpu_h192,electricity_hourly,T241,chronos_bolt,tsfm,168,192,180011,35.68897406260172,43.805359474454065,0.8697262252520982,3.325418125290694,112.62267900019651,15.55126953125,,205292928,true,dcb2c10e4ac97b1d1289825869826fdec84593f7,ef768c17c85b2a8c,true,2026-09-20T15:08:23+00:00
20260920T145420Z-gpu_h192,electricity_hourly,T241,chronos_bolt,tsfm,168,192,180012,39.42749849955241,52.23004516437977,0.9850034323274717,3.601124225743771,117.18390199985151,15.55126953125,,205292928,true,dcb2c10e4ac97b1d1289825869826fdec84593f7,ef768c17c85b2a8c,true,2026-09-20T15:08:23+00:00
20260920T145420Z-gpu_h192,electricity_hourly,T241,chronos_bolt,tsfm,168,192,180013,58.07552401224772,71.89850285657393,1.170123892229421,5.6163963359212055,117.17146899991349,15.55126953125,,205292928,true,dcb2c10e4ac97b1d1289825869826fdec84593f7,ef768c17c85b2a8c,true,2026-09-20T15:08:23+00:00
20260920T145420Z-gpu_h192,electricity_hourly,T241,chronos_bolt,tsfm,168,192,180014,44.95919640858968,72.86748731403316,1.0300913735619592,4.2236793738192935,120.10816800011526,15.55126953125,,205292928,true,dcb2c10e4ac97b1d1289825869826fdec84593f7,ef768c17c85b2a8c,true,2026-09-20T15:08:23+00:00
20260920T145420Z-gpu_h192,electricity_hourly,T241,chronos_bolt,tsfm,168,192,180015,68.81882317860921,82.72196017568083,1.2682250496185983,6.989165412562863,117.14046099950792,15.55126953125,,205292928,true,dcb2c10e4ac97b1d1289825869826fdec84593f7,ef768c17c85b2a8c,true,2026-09-20T15:08:23+00:00
20260920T145420Z-gpu_h192,electricity_hourly,T241,chronos_bolt,tsfm,168,192,180016,39.20903650919596,49.93334393912659,0.9323152670614627,4.073453675815997,116.69452100068156,15.55126953125,,205292928,true,dcb2c10e4ac97b1d1289825869826fdec84593f7,ef768c17c85b2a8c,true,2026-09-20T15:08:23+00:00
20260920T145420Z-gpu_h192,electricity_hourly,T241,chronos_bolt,tsfm,168,192,180017,42.84843476613363,53.31727012665582,0.801321377444577,4.696612784827354,124.92060600015975,15.55126953125,,205292928,true,dcb2c10e4ac97b1d1289825869826fdec84593f7,ef768c17c85b2a8c,true,2026-09-20T15:08:23+00:00
20260920T145420Z-gpu_h192,electricity_hourly,T241,chronos_bolt,tsfm,168,192,180018,29.839901288350422,37.22370615323737,0.7761824034542018,3.267037631606099,135.20348700058094,15.55126953125,,205292928,true,dcb2c10e4ac97b1d1289825869826fdec84593f7,ef768c17c85b2a8c,true,2026-09-20T15:08:23+00:00
20260920T145420Z-gpu_h192,electricity_hourly,T241,chronos_bolt,tsfm,168,192,180019,38.27326806386312,66.39686794141328,1.2992339936813506,4.344978495483294,111.23556999973516,15.55126953125,,205292928,true,dcb2c10e4ac97b1d1289825869826fdec84593f7,ef768c17c85b2a8c,true,2026-09-20T15:08:23+00:00
20260920T145420Z-gpu_h192,electricity_hourly,T241,chronos_bolt,tsfm,168,192,180020,67.0301415125529,130.57127864871268,0.8680942870588739,8.030840528831606,113.79275699982827,15.55126953125,,205292928,true,dcb2c10e4ac97b1d1289825869826fdec84593f7,ef768c17c85b2a8c,true,2026-09-20T15:08:23+00:00
20260920T145420Z-gpu_h192,electricity_hourly,T255,lstm,deep,168,192,190000,1077.022147167802,1311.4857861267265,6.407932454330599,32.259803831142705,391.4008259998809,16.14599609375,0.32213670600049227,4513,false,dcb2c10e4ac97b1d1289825869826fdec84593f7,ef768c17c85b2a8c,true,2026-09-20T15:08:35+00:00
20260920T145420Z-gpu_h192,electricity_hourly,T255,lstm,deep,168,192,190001,1005.1787111711996,1228.9564193993267,5.036736530331016,27.86066508807857,391.02546899994195,16.10986328125,0.32117188699976396,4513,false,dcb2c10e4ac97b1d1289825869826fdec84593f7,ef768c17c85b2a8c,true,2026-09-20T15:08:35+00:00
20260920T145420Z-gpu_h192,electricity_hourly,T255,lstm,deep,168,192,190002,1027.9682574204726,1299.903959932839,7.551649273979597,29.591222890204953,389.1680529995938,16.10986328125,0.31890244700025505,4513,false,dcb2c10e4ac97b1d1289825869826fdec84593f7,ef768c17c85b2a8c,true,2026-09-20T15:08:35+00:00
20260920T145420Z-gpu_h192,electricity_hourly,T255,lstm,deep,168,192,190003,394.40772245168165,564.7115632267257,2.2093951619482675,11.374556624498355,378.32810300005804,16.10986328125,0.30927625999993325,4513,false,dcb2c10e4ac97b1d1289825869826fdec84593f7,ef768c17c85b2a8c,true,2026-09-20T15:08:35+00:00
20260920T145420Z-gpu_h192,electricity_hourly,T255,lstm,deep,168,192,190004,541.3647486102569,716.3722393052847,2.5786095461721685,15.122165334714053,388.5924359992714,16.10986328125,0.3165238560004582,4513,false,dcb2c10e4ac97b1d1289825869826fdec84593f7,ef768c17c85b2a8c,true,2026-09-20T15:08:35+00:00
20260920T145420Z-gpu_h192,electricity_hourly,T255,lstm,deep,168,192,190005,226.85739348330435,286.7171674875898,1.1528201525071753,6.163100291550682,379.85678700079006,16.10986328125,0.3122741079996558,4513,false,dcb2c10e4ac97b1d1289825869826fdec84593f7,ef768c17c85b2a8c,true,2026-09-20T15:08:35+00:00
20260920T145420Z-gpu_h192,electricity_hourly,T255,lstm,deep,168,192,190006,636.0513397026715,892.8038672794956,3.7101062468985577,17.098061783845488,391.8090779998238,16.10986328125,0.3224438030001693,4513,false,dcb2c10e4ac97b1d1289825869826fdec84593f7,ef768c17c85b2a8c,true,2026-09-20T15:08:35+00:00
20260920T145420Z-gpu_h192,electricity_hourly,T255,lstm,deep,168,192,190007,258.5201589608787,320.1012318483327,1.7891528279120745,7.169020075977893,381.74955699923885,16.10986328125,0.3135110089997397,4513,false,dcb2c10e4ac97b1d1289825869826fdec84593f7,ef768c17c85b2a8c,true,2026-09-20T15:08:35+00:00
20260920T145420Z-gpu_h192,electricity_hourly,T255,lstm,deep,168,192,190008,1000.7305127969547,1267.3504773666357,6.9690102448380635,27.29380550284319,384.722110000439,16.10986328125,0.3141331959996023,4513,false,dcb2c10e4ac97b1d1289825869826fdec84593f7,ef768c17c85b2a8c,true,2026-09-20T15:08:35+00:00
20260920T145420Z-gpu_h192,electricity_hourly,T255,lstm,deep,168,192,190009,1035.4484557698925,1260.1505323536326,5.3673354078784925,27.957262043532545,381.5212409999731,16.10986328125,0.31034349800029304,4513,false,dcb2c10e4ac97b1d1289825869826fdec84593f7,ef768c17c85b2a8c,true,2026-09-20T15:08:35+00:00
20260920T145420Z-gpu_h192,electricity_hourly,T255,lstm,deep,168,192,190010,848.3956984379165,1101.5195992568579,5.27910209035779,23.414795300222757,377.98356999974203,16.10986328125,0.3090615130004153,4513,false,dcb2c10e4ac97b1d1289825869826fdec84593f7,ef768c17c85b2a8c,true,2026-09-20T15:08:35+00:00
20260920T145420Z-gpu_h192,electricity_hourly,T255,lstm,deep,168,192,190011,550.353940262324,737.2544528377439,2.968979410248929,15.895585128072417,383.9072010005111,16.10986328125,0.3156702790001873,4513,false,dcb2c10e4ac97b1d1289825869826fdec84593f7,ef768c17c85b2a8c,true,2026-09-20T15:08:35+00:00
20260920T145420Z-gpu_h192,electricity_hourly,T255,lstm,deep,168,192,190012,1235.3350638913228,1497.2808489139707,7.359877914784877,34.76835569492642,383.3019740004602,16.10986328125,0.31227514300007897,4513,false,dcb2c10e4ac97b1d1289825869826fdec84593f7,ef768c17c85b2a8c,true,2026-09-20T15:08:35+00:00
20260920T145420Z-gpu_h192,electricity_hourly,T255,lstm,deep,168,192,190013,370.2888491834292,525.4975920539034,1.7553856426920529,10.493315472195185,384.7834429998329,16.10986328125,0.31402571499984333,4513,false,dcb2c10e4ac97b1d1289825869826fdec84593f7,ef768c17c85b2a8c,true,2026-09-20T15:08:35+00:00
20260920T145420Z-gpu_h192,electricity_hourly,T255,lstm,deep,168,192,190014,533.2542518574307,740.314246828891,3.0885935269676628,15.030992494048256,402.1548949995122,16.10986328125,0.327892989999782,4513,false,dcb2c10e4ac97b1d1289825869826fdec84593f7,ef768c17c85b2a8c,true,2026-09-20T15:08:35+00:00
20260920T145420Z-gpu_h192,electricity_hourly,T255,lstm,deep,168,192,190015,421.9065099402451,562.2704636399825,1.8716739812506253,12.436158013795099,417.72278400003415,16.10986328125,0.3523735320004562,4513,false,dcb2c10e4ac97b1d1289825869826fdec84593f7,ef768c17c85b2a8c,true,2026-09-20T15:08:35+00:00
20260920T145420Z-gpu_h192,electricity_hourly,T255,lstm,deep,168,192,190016,501.6589929825441,661.96411900381,2.6078082014904282,16.21067027541703,375.9613290003472,16.10986328125,0.30885034400034783,4513,false,dcb2c10e4ac97b1d1289825869826fdec84593f7,ef768c17c85b2a8c,true,2026-09-20T15:08:35+00:00
20260920T145420Z-gpu_h192,electricity_hourly,T255,lstm,deep,168,192,190017,1003.5097934731169,1252.0237036731478,6.403678554468175,32.149672032685416,372.61629100066784,16.10986328125,0.3072824969995054,4513,false,dcb2c10e4ac97b1d1289825869826fdec84593f7,ef768c17c85b2a8c,true,2026-09-20T15:08:35+00:00
20260920T145420Z-gpu_h192,electricity_hourly,T255,lstm,deep,168,192,190018,280.5162488213744,376.035835336715,1.825815396414659,9.119764167704314,398.36539600037213,16.10986328125,0.32746676900023886,4513,false,dcb2c10e4ac97b1d1289825869826fdec84593f7,ef768c17c85b2a8c,true,2026-09-20T15:08:35+00:00
20260920T145420Z-gpu_h192,electricity_hourly,T255,lstm,deep,168,192,190019,613.575861874088,838.365526353655,4.0924003756307865,20.67259696056384,385.3048709997893,16.10986328125,0.31567072799953166,4513,false,dcb2c10e4ac97b1d1289825869826fdec84593f7,ef768c17c85b2a8c,true,2026-09-20T15:08:35+00:00
20260920T145420Z-gpu_h192,electricity_hourly,T255,lstm,deep,168,192,190020,593.9061539435342,847.2424566717588,3.8980166895108894,20.320295556883096,380.63161199988826,16.10986328125,0.3128256809995946,4513,false,dcb2c10e4ac97b1d1289825869826fdec84593f7,ef768c17c85b2a8c,true,2026-09-20T15:08:35+00:00
20260920T145420Z-gpu_h192,electricity_hourly,T255,transformer,deep,168,192,190000,254.94356307890186,327.43964979611303,1.5168315119349614,7.578869940173662,589.5523409999441,10.6845703125,0.5837743930005672,19232,false,dcb2c10e4ac97b1d1289825869826fdec84593f7,ef768c17c85b2a8c,true,2026-09-20T15:08:52+00:00
20260920T145420Z-gpu_h192,electricity_hourly,T255,transformer,deep,168,192,190001,328.679692080288,424.6209076456701,1.6469439647700421,9.21637163992316,577.3793149992343,10.525390625,0.5720766809999986,19232,false,dcb2c10e4ac97b1d1289825869826fdec84593f7,ef768c17c85b2a8c,true,2026-09-20T15:08:52+00:00
20260920T145420Z-gpu_h192,electricity_hourly,T255,transformer,deep,168,192,190002,363.4054724046243,481.7893037488439,2.669645343651969,10.492963686019285,565.5303029998322,10.525390625,0.5602982350001184,19232,false,dcb2c10e4ac97b1d1289825869826fdec84593f7,ef768c17c85b2a8c,true,2026-09-20T15:08:52+00:00
20260920T145420Z-gpu_h192,electricity_hourly,T255,transformer,deep,168,192,190003,214.68307672801157,279.10506384694844,1.2026127382258487,5.99073637929315,563.0591429999185,10.525390625,0.5576513310006703,19232,false,dcb2c10e4ac97b1d1289825869826fdec84593f7,ef768c17c85b2a8c,true,2026-09-20T15:08:52+00:00
20260920T145420Z-gpu_h192,electricity_hourly,T255,transformer,deep,168,192,190004,389.6827603906695,505.6335289318798,1.856123230228116,10.715002786500822,563.6886160000358,10.525390625,0.5580095549994439,19232,false,dcb2c10e4ac97b1d1289825869826fdec84593f7,ef768c17c85b2a8c,true,2026-09-20T15:08:52+00:00
20260920T145420Z-gpu_h192,electricity_hourly,T255,transformer,deep,168,192,190005,230.29230403272314,295.78956087102426,1.1702753213364905,6.179578623159398,589.6062499996333,10.525390625,0.584048126000198,19232,false,dcb2c10e4ac97b1d1289825869826fdec84593f7,ef768c17c85b2a8c,true,2026-09-20T15:08:52+00:00
20260920T145420Z-gpu_h192,electricity_hourly,T255,transformer,deep,168,192,190006,336.88429212424467,440.67768496596943,1.9650560240568409,8.897165909467304,615.2153009998074,10.525390625,0.6095618709996415,19232,false,dcb2c10e4ac97b1d1289825869826fdec84593f7,ef768c17c85b2a8c,true,2026-09-20T15:08:52+00:00
20260920T145420Z-gpu_h192,electricity_hourly,T255,transformer,deep,168,192,190007,446.2212975242649,597.4073091442053,3.0881850744217885,12.088333402714046,560.0447679998979,10.525390625,0.5542412089998834,19232,false,dcb2c10e4ac97b1d1289825869826fdec84593f7,ef768c17c85b2a8c,true,2026-09-20T15:08:52+00:00
20260920T145420Z-gpu_h192,electricity_hourly,T255,transformer,deep,168,192,190008,182.15649996732486,244.03558093245425,1.2685238415366467,5.133622795981553,610.0387149999733,10.525390625,0.6044678049993308,19232,false,dcb2c10e4ac97b1d1289825869826fdec84593f7,ef768c17c85b2a8c,true,2026-09-20T15:08:52+00:00
20260920T145420Z-gpu_h192,electricity_hourly,T255,transformer,deep,168,192,190009,582.2363526444875,791.0937043734989,3.018071806364514,16.136066040411176,572.9875500001071,10.525390625,0.5676314949996595,19232,false,dcb2c10e4ac97b1d1289825869826fdec84593f7,ef768c17c85b2a8c,true,2026-09-20T15:08:52+00:00
20260920T145420Z-gpu_h192,electricity_hourly,T255,transformer,deep,168,192,190010,372.24036863020416,486.5506665291124,2.3162480806649985,10.397068320808607,578.7758989999929,10.525390625,0.572997268999643,19232,false,dcb2c10e4ac97b1d1289825869826fdec84593f7,ef768c17c85b2a8c,true,2026-09-20T15:08:52+00:00
20260920T145420Z-gpu_h192,electricity_hourly,T255,transformer,deep,168,192,190011,267.1959947429928,343.49771644104914,1.441434954594499,7.570996865447419,575.7845589996577,10.525390625,0.5703818270003467,19232,false,dcb2c10e4ac97b1d1289825869826fdec84593f7,ef768c17c85b2a8c,true,2026-09-20T15:08:52+00:00
20260920T145420Z-gpu_h192,electricity_hourly,T255,transformer,deep,168,192,190012,380.8663842016552,536.7468267296282,2.269125334093436,11.041314987612365,584.5610330006821,10.525390625,0.5788713339998139,19232,false,dcb2c10e4ac97b1d1289825869826fdec84593f7,ef768c17c85b2a8c,true,2026-09-20T15:08:52+00:00
20260920T145420Z-gpu_h192,electricity_hourly,T255,transformer,deep,168,192,190013,534.7370016639964,717.2799964611809,2.5349660336981654,15.648980247044411,573.5608100003446,10.525390625,0.5679446880003525,19232,false,dcb2c10e4ac97b1d1289825869826fdec84593f7,ef768c17c85b2a8c,true,2026-09-20T15:08:52+00:00
20260920T145420Z-gpu_h192,electricity_hourly,T255,transformer,deep,168,192,190014,236.39982612533746,357.5720233276021,1.3692210989481375,6.719866872957443,573.2997610002712,10.525390625,0.5675467999999455,19232,false,dcb2c10e4ac97b1d1289825869826fdec84593f7,ef768c17c85b2a8c,true,2026-09-20T15:08:52+00:00
20260920T145420Z-gpu_h192,electricity_hourly,T255,transformer,deep,168,192,190015,457.51805028467476,576.4764984237005,2.0296549365678733,13.770039782196255,566.2772800005769,10.525390625,0.5606562089997169,19232,false,dcb2c10e4ac97b1d1289825869826fdec84593f7,ef768c17c85b2a8c,true,2026-09-20T15:08:52+00:00
20260920T145420Z-gpu_h192,electricity_hourly,T255,transformer,deep,168,192,190016,348.41059103898345,459.08559097453053,1.8111665683409848,11.331125983791058,568.0852879995655,10.525390625,0.5626458679998905,19232,false,dcb2c10e4ac97b1d1289825869826fdec84593f7,ef768c17c85b2a8c,true,2026-09-20T15:08:52+00:00
20260920T145420Z-gpu_h192,electricity_hourly,T255,transformer,deep,168,192,190017,207.54825520615395,260.511605175695,1.324423856673144,6.435450121286555,591.5601860006063,10.525390625,0.5855730640005277,19232,false,dcb2c10e4ac97b1d1289825869826fdec84593f7,ef768c17c85b2a8c,true,2026-09-20T15:08:52+00:00
20260920T145420Z-gpu_h192,electricity_hourly,T255,transformer,deep,168,192,190018,291.00642975541626,385.43774895974155,1.8940935583429734,9.315718060019224,585.5147149995901,10.525390625,0.5797262549995139,19232,false,dcb2c10e4ac97b1d1289825869826fdec84593f7,ef768c17c85b2a8c,true,2026-09-20T15:08:52+00:00
20260920T145420Z-gpu_h192,electricity_hourly,T255,transformer,deep,168,192,190019,158.99657221655207,206.96180089149593,1.060468105566628,5.558366959760913,585.7689940003183,10.525390625,0.580121935000534,19232,false,dcb2c10e4ac97b1d1289825869826fdec84593f7,ef768c17c85b2a8c,true,2026-09-20T15:08:52+00:00
20260920T145420Z-gpu_h192,electricity_hourly,T255,transformer,deep,168,192,190020,370.95007425852845,649.5950499480983,2.4346768775400225,13.237636401800998,576.1257750000368,10.525390625,0.5704507009995723,19232,false,dcb2c10e4ac97b1d1289825869826fdec84593f7,ef768c17c85b2a8c,true,2026-09-20T15:08:52+00:00
20260920T145420Z-gpu_h192,electricity_hourly,T255,timesfm25,tsfm,168,192,190000,137.2619514465332,176.88074740874472,0.8166640915713251,4.036540490229983,240.8208429997103,13.52490234375,,231289280,true,dcb2c10e4ac97b1d1289825869826fdec84593f7,ef768c17c85b2a8c,true,2026-09-20T15:09:00+00:00
20260920T145420Z-gpu_h192,electricity_hourly,T255,timesfm25,tsfm,168,192,190001,240.95185343424478,322.09212603734096,1.2073584415941,6.6447097280282685,211.09796400014602,13.52490234375,,231289280,true,dcb2c10e4ac97b1d1289825869826fdec84593f7,ef768c17c85b2a8c,true,2026-09-20T15:09:00+00:00
20260920T145420Z-gpu_h192,electricity_hourly,T255,timesfm25,tsfm,168,192,190002,154.04683049519858,189.58556879145183,1.1316571569895213,4.405686920199289,211.966670000038,13.52490234375,,231289280,true,dcb2c10e4ac97b1d1289825869826fdec84593f7,ef768c17c85b2a8c,true,2026-09-20T15:09:00+00:00
20260920T145420Z-gpu_h192,electricity_hourly,T255,timesfm25,tsfm,168,192,190003,184.69673919677734,241.28879408970937,1.0346351219301306,5.199147202674287,206.11631400061015,13.52490234375,,231289280,true,dcb2c10e4ac97b1d1289825869826fdec84593f7,ef768c17c85b2a8c,true,2026-09-20T15:09:00+00:00
20260920T145420Z-gpu_h192,electricity_hourly,T255,timesfm25,tsfm,168,192,190004,171.0413564046224,225.07419002553792,0.814698178164383,4.288834906151556,203.97994599989033,13.52490234375,,231289280,true,dcb2c10e4ac97b1d1289825869826fdec84593f7,ef768c17c85b2a8c,true,2026-09-20T15:09:00+00:00
20260920T145420Z-gpu_h192,electricity_hourly,T255,timesfm25,tsfm,168,192,190005,162.62385050455728,213.7337255076715,0.8264048584061915,4.198429209819515,212.15289599967946,13.52490234375,,231289280,true,dcb2c10e4ac97b1d1289825869826fdec84593f7,ef768c17c85b2a8c,true,2026-09-20T15:09:00+00:00
20260920T145420Z-gpu_h192,electricity_hourly,T255,timesfm25,tsfm,168,192,190006,171.76382064819336,215.78343594387513,1.0019034379770666,4.440367475376555,209.56408100028057,13.52490234375,,231289280,true,dcb2c10e4ac97b1d1289825869826fdec84593f7,ef768c17c85b2a8c,true,2026-09-20T15:09:00+00:00
20260920T145420Z-gpu_h192,electricity_hourly,T255,timesfm25,tsfm,168,192,190007,139.1509641011556,179.28301371186026,0.9630287321846691,3.6811384888557295,218.12872999998945,13.52490234375,,231289280,true,dcb2c10e4ac97b1d1289825869826fdec84593f7,ef768c17c85b2a8c,true,2026-09-20T15:09:00+00:00
20260920T145420Z-gpu_h192,electricity_hourly,T255,timesfm25,tsfm,168,192,190008,148.42440032958984,188.50102061721373,1.0336160966950836,4.0341483986608635,212.77544800068426,13.52490234375,,231289280,true,dcb2c10e4ac97b1d1289825869826fdec84593f7,ef768c17c85b2a8c,true,2026-09-20T15:09:00+00:00
20260920T145420Z-gpu_h192,electricity_hourly,T255,timesfm25,tsfm,168,192,190009,179.74867884318033,240.80213579906868,0.9317426117141098,4.76784613258723,216.89441400030773,13.52490234375,,231289280,true,dcb2c10e4ac97b1d1289825869826fdec84593f7,ef768c17c85b2a8c,true,2026-09-20T15:09:00+00:00
20260920T145420Z-gpu_h192,electricity_hourly,T255,timesfm25,tsfm,168,192,190010,175.61485036214194,231.9452061864351,1.0927550968865456,4.593798501104771,221.93361300014658,13.52490234375,,231289280,true,dcb2c10e4ac97b1d1289825869826fdec84593f7,ef768c17c85b2a8c,true,2026-09-20T15:09:00+00:00
20260920T145420Z-gpu_h192,electricity_hourly,T255,timesfm25,tsfm,168,192,190011,149.92625427246094,185.67462838429367,0.8088030800297598,4.266745157780375,210.44817299934948,13.52490234375,,231289280,true,dcb2c10e4ac97b1d1289825869826fdec84593f7,ef768c17c85b2a8c,true,2026-09-20T15:09:00+00:00
20260920T145420Z-gpu_h192,electricity_hourly,T255,timesfm25,tsfm,168,192,190012,182.41447321573892,222.82946000076086,1.0867887522989823,5.113297724543009,221.5950720001274,13.52490234375,,231289280,true,dcb2c10e4ac97b1d1289825869826fdec84593f7,ef768c17c85b2a8c,true,2026-09-20T15:09:00+00:00
20260920T145420Z-gpu_h192,electricity_hourly,T255,timesfm25,tsfm,168,192,190013,180.15064748128256,231.6336384568047,0.8540193981203809,5.066180319924859,217.11357700041845,13.52490234375,,231289280,true,dcb2c10e4ac97b1d1289825869826fdec84593f7,ef768c17c85b2a8c,true,2026-09-20T15:09:00+00:00
20260920T145420Z-gpu_h192,electricity_hourly,T255,timesfm25,tsfm,168,192,190014,175.37580108642578,281.5802915762699,1.015771673897728,4.957257899380579,221.68836500077305,13.52490234375,,231289280,true,dcb2c10e4ac97b1d1289825869826fdec84593f7,ef768c17c85b2a8c,true,2026-09-20T15:09:00+00:00
20260920T145420Z-gpu_h192,electricity_hourly,T255,timesfm25,tsfm,168,192,190015,334.1293576558431,387.3467233416673,1.482274414739415,9.704012410319402,200.2666689995749,13.52490234375,,231289280,true,dcb2c10e4ac97b1d1289825869826fdec84593f7,ef768c17c85b2a8c,true,2026-09-20T15:09:00+00:00
20260920T145420Z-gpu_h192,electricity_hourly,T255,timesfm25,tsfm,168,192,190016,127.56794102986653,167.83301616246055,0.6631451394643075,4.205167477992646,213.2162320003772,13.52490234375,,231289280,true,dcb2c10e4ac97b1d1289825869826fdec84593f7,ef768c17c85b2a8c,true,2026-09-20T15:09:00+00:00
20260920T145420Z-gpu_h192,electricity_hourly,T255,timesfm25,tsfm,168,192,190017,150.98221015930176,200.82993642612013,0.9634599956988147,4.47211025412165,214.13679899978888,13.52490234375,,231289280,true,dcb2c10e4ac97b1d1289825869826fdec84593f7,ef768c17c85b2a8c,true,2026-09-20T15:09:00+00:00
20260920T145420Z-gpu_h192,electricity_hourly,T255,timesfm25,tsfm,168,192,190018,136.3482894897461,184.4667920874899,0.8874594868253226,4.3487037568559295,211.3560649995634,13.52490234375,,231289280,true,dcb2c10e4ac97b1d1289825869826fdec84593f7,ef768c17c85b2a8c,true,2026-09-20T15:09:00+00:00
20260920T145420Z-gpu_h192,electricity_hourly,T255,timesfm25,tsfm,168,192,190019,111.31267356872559,147.96016728197264,0.7424282072207729,3.6508084035564,208.08190400020976,13.52490234375,,231289280,true,dcb2c10e4ac97b1d1289825869826fdec84593f7,ef768c17c85b2a8c,true,2026-09-20T15:09:00+00:00
20260920T145420Z-gpu_h192,electricity_hourly,T255,timesfm25,tsfm,168,192,190020,339.469674428304,629.2137720722144,2.228059850395432,11.919954291884709,199.7331420006958,13.52490234375,,231289280,true,dcb2c10e4ac97b1d1289825869826fdec84593f7,ef768c17c85b2a8c,true,2026-09-20T15:09:00+00:00
20260920T145420Z-gpu_h192,electricity_hourly,T255,chronos_bolt,tsfm,168,192,190000,125.7449099222819,168.1476994071312,0.7481414299387925,3.6233016151100257,103.84874800001853,15.55126953125,,205292928,true,dcb2c10e4ac97b1d1289825869826fdec84593f7,ef768c17c85b2a8c,true,2026-09-20T15:09:06+00:00
20260920T145420Z-gpu_h192,electricity_hourly,T255,chronos_bolt,tsfm,168,192,190001,219.21700795491537,297.35296281840783,1.0984497580036123,5.969844889008576,102.01604999929259,15.55126953125,,205292928,true,dcb2c10e4ac97b1d1289825869826fdec84593f7,ef768c17c85b2a8c,true,2026-09-20T15:09:06+00:00
20260920T145420Z-gpu_h192,electricity_hourly,T255,chronos_bolt,tsfm,168,192,190002,158.0414047241211,193.17374248364374,1.1610020549063074,4.532770708494038,112.73940299997776,15.55126953125,,205292928,true,dcb2c10e4ac97b1d1289825869826fdec84593f7,ef768c17c85b2a8c,true,2026-09-20T15:09:06+00:00
20260920T145420Z-gpu_h192,electricity_hourly,T255,chronos_bolt,tsfm,168,192,190003,177.60267130533853,228.81731508349452,0.9948955367606298,4.9449543847826805,102.97668900057033,15.55126953125,,205292928,true,dcb2c10e4ac97b1d1289825869826fdec84593f7,ef768c17c85b2a8c,true,2026-09-20T15:09:06+00:00
20260920T145420Z-gpu_h192,electricity_hourly,T255,chronos_bolt,tsfm,168,192,190004,174.86344146728516,222.20867843728806,0.8329033994207813,4.466719259854434,114.17300599987357,15.55126953125,,205292928,true,dcb2c10e4ac97b1d1289825869826fdec84593f7,ef768c17c85b2a8c,true,2026-09-20T15:09:06+00:00
20260920T145420Z-gpu_h192,electricity_hourly,T255,chronos_bolt,tsfm,168,192,190005,168.38071060180664,212.43480304538463,0.8556594673628174,4.492622107347819,128.3554700003151,15.55126953125,,205292928,true,dcb2c10e4ac97b1d1289825869826fdec84593f7,ef768c17c85b2a8c,true,2026-09-20T15:09:06+00:00
20260920T145420Z-gpu_h192,electricity_hourly,T255,chronos_bolt,tsfm,168,192,190006,160.7588348388672,199.6047200127976,0.9377110307772056,4.1891493366007255,100.62049799944361,15.55126953125,,205292928,true,dcb2c10e4ac97b1d1289825869826fdec84593f7,ef768c17c85b2a8c,true,2026-09-20T15:09:06+00:00
20260920T145420Z-gpu_h192,electricity_hourly,T255,chronos_bolt,tsfm,168,192,190007,146.07031758626303,191.13383258010015,1.01091583276887,3.810909131535576,110.5890589997216,15.55126953125,,205292928,true,dcb2c10e4ac97b1d1289825869826fdec84593f7,ef768c17c85b2a8c,true,2026-09-20T15:09:06+00:00
20260920T145420Z-gpu_h192,electricity_hourly,T255,chronos_bolt,tsfm,168,192,190008,134.6689910888672,172.24783088110942,0.9378244857721673,3.707938600589699,110.15819499971258,15.55126953125,,205292928,true,dcb2c10e4ac97b1d1289825869826fdec84593f7,ef768c17c85b2a8c,true,2026-09-20T15:09:06+00:00
20260920T145420Z-gpu_h192,electricity_hourly,T255,chronos_bolt,tsfm,168,192,190009,200.52185694376627,265.6022566824782,1.0394221526242744,5.329514185458996,111.58273199998803,15.55126953125,,205292928,true,dcb2c10e4ac97b1d1289825869826fdec84593f7,ef768c17c85b2a8c,true,2026-09-20T15:09:06+00:00
20260920T145420Z-gpu_h192,electricity_hourly,T255,chronos_bolt,tsfm,168,192,190010,161.13531112670898,217.44052557555395,1.0026568491161565,4.157349336817722,111.4038369996706,15.55126953125,,205292928,true,dcb2c10e4ac97b1d1289825869826fdec84593f7,ef768c17c85b2a8c,true,2026-09-20T15:09:06+00:00
20260920T145420Z-gpu_h192,electricity_hourly,T255,chronos_bolt,tsfm,168,192,190011,154.45426177978516,192.98909221920886,0.8332301987895352,4.476549204948951,116.30215999957727,15.55126953125,,205292928,true,dcb2c10e4ac97b1d1289825869826fdec84593f7,ef768c17c85b2a8c,true,2026-09-20T15:09:06+00:00
20260920T145420Z-gpu_h192,electricity_hourly,T255,chronos_bolt,tsfm,168,192,190012,163.61090087890625,201.6472902500622,0.974760849257861,4.551448383130178,123.03409400010423,15.55126953125,,205292928,true,dcb2c10e4ac97b1d1289825869826fdec84593f7,ef768c17c85b2a8c,true,2026-09-20T15:09:06+00:00
20260920T145420Z-gpu_h192,electricity_hourly,T255,chronos_bolt,tsfm,168,192,190013,156.0651969909668,198.62138468930817,0.7398402807051362,4.384311567461896,114.38048599939066,15.55126953125,,205292928,true,dcb2c10e4ac97b1d1289825869826fdec84593f7,ef768c17c85b2a8c,true,2026-09-20T15:09:06+00:00
20260920T145420Z-gpu_h192,electricity_hourly,T255,chronos_bolt,tsfm,168,192,190014,183.40859858194986,290.4590927373764,1.0622974095326514,5.248629740152113,116.63682099970174,15.55126953125,,205292928,true,dcb2c10e4ac97b1d1289825869826fdec84593f7,ef768c17c85b2a8c,true,2026-09-20T15:09:06+00:00
20260920T145420Z-gpu_h192,electricity_hourly,T255,chronos_bolt,tsfm,168,192,190015,318.5009307861328,376.2564024685554,1.412943131029055,9.20714031142193,109.85074600012013,15.55126953125,,205292928,true,dcb2c10e4ac97b1d1289825869826fdec84593f7,ef768c17c85b2a8c,true,2026-09-20T15:09:06+00:00
20260920T145420Z-gpu_h192,electricity_hourly,T255,chronos_bolt,tsfm,168,192,190016,133.77592976888022,172.07961319758357,0.6954165512695842,4.400710285475373,117.0007450000412,15.55126953125,,205292928,true,dcb2c10e4ac97b1d1289825869826fdec84593f7,ef768c17c85b2a8c,true,2026-09-20T15:09:06+00:00
20260920T145420Z-gpu_h192,electricity_hourly,T255,chronos_bolt,tsfm,168,192,190017,131.56174023946127,174.6748335984892,0.8395325088399549,3.9518868071432838,119.16166100036207,15.55126953125,,205292928,true,dcb2c10e4ac97b1d1289825869826fdec84593f7,ef768c17c85b2a8c,true,2026-09-20T15:09:06+00:00
20260920T145420Z-gpu_h192,electricity_hourly,T255,chronos_bolt,tsfm,168,192,190018,150.0190143585205,195.7063819340565,0.9764390737491843,4.8166209944072245,112.67236599996977,15.55126953125,,205292928,true,dcb2c10e4ac97b1d1289825869826fdec84593f7,ef768c17c85b2a8c,true,2026-09-20T15:09:06+00:00
20260920T145420Z-gpu_h192,electricity_hourly,T255,chronos_bolt,tsfm,168,192,190019,115.35185623168945,153.74223354967722,0.7693685640279427,3.7237667539644934,117.62454699965019,15.55126953125,,205292928,true,dcb2c10e4ac97b1d1289825869826fdec84593f7,ef768c17c85b2a8c,true,2026-09-20T15:09:06+00:00
20260920T145420Z-gpu_h192,electricity_hourly,T255,chronos_bolt,tsfm,168,192,190020,340.404047648112,620.6349182844556,2.234192473169012,11.956293425657407,116.59513299946411,15.55126953125,,205292928,true,dcb2c10e4ac97b1d1289825869826fdec84593f7,ef768c17c85b2a8c,true,2026-09-20T15:09:06+00:00
20260920T145420Z-gpu_h192,electricity_hourly,T268,lstm,deep,168,192,200000,248.9107190497043,330.57864790564764,7.058515861196814,30.721322276760542,372.78120199971454,16.14599609375,0.3053695649996371,4513,false,dcb2c10e4ac97b1d1289825869826fdec84593f7,ef768c17c85b2a8c,true,2026-09-20T15:09:19+00:00
20260920T145420Z-gpu_h192,electricity_hourly,T268,lstm,deep,168,192,200001,376.4860920959309,455.4937948067568,5.718172899674513,41.036532585575905,377.6866739999605,16.10986328125,0.31212132000018755,4513,false,dcb2c10e4ac97b1d1289825869826fdec84593f7,ef768c17c85b2a8c,true,2026-09-20T15:09:19+00:00
20260920T145420Z-gpu_h192,electricity_hourly,T268,lstm,deep,168,192,200002,372.42909280013106,468.90703049355784,5.609810602847163,40.25613466056637,387.18136199986475,16.10986328125,0.3169735239998772,4513,false,dcb2c10e4ac97b1d1289825869826fdec84593f7,ef768c17c85b2a8c,true,2026-09-20T15:09:19+00:00
20260920T145420Z-gpu_h192,electricity_hourly,T268,lstm,deep,168,192,200003,155.5171600866352,210.90125314711793,2.786768423652995,16.392500469532344,379.80110899934516,16.10986328125,0.31183742600023834,4513,false,dcb2c10e4ac97b1d1289825869826fdec84593f7,ef768c17c85b2a8c,true,2026-09-20T15:09:19+00:00
20260920T145420Z-gpu_h192,electricity_hourly,T268,lstm,deep,168,192,200004,69.7098131274585,87.55389775861568,1.5246374681582662,7.060099189304168,395.89184899978136,16.10986328125,0.3275745729997652,4513,false,dcb2c10e4ac97b1d1289825869826fdec84593f7,ef768c17c85b2a8c,true,2026-09-20T15:09:19+00:00
20260920T145420Z-gpu_h192,electricity_hourly,T268,lstm,deep,168,192,200005,323.2080852663871,414.31653197875875,6.310774817404711,34.16816382313208,387.22558399967966,16.10986328125,0.3198742900003708,4513,false,dcb2c10e4ac97b1d1289825869826fdec84593f7,ef768c17c85b2a8c,true,2026-09-20T15:09:19+00:00
20260920T145420Z-gpu_h192,electricity_hourly,T268,lstm,deep,168,192,200006,381.5127946962213,482.55347124258196,8.70785266068408,39.41366254278778,386.3291069992556,16.10986328125,0.3141995530004351,4513,false,dcb2c10e4ac97b1d1289825869826fdec84593f7,ef768c17c85b2a8c,true,2026-09-20T15:09:19+00:00
20260920T145420Z-gpu_h192,electricity_hourly,T268,lstm,deep,168,192,200007,354.46306317831295,462.81866226059174,7.576470401911394,36.69568037695199,398.48919799987925,16.10986328125,0.33087648899982014,4513,false,dcb2c10e4ac97b1d1289825869826fdec84593f7,ef768c17c85b2a8c,true,2026-09-20T15:09:19+00:00
20260920T145420Z-gpu_h192,electricity_hourly,T268,lstm,deep,168,192,200008,410.50862980168614,484.7149356018057,9.074799307866565,43.23452736057003,393.00387099956424,16.10986328125,0.32660200299960707,4513,false,dcb2c10e4ac97b1d1289825869826fdec84593f7,ef768c17c85b2a8c,true,2026-09-20T15:09:19+00:00
20260920T145420Z-gpu_h192,electricity_hourly,T268,lstm,deep,168,192,200009,205.2343918413933,288.5171073089413,3.4428882135555257,21.876019480860656,400.2745150000919,16.10986328125,0.3330868739994912,4513,false,dcb2c10e4ac97b1d1289825869826fdec84593f7,ef768c17c85b2a8c,true,2026-09-20T15:09:19+00:00
20260920T145420Z-gpu_h192,electricity_hourly,T268,lstm,deep,168,192,200010,195.46664879649344,273.63502802072423,4.8296495241412245,20.759866901893922,380.8537699997032,16.10986328125,0.31026846100030525,4513,false,dcb2c10e4ac97b1d1289825869826fdec84593f7,ef768c17c85b2a8c,true,2026-09-20T15:09:19+00:00
20260920T145420Z-gpu_h192,electricity_hourly,T268,lstm,deep,168,192,200011,71.63163815374737,94.50983978922616,1.191516217412455,8.125115751770046,396.0673139999926,16.10986328125,0.3239874740002051,4513,false,dcb2c10e4ac97b1d1289825869826fdec84593f7,ef768c17c85b2a8c,true,2026-09-20T15:09:19+00:00
20260920T145420Z-gpu_h192,electricity_hourly,T268,lstm,deep,168,192,200012,335.23041724965657,416.8156808509141,6.118273774898675,37.60080996206218,377.29060699984984,16.10986328125,0.308567514999595,4513,false,dcb2c10e4ac97b1d1289825869826fdec84593f7,ef768c17c85b2a8c,true,2026-09-20T15:09:19+00:00
20260920T145420Z-gpu_h192,electricity_hourly,T268,lstm,deep,168,192,200013,355.8876351662639,441.84649411018705,6.453572530404483,41.12317633164175,386.2950519996957,16.10986328125,0.3170697499999733,4513,false,dcb2c10e4ac97b1d1289825869826fdec84593f7,ef768c17c85b2a8c,true,2026-09-20T15:09:19+00:00
20260920T145420Z-gpu_h192,electricity_hourly,T268,lstm,deep,168,192,200014,115.47888793861871,166.18809548306487,2.7122752998142383,13.030969558810934,374.8596629993699,16.10986328125,0.3082049040003767,4513,false,dcb2c10e4ac97b1d1289825869826fdec84593f7,ef768c17c85b2a8c,true,2026-09-20T15:09:19+00:00
20260920T145420Z-gpu_h192,electricity_hourly,T268,lstm,deep,168,192,200015,309.91860028902835,403.32941921450475,6.761860369942436,37.51120452284886,386.99589499992726,16.10986328125,0.3152338370000507,4513,false,dcb2c10e4ac97b1d1289825869826fdec84593f7,ef768c17c85b2a8c,true,2026-09-20T15:09:19+00:00
20260920T145420Z-gpu_h192,electricity_hourly,T268,lstm,deep,168,192,200016,282.6803705161598,359.5585741052408,5.646549223793455,37.46249426616843,388.27253399995243,16.10986328125,0.3168541960003495,4513,false,dcb2c10e4ac97b1d1289825869826fdec84593f7,ef768c17c85b2a8c,true,2026-09-20T15:09:19+00:00
20260920T145420Z-gpu_h192,electricity_hourly,T268,lstm,deep,168,192,200017,132.30624296717593,199.34532288127613,3.2467789685196546,17.575053305799916,387.2510040000634,16.10986328125,0.3177074410004934,4513,false,dcb2c10e4ac97b1d1289825869826fdec84593f7,ef768c17c85b2a8c,true,2026-09-20T15:09:19+00:00
20260920T145420Z-gpu_h192,electricity_hourly,T268,lstm,deep,168,192,200018,271.0031503695927,332.6246642543031,6.13206374186382,35.30245279625732,389.50031800050056,16.10986328125,0.31722093900043546,4513,false,dcb2c10e4ac97b1d1289825869826fdec84593f7,ef768c17c85b2a8c,true,2026-09-20T15:09:19+00:00
20260920T145420Z-gpu_h192,electricity_hourly,T268,lstm,deep,168,192,200019,217.69521741199557,292.44847334329285,4.969580105790641,29.10908614102417,380.40616099988256,16.10986328125,0.3106678390004163,4513,false,dcb2c10e4ac97b1d1289825869826fdec84593f7,ef768c17c85b2a8c,true,2026-09-20T15:09:19+00:00
20260920T145420Z-gpu_h192,electricity_hourly,T268,lstm,deep,168,192,200020,242.23188971626715,373.30527678133427,5.91210035917669,43.646708466006004,380.19203699968784,16.10986328125,0.3116832270006853,4513,false,dcb2c10e4ac97b1d1289825869826fdec84593f7,ef768c17c85b2a8c,true,2026-09-20T15:09:19+00:00
20260920T145420Z-gpu_h192,electricity_hourly,T268,transformer,deep,168,192,200000,156.64428868457338,207.74157687802185,4.442059387668092,19.30235451427221,570.0921160005237,10.6845703125,0.5645697539994217,19232,false,dcb2c10e4ac97b1d1289825869826fdec84593f7,ef768c17c85b2a8c,true,2026-09-20T15:09:35+00:00
20260920T145420Z-gpu_h192,electricity_hourly,T268,transformer,deep,168,192,200001,202.4044000922698,238.87306446121016,3.074172936745792,20.709968688427523,577.8242670003237,10.525390625,0.5719571769996037,19232,false,dcb2c10e4ac97b1d1289825869826fdec84593f7,ef768c17c85b2a8c,true,2026-09-20T15:09:35+00:00
20260920T145420Z-gpu_h192,electricity_hourly,T268,transformer,deep,168,192,200002,105.62356441920663,138.9134581705,1.590982560289305,12.222530826377959,583.3925770002679,10.525390625,0.5772054380004192,19232,false,dcb2c10e4ac97b1d1289825869826fdec84593f7,ef768c17c85b2a8c,true,2026-09-20T15:09:35+00:00
20260920T145420Z-gpu_h192,electricity_hourly,T268,transformer,deep,168,192,200003,96.962921589806,115.91400489432915,1.7375137766217104,10.184382938298409,623.0526700001064,10.525390625,0.6171884559998944,19232,false,dcb2c10e4ac97b1d1289825869826fdec84593f7,ef768c17c85b2a8c,true,2026-09-20T15:09:35+00:00
20260920T145420Z-gpu_h192,electricity_hourly,T268,transformer,deep,168,192,200004,112.45864228545872,153.84621158011487,2.459605785101163,12.053659490248293,602.8938199997356,10.525390625,0.5972014470007707,19232,false,dcb2c10e4ac97b1d1289825869826fdec84593f7,ef768c17c85b2a8c,true,2026-09-20T15:09:35+00:00
20260920T145420Z-gpu_h192,electricity_hourly,T268,transformer,deep,168,192,200005,112.961642696826,157.757497020351,2.2056239387583654,12.800596799486966,578.6719819998325,10.525390625,0.5732343079998827,19232,false,dcb2c10e4ac97b1d1289825869826fdec84593f7,ef768c17c85b2a8c,true,2026-09-20T15:09:35+00:00
20260920T145420Z-gpu_h192,electricity_hourly,T268,transformer,deep,168,192,200006,187.59498905890868,248.59169889489235,4.2817686518438505,19.972326976754477,580.3139010004088,10.525390625,0.5747042629991483,19232,false,dcb2c10e4ac97b1d1289825869826fdec84593f7,ef768c17c85b2a8c,true,2026-09-20T15:09:35+00:00
20260920T145420Z-gpu_h192,electricity_hourly,T268,transformer,deep,168,192,200007,80.78534413860281,101.25153951540992,1.7267462603471582,8.649566833553827,589.5449629997529,10.525390625,0.583959724000124,19232,false,dcb2c10e4ac97b1d1289825869826fdec84593f7,ef768c17c85b2a8c,true,2026-09-20T15:09:35+00:00
20260920T145420Z-gpu_h192,electricity_hourly,T268,transformer,deep,168,192,200008,130.7383013985491,178.02019192577507,2.8901313173765844,14.652370990755934,589.018347000092,10.525390625,0.5835009309994348,19232,false,dcb2c10e4ac97b1d1289825869826fdec84593f7,ef768c17c85b2a8c,true,2026-09-20T15:09:35+00:00
20260920T145420Z-gpu_h192,electricity_hourly,T268,transformer,deep,168,192,200009,140.45387865053678,185.88391707844102,2.356169446141344,14.711885137672958,578.2582319998255,10.525390625,0.5723632059998636,19232,false,dcb2c10e4ac97b1d1289825869826fdec84593f7,ef768c17c85b2a8c,true,2026-09-20T15:09:35+00:00
20260920T145420Z-gpu_h192,electricity_hourly,T268,transformer,deep,168,192,200010,75.43090920231236,99.44379614861714,1.8637698910660572,8.306820493275596,572.7565039996989,10.525390625,0.5670566139997391,19232,false,dcb2c10e4ac97b1d1289825869826fdec84593f7,ef768c17c85b2a8c,true,2026-09-20T15:09:35+00:00
20260920T145420Z-gpu_h192,electricity_hourly,T268,transformer,deep,168,192,200011,97.99319392993027,129.28036588053178,1.630012697921908,11.354545218033136,562.3214299994288,10.525390625,0.5566245210002307,19232,false,dcb2c10e4ac97b1d1289825869826fdec84593f7,ef768c17c85b2a8c,true,2026-09-20T15:09:35+00:00
20260920T145420Z-gpu_h192,electricity_hourly,T268,transformer,deep,168,192,200012,133.03552787943084,174.01672043035842,2.4280248434268747,15.223118013229135,567.2886510001263,10.525390625,0.5620044440001948,19232,false,dcb2c10e4ac97b1d1289825869826fdec84593f7,ef768c17c85b2a8c,true,2026-09-20T15:09:35+00:00
20260920T145420Z-gpu_h192,electricity_hourly,T268,transformer,deep,168,192,200013,146.5572860127779,190.6134710657228,2.6576311781689985,17.20834728950135,551.5473619998374,10.525390625,0.5458941919996505,19232,false,dcb2c10e4ac97b1d1289825869826fdec84593f7,ef768c17c85b2a8c,true,2026-09-20T15:09:35+00:00
20260920T145420Z-gpu_h192,electricity_hourly,T268,transformer,deep,168,192,200014,90.2454540302502,127.45639211631534,2.1196126864061378,10.28069924728615,548.980412999299,10.525390625,0.5437096050000036,19232,false,dcb2c10e4ac97b1d1289825869826fdec84593f7,ef768c17c85b2a8c,true,2026-09-20T15:09:35+00:00
20260920T145420Z-gpu_h192,electricity_hourly,T268,transformer,deep,168,192,200015,119.50585069675394,154.8841966808681,2.6074003788382676,14.208943930311893,555.5558070000188,10.525390625,0.5501455749999877,19232,false,dcb2c10e4ac97b1d1289825869826fdec84593f7,ef768c17c85b2a8c,true,2026-09-20T15:09:35+00:00
20260920T145420Z-gpu_h192,electricity_hourly,T268,transformer,deep,168,192,200016,63.37343718472375,79.91161845968334,1.2658863857123346,8.993523053338016,574.8586420004358,10.525390625,0.56561476799925,19232,false,dcb2c10e4ac97b1d1289825869826fdec84593f7,ef768c17c85b2a8c,true,2026-09-20T15:09:35+00:00
20260920T145420Z-gpu_h192,electricity_hourly,T268,transformer,deep,168,192,200017,56.597353902031806,75.44783154743165,1.388892120295259,8.168907412776825,572.1440259994779,10.525390625,0.5667694310004663,19232,false,dcb2c10e4ac97b1d1289825869826fdec84593f7,ef768c17c85b2a8c,true,2026-09-20T15:09:35+00:00
20260920T145420Z-gpu_h192,electricity_hourly,T268,transformer,deep,168,192,200018,68.66834329963227,96.82645240786971,1.5537777239388824,9.444837213835928,570.1659550004479,10.525390625,0.5644490529994073,19232,false,dcb2c10e4ac97b1d1289825869826fdec84593f7,ef768c17c85b2a8c,true,2026-09-20T15:09:35+00:00
20260920T145420Z-gpu_h192,electricity_hourly,T268,transformer,deep,168,192,200019,66.27040135201355,90.75107347019134,1.512830975695934,9.494417587998505,623.6901789998228,10.525390625,0.617783505999796,19232,false,dcb2c10e4ac97b1d1289825869826fdec84593f7,ef768c17c85b2a8c,true,2026-09-20T15:09:35+00:00
20260920T145420Z-gpu_h192,electricity_hourly,T268,transformer,deep,168,192,200020,172.4365763702489,321.57238860819336,4.208621524968787,33.97275881587085,567.3240810001516,10.525390625,0.5618697469999461,19232,false,dcb2c10e4ac97b1d1289825869826fdec84593f7,ef768c17c85b2a8c,true,2026-09-20T15:09:35+00:00
20260920T145420Z-gpu_h192,electricity_hourly,T268,timesfm25,tsfm,168,192,200000,38.26470692952474,51.404861636021266,1.0850960610184253,4.583832016940711,199.92140800059133,13.52490234375,,231289280,true,dcb2c10e4ac97b1d1289825869826fdec84593f7,ef768c17c85b2a8c,true,2026-09-20T15:09:44+00:00
20260920T145420Z-gpu_h192,electricity_hourly,T268,timesfm25,tsfm,168,192,200001,110.74065399169922,135.92086489671053,1.681959094484199,10.858255760561864,211.7796600005022,13.52490234375,,231289280,true,dcb2c10e4ac97b1d1289825869826fdec84593f7,ef768c17c85b2a8c,true,2026-09-20T15:09:44+00:00
20260920T145420Z-gpu_h192,electricity_hourly,T268,timesfm25,tsfm,168,192,200002,46.50626675287882,61.89915589023768,0.7005128046458735,5.066078277592206,222.5561329996708,13.52490234375,,231289280,true,dcb2c10e4ac97b1d1289825869826fdec84593f7,ef768c17c85b2a8c,true,2026-09-20T15:09:44+00:00
20260920T145420Z-gpu_h192,electricity_hourly,T268,timesfm25,tsfm,168,192,200003,68.91175238291423,82.9728006472635,1.2348546967570493,7.034007512163792,218.90680599972256,13.52490234375,,231289280,true,dcb2c10e4ac97b1d1289825869826fdec84593f7,ef768c17c85b2a8c,true,2026-09-20T15:09:44+00:00
20260920T145420Z-gpu_h192,electricity_hourly,T268,timesfm25,tsfm,168,192,200004,58.73433748881022,78.0004876600458,1.2845906133640146,5.44685583830305,203.79967600001692,13.52490234375,,231289280,true,dcb2c10e4ac97b1d1289825869826fdec84593f7,ef768c17c85b2a8c,true,2026-09-20T15:09:44+00:00
20260920T145420Z-gpu_h192,electricity_hourly,T268,timesfm25,tsfm,168,192,200005,36.04502201080322,47.32856928570883,0.7037943280753443,3.5886920707969443,211.1599119998573,13.52490234375,,231289280,true,dcb2c10e4ac97b1d1289825869826fdec84593f7,ef768c17c85b2a8c,true,2026-09-20T15:09:44+00:00
20260920T145420Z-gpu_h192,electricity_hourly,T268,timesfm25,tsfm,168,192,200006,54.3457981745402,71.41731426392647,1.2404176473504183,5.014837431885081,214.81865300029312,13.52490234375,,231289280,true,dcb2c10e4ac97b1d1289825869826fdec84593f7,ef768c17c85b2a8c,true,2026-09-20T15:09:44+00:00
20260920T145420Z-gpu_h192,electricity_hourly,T268,timesfm25,tsfm,168,192,200007,62.26498222351074,78.63743277201054,1.3308828024618595,6.47282104106659,212.75540999977238,13.52490234375,,231289280,true,dcb2c10e4ac97b1d1289825869826fdec84593f7,ef768c17c85b2a8c,true,2026-09-20T15:09:44+00:00
20260920T145420Z-gpu_h192,electricity_hourly,T268,timesfm25,tsfm,168,192,200008,57.41607666015625,71.40061591062954,1.2692531530645532,5.914111411149481,211.77601999988838,13.52490234375,,231289280,true,dcb2c10e4ac97b1d1289825869826fdec84593f7,ef768c17c85b2a8c,true,2026-09-20T15:09:44+00:00
20260920T145420Z-gpu_h192,electricity_hourly,T268,timesfm25,tsfm,168,192,200009,52.03507614135742,69.55063281056648,0.8729090126229576,5.061112250881775,213.12806199966872,13.52490234375,,231289280,true,dcb2c10e4ac97b1d1289825869826fdec84593f7,ef768c17c85b2a8c,true,2026-09-20T15:09:44+00:00
20260920T145420Z-gpu_h192,electricity_hourly,T268,timesfm25,tsfm,168,192,200010,45.51004886627197,57.450521250831244,1.1244761559271044,4.759605791295213,212.63252499920782,13.52490234375,,231289280,true,dcb2c10e4ac97b1d1289825869826fdec84593f7,ef768c17c85b2a8c,true,2026-09-20T15:09:44+00:00
20260920T145420Z-gpu_h192,electricity_hourly,T268,timesfm25,tsfm,168,192,200011,54.79581610361735,68.87533573764614,0.9114701997136303,6.198987568995617,219.10808099983115,13.52490234375,,231289280,true,dcb2c10e4ac97b1d1289825869826fdec84593f7,ef768c17c85b2a8c,true,2026-09-20T15:09:44+00:00
20260920T145420Z-gpu_h192,electricity_hourly,T268,timesfm25,tsfm,168,192,200012,57.795711517333984,78.55601234620475,1.0548266740806203,5.544728896399754,202.31522700032656,13.52490234375,,231289280,true,dcb2c10e4ac97b1d1289825869826fdec84593f7,ef768c17c85b2a8c,true,2026-09-20T15:09:44+00:00
20260920T145420Z-gpu_h192,electricity_hourly,T268,timesfm25,tsfm,168,192,200013,60.42821756998698,79.7634237660691,1.0957893628104929,6.7929904253403635,200.82456300042395,13.52490234375,,231289280,true,dcb2c10e4ac97b1d1289825869826fdec84593f7,ef768c17c85b2a8c,true,2026-09-20T15:09:44+00:00
20260920T145420Z-gpu_h192,electricity_hourly,T268,timesfm25,tsfm,168,192,200014,47.10202439626058,64.34478970986613,1.1062944891635174,5.258394548770227,214.8372029996608,13.52490234375,,231289280,true,dcb2c10e4ac97b1d1289825869826fdec84593f7,ef768c17c85b2a8c,true,2026-09-20T15:09:44+00:00
20260920T145420Z-gpu_h192,electricity_hourly,T268,timesfm25,tsfm,168,192,200015,76.53661489486694,110.4218038707004,1.6698897795243697,8.510456372335454,212.619631999587,13.52490234375,,231289280,true,dcb2c10e4ac97b1d1289825869826fdec84593f7,ef768c17c85b2a8c,true,2026-09-20T15:09:44+00:00
20260920T145420Z-gpu_h192,electricity_hourly,T268,timesfm25,tsfm,168,192,200016,39.06752157211304,49.582570346121685,0.7803749627388372,5.484223462507226,215.2410589997089,13.52490234375,,231289280,true,dcb2c10e4ac97b1d1289825869826fdec84593f7,ef768c17c85b2a8c,true,2026-09-20T15:09:44+00:00
20260920T145420Z-gpu_h192,electricity_hourly,T268,timesfm25,tsfm,168,192,200017,26.447201410929363,33.00589194868554,0.6490110775688187,3.577378761667315,207.95210000051156,13.52490234375,,231289280,true,dcb2c10e4ac97b1d1289825869826fdec84593f7,ef768c17c85b2a8c,true,2026-09-20T15:09:44+00:00
20260920T145420Z-gpu_h192,electricity_hourly,T268,timesfm25,tsfm,168,192,200018,23.75815788904826,29.14933131768243,0.537582453806246,3.2126616974589477,205.30538599996362,13.52490234375,,231289280,true,dcb2c10e4ac97b1d1289825869826fdec84593f7,ef768c17c85b2a8c,true,2026-09-20T15:09:44+00:00
20260920T145420Z-gpu_h192,electricity_hourly,T268,timesfm25,tsfm,168,192,200019,23.259644349416096,29.50617021376779,0.5309747600373997,3.1108341394189285,200.79701399936312,13.52490234375,,231289280,true,dcb2c10e4ac97b1d1289825869826fdec84593f7,ef768c17c85b2a8c,true,2026-09-20T15:09:44+00:00
20260920T145420Z-gpu_h192,electricity_hourly,T268,timesfm25,tsfm,168,192,200020,124.62494357426961,309.0821223091861,3.0416935380838686,27.362881374080285,215.0631800004703,13.52490234375,,231289280,true,dcb2c10e4ac97b1d1289825869826fdec84593f7,ef768c17c85b2a8c,true,2026-09-20T15:09:44+00:00
20260920T145420Z-gpu_h192,electricity_hourly,T268,chronos_bolt,tsfm,168,192,200000,44.0676326751709,59.166240287707744,1.2496532306468313,4.86421905391888,117.72477999966213,15.55126953125,,205292928,true,dcb2c10e4ac97b1d1289825869826fdec84593f7,ef768c17c85b2a8c,true,2026-09-20T15:09:50+00:00
20260920T145420Z-gpu_h192,electricity_hourly,T268,chronos_bolt,tsfm,168,192,200001,90.3258539835612,110.10840426565552,1.3718935738458828,9.112092421822487,113.30242999974871,15.55126953125,,205292928,true,dcb2c10e4ac97b1d1289825869826fdec84593f7,ef768c17c85b2a8c,true,2026-09-20T15:09:50+00:00
20260920T145420Z-gpu_h192,electricity_hourly,T268,chronos_bolt,tsfm,168,192,200002,50.547502199808754,64.16657664720191,0.7613849703736884,5.500352323743299,114.04702799973165,15.55126953125,,205292928,true,dcb2c10e4ac97b1d1289825869826fdec84593f7,ef768c17c85b2a8c,true,2026-09-20T15:09:50+00:00
20260920T145420Z-gpu_h192,electricity_hourly,T268,chronos_bolt,tsfm,168,192,200003,60.88312562306722,78.21830078175394,1.0909868205228572,5.723423501460464,118.07915999997931,15.55126953125,,205292928,true,dcb2c10e4ac97b1d1289825869826fdec84593f7,ef768c17c85b2a8c,true,2026-09-20T15:09:50+00:00
20260920T145420Z-gpu_h192,electricity_hourly,T268,chronos_bolt,tsfm,168,192,200004,54.78093274434408,73.00271767257819,1.1981248959880844,5.162902369119087,115.19997000050353,15.55126953125,,205292928,true,dcb2c10e4ac97b1d1289825869826fdec84593f7,ef768c17c85b2a8c,true,2026-09-20T15:09:50+00:00
20260920T145420Z-gpu_h192,electricity_hourly,T268,chronos_bolt,tsfm,168,192,200005,36.01904614766439,49.39310515647471,0.7032871383408369,3.4799634032810673,114.23617299988109,15.55126953125,,205292928,true,dcb2c10e4ac97b1d1289825869826fdec84593f7,ef768c17c85b2a8c,true,2026-09-20T15:09:50+00:00
20260920T145420Z-gpu_h192,electricity_hourly,T268,chronos_bolt,tsfm,168,192,200006,53.57078711191813,73.71637929560268,1.2227283791593295,4.811971967288164,116.17480800032354,15.55126953125,,205292928,true,dcb2c10e4ac97b1d1289825869826fdec84593f7,ef768c17c85b2a8c,true,2026-09-20T15:09:50+00:00
20260920T145420Z-gpu_h192,electricity_hourly,T268,chronos_bolt,tsfm,168,192,200007,61.78535111745199,77.38982120472782,1.3206309278481647,6.561493884313012,122.84907199955342,15.55126953125,,205292928,true,dcb2c10e4ac97b1d1289825869826fdec84593f7,ef768c17c85b2a8c,true,2026-09-20T15:09:50+00:00
20260920T145420Z-gpu_h192,electricity_hourly,T268,chronos_bolt,tsfm,168,192,200008,56.569642066955566,71.04889865886769,1.2505416729569545,5.799359775431832,117.14770199978375,15.55126953125,,205292928,true,dcb2c10e4ac97b1d1289825869826fdec84593f7,ef768c17c85b2a8c,true,2026-09-20T15:09:50+00:00
20260920T145420Z-gpu_h192,electricity_hourly,T268,chronos_bolt,tsfm,168,192,200009,47.89756679534912,66.14910029763065,0.8035006545352136,4.454705641973344,120.69816400071431,15.55126953125,,205292928,true,dcb2c10e4ac97b1d1289825869826fdec84593f7,ef768c17c85b2a8c,true,2026-09-20T15:09:50+00:00
20260920T145420Z-gpu_h192,electricity_hourly,T268,chronos_bolt,tsfm,168,192,200010,46.62861474355062,59.16605730033845,1.1521140224899262,4.711123460297598,118.30248600017512,15.55126953125,,205292928,true,dcb2c10e4ac97b1d1289825869826fdec84593f7,ef768c17c85b2a8c,true,2026-09-20T15:09:50+00:00
20260920T145420Z-gpu_h192,electricity_hourly,T268,chronos_bolt,tsfm,168,192,200011,53.87416648864746,67.91793919529196,0.8961395372952794,6.129828073137692,122.12020799961465,15.55126953125,,205292928,true,dcb2c10e4ac97b1d1289825869826fdec84593f7,ef768c17c85b2a8c,true,2026-09-20T15:09:50+00:00
20260920T145420Z-gpu_h192,electricity_hourly,T268,chronos_bolt,tsfm,168,192,200012,54.75745423634847,75.11716261080575,0.9993755906253714,5.150994551312896,120.18334899948968,15.55126953125,,205292928,true,dcb2c10e4ac97b1d1289825869826fdec84593f7,ef768c17c85b2a8c,true,2026-09-20T15:09:50+00:00
20260920T145420Z-gpu_h192,electricity_hourly,T268,chronos_bolt,tsfm,168,192,200013,58.22352282206217,78.26626644574202,1.0558100096180523,6.479619495123126,118.56489199999487,15.55126953125,,205292928,true,dcb2c10e4ac97b1d1289825869826fdec84593f7,ef768c17c85b2a8c,true,2026-09-20T15:09:50+00:00
20260920T145420Z-gpu_h192,electricity_hourly,T268,chronos_bolt,tsfm,168,192,200014,46.61458873748779,61.75698880188029,1.0948459922032692,5.346525480860653,119.82767900008184,15.55126953125,,205292928,true,dcb2c10e4ac97b1d1289825869826fdec84593f7,ef768c17c85b2a8c,true,2026-09-20T15:09:50+00:00
20260920T145420Z-gpu_h192,electricity_hourly,T268,chronos_bolt,tsfm,168,192,200015,74.88385581970215,108.99552254621402,1.633829581520774,8.308147028802331,111.50076299963985,15.55126953125,,205292928,true,dcb2c10e4ac97b1d1289825869826fdec84593f7,ef768c17c85b2a8c,true,2026-09-20T15:09:50+00:00
20260920T145420Z-gpu_h192,electricity_hourly,T268,chronos_bolt,tsfm,168,192,200016,36.403463204701744,46.08790129367263,0.7271603137019075,5.053457595445072,116.77811200024735,15.55126953125,,205292928,true,dcb2c10e4ac97b1d1289825869826fdec84593f7,ef768c17c85b2a8c,true,2026-09-20T15:09:50+00:00
20260920T145420Z-gpu_h192,electricity_hourly,T268,chronos_bolt,tsfm,168,192,200017,32.27946964899699,39.84726823249225,0.7921342245152635,4.418335325701308,115.26528200010944,15.55126953125,,205292928,true,dcb2c10e4ac97b1d1289825869826fdec84593f7,ef768c17c85b2a8c,true,2026-09-20T15:09:50+00:00
20260920T145420Z-gpu_h192,electricity_hourly,T268,chronos_bolt,tsfm,168,192,200018,32.74013630549113,41.62759085725963,0.7408201803882342,4.538220127501439,111.37505800070358,15.55126953125,,205292928,true,dcb2c10e4ac97b1d1289825869826fdec84593f7,ef768c17c85b2a8c,true,2026-09-20T15:09:50+00:00
20260920T145420Z-gpu_h192,electricity_hourly,T268,chronos_bolt,tsfm,168,192,200019,30.36030673980713,38.16117358274303,0.6930697797292686,4.288285681135996,110.07615200014698,15.55126953125,,205292928,true,dcb2c10e4ac97b1d1289825869826fdec84593f7,ef768c17c85b2a8c,true,2026-09-20T15:09:50+00:00
20260920T145420Z-gpu_h192,electricity_hourly,T268,chronos_bolt,tsfm,168,192,200020,125.6650447845459,304.52024771495746,3.067079059148239,27.883564748573082,122.36808499983454,15.55126953125,,205292928,true,dcb2c10e4ac97b1d1289825869826fdec84593f7,ef768c17c85b2a8c,true,2026-09-20T15:09:50+00:00
20260920T145420Z-gpu_h192,electricity_hourly,T281,lstm,deep,168,192,210000,603.4923983241805,749.9665250112553,5.3268913423245055,33.71858705769735,438.5735610003394,16.14599609375,0.3633401970000705,4513,false,dcb2c10e4ac97b1d1289825869826fdec84593f7,ef768c17c85b2a8c,true,2026-09-20T15:10:03+00:00
20260920T145420Z-gpu_h192,electricity_hourly,T281,lstm,deep,168,192,210001,468.26501471159327,610.7336164877792,3.771472795932067,23.394250535282186,384.2257549995338,16.10986328125,0.31664405799983797,4513,false,dcb2c10e4ac97b1d1289825869826fdec84593f7,ef768c17c85b2a8c,true,2026-09-20T15:10:03+00:00
20260920T145420Z-gpu_h192,electricity_hourly,T281,lstm,deep,168,192,210002,210.71821652109762,292.7487241778937,1.4197081915986551,11.306292988612725,407.16518400040513,16.10986328125,0.3238775270001497,4513,false,dcb2c10e4ac97b1d1289825869826fdec84593f7,ef768c17c85b2a8c,true,2026-09-20T15:10:03+00:00
20260920T145420Z-gpu_h192,electricity_hourly,T281,lstm,deep,168,192,210003,750.2963205503411,929.2624221958589,8.553770102070233,37.586585346657415,378.1401590003952,16.10986328125,0.3122586319996117,4513,false,dcb2c10e4ac97b1d1289825869826fdec84593f7,ef768c17c85b2a8c,true,2026-09-20T15:10:03+00:00
20260920T145420Z-gpu_h192,electricity_hourly,T281,lstm,deep,168,192,210004,925.5547483781597,1123.601989588084,7.491421716961104,44.0377123707444,390.51137900059985,16.10986328125,0.3211051399994176,4513,false,dcb2c10e4ac97b1d1289825869826fdec84593f7,ef768c17c85b2a8c,true,2026-09-20T15:10:03+00:00
20260920T145420Z-gpu_h192,electricity_hourly,T281,lstm,deep,168,192,210005,508.15562901037464,714.4074898664607,2.828105842834272,24.75971660086327,380.5651049997323,16.10986328125,0.31275148700024147,4513,false,dcb2c10e4ac97b1d1289825869826fdec84593f7,ef768c17c85b2a8c,true,2026-09-20T15:10:03+00:00
20260920T145420Z-gpu_h192,electricity_hourly,T281,lstm,deep,168,192,210006,426.95698550078237,573.6793179396328,3.0670361125467753,20.586063374657368,385.0059729993518,16.10986328125,0.31899656299992785,4513,false,dcb2c10e4ac97b1d1289825869826fdec84593f7,ef768c17c85b2a8c,true,2026-09-20T15:10:03+00:00
20260920T145420Z-gpu_h192,electricity_hourly,T281,lstm,deep,168,192,210007,564.273117519709,739.667993703088,3.8702228589110783,27.510950506863878,378.03114899998036,16.10986328125,0.31096038299983775,4513,false,dcb2c10e4ac97b1d1289825869826fdec84593f7,ef768c17c85b2a8c,true,2026-09-20T15:10:03+00:00
20260920T145420Z-gpu_h192,electricity_hourly,T281,lstm,deep,168,192,210008,732.202873458954,925.670377502712,8.667972194844571,34.34556192078733,397.8416769996329,16.10986328125,0.3294775109998227,4513,false,dcb2c10e4ac97b1d1289825869826fdec84593f7,ef768c17c85b2a8c,true,2026-09-20T15:10:03+00:00
20260920T145420Z-gpu_h192,electricity_hourly,T281,lstm,deep,168,192,210009,306.31779671444286,418.4155300432261,2.485897358367886,14.063920402005728,403.1644309998228,16.10986328125,0.3334951060005551,4513,false,dcb2c10e4ac97b1d1289825869826fdec84593f7,ef768c17c85b2a8c,true,2026-09-20T15:10:03+00:00
20260920T145420Z-gpu_h192,electricity_hourly,T281,lstm,deep,168,192,210010,530.805956374068,727.152618723393,4.241028558945003,26.754497996446513,412.6050849999956,16.10986328125,0.34439620200009813,4513,false,dcb2c10e4ac97b1d1289825869826fdec84593f7,ef768c17c85b2a8c,true,2026-09-20T15:10:03+00:00
20260920T145420Z-gpu_h192,electricity_hourly,T281,lstm,deep,168,192,210011,396.8161545508522,561.4825313358436,3.693699176168243,21.13273001963954,400.7740240003841,16.10986328125,0.332097524999881,4513,false,dcb2c10e4ac97b1d1289825869826fdec84593f7,ef768c17c85b2a8c,true,2026-09-20T15:10:03+00:00
20260920T145420Z-gpu_h192,electricity_hourly,T281,lstm,deep,168,192,210012,598.0069063046869,655.5854823251278,1.6944038902025682,30.726742309285754,406.6100629997891,16.10986328125,0.3365245810000488,4513,false,dcb2c10e4ac97b1d1289825869826fdec84593f7,ef768c17c85b2a8c,true,2026-09-20T15:10:03+00:00
20260920T145420Z-gpu_h192,electricity_hourly,T281,lstm,deep,168,192,210013,159.604097501253,211.84023859691965,1.3810233169198673,8.619587495957136,386.47393900009774,16.10986328125,0.3172389569999723,4513,false,dcb2c10e4ac97b1d1289825869826fdec84593f7,ef768c17c85b2a8c,true,2026-09-20T15:10:03+00:00
20260920T145420Z-gpu_h192,electricity_hourly,T281,lstm,deep,168,192,210014,213.34744106086825,300.6910697729751,1.8104797874220655,11.582592155458034,382.91100500009634,16.10986328125,0.3124465210003109,4513,false,dcb2c10e4ac97b1d1289825869826fdec84593f7,ef768c17c85b2a8c,true,2026-09-20T15:10:03+00:00
20260920T145420Z-gpu_h192,electricity_hourly,T281,lstm,deep,168,192,210015,387.99593619398314,546.0542565871866,2.990654898401326,21.972450327437723,378.90103700010513,16.10986328125,0.3109722420003891,4513,false,dcb2c10e4ac97b1d1289825869826fdec84593f7,ef768c17c85b2a8c,true,2026-09-20T15:10:03+00:00
20260920T145420Z-gpu_h192,electricity_hourly,T281,lstm,deep,168,192,210016,177.3392961701076,247.8097502505966,1.828501979700379,10.52000514155335,396.9577099996968,16.10986328125,0.3292679500000304,4513,false,dcb2c10e4ac97b1d1289825869826fdec84593f7,ef768c17c85b2a8c,true,2026-09-20T15:10:03+00:00
20260920T145420Z-gpu_h192,electricity_hourly,T281,lstm,deep,168,192,210017,182.49523135498103,274.2336416395972,2.0379459724790436,11.246936172978943,385.10003600003984,16.10986328125,0.3210392700002558,4513,false,dcb2c10e4ac97b1d1289825869826fdec84593f7,ef768c17c85b2a8c,true,2026-09-20T15:10:03+00:00
20260920T145420Z-gpu_h192,electricity_hourly,T281,lstm,deep,168,192,210018,685.3453964136078,818.3463099535816,8.179159380371251,41.75258885309343,383.7268560000666,16.10986328125,0.31608913100080827,4513,false,dcb2c10e4ac97b1d1289825869826fdec84593f7,ef768c17c85b2a8c,true,2026-09-20T15:10:03+00:00
20260920T145420Z-gpu_h192,electricity_hourly,T281,lstm,deep,168,192,210019,706.7322893858744,875.8954576038706,8.048196889803553,39.661447548226384,391.1604120003176,16.10986328125,0.3215151920003336,4513,false,dcb2c10e4ac97b1d1289825869826fdec84593f7,ef768c17c85b2a8c,true,2026-09-20T15:10:03+00:00
20260920T145420Z-gpu_h192,electricity_hourly,T281,lstm,deep,168,192,210020,913.864784581115,1041.380392770107,6.615883011396137,51.08550455184876,407.55430799981696,16.10986328125,0.34311542799969175,4513,false,dcb2c10e4ac97b1d1289825869826fdec84593f7,ef768c17c85b2a8c,true,2026-09-20T15:10:03+00:00
20260920T145420Z-gpu_h192,electricity_hourly,T281,transformer,deep,168,192,210000,163.52129012974564,210.23774720829525,1.4433655620132015,8.655249239390976,584.3398070001058,10.6845703125,0.5789225580001585,19232,false,dcb2c10e4ac97b1d1289825869826fdec84593f7,ef768c17c85b2a8c,true,2026-09-20T15:10:19+00:00
20260920T145420Z-gpu_h192,electricity_hourly,T281,transformer,deep,168,192,210001,352.63433200345236,456.910396943723,2.840166889003699,16.45181188626189,595.5658700004278,10.525390625,0.5899144129998604,19232,false,dcb2c10e4ac97b1d1289825869826fdec84593f7,ef768c17c85b2a8c,true,2026-09-20T15:10:19+00:00
20260920T145420Z-gpu_h192,electricity_hourly,T281,transformer,deep,168,192,210002,162.618019537876,207.13317208246977,1.0956344366001096,8.738279394035867,579.9791050003478,10.525390625,0.574446251000154,19232,false,dcb2c10e4ac97b1d1289825869826fdec84593f7,ef768c17c85b2a8c,true,2026-09-20T15:10:19+00:00
20260920T145420Z-gpu_h192,electricity_hourly,T281,transformer,deep,168,192,210003,319.45802004767893,404.37304644998216,3.6419883530097197,16.355858370560757,593.1982080001035,10.525390625,0.5875948279999648,19232,false,dcb2c10e4ac97b1d1289825869826fdec84593f7,ef768c17c85b2a8c,true,2026-09-20T15:10:19+00:00
20260920T145420Z-gpu_h192,electricity_hourly,T281,transformer,deep,168,192,210004,259.6245972299632,333.54888049424704,2.101396324046692,11.180336439017358,615.6311859995185,10.525390625,0.6096854239995082,19232,false,dcb2c10e4ac97b1d1289825869826fdec84593f7,ef768c17c85b2a8c,true,2026-09-20T15:10:19+00:00
20260920T145420Z-gpu_h192,electricity_hourly,T281,transformer,deep,168,192,210005,206.8221263837465,261.7360770930554,1.1510545798585259,9.732364081503775,573.0359290000706,10.525390625,0.567488830000002,19232,false,dcb2c10e4ac97b1d1289825869826fdec84593f7,ef768c17c85b2a8c,true,2026-09-20T15:10:19+00:00
20260920T145420Z-gpu_h192,electricity_hourly,T281,transformer,deep,168,192,210006,302.2211602439539,376.9251769304649,2.1709990559278336,14.001921326198138,571.3147780006693,10.525390625,0.5651744100005089,19232,false,dcb2c10e4ac97b1d1289825869826fdec84593f7,ef768c17c85b2a8c,true,2026-09-20T15:10:19+00:00
20260920T145420Z-gpu_h192,electricity_hourly,T281,transformer,deep,168,192,210007,367.65641847454026,485.5387096855465,2.521672982154503,17.156245669617572,565.879447000043,10.525390625,0.5600359679992835,19232,false,dcb2c10e4ac97b1d1289825869826fdec84593f7,ef768c17c85b2a8c,true,2026-09-20T15:10:19+00:00
20260920T145420Z-gpu_h192,electricity_hourly,T281,transformer,deep,168,192,210008,336.11873144209943,427.1572448860898,3.979044502438533,16.713511591792464,598.274575000687,10.525390625,0.5926347580007132,19232,false,dcb2c10e4ac97b1d1289825869826fdec84593f7,ef768c17c85b2a8c,true,2026-09-20T15:10:19+00:00
20260920T145420Z-gpu_h192,electricity_hourly,T281,transformer,deep,168,192,210009,191.0428112223315,260.3274651679013,1.5503925166825818,8.053811376631705,620.3419090006719,10.525390625,0.6147631049998381,19232,false,dcb2c10e4ac97b1d1289825869826fdec84593f7,ef768c17c85b2a8c,true,2026-09-20T15:10:19+00:00
20260920T145420Z-gpu_h192,electricity_hourly,T281,transformer,deep,168,192,210010,121.88715642754084,149.60727773150535,0.9738528838465228,5.971752279266446,572.7648760002921,10.525390625,0.5673629980001351,19232,false,dcb2c10e4ac97b1d1289825869826fdec84593f7,ef768c17c85b2a8c,true,2026-09-20T15:10:19+00:00
20260920T145420Z-gpu_h192,electricity_hourly,T281,transformer,deep,168,192,210011,236.83294403999002,402.6519484684532,2.204521263203527,12.769574025194027,612.6915649992952,10.525390625,0.6072146729993619,19232,false,dcb2c10e4ac97b1d1289825869826fdec84593f7,ef768c17c85b2a8c,true,2026-09-20T15:10:19+00:00
20260920T145420Z-gpu_h192,electricity_hourly,T281,transformer,deep,168,192,210012,482.65377175685825,591.2993063010656,1.3675601734089093,24.39910227674811,586.7665209998449,10.525390625,0.5808208150001519,19232,false,dcb2c10e4ac97b1d1289825869826fdec84593f7,ef768c17c85b2a8c,true,2026-09-20T15:10:19+00:00
20260920T145420Z-gpu_h192,electricity_hourly,T281,transformer,deep,168,192,210013,141.2620970682165,186.66021593749932,1.222313542712605,7.724807276492446,582.3281439998027,10.525390625,0.5763763970007858,19232,false,dcb2c10e4ac97b1d1289825869826fdec84593f7,ef768c17c85b2a8c,true,2026-09-20T15:10:19+00:00
20260920T145420Z-gpu_h192,electricity_hourly,T281,transformer,deep,168,192,210014,276.7148437790366,344.26310565142495,2.3482195476563894,14.62807938627673,576.802881999356,10.525390625,0.5712005469995347,19232,false,dcb2c10e4ac97b1d1289825869826fdec84593f7,ef768c17c85b2a8c,true,2026-09-20T15:10:19+00:00
20260920T145420Z-gpu_h192,electricity_hourly,T281,transformer,deep,168,192,210015,179.60078929905356,217.2913247870566,1.3843546546977685,10.11526430220927,583.0416910002896,10.525390625,0.5776733289994809,19232,false,dcb2c10e4ac97b1d1289825869826fdec84593f7,ef768c17c85b2a8c,true,2026-09-20T15:10:19+00:00
20260920T145420Z-gpu_h192,electricity_hourly,T281,transformer,deep,168,192,210016,136.9353822482574,185.10934044497418,1.4119071347378682,8.296776839681787,584.2207979994782,10.525390625,0.5783764939997127,19232,false,dcb2c10e4ac97b1d1289825869826fdec84593f7,ef768c17c85b2a8c,true,2026-09-20T15:10:19+00:00
20260920T145420Z-gpu_h192,electricity_hourly,T281,transformer,deep,168,192,210017,135.26649547896224,184.4326346772692,1.5105370569190044,8.542146229343102,604.5598959999552,10.525390625,0.598813575999884,19232,false,dcb2c10e4ac97b1d1289825869826fdec84593f7,ef768c17c85b2a8c,true,2026-09-20T15:10:19+00:00
20260920T145420Z-gpu_h192,electricity_hourly,T281,transformer,deep,168,192,210018,182.64440811439985,228.59261781629368,2.1797443037024347,10.80040475097437,579.2749419997563,10.525390625,0.5735728919999019,19232,false,dcb2c10e4ac97b1d1289825869826fdec84593f7,ef768c17c85b2a8c,true,2026-09-20T15:10:19+00:00
20260920T145420Z-gpu_h192,electricity_hourly,T281,transformer,deep,168,192,210019,251.6058401817072,334.06836824122945,2.8652622369447083,14.059954145784939,583.4071150002273,10.525390625,0.57795802200053,19232,false,dcb2c10e4ac97b1d1289825869826fdec84593f7,ef768c17c85b2a8c,true,2026-09-20T15:10:19+00:00
20260920T145420Z-gpu_h192,electricity_hourly,T281,transformer,deep,168,192,210020,507.32457155141407,660.7230015225531,3.6727534213163553,28.971765079399997,576.1371179996786,10.525390625,0.5705493690002186,19232,false,dcb2c10e4ac97b1d1289825869826fdec84593f7,ef768c17c85b2a8c,true,2026-09-20T15:10:19+00:00
20260920T145420Z-gpu_h192,electricity_hourly,T281,timesfm25,tsfm,168,192,210000,87.96456877390544,116.1668431946256,0.7764434169083231,4.359242950448728,196.81598900024255,13.52490234375,,231289280,true,dcb2c10e4ac97b1d1289825869826fdec84593f7,ef768c17c85b2a8c,true,2026-09-20T15:10:28+00:00
20260920T145420Z-gpu_h192,electricity_hourly,T281,timesfm25,tsfm,168,192,210001,256.2704661687215,341.0882462850313,2.0640386558697856,11.435468287845511,207.95621300021594,13.52490234375,,231289280,true,dcb2c10e4ac97b1d1289825869826fdec84593f7,ef768c17c85b2a8c,true,2026-09-20T15:10:28+00:00
20260920T145420Z-gpu_h192,electricity_hourly,T281,timesfm25,tsfm,168,192,210002,130.86579513549805,170.33463831578803,0.8817046974927113,7.018686141833857,198.2080669995412,13.52490234375,,231289280,true,dcb2c10e4ac97b1d1289825869826fdec84593f7,ef768c17c85b2a8c,true,2026-09-20T15:10:28+00:00
20260920T145420Z-gpu_h192,electricity_hourly,T281,timesfm25,tsfm,168,192,210003,162.43158849080405,249.07128619394663,1.8518049831902292,7.270635333585755,205.87130400053866,13.52490234375,,231289280,true,dcb2c10e4ac97b1d1289825869826fdec84593f7,ef768c17c85b2a8c,true,2026-09-20T15:10:28+00:00
20260920T145420Z-gpu_h192,electricity_hourly,T281,timesfm25,tsfm,168,192,210004,149.50906244913736,210.03647977268758,1.2101233765766837,6.24385394729278,219.5489270006874,13.52490234375,,231289280,true,dcb2c10e4ac97b1d1289825869826fdec84593f7,ef768c17c85b2a8c,true,2026-09-20T15:10:28+00:00
20260920T145420Z-gpu_h192,electricity_hourly,T281,timesfm25,tsfm,168,192,210005,103.43129857381184,133.7056717241661,0.575639908581159,4.68471294590474,212.64431400049943,13.52490234375,,231289280,true,dcb2c10e4ac97b1d1289825869826fdec84593f7,ef768c17c85b2a8c,true,2026-09-20T15:10:28+00:00
20260920T145420Z-gpu_h192,electricity_hourly,T281,timesfm25,tsfm,168,192,210006,154.17062123616537,197.92573163624374,1.1074812659886168,6.789031598270319,247.65812500027096,13.52490234375,,231289280,true,dcb2c10e4ac97b1d1289825869826fdec84593f7,ef768c17c85b2a8c,true,2026-09-20T15:10:28+00:00
20260920T145420Z-gpu_h192,electricity_hourly,T281,timesfm25,tsfm,168,192,210007,114.8040542602539,143.1062105130703,0.7874152804704245,5.436651348245227,211.22264800033008,13.52490234375,,231289280,true,dcb2c10e4ac97b1d1289825869826fdec84593f7,ef768c17c85b2a8c,true,2026-09-20T15:10:28+00:00
20260920T145420Z-gpu_h192,electricity_hourly,T281,timesfm25,tsfm,168,192,210008,134.5401185353597,180.80953486654238,1.5927143266270796,5.882239525322296,198.44403699971735,13.52490234375,,231289280,true,dcb2c10e4ac97b1d1289825869826fdec84593f7,ef768c17c85b2a8c,true,2026-09-20T15:10:28+00:00
20260920T145420Z-gpu_h192,electricity_hourly,T281,timesfm25,tsfm,168,192,210009,142.95276641845703,204.4755059235288,1.1601216391037992,5.747677858280836,212.95378699960565,13.52490234375,,231289280,true,dcb2c10e4ac97b1d1289825869826fdec84593f7,ef768c17c85b2a8c,true,2026-09-20T15:10:28+00:00
20260920T145420Z-gpu_h192,electricity_hourly,T281,timesfm25,tsfm,168,192,210010,97.7634932200114,116.98095919221535,0.7811098609377818,4.569874052553883,209.90184099991893,13.52490234375,,231289280,true,dcb2c10e4ac97b1d1289825869826fdec84593f7,ef768c17c85b2a8c,true,2026-09-20T15:10:28+00:00
20260920T145420Z-gpu_h192,electricity_hourly,T281,timesfm25,tsfm,168,192,210011,218.20748964945474,413.60807908851365,2.031149224920587,11.281079718869325,210.92468599999847,13.52490234375,,231289280,true,dcb2c10e4ac97b1d1289825869826fdec84593f7,ef768c17c85b2a8c,true,2026-09-20T15:10:28+00:00
20260920T145420Z-gpu_h192,electricity_hourly,T281,timesfm25,tsfm,168,192,210012,217.70625432332358,272.7760273498428,0.6168529499539294,11.571154302704283,213.54766999957064,13.52490234375,,231289280,true,dcb2c10e4ac97b1d1289825869826fdec84593f7,ef768c17c85b2a8c,true,2026-09-20T15:10:28+00:00
20260920T145420Z-gpu_h192,electricity_hourly,T281,timesfm25,tsfm,168,192,210013,111.07019933064778,138.52726056792136,0.9610689041950055,5.819214908471112,205.95094100008282,13.52490234375,,231289280,true,dcb2c10e4ac97b1d1289825869826fdec84593f7,ef768c17c85b2a8c,true,2026-09-20T15:10:28+00:00
20260920T145420Z-gpu_h192,electricity_hourly,T281,timesfm25,tsfm,168,192,210014,143.02696228027344,180.67044325846834,1.213735786926712,7.5475130167028714,208.19206300075166,13.52490234375,,231289280,true,dcb2c10e4ac97b1d1289825869826fdec84593f7,ef768c17c85b2a8c,true,2026-09-20T15:10:28+00:00
20260920T145420Z-gpu_h192,electricity_hourly,T281,timesfm25,tsfm,168,192,210015,163.86225509643555,201.47610743674622,1.263042754195842,9.232584211185353,210.2101529999345,13.52490234375,,231289280,true,dcb2c10e4ac97b1d1289825869826fdec84593f7,ef768c17c85b2a8c,true,2026-09-20T15:10:28+00:00
20260920T145420Z-gpu_h192,electricity_hourly,T281,timesfm25,tsfm,168,192,210016,84.9988743464152,110.23265360607921,0.8764025423087347,4.8415842499117705,217.2881749993394,13.52490234375,,231289280,true,dcb2c10e4ac97b1d1289825869826fdec84593f7,ef768c17c85b2a8c,true,2026-09-20T15:10:28+00:00
20260920T145420Z-gpu_h192,electricity_hourly,T281,timesfm25,tsfm,168,192,210017,85.17174847920735,108.36519883966709,0.951123053974863,5.185143502292746,216.8925500000114,13.52490234375,,231289280,true,dcb2c10e4ac97b1d1289825869826fdec84593f7,ef768c17c85b2a8c,true,2026-09-20T15:10:28+00:00
20260920T145420Z-gpu_h192,electricity_hourly,T281,timesfm25,tsfm,168,192,210018,139.39480590820312,176.04939665595757,1.6635879372435975,7.653961578403816,199.53164300022763,13.52490234375,,231289280,true,dcb2c10e4ac97b1d1289825869826fdec84593f7,ef768c17c85b2a8c,true,2026-09-20T15:10:28+00:00
20260920T145420Z-gpu_h192,electricity_hourly,T281,timesfm25,tsfm,168,192,210019,167.09374046325684,227.10437832376206,1.9028468664854872,8.206044923751993,211.32507600032113,13.52490234375,,231289280,true,dcb2c10e4ac97b1d1289825869826fdec84593f7,ef768c17c85b2a8c,true,2026-09-20T15:10:28+00:00
20260920T145420Z-gpu_h192,electricity_hourly,T281,timesfm25,tsfm,168,192,210020,285.16137440999347,498.8478561272779,2.064412946309339,16.046633130502926,207.00096900054632,13.52490234375,,231289280,true,dcb2c10e4ac97b1d1289825869826fdec84593f7,ef768c17c85b2a8c,true,2026-09-20T15:10:28+00:00
20260920T145420Z-gpu_h192,electricity_hourly,T281,chronos_bolt,tsfm,168,192,210000,88.89789772033691,114.74499104654622,0.784681701098965,4.5461162865514995,103.47345399986807,15.55126953125,,205292928,true,dcb2c10e4ac97b1d1289825869826fdec84593f7,ef768c17c85b2a8c,true,2026-09-20T15:10:34+00:00
20260920T145420Z-gpu_h192,electricity_hourly,T281,chronos_bolt,tsfm,168,192,210001,210.14560794830322,273.5510510555854,1.6925425104623113,9.42622002772654,102.29220499968505,15.55126953125,,205292928,true,dcb2c10e4ac97b1d1289825869826fdec84593f7,ef768c17c85b2a8c,true,2026-09-20T15:10:34+00:00
20260920T145420Z-gpu_h192,electricity_hourly,T281,chronos_bolt,tsfm,168,192,210002,121.71881739298503,160.37077570218779,0.8200771863842158,6.547061366382459,103.80793700005597,15.55126953125,,205292928,true,dcb2c10e4ac97b1d1289825869826fdec84593f7,ef768c17c85b2a8c,true,2026-09-20T15:10:34+00:00
20260920T145420Z-gpu_h192,electricity_hourly,T281,chronos_bolt,tsfm,168,192,210003,150.21510060628256,235.3307878399628,1.7125306378991918,6.694705245282731,97.06509099942195,15.55126953125,,205292928,true,dcb2c10e4ac97b1d1289825869826fdec84593f7,ef768c17c85b2a8c,true,2026-09-20T15:10:34+00:00
20260920T145420Z-gpu_h192,electricity_hourly,T281,chronos_bolt,tsfm,168,192,210004,119.17893155415852,173.78897952735588,0.9646319006126034,4.899061809130398,97.93908899973758,15.55126953125,,205292928,true,dcb2c10e4ac97b1d1289825869826fdec84593f7,ef768c17c85b2a8c,true,2026-09-20T15:10:34+00:00
20260920T145420Z-gpu_h192,electricity_hourly,T281,chronos_bolt,tsfm,168,192,210005,115.01192537943523,153.0238062771727,0.6400911051495197,4.979876063137162,103.71021700029814,15.55126953125,,205292928,true,dcb2c10e4ac97b1d1289825869826fdec84593f7,ef768c17c85b2a8c,true,2026-09-20T15:10:34+00:00
20260920T145420Z-gpu_h192,electricity_hourly,T281,chronos_bolt,tsfm,168,192,210006,147.51024055480957,190.1175920905168,1.0596365678884854,6.488308250485873,101.5082510002685,15.55126953125,,205292928,true,dcb2c10e4ac97b1d1289825869826fdec84593f7,ef768c17c85b2a8c,true,2026-09-20T15:10:34+00:00
20260920T145420Z-gpu_h192,electricity_hourly,T281,chronos_bolt,tsfm,168,192,210007,91.52184740702312,118.9608294933411,0.6277278412294036,4.30510286151697,106.04458099987824,15.55126953125,,205292928,true,dcb2c10e4ac97b1d1289825869826fdec84593f7,ef768c17c85b2a8c,true,2026-09-20T15:10:34+00:00
20260920T145420Z-gpu_h192,electricity_hourly,T281,chronos_bolt,tsfm,168,192,210008,133.07661247253418,183.17672048421457,1.5753890328876126,5.722296999637531,108.71641099947738,15.55126953125,,205292928,true,dcb2c10e4ac97b1d1289825869826fdec84593f7,ef768c17c85b2a8c,true,2026-09-20T15:10:34+00:00
20260920T145420Z-gpu_h192,electricity_hourly,T281,chronos_bolt,tsfm,168,192,210009,133.71836598714194,187.83762766062478,1.0851806076503854,5.446747124105239,107.39738100073737,15.55126953125,,205292928,true,dcb2c10e4ac97b1d1289825869826fdec84593f7,ef768c17c85b2a8c,true,2026-09-20T15:10:34+00:00
20260920T145420Z-gpu_h192,electricity_hourly,T281,chronos_bolt,tsfm,168,192,210010,89.13086064656575,107.20044145769376,0.7121369324255378,4.153330950637581,114.62130899963086,15.55126953125,,205292928,true,dcb2c10e4ac97b1d1289825869826fdec84593f7,ef768c17c85b2a8c,true,2026-09-20T15:10:34+00:00
20260920T145420Z-gpu_h192,electricity_hourly,T281,chronos_bolt,tsfm,168,192,210011,236.7688159942627,421.8222269709764,2.2039243376324387,12.00640904836669,115.78115500014974,15.55126953125,,205292928,true,dcb2c10e4ac97b1d1289825869826fdec84593f7,ef768c17c85b2a8c,true,2026-09-20T15:10:34+00:00
20260920T145420Z-gpu_h192,electricity_hourly,T281,chronos_bolt,tsfm,168,192,210012,162.77261034647623,205.27426143711304,0.4612029414405686,8.114764010689292,119.2624759996761,15.55126953125,,205292928,true,dcb2c10e4ac97b1d1289825869826fdec84593f7,ef768c17c85b2a8c,true,2026-09-20T15:10:34+00:00
20260920T145420Z-gpu_h192,electricity_hourly,T281,chronos_bolt,tsfm,168,192,210013,125.31286875406902,157.19351214571267,1.084307961818648,6.510414123939396,116.18415599969012,15.55126953125,,205292928,true,dcb2c10e4ac97b1d1289825869826fdec84593f7,ef768c17c85b2a8c,true,2026-09-20T15:10:34+00:00
20260920T145420Z-gpu_h192,electricity_hourly,T281,chronos_bolt,tsfm,168,192,210014,145.32349904378256,183.51775698497832,1.233224342171294,7.620157207255167,115.6247330000042,15.55126953125,,205292928,true,dcb2c10e4ac97b1d1289825869826fdec84593f7,ef768c17c85b2a8c,true,2026-09-20T15:10:34+00:00
20260920T145420Z-gpu_h192,electricity_hourly,T281,chronos_bolt,tsfm,168,192,210015,162.31187121073404,203.90116510781735,1.2510924662426774,8.833391246000133,138.42552900041483,15.55126953125,,205292928,true,dcb2c10e4ac97b1d1289825869826fdec84593f7,ef768c17c85b2a8c,true,2026-09-20T15:10:34+00:00
20260920T145420Z-gpu_h192,electricity_hourly,T281,chronos_bolt,tsfm,168,192,210016,78.09321022033691,100.5919832866927,0.8051999335334753,4.481959804118841,112.3757690002094,15.55126953125,,205292928,true,dcb2c10e4ac97b1d1289825869826fdec84593f7,ef768c17c85b2a8c,true,2026-09-20T15:10:34+00:00
20260920T145420Z-gpu_h192,electricity_hourly,T281,chronos_bolt,tsfm,168,192,210017,81.84609349568684,108.46226039970654,0.9139850688932846,4.940520737237353,110.46680700019351,15.55126953125,,205292928,true,dcb2c10e4ac97b1d1289825869826fdec84593f7,ef768c17c85b2a8c,true,2026-09-20T15:10:34+00:00
20260920T145420Z-gpu_h192,electricity_hourly,T281,chronos_bolt,tsfm,168,192,210018,132.0460402170817,168.84494887834674,1.5758851144753658,7.336751205081231,115.64794000059919,15.55126953125,,205292928,true,dcb2c10e4ac97b1d1289825869826fdec84593f7,ef768c17c85b2a8c,true,2026-09-20T15:10:34+00:00
20260920T145420Z-gpu_h192,electricity_hourly,T281,chronos_bolt,tsfm,168,192,210019,157.70597966512045,214.9797412820489,1.7959399819515496,7.779340355658687,110.68747300032555,15.55126953125,,205292928,true,dcb2c10e4ac97b1d1289825869826fdec84593f7,ef768c17c85b2a8c,true,2026-09-20T15:10:34+00:00
20260920T145420Z-gpu_h192,electricity_hourly,T281,chronos_bolt,tsfm,168,192,210020,295.1725028355916,532.827348238637,2.1368880603451403,16.415754817513754,110.81768700023531,15.55126953125,,205292928,true,dcb2c10e4ac97b1d1289825869826fdec84593f7,ef768c17c85b2a8c,true,2026-09-20T15:10:34+00:00
20260920T145420Z-gpu_h192,electricity_hourly,T295,lstm,deep,168,192,220000,432.3836744985988,539.0094720244937,8.55146945856314,89.50975025186865,390.8606429995416,16.14599609375,0.3243240669999068,4513,false,dcb2c10e4ac97b1d1289825869826fdec84593f7,ef768c17c85b2a8c,true,2026-09-20T15:10:46+00:00
20260920T145420Z-gpu_h192,electricity_hourly,T295,lstm,deep,168,192,220001,483.5452135196227,604.6802019263912,4.697147244119378,75.88767144122535,392.81972000026144,16.10986328125,0.32630372299990995,4513,false,dcb2c10e4ac97b1d1289825869826fdec84593f7,ef768c17c85b2a8c,true,2026-09-20T15:10:46+00:00
20260920T145420Z-gpu_h192,electricity_hourly,T295,lstm,deep,168,192,220002,580.5621462561008,709.530799202452,8.745783979587669,92.95522522241305,376.8292329996257,16.10986328125,0.3020673760001955,4513,false,dcb2c10e4ac97b1d1289825869826fdec84593f7,ef768c17c85b2a8c,true,2026-09-20T15:10:46+00:00
20260920T145420Z-gpu_h192,electricity_hourly,T295,lstm,deep,168,192,220003,654.7816722864974,762.6129311527923,7.380709260998484,102.43001789286798,377.033357000073,16.10986328125,0.312373781000133,4513,false,dcb2c10e4ac97b1d1289825869826fdec84593f7,ef768c17c85b2a8c,true,2026-09-20T15:10:46+00:00
20260920T145420Z-gpu_h192,electricity_hourly,T295,lstm,deep,168,192,220004,309.91204631371016,429.10357233581396,4.162221103261916,39.865418926965376,374.8935760004315,16.10986328125,0.3092819949997647,4513,false,dcb2c10e4ac97b1d1289825869826fdec84593f7,ef768c17c85b2a8c,true,2026-09-20T15:10:46+00:00
20260920T145420Z-gpu_h192,electricity_hourly,T295,lstm,deep,168,192,220005,327.71876707359075,477.6137115747672,3.153879733916799,45.14441739977005,373.40552899968316,16.10986328125,0.3088031930001307,4513,false,dcb2c10e4ac97b1d1289825869826fdec84593f7,ef768c17c85b2a8c,true,2026-09-20T15:10:46+00:00
20260920T145420Z-gpu_h192,electricity_hourly,T295,lstm,deep,168,192,220006,474.9190696246035,664.5398911393836,5.0508379635112925,61.82819979177917,380.6241439997393,16.10986328125,0.3107770500000697,4513,false,dcb2c10e4ac97b1d1289825869826fdec84593f7,ef768c17c85b2a8c,true,2026-09-20T15:10:46+00:00
20260920T145420Z-gpu_h192,electricity_hourly,T295,lstm,deep,168,192,220007,140.2680338300693,212.7493700279064,2.673540287429514,26.54323227492974,377.5765609998416,16.10986328125,0.31329704800009495,4513,false,dcb2c10e4ac97b1d1289825869826fdec84593f7,ef768c17c85b2a8c,true,2026-09-20T15:10:46+00:00
20260920T145420Z-gpu_h192,electricity_hourly,T295,lstm,deep,168,192,220008,106.08849041173119,143.54178179702438,2.213058470127378,19.530115129717732,367.42498200055707,16.10986328125,0.30254629499995644,4513,false,dcb2c10e4ac97b1d1289825869826fdec84593f7,ef768c17c85b2a8c,true,2026-09-20T15:10:46+00:00
20260920T145420Z-gpu_h192,electricity_hourly,T295,lstm,deep,168,192,220009,420.45015209229973,627.242652038499,6.497619864916416,55.80514113052227,375.08172700017894,16.10986328125,0.3020435130001715,4513,false,dcb2c10e4ac97b1d1289825869826fdec84593f7,ef768c17c85b2a8c,true,2026-09-20T15:10:46+00:00
20260920T145420Z-gpu_h192,electricity_hourly,T295,lstm,deep,168,192,220010,668.393519247912,804.7560219276846,7.934108216280547,96.3144998217421,374.48308500006533,16.10986328125,0.30625415000031353,4513,false,dcb2c10e4ac97b1d1289825869826fdec84593f7,ef768c17c85b2a8c,true,2026-09-20T15:10:46+00:00
20260920T145420Z-gpu_h192,electricity_hourly,T295,lstm,deep,168,192,220011,445.09995355426577,557.3168424345728,10.521075724198008,80.35162538018949,376.18218200077536,16.10986328125,0.30815913600054046,4513,false,dcb2c10e4ac97b1d1289825869826fdec84593f7,ef768c17c85b2a8c,true,2026-09-20T15:10:46+00:00
20260920T145420Z-gpu_h192,electricity_hourly,T295,lstm,deep,168,192,220012,164.7617571004642,246.6234674164181,2.1768687973636887,31.282527786742463,389.36309499968047,16.10986328125,0.32163632699939626,4513,false,dcb2c10e4ac97b1d1289825869826fdec84593f7,ef768c17c85b2a8c,true,2026-09-20T15:10:46+00:00
20260920T145420Z-gpu_h192,electricity_hourly,T295,lstm,deep,168,192,220013,459.13592536430207,555.1870863100644,7.329886169895732,92.4166211162132,391.4843939992352,16.10986328125,0.32442545699996117,4513,false,dcb2c10e4ac97b1d1289825869826fdec84593f7,ef768c17c85b2a8c,true,2026-09-20T15:10:46+00:00
20260920T145420Z-gpu_h192,electricity_hourly,T295,lstm,deep,168,192,220014,199.37992068789706,289.86492542163086,5.262226645721624,40.19545091107244,407.31775099993683,16.10986328125,0.34130748999996285,4513,false,dcb2c10e4ac97b1d1289825869826fdec84593f7,ef768c17c85b2a8c,true,2026-09-20T15:10:46+00:00
20260920T145420Z-gpu_h192,electricity_hourly,T295,lstm,deep,168,192,220015,244.29404808873082,340.8309812220571,6.531441315406097,46.80474697460734,376.2459760000638,16.10986328125,0.3095096699998976,4513,false,dcb2c10e4ac97b1d1289825869826fdec84593f7,ef768c17c85b2a8c,true,2026-09-20T15:10:46+00:00
20260920T145420Z-gpu_h192,electricity_hourly,T295,lstm,deep,168,192,220016,217.54019288804724,312.46118871699207,9.847779872957812,47.04235122721035,382.209573000182,16.10986328125,0.31617459900007816,4513,false,dcb2c10e4ac97b1d1289825869826fdec84593f7,ef768c17c85b2a8c,true,2026-09-20T15:10:46+00:00
20260920T145420Z-gpu_h192,electricity_hourly,T295,lstm,deep,168,192,220017,225.54391778908212,313.2830922783654,6.285721726655279,48.736831882922765,379.39301099959266,16.10986328125,0.3124595080007566,4513,false,dcb2c10e4ac97b1d1289825869826fdec84593f7,ef768c17c85b2a8c,true,2026-09-20T15:10:46+00:00
20260920T145420Z-gpu_h192,electricity_hourly,T295,lstm,deep,168,192,220018,151.81567217541158,231.24241869135287,3.0782113198055856,35.114038234607555,377.14780300029815,16.10986328125,0.31145920000017213,4513,false,dcb2c10e4ac97b1d1289825869826fdec84593f7,ef768c17c85b2a8c,true,2026-09-20T15:10:46+00:00
20260920T145420Z-gpu_h192,electricity_hourly,T295,lstm,deep,168,192,220019,320.5655637389073,411.2540096658462,9.14993878660112,71.5602428882372,377.59591000030923,16.10986328125,0.310860001999572,4513,false,dcb2c10e4ac97b1d1289825869826fdec84593f7,ef768c17c85b2a8c,true,2026-09-20T15:10:46+00:00
20260920T145420Z-gpu_h192,electricity_hourly,T295,lstm,deep,168,192,220020,100.19367401721921,164.27261341958075,4.043690879618713,22.567029752118525,381.5973800001302,16.10986328125,0.314445123999576,4513,false,dcb2c10e4ac97b1d1289825869826fdec84593f7,ef768c17c85b2a8c,true,2026-09-20T15:10:46+00:00
20260920T145420Z-gpu_h192,electricity_hourly,T295,transformer,deep,168,192,220000,161.87266860680901,228.35722809905752,3.201437203595728,35.5697801489375,569.9620549994506,10.6845703125,0.5638647290006702,19232,false,dcb2c10e4ac97b1d1289825869826fdec84593f7,ef768c17c85b2a8c,true,2026-09-20T15:11:03+00:00
20260920T145420Z-gpu_h192,electricity_hourly,T295,transformer,deep,168,192,220001,280.82241862185464,372.5663025578919,2.7279026093866072,52.24894549198845,579.2228850004904,10.525390625,0.5737640679999458,19232,false,dcb2c10e4ac97b1d1289825869826fdec84593f7,ef768c17c85b2a8c,true,2026-09-20T15:11:03+00:00
20260920T145420Z-gpu_h192,electricity_hourly,T295,transformer,deep,168,192,220002,129.49781918226063,180.2358614338031,1.9507988243796976,26.338153426828264,632.1635269996477,10.525390625,0.6262627369997062,19232,false,dcb2c10e4ac97b1d1289825869826fdec84593f7,ef768c17c85b2a8c,true,2026-09-20T15:11:03+00:00
20260920T145420Z-gpu_h192,electricity_hourly,T295,transformer,deep,168,192,220003,179.3850942757073,253.01625939507477,2.0220315910529827,35.278812309319314,584.9148990000685,10.525390625,0.5792757600002005,19232,false,dcb2c10e4ac97b1d1289825869826fdec84593f7,ef768c17c85b2a8c,true,2026-09-20T15:11:03+00:00
20260920T145420Z-gpu_h192,electricity_hourly,T295,transformer,deep,168,192,220004,199.83060581889035,273.73926829351274,2.683791012676759,31.791804331219836,615.8786100004363,10.525390625,0.6100880119993235,19232,false,dcb2c10e4ac97b1d1289825869826fdec84593f7,ef768c17c85b2a8c,true,2026-09-20T15:11:03+00:00
20260920T145420Z-gpu_h192,electricity_hourly,T295,transformer,deep,168,192,220005,234.47229866768166,302.3756628012365,2.2565001007916967,32.439224246161906,585.1312009999674,10.525390625,0.5795798290000675,19232,false,dcb2c10e4ac97b1d1289825869826fdec84593f7,ef768c17c85b2a8c,true,2026-09-20T15:11:03+00:00
20260920T145420Z-gpu_h192,electricity_hourly,T295,transformer,deep,168,192,220006,172.1519468395057,237.9611462502165,1.8308626547185247,32.104690952132216,559.957526999824,10.525390625,0.5546560350003347,19232,false,dcb2c10e4ac97b1d1289825869826fdec84593f7,ef768c17c85b2a8c,true,2026-09-20T15:11:03+00:00
20260920T145420Z-gpu_h192,electricity_hourly,T295,transformer,deep,168,192,220007,120.78996678560753,162.522568802395,2.3022839466747165,25.217301644184158,607.615736000298,10.525390625,0.6020369960006065,19232,false,dcb2c10e4ac97b1d1289825869826fdec84593f7,ef768c17c85b2a8c,true,2026-09-20T15:11:03+00:00
20260920T145420Z-gpu_h192,electricity_hourly,T295,transformer,deep,168,192,220008,139.92695884550787,192.12057468785721,2.918945686477348,28.247789278289577,578.7738529998023,10.525390625,0.5732948189997842,19232,false,dcb2c10e4ac97b1d1289825869826fdec84593f7,ef768c17c85b2a8c,true,2026-09-20T15:11:03+00:00
20260920T145420Z-gpu_h192,electricity_hourly,T295,transformer,deep,168,192,220009,198.61777576727295,265.91337621965295,3.0694311773435614,36.423000157956565,584.9917969999296,10.525390625,0.5791360860002897,19232,false,dcb2c10e4ac97b1d1289825869826fdec84593f7,ef768c17c85b2a8c,true,2026-09-20T15:11:03+00:00
20260920T145420Z-gpu_h192,electricity_hourly,T295,transformer,deep,168,192,220010,239.22787031947755,335.288528533361,2.8397340141789438,40.3225049177071,585.4715089999445,10.525390625,0.578586522000478,19232,false,dcb2c10e4ac97b1d1289825869826fdec84593f7,ef768c17c85b2a8c,true,2026-09-20T15:11:03+00:00
20260920T145420Z-gpu_h192,electricity_hourly,T295,transformer,deep,168,192,220011,175.64438629964138,250.11889220013185,4.151804272348713,36.693334240753295,583.6445100003402,10.525390625,0.5778495020003902,19232,false,dcb2c10e4ac97b1d1289825869826fdec84593f7,ef768c17c85b2a8c,true,2026-09-20T15:11:03+00:00
20260920T145420Z-gpu_h192,electricity_hourly,T295,transformer,deep,168,192,220012,119.32210147562876,158.46557081705163,1.5765100112386954,26.751046107667452,574.4295269996655,10.525390625,0.5689025920000859,19232,false,dcb2c10e4ac97b1d1289825869826fdec84593f7,ef768c17c85b2a8c,true,2026-09-20T15:11:03+00:00
20260920T145420Z-gpu_h192,electricity_hourly,T295,transformer,deep,168,192,220013,75.5361381701912,96.81433989158012,1.205898436419904,19.04760959290718,583.5708479999084,10.525390625,0.577960775000065,19232,false,dcb2c10e4ac97b1d1289825869826fdec84593f7,ef768c17c85b2a8c,true,2026-09-20T15:11:03+00:00
20260920T145420Z-gpu_h192,electricity_hourly,T295,transformer,deep,168,192,220014,128.72767807320454,171.52462764859956,3.397504699879299,29.2697719772273,580.3960900002494,10.525390625,0.5749187230003372,19232,false,dcb2c10e4ac97b1d1289825869826fdec84593f7,ef768c17c85b2a8c,true,2026-09-20T15:11:03+00:00
20260920T145420Z-gpu_h192,electricity_hourly,T295,transformer,deep,168,192,220015,116.32595241187958,151.84894424427083,3.110088590291619,24.206216773544856,588.5188060001383,10.525390625,0.5829366059997483,19232,false,dcb2c10e4ac97b1d1289825869826fdec84593f7,ef768c17c85b2a8c,true,2026-09-20T15:11:03+00:00
20260920T145420Z-gpu_h192,electricity_hourly,T295,transformer,deep,168,192,220016,64.74061719767522,87.77363981058174,2.930728977197495,17.324136235703783,586.1411010000666,10.525390625,0.5804997149998599,19232,false,dcb2c10e4ac97b1d1289825869826fdec84593f7,ef768c17c85b2a8c,true,2026-09-20T15:11:03+00:00
20260920T145420Z-gpu_h192,electricity_hourly,T295,transformer,deep,168,192,220017,63.80709225723982,87.59336878981127,1.7782506841576418,15.773386574475378,580.7671259999552,10.525390625,0.5737124180004685,19232,false,dcb2c10e4ac97b1d1289825869826fdec84593f7,ef768c17c85b2a8c,true,2026-09-20T15:11:03+00:00
20260920T145420Z-gpu_h192,electricity_hourly,T295,transformer,deep,168,192,220018,112.21692538202211,170.2099962619898,2.2753079773319045,26.91674506349942,580.2301719995739,10.525390625,0.5745705350000208,19232,false,dcb2c10e4ac97b1d1289825869826fdec84593f7,ef768c17c85b2a8c,true,2026-09-20T15:11:03+00:00
20260920T145420Z-gpu_h192,electricity_hourly,T295,transformer,deep,168,192,220019,53.42959778341725,80.9087150051813,1.525046993223406,14.755267344423087,594.1182480000862,10.525390625,0.5880905289996008,19232,false,dcb2c10e4ac97b1d1289825869826fdec84593f7,ef768c17c85b2a8c,true,2026-09-20T15:11:03+00:00
20260920T145420Z-gpu_h192,electricity_hourly,T295,transformer,deep,168,192,220020,127.5578877509409,188.0398833084227,5.148076187257705,30.960367668655902,622.1564920006131,10.525390625,0.6166061989997615,19232,false,dcb2c10e4ac97b1d1289825869826fdec84593f7,ef768c17c85b2a8c,true,2026-09-20T15:11:03+00:00
20260920T145420Z-gpu_h192,electricity_hourly,T295,timesfm25,tsfm,168,192,220000,68.1444726785024,113.84334160238336,1.347727518981506,11.593246744713177,220.34155199980887,13.52490234375,,231289280,true,dcb2c10e4ac97b1d1289825869826fdec84593f7,ef768c17c85b2a8c,true,2026-09-20T15:11:11+00:00
20260920T145420Z-gpu_h192,electricity_hourly,T295,timesfm25,tsfm,168,192,220001,162.6064304113388,252.03606829201655,1.5795551793869933,21.12980305252338,217.65161299936153,13.52490234375,,231289280,true,dcb2c10e4ac97b1d1289825869826fdec84593f7,ef768c17c85b2a8c,true,2026-09-20T15:11:11+00:00
20260920T145420Z-gpu_h192,electricity_hourly,T295,timesfm25,tsfm,168,192,220002,97.1353698571523,146.60445971775675,1.4632799727408652,15.140985832643016,221.65605300051539,13.52490234375,,231289280,true,dcb2c10e4ac97b1d1289825869826fdec84593f7,ef768c17c85b2a8c,true,2026-09-20T15:11:11+00:00
20260920T145420Z-gpu_h192,electricity_hourly,T295,timesfm25,tsfm,168,192,220003,101.5847117503484,158.69666340543296,1.1450644612172345,13.589215872797618,221.4717289998589,13.52490234375,,231289280,true,dcb2c10e4ac97b1d1289825869826fdec84593f7,ef768c17c85b2a8c,true,2026-09-20T15:11:11+00:00
20260920T145420Z-gpu_h192,electricity_hourly,T295,timesfm25,tsfm,168,192,220004,142.62474966049194,217.7043218704975,1.9154974772533895,15.231735984439457,215.3521339996587,13.52490234375,,231289280,true,dcb2c10e4ac97b1d1289825869826fdec84593f7,ef768c17c85b2a8c,true,2026-09-20T15:11:11+00:00
20260920T145420Z-gpu_h192,electricity_hourly,T295,timesfm25,tsfm,168,192,220005,124.54343279202779,185.57343605639866,1.1985734359454654,14.230208674473493,220.36821599976975,13.52490234375,,231289280,true,dcb2c10e4ac97b1d1289825869826fdec84593f7,ef768c17c85b2a8c,true,2026-09-20T15:11:11+00:00
20260920T145420Z-gpu_h192,electricity_hourly,T295,timesfm25,tsfm,168,192,220006,87.95792492230733,133.7905553723834,0.9354461734721016,11.807829665480696,213.8451860000714,13.52490234375,,231289280,true,dcb2c10e4ac97b1d1289825869826fdec84593f7,ef768c17c85b2a8c,true,2026-09-20T15:11:11+00:00
20260920T145420Z-gpu_h192,electricity_hourly,T295,timesfm25,tsfm,168,192,220007,66.73857013384502,103.34677929450855,1.272052164033578,9.421620028905043,215.56486099962058,13.52490234375,,231289280,true,dcb2c10e4ac97b1d1289825869826fdec84593f7,ef768c17c85b2a8c,true,2026-09-20T15:11:11+00:00
20260920T145420Z-gpu_h192,electricity_hourly,T295,timesfm25,tsfm,168,192,220008,56.92629917462667,94.71536985896734,1.1875108041643112,7.422709429121547,217.55115399992064,13.52490234375,,231289280,true,dcb2c10e4ac97b1d1289825869826fdec84593f7,ef768c17c85b2a8c,true,2026-09-20T15:11:11+00:00
20260920T145420Z-gpu_h192,electricity_hourly,T295,timesfm25,tsfm,168,192,220009,124.573659102122,186.88130910026595,1.9251563544436112,15.069374208298761,198.80287000069075,13.52490234375,,231289280,true,dcb2c10e4ac97b1d1289825869826fdec84593f7,ef768c17c85b2a8c,true,2026-09-20T15:11:11+00:00
20260920T145420Z-gpu_h192,electricity_hourly,T295,timesfm25,tsfm,168,192,220010,138.6548350652059,207.94946768751277,1.6458903840894938,16.750866372363884,216.4457319995563,13.52490234375,,231289280,true,dcb2c10e4ac97b1d1289825869826fdec84593f7,ef768c17c85b2a8c,true,2026-09-20T15:11:11+00:00
20260920T145420Z-gpu_h192,electricity_hourly,T295,timesfm25,tsfm,168,192,220011,83.6589965025584,129.914242291007,1.9774943362390691,13.521577483027928,203.52566499968816,13.52490234375,,231289280,true,dcb2c10e4ac97b1d1289825869826fdec84593f7,ef768c17c85b2a8c,true,2026-09-20T15:11:11+00:00
20260920T145420Z-gpu_h192,electricity_hourly,T295,timesfm25,tsfm,168,192,220012,66.76553273200989,102.0346196073801,0.8821209939819639,10.925700684116364,211.25682899946696,13.52490234375,,231289280,true,dcb2c10e4ac97b1d1289825869826fdec84593f7,ef768c17c85b2a8c,true,2026-09-20T15:11:11+00:00
20260920T145420Z-gpu_h192,electricity_hourly,T295,timesfm25,tsfm,168,192,220013,48.79209860165914,68.8252157169246,0.7789425940841371,11.086595718417936,221.02472400001716,13.52490234375,,231289280,true,dcb2c10e4ac97b1d1289825869826fdec84593f7,ef768c17c85b2a8c,true,2026-09-20T15:11:11+00:00
20260920T145420Z-gpu_h192,electricity_hourly,T295,timesfm25,tsfm,168,192,220014,72.66656835873921,114.13857127382656,1.917885968412472,10.578605060021907,210.36610700048186,13.52490234375,,231289280,true,dcb2c10e4ac97b1d1289825869826fdec84593f7,ef768c17c85b2a8c,true,2026-09-20T15:11:11+00:00
20260920T145420Z-gpu_h192,electricity_hourly,T295,timesfm25,tsfm,168,192,220015,86.69908599058788,127.57853058358309,2.317985217720879,12.95203476123035,211.9579390000581,13.52490234375,,231289280,true,dcb2c10e4ac97b1d1289825869826fdec84593f7,ef768c17c85b2a8c,true,2026-09-20T15:11:11+00:00
20260920T145420Z-gpu_h192,electricity_hourly,T295,timesfm25,tsfm,168,192,220016,35.26399167378744,50.25543545238774,1.5963580009510816,8.078242272267724,215.3423190002286,13.52490234375,,231289280,true,dcb2c10e4ac97b1d1289825869826fdec84593f7,ef768c17c85b2a8c,true,2026-09-20T15:11:11+00:00
20260920T145420Z-gpu_h192,electricity_hourly,T295,timesfm25,tsfm,168,192,220017,38.22541387875875,61.23371891687593,1.065310547424281,8.746120261504968,197.0578860000387,13.52490234375,,231289280,true,dcb2c10e4ac97b1d1289825869826fdec84593f7,ef768c17c85b2a8c,true,2026-09-20T15:11:11+00:00
20260920T145420Z-gpu_h192,electricity_hourly,T295,timesfm25,tsfm,168,192,220018,29.409058610598247,45.99331485548054,0.5962974429634114,6.499935898826825,214.64658300010342,13.52490234375,,231289280,true,dcb2c10e4ac97b1d1289825869826fdec84593f7,ef768c17c85b2a8c,true,2026-09-20T15:11:11+00:00
20260920T145420Z-gpu_h192,electricity_hourly,T295,timesfm25,tsfm,168,192,220019,33.85765719413757,48.03840789695229,0.9664029010814292,7.857919031249966,222.02187899983983,13.52490234375,,231289280,true,dcb2c10e4ac97b1d1289825869826fdec84593f7,ef768c17c85b2a8c,true,2026-09-20T15:11:11+00:00
20260920T145420Z-gpu_h192,electricity_hourly,T295,timesfm25,tsfm,168,192,220020,90.45157543818156,153.20607830327893,3.6505120132001525,20.97041028148236,213.94144300029438,13.52490234375,,231289280,true,dcb2c10e4ac97b1d1289825869826fdec84593f7,ef768c17c85b2a8c,true,2026-09-20T15:11:11+00:00
20260920T145420Z-gpu_h192,electricity_hourly,T295,chronos_bolt,tsfm,168,192,220000,67.75887107849121,114.91954937138975,1.3401012821456852,12.138940692833678,102.43762099980813,15.55126953125,,205292928,true,dcb2c10e4ac97b1d1289825869826fdec84593f7,ef768c17c85b2a8c,true,2026-09-20T15:11:17+00:00
20260920T145420Z-gpu_h192,electricity_hourly,T295,chronos_bolt,tsfm,168,192,220001,110.6380885442098,188.55633472949145,1.0747358844013903,14.295711922789364,101.13923799963231,15.55126953125,,205292928,true,dcb2c10e4ac97b1d1289825869826fdec84593f7,ef768c17c85b2a8c,true,2026-09-20T15:11:17+00:00
20260920T145420Z-gpu_h192,electricity_hourly,T295,chronos_bolt,tsfm,168,192,220002,91.59782361984253,148.33609284433163,1.379860508552916,12.413486741321389,99.55980700033251,15.55126953125,,205292928,true,dcb2c10e4ac97b1d1289825869826fdec84593f7,ef768c17c85b2a8c,true,2026-09-20T15:11:17+00:00
20260920T145420Z-gpu_h192,electricity_hourly,T295,chronos_bolt,tsfm,168,192,220003,124.76623757680257,194.1702527617173,1.4063669832531953,14.638265033509795,105.80070700052602,15.55126953125,,205292928,true,dcb2c10e4ac97b1d1289825869826fdec84593f7,ef768c17c85b2a8c,true,2026-09-20T15:11:17+00:00
20260920T145420Z-gpu_h192,electricity_hourly,T295,chronos_bolt,tsfm,168,192,220004,124.749827226003,202.20532433127022,1.6754313673330008,13.14056025497404,103.13795300044148,15.55126953125,,205292928,true,dcb2c10e4ac97b1d1289825869826fdec84593f7,ef768c17c85b2a8c,true,2026-09-20T15:11:17+00:00
20260920T145420Z-gpu_h192,electricity_hourly,T295,chronos_bolt,tsfm,168,192,220005,124.27861388524373,195.1426234983271,1.1960248880221276,13.31390805584248,97.05343900077423,15.55126953125,,205292928,true,dcb2c10e4ac97b1d1289825869826fdec84593f7,ef768c17c85b2a8c,true,2026-09-20T15:11:17+00:00
20260920T145420Z-gpu_h192,electricity_hourly,T295,chronos_bolt,tsfm,168,192,220006,103.24749851226807,154.28499135193113,1.0980531599532202,11.462044913055749,98.07706599985977,15.55126953125,,205292928,true,dcb2c10e4ac97b1d1289825869826fdec84593f7,ef768c17c85b2a8c,true,2026-09-20T15:11:17+00:00
20260920T145420Z-gpu_h192,electricity_hourly,T295,chronos_bolt,tsfm,168,192,220007,67.02536010742188,107.74813188127187,1.277518445462442,8.681217376631862,114.9033910005528,15.55126953125,,205292928,true,dcb2c10e4ac97b1d1289825869826fdec84593f7,ef768c17c85b2a8c,true,2026-09-20T15:11:17+00:00
20260920T145420Z-gpu_h192,electricity_hourly,T295,chronos_bolt,tsfm,168,192,220008,71.72896226247151,109.63693189834324,1.4963016899602923,8.882542558194254,109.12715799986472,15.55126953125,,205292928,true,dcb2c10e4ac97b1d1289825869826fdec84593f7,ef768c17c85b2a8c,true,2026-09-20T15:11:17+00:00
20260920T145420Z-gpu_h192,electricity_hourly,T295,chronos_bolt,tsfm,168,192,220009,110.43090025583903,169.11233198195887,1.7065947238507,12.521172512226054,112.09684200002812,15.55126953125,,205292928,true,dcb2c10e4ac97b1d1289825869826fdec84593f7,ef768c17c85b2a8c,true,2026-09-20T15:11:17+00:00
20260920T145420Z-gpu_h192,electricity_hourly,T295,chronos_bolt,tsfm,168,192,220010,113.0225092569987,176.12104169808296,1.3416240485539372,14.345759303036179,116.43670200010092,15.55126953125,,205292928,true,dcb2c10e4ac97b1d1289825869826fdec84593f7,ef768c17c85b2a8c,true,2026-09-20T15:11:17+00:00
20260920T145420Z-gpu_h192,electricity_hourly,T295,chronos_bolt,tsfm,168,192,220011,80.06828165054321,126.5583875097089,1.8926186076293865,12.57262594082514,111.70779099938954,15.55126953125,,205292928,true,dcb2c10e4ac97b1d1289825869826fdec84593f7,ef768c17c85b2a8c,true,2026-09-20T15:11:17+00:00
20260920T145420Z-gpu_h192,electricity_hourly,T295,chronos_bolt,tsfm,168,192,220012,58.48709487915039,91.74008420304018,0.7727444410127219,9.960277183181205,114.21565399996325,15.55126953125,,205292928,true,dcb2c10e4ac97b1d1289825869826fdec84593f7,ef768c17c85b2a8c,true,2026-09-20T15:11:17+00:00
20260920T145420Z-gpu_h192,electricity_hourly,T295,chronos_bolt,tsfm,168,192,220013,41.94706837336222,62.907930037834085,0.6696649496412594,9.146585861857583,118.52714699944045,15.55126953125,,205292928,true,dcb2c10e4ac97b1d1289825869826fdec84593f7,ef768c17c85b2a8c,true,2026-09-20T15:11:17+00:00
20260920T145420Z-gpu_h192,electricity_hourly,T295,chronos_bolt,tsfm,168,192,220014,61.69583638509115,94.04815061288978,1.6283358576710274,10.093047336093242,116.45786400003999,15.55126953125,,205292928,true,dcb2c10e4ac97b1d1289825869826fdec84593f7,ef768c17c85b2a8c,true,2026-09-20T15:11:17+00:00
20260920T145420Z-gpu_h192,electricity_hourly,T295,chronos_bolt,tsfm,168,192,220015,83.8787431716919,127.3657115844011,2.2425805823846328,12.494844946133716,114.06097700000828,15.55126953125,,205292928,true,dcb2c10e4ac97b1d1289825869826fdec84593f7,ef768c17c85b2a8c,true,2026-09-20T15:11:17+00:00
20260920T145420Z-gpu_h192,electricity_hourly,T295,chronos_bolt,tsfm,168,192,220016,30.776148557662964,47.33834376039338,1.393198802987572,6.212092523601562,113.42744400008087,15.55126953125,,205292928,true,dcb2c10e4ac97b1d1289825869826fdec84593f7,ef768c17c85b2a8c,true,2026-09-20T15:11:17+00:00
20260920T145420Z-gpu_h192,electricity_hourly,T295,chronos_bolt,tsfm,168,192,220017,42.809866746266685,67.26459124982847,1.1930754425125611,9.369270587680955,113.81080899991503,15.55126953125,,205292928,true,dcb2c10e4ac97b1d1289825869826fdec84593f7,ef768c17c85b2a8c,true,2026-09-20T15:11:17+00:00
20260920T145420Z-gpu_h192,electricity_hourly,T295,chronos_bolt,tsfm,168,192,220018,28.228138128916424,44.4630670512512,0.5723531245513891,6.0860936619984045,120.6132899997101,15.55126953125,,205292928,true,dcb2c10e4ac97b1d1289825869826fdec84593f7,ef768c17c85b2a8c,true,2026-09-20T15:11:17+00:00
20260920T145420Z-gpu_h192,electricity_hourly,T295,chronos_bolt,tsfm,168,192,220019,30.59815788269043,47.00785585455105,0.873366647196714,6.903519445439331,119.33136399966315,15.55126953125,,205292928,true,dcb2c10e4ac97b1d1289825869826fdec84593f7,ef768c17c85b2a8c,true,2026-09-20T15:11:17+00:00
20260920T145420Z-gpu_h192,electricity_hourly,T295,chronos_bolt,tsfm,168,192,220020,92.21223958333333,152.78926186658367,3.721570207399103,21.450518116983172,120.13051600024482,15.55126953125,,205292928,true,dcb2c10e4ac97b1d1289825869826fdec84593f7,ef768c17c85b2a8c,true,2026-09-20T15:11:17+00:00
20260920T145420Z-gpu_h192,electricity_hourly,T308,lstm,deep,168,192,230000,237.9986409419573,336.5090067805644,2.266653723256736,56.25087475798981,387.2392690000197,16.14599609375,0.3162472379999599,4513,false,dcb2c10e4ac97b1d1289825869826fdec84593f7,ef768c17c85b2a8c,true,2026-09-20T15:11:30+00:00
20260920T145420Z-gpu_h192,electricity_hourly,T308,lstm,deep,168,192,230001,668.6987557797255,826.9833939822893,5.6127664276218505,101.77962044573063,387.72292000066955,16.10986328125,0.31941045000075974,4513,false,dcb2c10e4ac97b1d1289825869826fdec84593f7,ef768c17c85b2a8c,true,2026-09-20T15:11:30+00:00
20260920T145420Z-gpu_h192,electricity_hourly,T308,lstm,deep,168,192,230002,140.0650355410368,185.65172796606558,1.1334924759980498,37.941468391933356,387.92779600044014,16.10986328125,0.3180447889999414,4513,false,dcb2c10e4ac97b1d1289825869826fdec84593f7,ef768c17c85b2a8c,true,2026-09-20T15:11:30+00:00
20260920T145420Z-gpu_h192,electricity_hourly,T308,lstm,deep,168,192,230003,314.70476308818473,443.47326367193097,3.990269074993273,59.17987560985536,389.40878600078577,16.10986328125,0.31868296499942517,4513,false,dcb2c10e4ac97b1d1289825869826fdec84593f7,ef768c17c85b2a8c,true,2026-09-20T15:11:30+00:00
20260920T145420Z-gpu_h192,electricity_hourly,T308,lstm,deep,168,192,230004,768.624711854673,964.7944615986679,7.065106504983589,122.2037921930953,397.67066999957024,16.10986328125,0.33167444999980944,4513,false,dcb2c10e4ac97b1d1289825869826fdec84593f7,ef768c17c85b2a8c,true,2026-09-20T15:11:30+00:00
20260920T145420Z-gpu_h192,electricity_hourly,T308,lstm,deep,168,192,230005,413.4977927662,586.7149355638448,2.083622569140666,64.69634780553044,395.7397760004824,16.10986328125,0.3289803950001442,4513,false,dcb2c10e4ac97b1d1289825869826fdec84593f7,ef768c17c85b2a8c,true,2026-09-20T15:11:30+00:00
20260920T145420Z-gpu_h192,electricity_hourly,T308,lstm,deep,168,192,230006,125.28663075845641,219.5252763013674,1.1979598160171132,30.331795188812542,383.1635850001476,16.10986328125,0.3151891660008914,4513,false,dcb2c10e4ac97b1d1289825869826fdec84593f7,ef768c17c85b2a8c,true,2026-09-20T15:11:30+00:00
20260920T145420Z-gpu_h192,electricity_hourly,T308,lstm,deep,168,192,230007,664.2670629313552,815.0230440535113,9.592304157853505,92.36049683202316,418.6519099994257,16.10986328125,0.350580228000581,4513,false,dcb2c10e4ac97b1d1289825869826fdec84593f7,ef768c17c85b2a8c,true,2026-09-20T15:11:30+00:00
20260920T145420Z-gpu_h192,electricity_hourly,T308,lstm,deep,168,192,230008,795.0740208115279,988.503360383981,5.621104624747644,109.3676607010359,373.79963400053384,16.10986328125,0.305793874000301,4513,false,dcb2c10e4ac97b1d1289825869826fdec84593f7,ef768c17c85b2a8c,true,2026-09-20T15:11:30+00:00
20260920T145420Z-gpu_h192,electricity_hourly,T308,lstm,deep,168,192,230009,461.6832934484628,636.6709344489697,4.824206825090969,67.42883000947924,385.4960389999178,16.10986328125,0.3149982410004668,4513,false,dcb2c10e4ac97b1d1289825869826fdec84593f7,ef768c17c85b2a8c,true,2026-09-20T15:11:30+00:00
20260920T145420Z-gpu_h192,electricity_hourly,T308,lstm,deep,168,192,230010,95.8834827435574,117.27989614260296,0.6158714266948688,50.718605664666626,395.6193020003411,16.10986328125,0.3217103480001242,4513,false,dcb2c10e4ac97b1d1289825869826fdec84593f7,ef768c17c85b2a8c,true,2026-09-20T15:11:30+00:00
20260920T145420Z-gpu_h192,electricity_hourly,T308,lstm,deep,168,192,230011,47.19971936246077,56.541913676611394,4.329146234518695,33.45761593732367,393.2801169994491,16.10986328125,0.3252032840000538,4513,false,dcb2c10e4ac97b1d1289825869826fdec84593f7,ef768c17c85b2a8c,true,2026-09-20T15:11:30+00:00
20260920T145420Z-gpu_h192,electricity_hourly,T308,lstm,deep,168,192,230012,36.341983612652456,45.36593795745393,3.1620819578380384,26.15213963528289,374.1232799993668,16.10986328125,0.30539484300061304,4513,false,dcb2c10e4ac97b1d1289825869826fdec84593f7,ef768c17c85b2a8c,true,2026-09-20T15:11:30+00:00
20260920T145420Z-gpu_h192,electricity_hourly,T308,lstm,deep,168,192,230013,29.83003994696668,39.38295876670584,2.9122208490597976,21.11226747217141,394.942670999626,16.10986328125,0.3277247329997408,4513,false,dcb2c10e4ac97b1d1289825869826fdec84593f7,ef768c17c85b2a8c,true,2026-09-20T15:11:30+00:00
20260920T145420Z-gpu_h192,electricity_hourly,T308,lstm,deep,168,192,230014,36.26968419105881,43.5474679686518,3.2704035839151335,26.297003292044664,429.33199899925967,16.10986328125,0.3563621539997257,4513,false,dcb2c10e4ac97b1d1289825869826fdec84593f7,ef768c17c85b2a8c,true,2026-09-20T15:11:30+00:00
20260920T145420Z-gpu_h192,electricity_hourly,T308,lstm,deep,168,192,230015,40.30532639370778,49.852542322791436,4.509686869226045,29.08440415695683,397.46842199929233,16.10986328125,0.33228750499984017,4513,false,dcb2c10e4ac97b1d1289825869826fdec84593f7,ef768c17c85b2a8c,true,2026-09-20T15:11:30+00:00
20260920T145420Z-gpu_h192,electricity_hourly,T308,lstm,deep,168,192,230016,53.7448149108805,65.46132355709189,4.222178585470154,36.543965832364584,425.81687299934856,16.10986328125,0.35297422999974515,4513,false,dcb2c10e4ac97b1d1289825869826fdec84593f7,ef768c17c85b2a8c,true,2026-09-20T15:11:30+00:00
20260920T145420Z-gpu_h192,electricity_hourly,T308,lstm,deep,168,192,230017,42.12762141626039,50.30311320269937,4.908072398010919,29.97954830694652,401.7036380000718,16.10986328125,0.33516705999954866,4513,false,dcb2c10e4ac97b1d1289825869826fdec84593f7,ef768c17c85b2a8c,true,2026-09-20T15:11:30+00:00
20260920T145420Z-gpu_h192,electricity_hourly,T308,lstm,deep,168,192,230018,16.6111477546458,22.560082900709563,1.5452230469437953,11.484921339830455,398.83022000049095,16.10986328125,0.33326044299974455,4513,false,dcb2c10e4ac97b1d1289825869826fdec84593f7,ef768c17c85b2a8c,true,2026-09-20T15:11:30+00:00
20260920T145420Z-gpu_h192,electricity_hourly,T308,lstm,deep,168,192,230019,44.58538009534891,55.61747191432068,4.628907522516397,31.11660604272066,393.5990950003543,16.10986328125,0.3246108670000467,4513,false,dcb2c10e4ac97b1d1289825869826fdec84593f7,ef768c17c85b2a8c,true,2026-09-20T15:11:30+00:00
20260920T145420Z-gpu_h192,electricity_hourly,T308,lstm,deep,168,192,230020,51.00302782139141,63.828705432582275,5.1359692351610935,38.2153741857346,386.0518860001321,16.10986328125,0.3169371489993864,4513,false,dcb2c10e4ac97b1d1289825869826fdec84593f7,ef768c17c85b2a8c,true,2026-09-20T15:11:30+00:00
20260920T145420Z-gpu_h192,electricity_hourly,T308,transformer,deep,168,192,230000,181.88442200010513,234.4265898545342,1.7322325904771918,48.18343796848226,580.2158870001222,10.6845703125,0.5747647910002343,19232,false,dcb2c10e4ac97b1d1289825869826fdec84593f7,ef768c17c85b2a8c,true,2026-09-20T15:11:47+00:00
20260920T145420Z-gpu_h192,electricity_hourly,T308,transformer,deep,168,192,230001,312.04546488257853,435.2800393146237,2.6191738717120137,57.179124825436375,590.5741340002351,10.525390625,0.5847370940000474,19232,false,dcb2c10e4ac97b1d1289825869826fdec84593f7,ef768c17c85b2a8c,true,2026-09-20T15:11:47+00:00
20260920T145420Z-gpu_h192,electricity_hourly,T308,transformer,deep,168,192,230002,193.05694075601647,272.4494318197586,1.5623355888988633,45.394961036541304,594.0079319998404,10.525390625,0.588192442000036,19232,false,dcb2c10e4ac97b1d1289825869826fdec84593f7,ef768c17c85b2a8c,true,2026-09-20T15:11:47+00:00
20260920T145420Z-gpu_h192,electricity_hourly,T308,transformer,deep,168,192,230003,242.33821074525233,340.2639777816378,3.072704265855097,50.25171091149382,586.8922150002618,10.525390625,0.5811275959995328,19232,false,dcb2c10e4ac97b1d1289825869826fdec84593f7,ef768c17c85b2a8c,true,2026-09-20T15:11:47+00:00
20260920T145420Z-gpu_h192,electricity_hourly,T308,transformer,deep,168,192,230004,445.67879152006327,620.576208317568,4.09662619551188,73.52577368559054,581.1779870000464,10.525390625,0.5757098309995854,19232,false,dcb2c10e4ac97b1d1289825869826fdec84593f7,ef768c17c85b2a8c,true,2026-09-20T15:11:47+00:00
20260920T145420Z-gpu_h192,electricity_hourly,T308,transformer,deep,168,192,230005,381.51594984073313,533.584278255985,1.9224655064235423,69.85993963568632,589.9394329999268,10.525390625,0.5840174800005116,19232,false,dcb2c10e4ac97b1d1289825869826fdec84593f7,ef768c17c85b2a8c,true,2026-09-20T15:11:47+00:00
20260920T145420Z-gpu_h192,electricity_hourly,T308,transformer,deep,168,192,230006,269.9980742526404,421.69212632144644,2.581654893252338,56.59250605256305,587.1416359996147,10.525390625,0.581453922000037,19232,false,dcb2c10e4ac97b1d1289825869826fdec84593f7,ef768c17c85b2a8c,true,2026-09-20T15:11:47+00:00
20260920T145420Z-gpu_h192,electricity_hourly,T308,transformer,deep,168,192,230007,190.9099060767493,292.84877262127935,2.756821748400712,37.26130821936853,588.9805940005317,10.525390625,0.5832308939998256,19232,false,dcb2c10e4ac97b1d1289825869826fdec84593f7,ef768c17c85b2a8c,true,2026-09-20T15:11:47+00:00
20260920T145420Z-gpu_h192,electricity_hourly,T308,transformer,deep,168,192,230008,144.704531746072,192.26540773754203,1.0230485355181838,40.072604112624475,580.2560680003808,10.525390625,0.5746755170002871,19232,false,dcb2c10e4ac97b1d1289825869826fdec84593f7,ef768c17c85b2a8c,true,2026-09-20T15:11:47+00:00
20260920T145420Z-gpu_h192,electricity_hourly,T308,transformer,deep,168,192,230009,322.2868740000398,437.45170444879255,3.367630059938011,66.87432165774267,586.0557449996122,10.525390625,0.5801972210001622,19232,false,dcb2c10e4ac97b1d1289825869826fdec84593f7,ef768c17c85b2a8c,true,2026-09-20T15:11:47+00:00
20260920T145420Z-gpu_h192,electricity_hourly,T308,transformer,deep,168,192,230010,46.93224703128459,56.30310937173162,0.3014516067846461,37.452994705331676,579.7397019996424,10.525390625,0.5740614270007427,19232,false,dcb2c10e4ac97b1d1289825869826fdec84593f7,ef768c17c85b2a8c,true,2026-09-20T15:11:47+00:00
20260920T145420Z-gpu_h192,electricity_hourly,T308,transformer,deep,168,192,230011,21.607323147617468,27.77302721989691,1.9818181740489904,15.494771961685405,569.8227670000051,10.525390625,0.5639995960000306,19232,false,dcb2c10e4ac97b1d1289825869826fdec84593f7,ef768c17c85b2a8c,true,2026-09-20T15:11:47+00:00
20260920T145420Z-gpu_h192,electricity_hourly,T308,transformer,deep,168,192,230012,14.250049000174542,18.830216129353463,1.2398834175378453,10.196475538121911,584.6366619998662,10.525390625,0.5791184179997799,19232,false,dcb2c10e4ac97b1d1289825869826fdec84593f7,ef768c17c85b2a8c,true,2026-09-20T15:11:47+00:00
20260920T145420Z-gpu_h192,electricity_hourly,T308,transformer,deep,168,192,230013,51.85711301252948,59.72375505166482,5.062660524613047,36.55804462631295,579.0131430003385,10.525390625,0.5733252509999147,19232,false,dcb2c10e4ac97b1d1289825869826fdec84593f7,ef768c17c85b2a8c,true,2026-09-20T15:11:47+00:00
20260920T145420Z-gpu_h192,electricity_hourly,T308,transformer,deep,168,192,230014,20.75753002058985,30.426883579678766,1.8716871151940753,14.856101068297805,572.1772060005605,10.525390625,0.5664728199999445,19232,false,dcb2c10e4ac97b1d1289825869826fdec84593f7,ef768c17c85b2a8c,true,2026-09-20T15:11:47+00:00
20260920T145420Z-gpu_h192,electricity_hourly,T308,transformer,deep,168,192,230015,21.657585692217392,28.448693560362322,2.423226371157191,15.552478311803487,602.8227680008058,10.525390625,0.5970511969999279,19232,false,dcb2c10e4ac97b1d1289825869826fdec84593f7,ef768c17c85b2a8c,true,2026-09-20T15:11:47+00:00
20260920T145420Z-gpu_h192,electricity_hourly,T308,transformer,deep,168,192,230016,29.452325164382632,40.880945755125936,2.313766952357392,21.40560605018856,570.1677789993482,10.525390625,0.5646975210001983,19232,false,dcb2c10e4ac97b1d1289825869826fdec84593f7,ef768c17c85b2a8c,true,2026-09-20T15:11:47+00:00
20260920T145420Z-gpu_h192,electricity_hourly,T308,transformer,deep,168,192,230017,14.814798735685423,19.883660665567056,1.7259959692060687,10.422348160612788,573.2726209998873,10.525390625,0.567784531000143,19232,false,dcb2c10e4ac97b1d1289825869826fdec84593f7,ef768c17c85b2a8c,true,2026-09-20T15:11:47+00:00
20260920T145420Z-gpu_h192,electricity_hourly,T308,transformer,deep,168,192,230018,15.156089761375993,20.32075604451269,1.4098688150117202,10.707582018782915,572.6347879999594,10.525390625,0.5671923310001148,19232,false,dcb2c10e4ac97b1d1289825869826fdec84593f7,ef768c17c85b2a8c,true,2026-09-20T15:11:47+00:00
20260920T145420Z-gpu_h192,electricity_hourly,T308,transformer,deep,168,192,230019,14.92118519096674,18.813860832573447,1.5491353046137062,10.670163139283122,567.1601009998994,10.525390625,0.561284792999686,19232,false,dcb2c10e4ac97b1d1289825869826fdec84593f7,ef768c17c85b2a8c,true,2026-09-20T15:11:47+00:00
20260920T145420Z-gpu_h192,electricity_hourly,T308,transformer,deep,168,192,230020,26.174639203941584,42.37015595374223,2.6357678638934185,20.935558649447337,583.7390970000342,10.525390625,0.5782649309994667,19232,false,dcb2c10e4ac97b1d1289825869826fdec84593f7,ef768c17c85b2a8c,true,2026-09-20T15:11:47+00:00
20260920T145420Z-gpu_h192,electricity_hourly,T308,timesfm25,tsfm,168,192,230000,70.49897702534993,103.21562679100278,0.6714188288128565,17.60386582187354,209.65887600050337,13.52490234375,,231289280,true,dcb2c10e4ac97b1d1289825869826fdec84593f7,ef768c17c85b2a8c,true,2026-09-20T15:11:55+00:00
20260920T145420Z-gpu_h192,electricity_hourly,T308,timesfm25,tsfm,168,192,230001,183.90890979766846,278.6233953729863,1.5436513762452937,25.101650565168317,216.12468199964496,13.52490234375,,231289280,true,dcb2c10e4ac97b1d1289825869826fdec84593f7,ef768c17c85b2a8c,true,2026-09-20T15:11:55+00:00
20260920T145420Z-gpu_h192,electricity_hourly,T308,timesfm25,tsfm,168,192,230002,129.05824879805246,188.1796534694199,1.0444187831246237,24.681355497811637,204.89401899976656,13.52490234375,,231289280,true,dcb2c10e4ac97b1d1289825869826fdec84593f7,ef768c17c85b2a8c,true,2026-09-20T15:11:55+00:00
20260920T145420Z-gpu_h192,electricity_hourly,T308,timesfm25,tsfm,168,192,230003,113.94348589579265,176.56529931674197,1.4447355788495326,19.473541005745844,213.27171299981273,13.52490234375,,231289280,true,dcb2c10e4ac97b1d1289825869826fdec84593f7,ef768c17c85b2a8c,true,2026-09-20T15:11:55+00:00
20260920T145420Z-gpu_h192,electricity_hourly,T308,timesfm25,tsfm,168,192,230004,236.04301051298776,372.25668319482935,2.169679146806475,29.235557090786894,218.9754860000903,13.52490234375,,231289280,true,dcb2c10e4ac97b1d1289825869826fdec84593f7,ef768c17c85b2a8c,true,2026-09-20T15:11:55+00:00
20260920T145420Z-gpu_h192,electricity_hourly,T308,timesfm25,tsfm,168,192,230005,148.30866209665933,238.4108239327693,0.7473299276312749,20.07503059571402,218.88350599965634,13.52490234375,,231289280,true,dcb2c10e4ac97b1d1289825869826fdec84593f7,ef768c17c85b2a8c,true,2026-09-20T15:11:55+00:00
20260920T145420Z-gpu_h192,electricity_hourly,T308,timesfm25,tsfm,168,192,230006,84.54241784413655,169.5184198798854,0.8083737164379591,17.407191599676306,206.82321200001752,13.52490234375,,231289280,true,dcb2c10e4ac97b1d1289825869826fdec84593f7,ef768c17c85b2a8c,true,2026-09-20T15:11:55+00:00
20260920T145420Z-gpu_h192,electricity_hourly,T308,timesfm25,tsfm,168,192,230007,122.90931582450867,189.10789554830393,1.7748637664188978,23.494735784169542,205.4280619995552,13.52490234375,,231289280,true,dcb2c10e4ac97b1d1289825869826fdec84593f7,ef768c17c85b2a8c,true,2026-09-20T15:11:55+00:00
20260920T145420Z-gpu_h192,electricity_hourly,T308,timesfm25,tsfm,168,192,230008,85.01585737864177,137.2903176009068,0.6010547654420862,15.205914813870972,215.17116199993325,13.52490234375,,231289280,true,dcb2c10e4ac97b1d1289825869826fdec84593f7,ef768c17c85b2a8c,true,2026-09-20T15:11:55+00:00
20260920T145420Z-gpu_h192,electricity_hourly,T308,timesfm25,tsfm,168,192,230009,234.97917278607687,330.0049898642753,2.4553371222113833,31.212713584921577,208.38692800043646,13.52490234375,,231289280,true,dcb2c10e4ac97b1d1289825869826fdec84593f7,ef768c17c85b2a8c,true,2026-09-20T15:11:55+00:00
20260920T145420Z-gpu_h192,electricity_hourly,T308,timesfm25,tsfm,168,192,230010,88.78091553846996,122.4484632180277,0.5702507621900921,41.54149078016851,212.501943999996,13.52490234375,,231289280,true,dcb2c10e4ac97b1d1289825869826fdec84593f7,ef768c17c85b2a8c,true,2026-09-20T15:11:55+00:00
20260920T145420Z-gpu_h192,electricity_hourly,T308,timesfm25,tsfm,168,192,230011,12.873690048853556,16.351419481793116,1.1807715713598166,9.111409003348502,221.13142699981836,13.52490234375,,231289280,true,dcb2c10e4ac97b1d1289825869826fdec84593f7,ef768c17c85b2a8c,true,2026-09-20T15:11:55+00:00
20260920T145420Z-gpu_h192,electricity_hourly,T308,timesfm25,tsfm,168,192,230012,11.7287646929423,16.31267864281225,1.0205088312892394,8.404291748569635,210.6675400000313,13.52490234375,,231289280,true,dcb2c10e4ac97b1d1289825869826fdec84593f7,ef768c17c85b2a8c,true,2026-09-20T15:11:55+00:00
20260920T145420Z-gpu_h192,electricity_hourly,T308,timesfm25,tsfm,168,192,230013,13.242380380630493,16.395448023340677,1.2928154405496888,9.549530158772972,230.64176600018982,13.52490234375,,231289280,true,dcb2c10e4ac97b1d1289825869826fdec84593f7,ef768c17c85b2a8c,true,2026-09-20T15:11:55+00:00
20260920T145420Z-gpu_h192,electricity_hourly,T308,timesfm25,tsfm,168,192,230014,12.117701093355814,17.570366805855095,1.0926418017803614,9.498589457454417,213.19768500052305,13.52490234375,,231289280,true,dcb2c10e4ac97b1d1289825869826fdec84593f7,ef768c17c85b2a8c,true,2026-09-20T15:11:55+00:00
20260920T145420Z-gpu_h192,electricity_hourly,T308,timesfm25,tsfm,168,192,230015,12.56796658039093,17.161710321657146,1.4062060509528314,9.149436202307438,211.0744089995933,13.52490234375,,231289280,true,dcb2c10e4ac97b1d1289825869826fdec84593f7,ef768c17c85b2a8c,true,2026-09-20T15:11:55+00:00
20260920T145420Z-gpu_h192,electricity_hourly,T308,timesfm25,tsfm,168,192,230016,7.551610867182414,10.079375502963963,0.5932525722172765,5.445258223509316,208.77131300039764,13.52490234375,,231289280,true,dcb2c10e4ac97b1d1289825869826fdec84593f7,ef768c17c85b2a8c,true,2026-09-20T15:11:55+00:00
20260920T145420Z-gpu_h192,electricity_hourly,T308,timesfm25,tsfm,168,192,230017,9.452200174331665,12.163134681266975,1.1012272047765046,6.686870084603119,214.57451100013714,13.52490234375,,231289280,true,dcb2c10e4ac97b1d1289825869826fdec84593f7,ef768c17c85b2a8c,true,2026-09-20T15:11:55+00:00
20260920T145420Z-gpu_h192,electricity_hourly,T308,timesfm25,tsfm,168,192,230018,9.226744890213013,12.820153786049122,0.8583018502523733,6.379514483173591,214.9191479993533,13.52490234375,,231289280,true,dcb2c10e4ac97b1d1289825869826fdec84593f7,ef768c17c85b2a8c,true,2026-09-20T15:11:55+00:00
20260920T145420Z-gpu_h192,electricity_hourly,T308,timesfm25,tsfm,168,192,230019,9.846995115280151,13.943712240552818,1.0223268180247598,6.554370667531673,210.79578500030038,13.52490234375,,231289280,true,dcb2c10e4ac97b1d1289825869826fdec84593f7,ef768c17c85b2a8c,true,2026-09-20T15:11:55+00:00
20260920T145420Z-gpu_h192,electricity_hourly,T308,timesfm25,tsfm,168,192,230020,23.59859585762024,40.40788254794538,2.376362100347772,19.07823163786204,204.66413399935846,13.52490234375,,231289280,true,dcb2c10e4ac97b1d1289825869826fdec84593f7,ef768c17c85b2a8c,true,2026-09-20T15:11:55+00:00
20260920T145420Z-gpu_h192,electricity_hourly,T308,chronos_bolt,tsfm,168,192,230000,74.38841597239177,108.52659837416189,0.7084611044989693,17.197222292592706,104.83207300057984,15.55126953125,,205292928,true,dcb2c10e4ac97b1d1289825869826fdec84593f7,ef768c17c85b2a8c,true,2026-09-20T15:12:01+00:00
20260920T145420Z-gpu_h192,electricity_hourly,T308,chronos_bolt,tsfm,168,192,230001,135.14113267262778,223.14954658668157,1.1343158722813242,20.614633901279785,102.23268099980487,15.55126953125,,205292928,true,dcb2c10e4ac97b1d1289825869826fdec84593f7,ef768c17c85b2a8c,true,2026-09-20T15:12:01+00:00
20260920T145420Z-gpu_h192,electricity_hourly,T308,chronos_bolt,tsfm,168,192,230002,108.78213135401408,166.6886406188644,0.8803319610530532,22.920881640138813,106.65476400026819,15.55126953125,,205292928,true,dcb2c10e4ac97b1d1289825869826fdec84593f7,ef768c17c85b2a8c,true,2026-09-20T15:12:01+00:00
20260920T145420Z-gpu_h192,electricity_hourly,T308,chronos_bolt,tsfm,168,192,230003,121.6245395342509,186.50102763612642,1.5421267670099612,19.971248779895475,106.17004699997779,15.55126953125,,205292928,true,dcb2c10e4ac97b1d1289825869826fdec84593f7,ef768c17c85b2a8c,true,2026-09-20T15:12:01+00:00
20260920T145420Z-gpu_h192,electricity_hourly,T308,chronos_bolt,tsfm,168,192,230004,207.17569780349731,343.1136888358426,1.904334257864395,26.107855010668036,117.8010940002423,15.55126953125,,205292928,true,dcb2c10e4ac97b1d1289825869826fdec84593f7,ef768c17c85b2a8c,true,2026-09-20T15:12:01+00:00
20260920T145420Z-gpu_h192,electricity_hourly,T308,chronos_bolt,tsfm,168,192,230005,146.34773937861124,237.9762103299113,0.7374488039514301,17.045661065155972,104.777758999262,15.55126953125,,205292928,true,dcb2c10e4ac97b1d1289825869826fdec84593f7,ef768c17c85b2a8c,true,2026-09-20T15:12:01+00:00
20260920T145420Z-gpu_h192,electricity_hourly,T308,chronos_bolt,tsfm,168,192,230006,94.84687439600627,184.26955016727325,0.9069023846630082,13.723448269150154,105.21016500024416,15.55126953125,,205292928,true,dcb2c10e4ac97b1d1289825869826fdec84593f7,ef768c17c85b2a8c,true,2026-09-20T15:12:01+00:00
20260920T145420Z-gpu_h192,electricity_hourly,T308,chronos_bolt,tsfm,168,192,230007,109.35866483052571,188.53122314780543,1.5791864957476638,15.394582818935106,116.29773599997861,15.55126953125,,205292928,true,dcb2c10e4ac97b1d1289825869826fdec84593f7,ef768c17c85b2a8c,true,2026-09-20T15:12:01+00:00
20260920T145420Z-gpu_h192,electricity_hourly,T308,chronos_bolt,tsfm,168,192,230008,59.272120316823326,105.19319887695403,0.41904876893276505,10.603094813752197,111.20501699952001,15.55126953125,,205292928,true,dcb2c10e4ac97b1d1289825869826fdec84593f7,ef768c17c85b2a8c,true,2026-09-20T15:12:01+00:00
20260920T145420Z-gpu_h192,electricity_hourly,T308,chronos_bolt,tsfm,168,192,230009,217.79894908269247,327.0742746917322,2.27581805876988,24.86965785330776,111.36643999998341,15.55126953125,,205292928,true,dcb2c10e4ac97b1d1289825869826fdec84593f7,ef768c17c85b2a8c,true,2026-09-20T15:12:01+00:00
20260920T145420Z-gpu_h192,electricity_hourly,T308,chronos_bolt,tsfm,168,192,230010,41.33502507209778,54.59547627189085,0.26549996031857265,24.37564703736116,111.79909899965423,15.55126953125,,205292928,true,dcb2c10e4ac97b1d1289825869826fdec84593f7,ef768c17c85b2a8c,true,2026-09-20T15:12:01+00:00
20260920T145420Z-gpu_h192,electricity_hourly,T308,chronos_bolt,tsfm,168,192,230011,12.738301078478495,16.46886212204581,1.1683537294910211,9.06571754331886,116.05675200007681,15.55126953125,,205292928,true,dcb2c10e4ac97b1d1289825869826fdec84593f7,ef768c17c85b2a8c,true,2026-09-20T15:12:01+00:00
20260920T145420Z-gpu_h192,electricity_hourly,T308,chronos_bolt,tsfm,168,192,230012,12.084115544954935,17.31571857451257,1.051427576116925,8.393976295708006,111.29376699955174,15.55126953125,,205292928,true,dcb2c10e4ac97b1d1289825869826fdec84593f7,ef768c17c85b2a8c,true,2026-09-20T15:12:01+00:00
20260920T145420Z-gpu_h192,electricity_hourly,T308,chronos_bolt,tsfm,168,192,230013,13.73613146940867,17.043213517981123,1.3410189366744736,9.668382895437116,112.17118500007928,15.55126953125,,205292928,true,dcb2c10e4ac97b1d1289825869826fdec84593f7,ef768c17c85b2a8c,true,2026-09-20T15:12:01+00:00
20260920T145420Z-gpu_h192,electricity_hourly,T308,chronos_bolt,tsfm,168,192,230014,11.10327128569285,16.960857563664376,1.0011716124857672,8.833374731234162,113.24825100018643,15.55126953125,,205292928,true,dcb2c10e4ac97b1d1289825869826fdec84593f7,ef768c17c85b2a8c,true,2026-09-20T15:12:01+00:00
20260920T145420Z-gpu_h192,electricity_hourly,T308,chronos_bolt,tsfm,168,192,230015,12.601705074310303,17.839370843339733,1.4099809873354185,9.250482044830505,116.69944899949769,15.55126953125,,205292928,true,dcb2c10e4ac97b1d1289825869826fdec84593f7,ef768c17c85b2a8c,true,2026-09-20T15:12:01+00:00
20260920T145420Z-gpu_h192,electricity_hourly,T308,chronos_bolt,tsfm,168,192,230016,7.755686958630879,10.30819385436484,0.6092847365209202,5.580758287278446,112.04933099998016,15.55126953125,,205292928,true,dcb2c10e4ac97b1d1289825869826fdec84593f7,ef768c17c85b2a8c,true,2026-09-20T15:12:01+00:00
20260920T145420Z-gpu_h192,electricity_hourly,T308,chronos_bolt,tsfm,168,192,230017,9.127633055051168,12.225398921714147,1.0634135598117866,6.293418092729393,118.96796699966217,15.55126953125,,205292928,true,dcb2c10e4ac97b1d1289825869826fdec84593f7,ef768c17c85b2a8c,true,2026-09-20T15:12:01+00:00
20260920T145420Z-gpu_h192,electricity_hourly,T308,chronos_bolt,tsfm,168,192,230018,10.03085732460022,14.041377934924789,0.9331030069395553,7.004126046770088,121.81287900057214,15.55126953125,,205292928,true,dcb2c10e4ac97b1d1289825869826fdec84593f7,ef768c17c85b2a8c,true,2026-09-20T15:12:01+00:00
20260920T145420Z-gpu_h192,electricity_hourly,T308,chronos_bolt,tsfm,168,192,230019,9.782005667686462,13.85417025429899,1.0155795357944128,6.414899880198694,117.19783499938785,15.55126953125,,205292928,true,dcb2c10e4ac97b1d1289825869826fdec84593f7,ef768c17c85b2a8c,true,2026-09-20T15:12:01+00:00
20260920T145420Z-gpu_h192,electricity_hourly,T308,chronos_bolt,tsfm,168,192,230020,22.678356250127155,39.12779226594018,2.28369461539742,18.33334240792737,119.94482999944012,15.55126953125,,205292928,true,dcb2c10e4ac97b1d1289825869826fdec84593f7,ef768c17c85b2a8c,true,2026-09-20T15:12:01+00:00
