run_id,dataset,series_id,model,family,context_length,horizon,window_index,mae,rmse,mase,smape,latency_ms,peak_mem_mb,train_seconds,params,zero_shot,git_sha,config_hash,measured,timestamp
20260920T140330Z-gpu,electricity_hourly,T1,lstm,deep,168,24,0,25.929912843503292,36.179762151603434,5.37252870426543,98.02601455449604,312.6279019999174,16.14599609375,0.3037537490000659,4513,false,dcb2c10e4ac97b1d1289825869826fdec84593f7,6ac98672d6a5ec3f,true,2026-09-20T14:03:52+00:00
20260920T140330Z-gpu,electricity_hourly,T1,lstm,deep,168,24,1,3.1662502730647675,4.066893186551755,0.4034867604613509,47.21218774297824,293.1599980000783,16.10986328125,0.28503786499993566,4513,false,dcb2c10e4ac97b1d1289825869826fdec84593f7,6ac98672d6a5ec3f,true,2026-09-20T14:03:52+00:00
20260920T140330Z-gpu,electricity_hourly,T1,lstm,deep,168,24,2,5.453783296172232,11.822414848797365,0.45926596178292484,48.41890869633232,290.34092599999894,16.10986328125,0.28186399699995945,4513,false,dcb2c10e4ac97b1d1289825869826fdec84593f7,6ac98672d6a5ec3f,true,2026-09-20T14:03:52+00:00
20260920T140330Z-gpu,electricity_hourly,T1,lstm,deep,168,24,3,3.985484777260586,7.023748989486702,1.1547481044779164,34.36504365621771,304.2205179999655,16.10986328125,0.2956080330000077,4513,false,dcb2c10e4ac97b1d1289825869826fdec84593f7,6ac98672d6a5ec3f,true,2026-09-20T14:03:52+00:00
20260920T140330Z-gpu,electricity_hourly,T1,lstm,deep,168,24,4,5.232964838924599,5.976535795990963,0.29796241075727253,72.75925886136679,304.5328209999525,16.10986328125,0.29614857499996106,4513,false,dcb2c10e4ac97b1d1289825869826fdec84593f7,6ac98672d6a5ec3f,true,2026-09-20T14:03:52+00:00
20260920T140330Z-gpu,electricity_hourly,T1,lstm,deep,168,24,5,4.881858934396997,8.208995940990885,1.5053269519339778,61.21965255025367,301.8856200000073,16.10986328125,0.29363321999994696,4513,false,dcb2c10e4ac97b1d1289825869826fdec84593f7,6ac98672d6a5ec3f,true,2026-09-20T14:03:52+00:00
20260920T140330Z-gpu,electricity_hourly,T1,lstm,deep,168,24,6,43.54617961065722,46.260363319404135,2.953673982070014,95.77603562322791,306.76608700002816,16.10986328125,0.29859016199998223,4513,false,dcb2c10e4ac97b1d1289825869826fdec84593f7,6ac98672d6a5ec3f,true,2026-09-20T14:03:52+00:00
20260920T140330Z-gpu,electricity_hourly,T1,lstm,deep,168,24,7,9.251660587808699,13.215300764611863,0.642662385260228,14.54418424226228,314.10154499997134,16.10986328125,0.30561807599997337,4513,false,dcb2c10e4ac97b1d1289825869826fdec84593f7,6ac98672d6a5ec3f,true,2026-09-20T14:03:52+00:00
20260920T140330Z-gpu,electricity_hourly,T1,lstm,deep,168,24,8,7.39942097772946,10.16632333057559,1.139589968762612,10.60971246426236,308.5537290000957,16.10986328125,0.2998094569999239,4513,false,dcb2c10e4ac97b1d1289825869826fdec84593f7,6ac98672d6a5ec3f,true,2026-09-20T14:03:52+00:00
20260920T140330Z-gpu,electricity_hourly,T1,lstm,deep,168,24,9,7.9354687842812694,10.465586750861727,1.7055335894574668,10.982744903333407,313.0066279999255,16.10986328125,0.3046267820000139,4513,false,dcb2c10e4ac97b1d1289825869826fdec84593f7,6ac98672d6a5ec3f,true,2026-09-20T14:03:52+00:00
20260920T140330Z-gpu,electricity_hourly,T1,lstm,deep,168,24,10,7.546707604550257,13.438902710825229,0.6084691461675459,10.708523014902466,315.8404340000516,16.10986328125,0.3068633109999155,4513,false,dcb2c10e4ac97b1d1289825869826fdec84593f7,6ac98672d6a5ec3f,true,2026-09-20T14:03:52+00:00
20260920T140330Z-gpu,electricity_hourly,T1,lstm,deep,168,24,11,2.7212510914573738,3.790553926368162,0.1820065755549753,32.16202010523209,307.98323099998015,16.10986328125,0.2988176490000569,4513,false,dcb2c10e4ac97b1d1289825869826fdec84593f7,6ac98672d6a5ec3f,true,2026-09-20T14:03:52+00:00
20260920T140330Z-gpu,electricity_hourly,T1,lstm,deep,168,24,12,1.8722585768558098,2.3879813479401584,0.8897862543473156,23.127897929559634,309.19710300008774,16.10986328125,0.30036305299995547,4513,false,dcb2c10e4ac97b1d1289825869826fdec84593f7,6ac98672d6a5ec3f,true,2026-09-20T14:03:52+00:00
20260920T140330Z-gpu,electricity_hourly,T1,lstm,deep,168,24,13,3.7458516668754513,5.136868779123409,1.0274336000572666,50.5253723361211,322.5053769999704,16.10986328125,0.3134964289999971,4513,false,dcb2c10e4ac97b1d1289825869826fdec84593f7,6ac98672d6a5ec3f,true,2026-09-20T14:03:52+00:00
20260920T140330Z-gpu,electricity_hourly,T1,lstm,deep,168,24,14,2.768288290654317,4.369630207199507,0.8917975701436727,31.11763789248867,299.77674100007334,16.10986328125,0.29177248400003464,4513,false,dcb2c10e4ac97b1d1289825869826fdec84593f7,6ac98672d6a5ec3f,true,2026-09-20T14:03:52+00:00
20260920T140330Z-gpu,electricity_hourly,T1,lstm,deep,168,24,15,1.4066057441324664,2.722669014652177,0.7033028720662332,17.095157669061745,311.7144879998932,16.10986328125,0.30293767199998456,4513,false,dcb2c10e4ac97b1d1289825869826fdec84593f7,6ac98672d6a5ec3f,true,2026-09-20T14:03:52+00:00
20260920T140330Z-gpu,electricity_hourly,T1,lstm,deep,168,24,16,2.23248266462636,2.764023470966979,1.4224668305583885,21.41356715355761,317.85046900006364,16.10986328125,0.30973085399989486,4513,false,dcb2c10e4ac97b1d1289825869826fdec84593f7,6ac98672d6a5ec3f,true,2026-09-20T14:03:52+00:00
20260920T140330Z-gpu,electricity_hourly,T1,lstm,deep,168,24,17,1.80329227219734,2.08489035092432,0.7892829398067384,17.613024210496228,308.47417100005714,16.10986328125,0.3001536890000125,4513,false,dcb2c10e4ac97b1d1289825869826fdec84593f7,6ac98672d6a5ec3f,true,2026-09-20T14:03:52+00:00
20260920T140330Z-gpu,electricity_hourly,T1,lstm,deep,168,24,18,1.3757522172187686,1.7732156310243028,0.7447681175921153,13.52917859479589,311.9046479999952,16.10986328125,0.3035625960000061,4513,false,dcb2c10e4ac97b1d1289825869826fdec84593f7,6ac98672d6a5ec3f,true,2026-09-20T14:03:52+00:00
20260920T140330Z-gpu,electricity_hourly,T1,lstm,deep,168,24,19,2.5567081376227723,3.0945802298945093,1.1505186619302474,33.146599753296954,318.04628899999443,16.10986328125,0.3102512939999542,4513,false,dcb2c10e4ac97b1d1289825869826fdec84593f7,6ac98672d6a5ec3f,true,2026-09-20T14:03:52+00:00
20260920T140330Z-gpu,electricity_hourly,T1,lstm,deep,168,24,20,5.970840455592799,7.3121223056426405,3.059790126709477,70.0502338241916,293.2863159999215,16.10986328125,0.285132697999984,4513,false,dcb2c10e4ac97b1d1289825869826fdec84593f7,6ac98672d6a5ec3f,true,2026-09-20T14:03:52+00:00
20260920T140330Z-gpu,electricity_hourly,T1,lstm,deep,168,24,21,2.7654716940606163,3.0806387669478865,1.1816852342573554,26.369486237571987,291.61417299997083,16.10986328125,0.2830097170000272,4513,false,dcb2c10e4ac97b1d1289825869826fdec84593f7,6ac98672d6a5ec3f,true,2026-09-20T14:03:52+00:00
20260920T140330Z-gpu,electricity_hourly,T1,transformer,deep,168,24,0,24.024073800058392,34.01128275855443,4.977649823321451,99.45233291181736,506.0824769999499,10.4384765625,0.5050044240000489,19232,false,dcb2c10e4ac97b1d1289825869826fdec84593f7,6ac98672d6a5ec3f,true,2026-09-20T14:04:07+00:00
20260920T140330Z-gpu,electricity_hourly,T1,transformer,deep,168,24,1,3.6563431545975447,4.440743448496273,0.4659410745681827,58.88191014551318,527.877836000016,10.279296875,0.5268439129999933,19232,false,dcb2c10e4ac97b1d1289825869826fdec84593f7,6ac98672d6a5ec3f,true,2026-09-20T14:04:07+00:00
20260920T140330Z-gpu,electricity_hourly,T1,transformer,deep,168,24,2,24.516476694730443,31.58331615032529,2.064545405872037,118.06678546918914,522.9278389999763,10.279296875,0.5217952870000317,19232,false,dcb2c10e4ac97b1d1289825869826fdec84593f7,6ac98672d6a5ec3f,true,2026-09-20T14:04:07+00:00
20260920T140330Z-gpu,electricity_hourly,T1,transformer,deep,168,24,3,6.402620035454707,7.90327345562469,1.8550850806951265,68.83153382662121,515.9758099999863,10.279296875,0.5149442419999559,19232,false,dcb2c10e4ac97b1d1289825869826fdec84593f7,6ac98672d6a5ec3f,true,2026-09-20T14:04:07+00:00
20260920T140330Z-gpu,electricity_hourly,T1,transformer,deep,168,24,4,3.431287188040892,4.15887951902406,0.19537578294894759,58.38661661523752,538.7098009999818,10.279296875,0.5374654099999816,19232,false,dcb2c10e4ac97b1d1289825869826fdec84593f7,6ac98672d6a5ec3f,true,2026-09-20T14:04:07+00:00
20260920T140330Z-gpu,electricity_hourly,T1,transformer,deep,168,24,5,3.605898665332615,7.680521070032528,1.1118831002310419,43.36298989497105,513.1260389999852,10.279296875,0.5121234890000324,19232,false,dcb2c10e4ac97b1d1289825869826fdec84593f7,6ac98672d6a5ec3f,true,2026-09-20T14:04:07+00:00
20260920T140330Z-gpu,electricity_hourly,T1,transformer,deep,168,24,6,47.72710379768345,51.69324325669885,3.2372599843930367,110.3227816045446,521.9386429999986,10.279296875,0.5208506510000461,19232,false,dcb2c10e4ac97b1d1289825869826fdec84593f7,6ac98672d6a5ec3f,true,2026-09-20T14:04:07+00:00
20260920T140330Z-gpu,electricity_hourly,T1,transformer,deep,168,24,7,6.563674406563254,9.407526344600116,0.4559426505282723,9.623501687334114,586.7116929999838,10.279296875,0.5856410070000493,19232,false,dcb2c10e4ac97b1d1289825869826fdec84593f7,6ac98672d6a5ec3f,true,2026-09-20T14:04:07+00:00
20260920T140330Z-gpu,electricity_hourly,T1,transformer,deep,168,24,8,7.686366699240179,11.476107114785925,1.1837826788134609,11.25485186838369,549.0847590000385,10.279296875,0.5479921870000908,19232,false,dcb2c10e4ac97b1d1289825869826fdec84593f7,6ac98672d6a5ec3f,true,2026-09-20T14:04:07+00:00
20260920T140330Z-gpu,electricity_hourly,T1,transformer,deep,168,24,9,7.7045593497193865,10.290830842816527,1.6559052930740175,10.783213475163912,510.5110939999804,10.279296875,0.5094704010000441,19232,false,dcb2c10e4ac97b1d1289825869826fdec84593f7,6ac98672d6a5ec3f,true,2026-09-20T14:04:07+00:00
20260920T140330Z-gpu,electricity_hourly,T1,transformer,deep,168,24,10,13.61789922381603,17.688453717438552,1.0979717179336552,20.589038965010865,523.1075240000109,10.279296875,0.5218635840000161,19232,false,dcb2c10e4ac97b1d1289825869826fdec84593f7,6ac98672d6a5ec3f,true,2026-09-20T14:04:07+00:00
20260920T140330Z-gpu,electricity_hourly,T1,transformer,deep,168,24,11,2.9507001373777144,3.5792143120960276,0.19735291211444073,35.36120166699576,509.6816880000006,10.279296875,0.5086547660000633,19232,false,dcb2c10e4ac97b1d1289825869826fdec84593f7,6ac98672d6a5ec3f,true,2026-09-20T14:04:07+00:00
20260920T140330Z-gpu,electricity_hourly,T1,transformer,deep,168,24,12,4.376407978866669,5.033950536777717,2.0798770592633677,60.73899767453751,549.654916999998,10.279296875,0.5484941409999919,19232,false,dcb2c10e4ac97b1d1289825869826fdec84593f7,6ac98672d6a5ec3f,true,2026-09-20T14:04:07+00:00
20260920T140330Z-gpu,electricity_hourly,T1,transformer,deep,168,24,13,3.00280018517329,3.5555113075493385,0.823625193647531,48.65301728022137,564.3299810000144,10.279296875,0.5632859690000487,19232,false,dcb2c10e4ac97b1d1289825869826fdec84593f7,6ac98672d6a5ec3f,true,2026-09-20T14:04:07+00:00
20260920T140330Z-gpu,electricity_hourly,T1,transformer,deep,168,24,14,2.974117797660727,4.631955470687553,0.958105062333657,33.92734684675087,549.0366569999878,10.279296875,0.5480111640000587,19232,false,dcb2c10e4ac97b1d1289825869826fdec84593f7,6ac98672d6a5ec3f,true,2026-09-20T14:04:07+00:00
20260920T140330Z-gpu,electricity_hourly,T1,transformer,deep,168,24,15,1.7317113214419182,2.730117875269848,0.8658556607209591,21.515258477466535,499.81422999996994,10.279296875,0.49875513599999977,19232,false,dcb2c10e4ac97b1d1289825869826fdec84593f7,6ac98672d6a5ec3f,true,2026-09-20T14:04:07+00:00
20260920T140330Z-gpu,electricity_hourly,T1,transformer,deep,168,24,16,1.510990809719156,1.8810600529637744,0.9627552061927366,14.36032109250883,503.12951099999736,10.279296875,0.5020442229999844,19232,false,dcb2c10e4ac97b1d1289825869826fdec84593f7,6ac98672d6a5ec3f,true,2026-09-20T14:04:07+00:00
20260920T140330Z-gpu,electricity_hourly,T1,transformer,deep,168,24,17,3.3152678741010235,3.8883622998526586,1.4510594950472564,36.161699657645514,504.12423299997045,10.279296875,0.5031187209999644,19232,false,dcb2c10e4ac97b1d1289825869826fdec84593f7,6ac98672d6a5ec3f,true,2026-09-20T14:04:07+00:00
20260920T140330Z-gpu,electricity_hourly,T1,transformer,deep,168,24,18,1.8632342627592233,2.164198993512079,1.0086681723207824,17.620398564770735,513.3662790000244,10.279296875,0.5122815600000195,19232,false,dcb2c10e4ac97b1d1289825869826fdec84593f7,6ac98672d6a5ec3f,true,2026-09-20T14:04:07+00:00
20260920T140330Z-gpu,electricity_hourly,T1,transformer,deep,168,24,19,3.8453535331066724,4.925957543012756,1.7304090898980025,47.30216812926671,507.4809090000372,10.279296875,0.5064139840000053,19232,false,dcb2c10e4ac97b1d1289825869826fdec84593f7,6ac98672d6a5ec3f,true,2026-09-20T14:04:07+00:00
20260920T140330Z-gpu,electricity_hourly,T1,transformer,deep,168,24,20,4.068364557942105,5.446935202944215,2.084855858874246,56.691945360938455,541.3603220000596,10.279296875,0.540285635000032,19232,false,dcb2c10e4ac97b1d1289825869826fdec84593f7,6ac98672d6a5ec3f,true,2026-09-20T14:04:07+00:00
20260920T140330Z-gpu,electricity_hourly,T1,transformer,deep,168,24,21,1.9337584427219172,2.935484543950926,0.8262944087595137,18.011691986876652,522.3359389999587,10.279296875,0.5213265459999548,19232,false,dcb2c10e4ac97b1d1289825869826fdec84593f7,6ac98672d6a5ec3f,true,2026-09-20T14:04:07+00:00
20260920T140330Z-gpu,electricity_hourly,T1,timesfm25,tsfm,168,24,0,23.78167600433032,34.69865672102681,4.927426395141821,82.62356056879332,100.68895599999905,11.94287109375,,231289280,true,dcb2c10e4ac97b1d1289825869826fdec84593f7,6ac98672d6a5ec3f,true,2026-09-20T14:04:27+00:00
20260920T140330Z-gpu,electricity_hourly,T1,timesfm25,tsfm,168,24,1,2.0986395676930747,3.27133829674863,0.26743725464407325,33.60818267167816,103.0762960000402,11.94287109375,,231289280,true,dcb2c10e4ac97b1d1289825869826fdec84593f7,6ac98672d6a5ec3f,true,2026-09-20T14:04:27+00:00
20260920T140330Z-gpu,electricity_hourly,T1,timesfm25,tsfm,168,24,2,4.418827831745148,11.255455798244002,0.37211181741011773,34.55950998160354,110.39410099999714,11.94287109375,,231289280,true,dcb2c10e4ac97b1d1289825869826fdec84593f7,6ac98672d6a5ec3f,true,2026-09-20T14:04:27+00:00
20260920T140330Z-gpu,electricity_hourly,T1,timesfm25,tsfm,168,24,3,3.7116120060284934,6.760315765539975,1.0753966375615756,30.790585604623605,114.07235500007573,11.94287109375,,231289280,true,dcb2c10e4ac97b1d1289825869826fdec84593f7,6ac98672d6a5ec3f,true,2026-09-20T14:04:27+00:00
20260920T140330Z-gpu,electricity_hourly,T1,timesfm25,tsfm,168,24,4,2.5386624137560525,2.9501328538833214,0.14455017302525566,51.25531643902593,107.65036800000871,11.94287109375,,231289280,true,dcb2c10e4ac97b1d1289825869826fdec84593f7,6ac98672d6a5ec3f,true,2026-09-20T14:04:27+00:00
20260920T140330Z-gpu,electricity_hourly,T1,timesfm25,tsfm,168,24,5,1.1806106368700664,1.7241372912820607,0.3640426803196779,18.950454324807218,116.4959180000551,11.94287109375,,231289280,true,dcb2c10e4ac97b1d1289825869826fdec84593f7,6ac98672d6a5ec3f,true,2026-09-20T14:04:27+00:00
20260920T140330Z-gpu,electricity_hourly,T1,timesfm25,tsfm,168,24,6,28.79126564661662,32.727777623346334,1.952869643482239,55.74097369580372,108.33004500000243,11.94287109375,,231289280,true,dcb2c10e4ac97b1d1289825869826fdec84593f7,6ac98672d6a5ec3f,true,2026-09-20T14:04:27+00:00
20260920T140330Z-gpu,electricity_hourly,T1,timesfm25,tsfm,168,24,7,29.783212343851726,30.980546205432145,2.0688772684585857,56.938419091139025,108.90431300003911,11.94287109375,,231289280,true,dcb2c10e4ac97b1d1289825869826fdec84593f7,6ac98672d6a5ec3f,true,2026-09-20T14:04:27+00:00
20260920T140330Z-gpu,electricity_hourly,T1,timesfm25,tsfm,168,24,8,5.2631964683532715,9.164265553778023,0.8105885469977231,7.458289660507576,111.12523799999963,11.94287109375,,231289280,true,dcb2c10e4ac97b1d1289825869826fdec84593f7,6ac98672d6a5ec3f,true,2026-09-20T14:04:27+00:00
20260920T140330Z-gpu,electricity_hourly,T1,timesfm25,tsfm,168,24,9,4.322185675303142,7.708851293034436,0.9289473690203767,5.887531751499334,107.39185399995677,11.94287109375,,231289280,true,dcb2c10e4ac97b1d1289825869826fdec84593f7,6ac98672d6a5ec3f,true,2026-09-20T14:04:27+00:00
20260920T140330Z-gpu,electricity_hourly,T1,timesfm25,tsfm,168,24,10,8.177408536275228,12.561894970592189,0.6593207330479467,11.778720701801541,105.28951900005268,11.94287109375,,231289280,true,dcb2c10e4ac97b1d1289825869826fdec84593f7,6ac98672d6a5ec3f,true,2026-09-20T14:04:27+00:00
20260920T140330Z-gpu,electricity_hourly,T1,timesfm25,tsfm,168,24,11,2.866605540116628,3.246916395828599,0.19172837797342984,36.83751418838717,108.39258700002574,11.94287109375,,231289280,true,dcb2c10e4ac97b1d1289825869826fdec84593f7,6ac98672d6a5ec3f,true,2026-09-20T14:04:27+00:00
20260920T140330Z-gpu,electricity_hourly,T1,timesfm25,tsfm,168,24,12,1.3752878308296204,1.975588459426077,0.653602137423978,16.989866047051617,105.94447799996942,11.94287109375,,231289280,true,dcb2c10e4ac97b1d1289825869826fdec84593f7,6ac98672d6a5ec3f,true,2026-09-20T14:04:27+00:00
20260920T140330Z-gpu,electricity_hourly,T1,timesfm25,tsfm,168,24,13,2.8188923001289368,3.6394398390586717,0.7731818880353655,43.835575381843704,106.76725300004364,11.94287109375,,231289280,true,dcb2c10e4ac97b1d1289825869826fdec84593f7,6ac98672d6a5ec3f,true,2026-09-20T14:04:27+00:00
20260920T140330Z-gpu,electricity_hourly,T1,timesfm25,tsfm,168,24,14,1.763033151626587,3.580335333988969,0.5679569884434643,19.738166576063087,106.90725899996778,11.94287109375,,231289280,true,dcb2c10e4ac97b1d1289825869826fdec84593f7,6ac98672d6a5ec3f,true,2026-09-20T14:04:27+00:00
20260920T140330Z-gpu,electricity_hourly,T1,timesfm25,tsfm,168,24,15,1.039822518825531,2.7443142949630537,0.5199112594127655,12.098052403913158,107.98998300003859,11.94287109375,,231289280,true,dcb2c10e4ac97b1d1289825869826fdec84593f7,6ac98672d6a5ec3f,true,2026-09-20T14:04:27+00:00
20260920T140330Z-gpu,electricity_hourly,T1,timesfm25,tsfm,168,24,16,2.4115209380785623,2.9256453928271253,1.5365443145279336,24.320927920419784,108.63927100001547,11.94287109375,,231289280,true,dcb2c10e4ac97b1d1289825869826fdec84593f7,6ac98672d6a5ec3f,true,2026-09-20T14:04:27+00:00
20260920T140330Z-gpu,electricity_hourly,T1,timesfm25,tsfm,168,24,17,1.108783443768819,1.9382244308246155,0.48530339180154997,10.979002245724486,106.03494500003308,11.94287109375,,231289280,true,dcb2c10e4ac97b1d1289825869826fdec84593f7,6ac98672d6a5ec3f,true,2026-09-20T14:04:27+00:00
20260920T140330Z-gpu,electricity_hourly,T1,timesfm25,tsfm,168,24,18,1.329936106999715,1.5942109566108396,0.7199654113081164,13.160982421515099,105.63255199997457,11.94287109375,,231289280,true,dcb2c10e4ac97b1d1289825869826fdec84593f7,6ac98672d6a5ec3f,true,2026-09-20T14:04:27+00:00
20260920T140330Z-gpu,electricity_hourly,T1,timesfm25,tsfm,168,24,19,1.7270218133926392,2.4838361282469292,0.7771598160266876,22.828581624890752,105.08986399997866,11.94287109375,,231289280,true,dcb2c10e4ac97b1d1289825869826fdec84593f7,6ac98672d6a5ec3f,true,2026-09-20T14:04:27+00:00
20260920T140330Z-gpu,electricity_hourly,T1,timesfm25,tsfm,168,24,20,4.444917480150859,5.253644627728807,2.277822480931401,62.49748000677201,109.21590099997047,11.94287109375,,231289280,true,dcb2c10e4ac97b1d1289825869826fdec84593f7,6ac98672d6a5ec3f,true,2026-09-20T14:04:27+00:00
20260920T140330Z-gpu,electricity_hourly,T1,timesfm25,tsfm,168,24,21,1.6189104715983074,2.329556154214701,0.6917599641250928,16.36678483564232,108.33141399996293,11.94287109375,,231289280,true,dcb2c10e4ac97b1d1289825869826fdec84593f7,6ac98672d6a5ec3f,true,2026-09-20T14:04:27+00:00
20260920T140330Z-gpu,electricity_hourly,T1,chronos_bolt,tsfm,168,24,0,24.513749261697132,35.68470631718653,5.079107760696959,89.32876910027589,33.99454999998852,1.0751953125,,205292928,true,dcb2c10e4ac97b1d1289825869826fdec84593f7,6ac98672d6a5ec3f,true,2026-09-20T14:04:55+00:00
20260920T140330Z-gpu,electricity_hourly,T1,chronos_bolt,tsfm,168,24,1,2.314172089099884,3.273583154574581,0.2949033458675958,36.563886735940606,33.02483499999198,1.0751953125,,205292928,true,dcb2c10e4ac97b1d1289825869826fdec84593f7,6ac98672d6a5ec3f,true,2026-09-20T14:04:55+00:00
20260920T140330Z-gpu,electricity_hourly,T1,chronos_bolt,tsfm,168,24,2,4.450051486492157,12.080270490787422,0.3747411778098659,31.057514278542914,34.132419999991725,1.0751953125,,205292928,true,dcb2c10e4ac97b1d1289825869826fdec84593f7,6ac98672d6a5ec3f,true,2026-09-20T14:04:55+00:00
20260920T140330Z-gpu,electricity_hourly,T1,chronos_bolt,tsfm,168,24,3,3.058129886786143,6.185314992384019,0.8860577539179166,24.474635658053923,40.689900000074886,1.0751953125,,205292928,true,dcb2c10e4ac97b1d1289825869826fdec84593f7,6ac98672d6a5ec3f,true,2026-09-20T14:04:55+00:00
20260920T140330Z-gpu,electricity_hourly,T1,chronos_bolt,tsfm,168,24,4,1.6504958470662434,2.3441390116158454,0.09397841122085372,38.35551558954123,36.9717880000735,1.0751953125,,205292928,true,dcb2c10e4ac97b1d1289825869826fdec84593f7,6ac98672d6a5ec3f,true,2026-09-20T14:04:55+00:00
20260920T140330Z-gpu,electricity_hourly,T1,chronos_bolt,tsfm,168,24,5,1.2484320004781086,2.3021973176021597,0.38495547766348537,17.021051383271914,37.574122000023635,1.0751953125,,205292928,true,dcb2c10e4ac97b1d1289825869826fdec84593f7,6ac98672d6a5ec3f,true,2026-09-20T14:04:55+00:00
20260920T140330Z-gpu,electricity_hourly,T1,chronos_bolt,tsfm,168,24,6,27.478727738062542,31.354660066961618,1.8638421075275582,52.984841666064796,36.42213200009792,1.0751953125,,205292928,true,dcb2c10e4ac97b1d1289825869826fdec84593f7,6ac98672d6a5ec3f,true,2026-09-20T14:04:55+00:00
20260920T140330Z-gpu,electricity_hourly,T1,chronos_bolt,tsfm,168,24,7,35.13746690750122,35.84248871772548,2.4408081209262784,71.55425417342653,38.894204000030186,1.0751953125,,205292928,true,dcb2c10e4ac97b1d1289825869826fdec84593f7,6ac98672d6a5ec3f,true,2026-09-20T14:04:55+00:00
20260920T140330Z-gpu,electricity_hourly,T1,chronos_bolt,tsfm,168,24,8,4.991758028666179,8.953542009019243,0.7687841242009944,7.084018131463157,35.85494599997219,1.0751953125,,205292928,true,dcb2c10e4ac97b1d1289825869826fdec84593f7,6ac98672d6a5ec3f,true,2026-09-20T14:04:55+00:00
20260920T140330Z-gpu,electricity_hourly,T1,chronos_bolt,tsfm,168,24,9,3.558710257212321,6.7200787423981,0.7648571299083197,4.792128909048399,32.53989000006641,1.0751953125,,205292928,true,dcb2c10e4ac97b1d1289825869826fdec84593f7,6ac98672d6a5ec3f,true,2026-09-20T14:04:55+00:00
20260920T140330Z-gpu,electricity_hourly,T1,chronos_bolt,tsfm,168,24,10,7.749888896942139,12.478137724543108,0.6248510644790973,11.05958016984112,36.33994899996651,1.0751953125,,205292928,true,dcb2c10e4ac97b1d1289825869826fdec84593f7,6ac98672d6a5ec3f,true,2026-09-20T14:04:55+00:00
20260920T140330Z-gpu,electricity_hourly,T1,chronos_bolt,tsfm,168,24,11,2.279037435849508,2.537110282403343,0.15242981456680404,29.413136427472647,37.33900400004586,1.0751953125,,205292928,true,dcb2c10e4ac97b1d1289825869826fdec84593f7,6ac98672d6a5ec3f,true,2026-09-20T14:04:55+00:00
20260920T140330Z-gpu,electricity_hourly,T1,chronos_bolt,tsfm,168,24,12,1.3980533679326375,2.0087803510025313,0.6644214025818476,17.49926789974242,36.93998500000362,1.0751953125,,205292928,true,dcb2c10e4ac97b1d1289825869826fdec84593f7,6ac98672d6a5ec3f,true,2026-09-20T14:04:55+00:00
20260920T140330Z-gpu,electricity_hourly,T1,chronos_bolt,tsfm,168,24,13,3.108104964097341,3.7963639764588133,0.8525087901524135,46.42463586052942,37.63345999993817,1.0751953125,,205292928,true,dcb2c10e4ac97b1d1289825869826fdec84593f7,6ac98672d6a5ec3f,true,2026-09-20T14:04:55+00:00
20260920T140330Z-gpu,electricity_hourly,T1,chronos_bolt,tsfm,168,24,14,1.7355759739875793,3.098258425217457,0.559111723163784,19.59170976263188,34.67849200001183,1.0751953125,,205292928,true,dcb2c10e4ac97b1d1289825869826fdec84593f7,6ac98672d6a5ec3f,true,2026-09-20T14:04:55+00:00
20260920T140330Z-gpu,electricity_hourly,T1,chronos_bolt,tsfm,168,24,15,1.1628736058870952,2.8083088326317456,0.5814368029435476,14.114351748103005,37.70630400003938,1.0751953125,,205292928,true,dcb2c10e4ac97b1d1289825869826fdec84593f7,6ac98672d6a5ec3f,true,2026-09-20T14:04:55+00:00
20260920T140330Z-gpu,electricity_hourly,T1,chronos_bolt,tsfm,168,24,16,2.383515417575836,3.1166495195484853,1.5187000890748692,24.980455995210225,38.164958000038496,1.0751953125,,205292928,true,dcb2c10e4ac97b1d1289825869826fdec84593f7,6ac98672d6a5ec3f,true,2026-09-20T14:04:55+00:00
20260920T140330Z-gpu,electricity_hourly,T1,chronos_bolt,tsfm,168,24,17,1.0559882521629333,1.8622204492300003,0.4621954659922869,10.256774190358604,34.466675999965446,1.0751953125,,205292928,true,dcb2c10e4ac97b1d1289825869826fdec84593f7,6ac98672d6a5ec3f,true,2026-09-20T14:04:55+00:00
20260920T140330Z-gpu,electricity_hourly,T1,chronos_bolt,tsfm,168,24,18,0.7537747025489807,0.8487370083397437,0.4080584855904256,7.528664424603678,34.06681000001299,1.0751953125,,205292928,true,dcb2c10e4ac97b1d1289825869826fdec84593f7,6ac98672d6a5ec3f,true,2026-09-20T14:04:55+00:00
20260920T140330Z-gpu,electricity_hourly,T1,chronos_bolt,tsfm,168,24,19,1.7520796457926433,2.697351022827595,0.7884358406066895,22.389679736904124,37.21215899997787,1.0751953125,,205292928,true,dcb2c10e4ac97b1d1289825869826fdec84593f7,6ac98672d6a5ec3f,true,2026-09-20T14:04:55+00:00
20260920T140330Z-gpu,electricity_hourly,T1,chronos_bolt,tsfm,168,24,20,3.5556993881861367,4.278826850977991,1.822137764764426,56.06452873872153,34.925580000049194,1.0751953125,,205292928,true,dcb2c10e4ac97b1d1289825869826fdec84593f7,6ac98672d6a5ec3f,true,2026-09-20T14:04:55+00:00
20260920T140330Z-gpu,electricity_hourly,T1,chronos_bolt,tsfm,168,24,21,1.5720597108205159,2.1723274972542463,0.6717406479470454,15.660089703159475,33.00622200004,1.0751953125,,205292928,true,dcb2c10e4ac97b1d1289825869826fdec84593f7,6ac98672d6a5ec3f,true,2026-09-20T14:04:55+00:00
20260920T140330Z-gpu,electricity_hourly,T14,lstm,deep,168,24,10000,24.003386141772367,30.11225603899122,2.492060277155891,22.008317344592303,331.4405830000169,16.14599609375,0.32191389199999776,4513,false,dcb2c10e4ac97b1d1289825869826fdec84593f7,6ac98672d6a5ec3f,true,2026-09-20T14:05:08+00:00
20260920T140330Z-gpu,electricity_hourly,T14,lstm,deep,168,24,10001,8.558571493948113,11.081555770596795,0.879681866615652,7.527688528472176,351.86457700001483,16.10986328125,0.34309366299999056,4513,false,dcb2c10e4ac97b1d1289825869826fdec84593f7,6ac98672d6a5ec3f,true,2026-09-20T14:05:08+00:00
20260920T140330Z-gpu,electricity_hourly,T14,lstm,deep,168,24,10002,24.10943089642687,30.580022439478462,2.8883178444970627,21.74082174607587,357.9169979999506,16.10986328125,0.34886625800004367,4513,false,dcb2c10e4ac97b1d1289825869826fdec84593f7,6ac98672d6a5ec3f,true,2026-09-20T14:05:08+00:00
20260920T140330Z-gpu,electricity_hourly,T14,lstm,deep,168,24,10003,15.84537243151994,21.682637187041365,1.504109182688775,14.206198888349766,350.9016759999213,16.10986328125,0.3418232450000005,4513,false,dcb2c10e4ac97b1d1289825869826fdec84593f7,6ac98672d6a5ec3f,true,2026-09-20T14:05:08+00:00
20260920T140330Z-gpu,electricity_hourly,T14,lstm,deep,168,24,10004,26.05645202966224,33.49834439177557,2.5148318312810742,19.277821216290157,331.06284300004063,16.10986328125,0.32248629499997605,4513,false,dcb2c10e4ac97b1d1289825869826fdec84593f7,6ac98672d6a5ec3f,true,2026-09-20T14:05:08+00:00
20260920T140330Z-gpu,electricity_hourly,T14,lstm,deep,168,24,10005,23.21008460113607,34.27484861673837,1.7017577304295286,18.602501823818297,327.73033700004817,16.10986328125,0.3190199210000628,4513,false,dcb2c10e4ac97b1d1289825869826fdec84593f7,6ac98672d6a5ec3f,true,2026-09-20T14:05:08+00:00
20260920T140330Z-gpu,electricity_hourly,T14,lstm,deep,168,24,10006,28.08149766631823,40.35640924473564,1.1471590536027874,21.712695536702032,342.04537400000845,16.10986328125,0.3336822480000592,4513,false,dcb2c10e4ac97b1d1289825869826fdec84593f7,6ac98672d6a5ec3f,true,2026-09-20T14:05:08+00:00
20260920T140330Z-gpu,electricity_hourly,T14,lstm,deep,168,24,10007,26.098477502456777,31.568082941370474,1.8923367373382558,21.164470301290695,331.4045969999597,16.10986328125,0.32270275799999126,4513,false,dcb2c10e4ac97b1d1289825869826fdec84593f7,6ac98672d6a5ec3f,true,2026-09-20T14:05:08+00:00
20260920T140330Z-gpu,electricity_hourly,T14,lstm,deep,168,24,10008,16.38957000683971,20.03292403205504,1.081126010529051,12.599499385085874,347.66471400007504,16.10986328125,0.3382765590000645,4513,false,dcb2c10e4ac97b1d1289825869826fdec84593f7,6ac98672d6a5ec3f,true,2026-09-20T14:05:08+00:00
20260920T140330Z-gpu,electricity_hourly,T14,lstm,deep,168,24,10009,20.74240748864618,23.82983120566669,2.3316992024707646,17.76678415593897,324.2218940000612,16.10986328125,0.31517991800001255,4513,false,dcb2c10e4ac97b1d1289825869826fdec84593f7,6ac98672d6a5ec3f,true,2026-09-20T14:05:08+00:00
20260920T140330Z-gpu,electricity_hourly,T14,lstm,deep,168,24,10010,14.876826565490248,20.806528276481437,1.3937950718481429,11.54632638406498,339.0154539999912,16.10986328125,0.33035616899996967,4513,false,dcb2c10e4ac97b1d1289825869826fdec84593f7,6ac98672d6a5ec3f,true,2026-09-20T14:05:08+00:00
20260920T140330Z-gpu,electricity_hourly,T14,lstm,deep,168,24,10011,34.735509102927324,44.35272276846515,3.2692243861578656,25.988699985260837,366.3642390000632,16.10986328125,0.3575375709999662,4513,false,dcb2c10e4ac97b1d1289825869826fdec84593f7,6ac98672d6a5ec3f,true,2026-09-20T14:05:08+00:00
20260920T140330Z-gpu,electricity_hourly,T14,lstm,deep,168,24,10012,7.615925042277674,10.075368368648725,0.7301552637070473,6.940298027320869,330.69949399998677,16.10986328125,0.3219232379999539,4513,false,dcb2c10e4ac97b1d1289825869826fdec84593f7,6ac98672d6a5ec3f,true,2026-09-20T14:05:08+00:00
20260920T140330Z-gpu,electricity_hourly,T14,lstm,deep,168,24,10013,30.13646194960511,37.233542095225054,2.8363728893745987,22.95055111154457,335.6250529999443,16.10986328125,0.3265674699999863,4513,false,dcb2c10e4ac97b1d1289825869826fdec84593f7,6ac98672d6a5ec3f,true,2026-09-20T14:05:08+00:00
20260920T140330Z-gpu,electricity_hourly,T14,lstm,deep,168,24,10014,22.053460962394166,26.510513428370945,1.8136484172385836,16.578224360635584,334.62637200000245,16.10986328125,0.3253090739999607,4513,false,dcb2c10e4ac97b1d1289825869826fdec84593f7,6ac98672d6a5ec3f,true,2026-09-20T14:05:08+00:00
20260920T140330Z-gpu,electricity_hourly,T14,lstm,deep,168,24,10015,16.120200752868737,23.58461778011903,1.3441279145414582,12.181780935507032,329.43128600004457,16.10986328125,0.3207238039999538,4513,false,dcb2c10e4ac97b1d1289825869826fdec84593f7,6ac98672d6a5ec3f,true,2026-09-20T14:05:08+00:00
20260920T140330Z-gpu,electricity_hourly,T14,lstm,deep,168,24,10016,16.282581836291133,19.271226185751903,1.2295185025830746,12.201885127780887,335.0887249999914,16.10986328125,0.3261356989999058,4513,false,dcb2c10e4ac97b1d1289825869826fdec84593f7,6ac98672d6a5ec3f,true,2026-09-20T14:05:08+00:00
20260920T140330Z-gpu,electricity_hourly,T14,lstm,deep,168,24,10017,20.53995262423722,25.246828720502343,1.136722973824043,14.745221568180398,378.5376959999667,16.10986328125,0.3688545550000981,4513,false,dcb2c10e4ac97b1d1289825869826fdec84593f7,6ac98672d6a5ec3f,true,2026-09-20T14:05:08+00:00
20260920T140330Z-gpu,electricity_hourly,T14,lstm,deep,168,24,10018,57.925763199862416,67.53020464833583,3.91427024907564,38.95410564209194,374.7780790000661,16.10986328125,0.36486275300001125,4513,false,dcb2c10e4ac97b1d1289825869826fdec84593f7,6ac98672d6a5ec3f,true,2026-09-20T14:05:08+00:00
20260920T140330Z-gpu,electricity_hourly,T14,lstm,deep,168,24,10019,23.601453205937233,35.31181200520859,1.7500562624381883,16.105698483251594,352.1701209999719,16.10986328125,0.34308894900004816,4513,false,dcb2c10e4ac97b1d1289825869826fdec84593f7,6ac98672d6a5ec3f,true,2026-09-20T14:05:08+00:00
20260920T140330Z-gpu,electricity_hourly,T14,lstm,deep,168,24,10020,88.43515450461503,94.48055695568142,4.506249911063186,48.758097311560505,332.1750240000938,16.10986328125,0.3231195949999801,4513,false,dcb2c10e4ac97b1d1289825869826fdec84593f7,6ac98672d6a5ec3f,true,2026-09-20T14:05:08+00:00
20260920T140330Z-gpu,electricity_hourly,T14,lstm,deep,168,24,10021,37.03126766313297,42.45500701317748,1.0453837568106543,22.65769787324787,333.0081079999445,16.10986328125,0.3240200850000292,4513,false,dcb2c10e4ac97b1d1289825869826fdec84593f7,6ac98672d6a5ec3f,true,2026-09-20T14:05:08+00:00
20260920T140330Z-gpu,electricity_hourly,T14,transformer,deep,168,24,10000,12.484859181411673,15.406423019392829,1.2961930224392797,11.53118606616949,578.562169999941,10.6845703125,0.5774252840000145,19232,false,dcb2c10e4ac97b1d1289825869826fdec84593f7,6ac98672d6a5ec3f,true,2026-09-20T14:05:25+00:00
20260920T140330Z-gpu,electricity_hourly,T14,transformer,deep,168,24,10001,23.690340153378553,30.207421851222783,2.4349814290410507,21.303842600393832,587.8685989999894,10.525390625,0.5867424909999954,19232,false,dcb2c10e4ac97b1d1289825869826fdec84593f7,6ac98672d6a5ec3f,true,2026-09-20T14:05:25+00:00
20260920T140330Z-gpu,electricity_hourly,T14,transformer,deep,168,24,10002,26.320873615778783,33.45039342497132,3.1532494181964603,23.804624664502192,572.0037680000587,10.525390625,0.5709038109999938,19232,false,dcb2c10e4ac97b1d1289825869826fdec84593f7,6ac98672d6a5ec3f,true,2026-09-20T14:05:25+00:00
20260920T140330Z-gpu,electricity_hourly,T14,transformer,deep,168,24,10003,19.282539889442933,25.17542036809739,1.830379528068413,17.59680984313787,575.5593229999931,10.525390625,0.5744634110000106,19232,false,dcb2c10e4ac97b1d1289825869826fdec84593f7,6ac98672d6a5ec3f,true,2026-09-20T14:05:25+00:00
20260920T140330Z-gpu,electricity_hourly,T14,transformer,deep,168,24,10004,45.55884203293882,55.116032724321165,4.397100035350664,35.21031809177417,584.8842340000147,10.525390625,0.583775082000102,19232,false,dcb2c10e4ac97b1d1289825869826fdec84593f7,6ac98672d6a5ec3f,true,2026-09-20T14:05:25+00:00
20260920T140330Z-gpu,electricity_hourly,T14,transformer,deep,168,24,10005,34.634798239689694,47.46896089656451,2.539414942217574,27.517350564831585,584.5398380000688,10.525390625,0.5834307989999843,19232,false,dcb2c10e4ac97b1d1289825869826fdec84593f7,6ac98672d6a5ec3f,true,2026-09-20T14:05:25+00:00
20260920T140330Z-gpu,electricity_hourly,T14,transformer,deep,168,24,10006,47.53786711572417,51.97507078453791,1.9419724438763915,31.81560859049884,600.5328979999831,10.525390625,0.5993583140000283,19232,false,dcb2c10e4ac97b1d1289825869826fdec84593f7,6ac98672d6a5ec3f,true,2026-09-20T14:05:25+00:00
20260920T140330Z-gpu,electricity_hourly,T14,transformer,deep,168,24,10007,23.374371158189053,28.087775913024423,1.6948184525575145,18.67445688129066,581.2869160000673,10.525390625,0.5801349449999407,19232,false,dcb2c10e4ac97b1d1289825869826fdec84593f7,6ac98672d6a5ec3f,true,2026-09-20T14:05:25+00:00
20260920T140330Z-gpu,electricity_hourly,T14,transformer,deep,168,24,10008,20.851773865387454,25.293006948582867,1.3754720277671981,16.78612262562594,575.9371919999694,10.525390625,0.5747757709999632,19232,false,dcb2c10e4ac97b1d1289825869826fdec84593f7,6ac98672d6a5ec3f,true,2026-09-20T14:05:25+00:00
20260920T140330Z-gpu,electricity_hourly,T14,transformer,deep,168,24,10009,9.30955767930462,11.303662368671484,1.0465076548164443,8.383120392989566,579.2535689998886,10.525390625,0.5780027470000277,19232,false,dcb2c10e4ac97b1d1289825869826fdec84593f7,6ac98672d6a5ec3f,true,2026-09-20T14:05:25+00:00
20260920T140330Z-gpu,electricity_hourly,T14,transformer,deep,168,24,10010,14.772274640894148,19.135586087549417,1.3839997061084954,12.306650569718576,577.9368679999379,10.525390625,0.5768542570000363,19232,false,dcb2c10e4ac97b1d1289825869826fdec84593f7,6ac98672d6a5ec3f,true,2026-09-20T14:05:25+00:00
20260920T140330Z-gpu,electricity_hourly,T14,transformer,deep,168,24,10011,26.93845506606806,34.195165975639554,2.53538400621817,21.280486085438454,567.3419439999634,10.525390625,0.5661710189999667,19232,false,dcb2c10e4ac97b1d1289825869826fdec84593f7,6ac98672d6a5ec3f,true,2026-09-20T14:05:25+00:00
20260920T140330Z-gpu,electricity_hourly,T14,transformer,deep,168,24,10012,12.405965387663437,16.589532514673223,1.1893868281115414,11.15108460375069,582.759812000063,10.525390625,0.581612482999958,19232,false,dcb2c10e4ac97b1d1289825869826fdec84593f7,6ac98672d6a5ec3f,true,2026-09-20T14:05:25+00:00
20260920T140330Z-gpu,electricity_hourly,T14,transformer,deep,168,24,10013,18.699069151026595,24.621311208283164,1.759912390684856,15.292244194712449,606.5426899999693,10.525390625,0.6053643049999664,19232,false,dcb2c10e4ac97b1d1289825869826fdec84593f7,6ac98672d6a5ec3f,true,2026-09-20T14:05:25+00:00
20260920T140330Z-gpu,electricity_hourly,T14,transformer,deep,168,24,10014,33.6376448972633,45.01315956606935,2.766316884754949,25.59411462661189,576.3537010000164,10.525390625,0.5751855360000491,19232,false,dcb2c10e4ac97b1d1289825869826fdec84593f7,6ac98672d6a5ec3f,true,2026-09-20T14:05:25+00:00
20260920T140330Z-gpu,electricity_hourly,T14,transformer,deep,168,24,10015,20.428325766355353,27.90904538929107,1.7033462132919346,15.467395535835173,571.1433220000117,10.525390625,0.5699869110000009,19232,false,dcb2c10e4ac97b1d1289825869826fdec84593f7,6ac98672d6a5ec3f,true,2026-09-20T14:05:25+00:00
20260920T140330Z-gpu,electricity_hourly,T14,transformer,deep,168,24,10016,50.18847394531418,61.063707733352985,3.789795620411768,34.32220696114566,578.4143149999181,10.525390625,0.5773320819999981,19232,false,dcb2c10e4ac97b1d1289825869826fdec84593f7,6ac98672d6a5ec3f,true,2026-09-20T14:05:25+00:00
20260920T140330Z-gpu,electricity_hourly,T14,transformer,deep,168,24,10017,21.372634454932506,25.851322823855615,1.1828052888202463,16.544145859684033,579.2366210000637,10.525390625,0.5780899589999535,19232,false,dcb2c10e4ac97b1d1289825869826fdec84593f7,6ac98672d6a5ec3f,true,2026-09-20T14:05:25+00:00
20260920T140330Z-gpu,electricity_hourly,T14,transformer,deep,168,24,10018,31.3751654255618,39.34133382926425,2.1201425721637257,24.72090021542007,573.6225289999766,10.525390625,0.5725893420000148,19232,false,dcb2c10e4ac97b1d1289825869826fdec84593f7,6ac98672d6a5ec3f,true,2026-09-20T14:05:25+00:00
20260920T140330Z-gpu,electricity_hourly,T14,transformer,deep,168,24,10019,26.510589481093273,30.98287687331694,1.9657697658483169,18.930390576769053,576.3412930000413,10.525390625,0.5752876680001009,19232,false,dcb2c10e4ac97b1d1289825869826fdec84593f7,6ac98672d6a5ec3f,true,2026-09-20T14:05:25+00:00
20260920T140330Z-gpu,electricity_hourly,T14,transformer,deep,168,24,10020,54.58707572367419,65.71569166153543,2.781507043244545,29.859400419727983,581.529684999964,10.525390625,0.5803485730000375,19232,false,dcb2c10e4ac97b1d1289825869826fdec84593f7,6ac98672d6a5ec3f,true,2026-09-20T14:05:25+00:00
20260920T140330Z-gpu,electricity_hourly,T14,transformer,deep,168,24,10021,26.649884919486766,32.4899950258856,0.7523198252119376,16.415948299493788,633.7297869999929,10.525390625,0.6325391750000335,19232,false,dcb2c10e4ac97b1d1289825869826fdec84593f7,6ac98672d6a5ec3f,true,2026-09-20T14:05:25+00:00
20260920T140330Z-gpu,electricity_hourly,T14,timesfm25,tsfm,168,24,10000,5.316882769266765,6.854746131816277,0.5520051324977752,4.931305646559412,117.83016399999724,11.94287109375,,231289280,true,dcb2c10e4ac97b1d1289825869826fdec84593f7,6ac98672d6a5ec3f,true,2026-09-20T14:05:32+00:00
20260920T140330Z-gpu,electricity_hourly,T14,timesfm25,tsfm,168,24,10001,7.812822659810384,10.122382267320022,0.8030310228498896,7.249411445975595,118.38070299995707,11.94287109375,,231289280,true,dcb2c10e4ac97b1d1289825869826fdec84593f7,6ac98672d6a5ec3f,true,2026-09-20T14:05:32+00:00
20260920T140330Z-gpu,electricity_hourly,T14,timesfm25,tsfm,168,24,10002,8.17441495259603,10.910711140583173,0.9792976315922033,7.627372832262496,119.3945249999615,11.94287109375,,231289280,true,dcb2c10e4ac97b1d1289825869826fdec84593f7,6ac98672d6a5ec3f,true,2026-09-20T14:05:32+00:00
20260920T140330Z-gpu,electricity_hourly,T14,timesfm25,tsfm,168,24,10003,6.113602956136067,7.723799111820486,0.5803288237861528,5.725794947307531,118.79468899996937,11.94287109375,,231289280,true,dcb2c10e4ac97b1d1289825869826fdec84593f7,6ac98672d6a5ec3f,true,2026-09-20T14:05:32+00:00
20260920T140330Z-gpu,electricity_hourly,T14,timesfm25,tsfm,168,24,10004,17.52986176808675,21.224525966343077,1.691890143836791,13.735670425415488,118.79905699993287,11.94287109375,,231289280,true,dcb2c10e4ac97b1d1289825869826fdec84593f7,6ac98672d6a5ec3f,true,2026-09-20T14:05:32+00:00
20260920T140330Z-gpu,electricity_hourly,T14,timesfm25,tsfm,168,24,10005,9.399320920308432,13.637878060506532,0.6891559126906386,7.647136719916505,119.0208900000016,11.94287109375,,231289280,true,dcb2c10e4ac97b1d1289825869826fdec84593f7,6ac98672d6a5ec3f,true,2026-09-20T14:05:32+00:00
20260920T140330Z-gpu,electricity_hourly,T14,timesfm25,tsfm,168,24,10006,29.626840273539226,32.95026750178641,1.210287943089262,22.490025093098264,122.33155399997031,11.94287109375,,231289280,true,dcb2c10e4ac97b1d1289825869826fdec84593f7,6ac98672d6a5ec3f,true,2026-09-20T14:05:32+00:00
20260920T140330Z-gpu,electricity_hourly,T14,timesfm25,tsfm,168,24,10007,11.259469668070475,14.158218493728004,0.8163965922468018,8.893637447577394,118.53593000000728,11.94287109375,,231289280,true,dcb2c10e4ac97b1d1289825869826fdec84593f7,6ac98672d6a5ec3f,true,2026-09-20T14:05:32+00:00
20260920T140330Z-gpu,electricity_hourly,T14,timesfm25,tsfm,168,24,10008,15.213725407918295,20.848607038252172,1.0035622806872353,11.568106403282563,117.84747799993056,11.94287109375,,231289280,true,dcb2c10e4ac97b1d1289825869826fdec84593f7,6ac98672d6a5ec3f,true,2026-09-20T14:05:32+00:00
20260920T140330Z-gpu,electricity_hourly,T14,timesfm25,tsfm,168,24,10009,8.75093142191569,11.19254557966889,0.9837112605432157,7.58818174206722,116.86963800002559,11.94287109375,,231289280,true,dcb2c10e4ac97b1d1289825869826fdec84593f7,6ac98672d6a5ec3f,true,2026-09-20T14:05:32+00:00
20260920T140330Z-gpu,electricity_hourly,T14,timesfm25,tsfm,168,24,10010,5.758355458577474,8.212488300016075,0.5394945907840965,4.723737666708613,120.19319900002756,11.94287109375,,231289280,true,dcb2c10e4ac97b1d1289825869826fdec84593f7,6ac98672d6a5ec3f,true,2026-09-20T14:05:32+00:00
20260920T140330Z-gpu,electricity_hourly,T14,timesfm25,tsfm,168,24,10011,14.349300384521484,17.06537321542331,1.3505223891314337,11.584155610921593,113.69122000007792,11.94287109375,,231289280,true,dcb2c10e4ac97b1d1289825869826fdec84593f7,6ac98672d6a5ec3f,true,2026-09-20T14:05:32+00:00
20260920T140330Z-gpu,electricity_hourly,T14,timesfm25,tsfm,168,24,10012,5.128005027770996,6.667714613186513,0.4916329720366335,4.442696947665669,119.45142299998679,11.94287109375,,231289280,true,dcb2c10e4ac97b1d1289825869826fdec84593f7,6ac98672d6a5ec3f,true,2026-09-20T14:05:32+00:00
20260920T140330Z-gpu,electricity_hourly,T14,timesfm25,tsfm,168,24,10013,13.748566627502441,19.09592854640508,1.2939827414119944,10.733809192921633,118.61842700000125,11.94287109375,,231289280,true,dcb2c10e4ac97b1d1289825869826fdec84593f7,6ac98672d6a5ec3f,true,2026-09-20T14:05:32+00:00
20260920T140330Z-gpu,electricity_hourly,T14,timesfm25,tsfm,168,24,10014,5.931637128194173,7.855246293785769,0.48781024926325584,5.069120472188508,111.191405999989,11.94287109375,,231289280,true,dcb2c10e4ac97b1d1289825869826fdec84593f7,6ac98672d6a5ec3f,true,2026-09-20T14:05:32+00:00
20260920T140330Z-gpu,electricity_hourly,T14,timesfm25,tsfm,168,24,10015,6.265340805053711,7.965047111992081,0.5224140567039574,5.151830293994902,116.60725800004457,11.94287109375,,231289280,true,dcb2c10e4ac97b1d1289825869826fdec84593f7,6ac98672d6a5ec3f,true,2026-09-20T14:05:32+00:00
20260920T140330Z-gpu,electricity_hourly,T14,timesfm25,tsfm,168,24,10016,9.431380907694498,12.65161573215642,0.712175590303098,6.59794685107599,121.3707820000991,11.94287109375,,231289280,true,dcb2c10e4ac97b1d1289825869826fdec84593f7,6ac98672d6a5ec3f,true,2026-09-20T14:05:32+00:00
20260920T140330Z-gpu,electricity_hourly,T14,timesfm25,tsfm,168,24,10017,8.28632672627767,11.453508161801246,0.45858226309914857,5.4594404214302115,113.07255500003066,11.94287109375,,231289280,true,dcb2c10e4ac97b1d1289825869826fdec84593f7,6ac98672d6a5ec3f,true,2026-09-20T14:05:32+00:00
20260920T140330Z-gpu,electricity_hourly,T14,timesfm25,tsfm,168,24,10018,20.773419698079426,25.600184509823638,1.4037411715267187,13.754926174732162,117.07528800002365,11.94287109375,,231289280,true,dcb2c10e4ac97b1d1289825869826fdec84593f7,6ac98672d6a5ec3f,true,2026-09-20T14:05:32+00:00
20260920T140330Z-gpu,electricity_hourly,T14,timesfm25,tsfm,168,24,10019,10.772657712300619,12.681541189168883,0.7987964524054012,7.738174918203515,119.05179699999735,11.94287109375,,231289280,true,dcb2c10e4ac97b1d1289825869826fdec84593f7,6ac98672d6a5ec3f,true,2026-09-20T14:05:32+00:00
20260920T140330Z-gpu,electricity_hourly,T14,timesfm25,tsfm,168,24,10020,39.28474553426107,47.40829192956549,2.0017704730833668,19.416711417201768,116.71248199991169,11.94287109375,,231289280,true,dcb2c10e4ac97b1d1289825869826fdec84593f7,6ac98672d6a5ec3f,true,2026-09-20T14:05:32+00:00
20260920T140330Z-gpu,electricity_hourly,T14,timesfm25,tsfm,168,24,10021,16.204657872517902,19.073013794552267,0.45745358432514754,10.087524799527497,122.48336400000426,11.94287109375,,231289280,true,dcb2c10e4ac97b1d1289825869826fdec84593f7,6ac98672d6a5ec3f,true,2026-09-20T14:05:32+00:00
20260920T140330Z-gpu,electricity_hourly,T14,chronos_bolt,tsfm,168,24,10000,4.701056162516276,6.169521653790305,0.4880692771466069,4.449717084694925,34.80628800002705,1.0751953125,,205292928,true,dcb2c10e4ac97b1d1289825869826fdec84593f7,6ac98672d6a5ec3f,true,2026-09-20T14:05:37+00:00
20260920T140330Z-gpu,electricity_hourly,T14,chronos_bolt,tsfm,168,24,10001,7.116495450337728,8.943220406088155,0.7314599178077322,6.6418550431125585,35.489570999970965,1.0751953125,,205292928,true,dcb2c10e4ac97b1d1289825869826fdec84593f7,6ac98672d6a5ec3f,true,2026-09-20T14:05:37+00:00
20260920T140330Z-gpu,electricity_hourly,T14,chronos_bolt,tsfm,168,24,10002,6.974674224853516,9.08481454634259,0.8355682931604879,6.522530748520448,35.84429900001851,1.0751953125,,205292928,true,dcb2c10e4ac97b1d1289825869826fdec84593f7,6ac98672d6a5ec3f,true,2026-09-20T14:05:37+00:00
20260920T140330Z-gpu,electricity_hourly,T14,chronos_bolt,tsfm,168,24,10003,5.432583173116048,7.4856554238016875,0.515683570816553,4.993377241435678,36.51914300007775,1.0751953125,,205292928,true,dcb2c10e4ac97b1d1289825869826fdec84593f7,6ac98672d6a5ec3f,true,2026-09-20T14:05:37+00:00
20260920T140330Z-gpu,electricity_hourly,T14,chronos_bolt,tsfm,168,24,10004,19.60678831736247,22.446395557682234,1.892344180764206,15.780615833157748,35.85929300004409,1.0751953125,,205292928,true,dcb2c10e4ac97b1d1289825869826fdec84593f7,6ac98672d6a5ec3f,true,2026-09-20T14:05:37+00:00
20260920T140330Z-gpu,electricity_hourly,T14,chronos_bolt,tsfm,168,24,10005,7.378201802571614,11.721140367821052,0.5409679529380409,5.747327283900649,38.73854400001164,1.0751953125,,205292928,true,dcb2c10e4ac97b1d1289825869826fdec84593f7,6ac98672d6a5ec3f,true,2026-09-20T14:05:37+00:00
20260920T140330Z-gpu,electricity_hourly,T14,chronos_bolt,tsfm,168,24,10006,35.7349484761556,38.50192565049538,1.4598106611535904,26.049285354944534,32.65870299992457,1.0751953125,,205292928,true,dcb2c10e4ac97b1d1289825869826fdec84593f7,6ac98672d6a5ec3f,true,2026-09-20T14:05:37+00:00
20260920T140330Z-gpu,electricity_hourly,T14,chronos_bolt,tsfm,168,24,10007,12.899072647094727,15.762624035150113,0.9352801919343608,10.153427215706145,31.87730999991345,1.0751953125,,205292928,true,dcb2c10e4ac97b1d1289825869826fdec84593f7,6ac98672d6a5ec3f,true,2026-09-20T14:05:37+00:00
20260920T140330Z-gpu,electricity_hourly,T14,chronos_bolt,tsfm,168,24,10008,13.532830874125162,18.59231177178698,0.892683300904271,10.120260519650271,34.346285999959036,1.0751953125,,205292928,true,dcb2c10e4ac97b1d1289825869826fdec84593f7,6ac98672d6a5ec3f,true,2026-09-20T14:05:37+00:00
20260920T140330Z-gpu,electricity_hourly,T14,chronos_bolt,tsfm,168,24,10009,8.257366816202799,11.050600159263729,0.9282285882382537,7.115960077086876,34.24302600001283,1.0751953125,,205292928,true,dcb2c10e4ac97b1d1289825869826fdec84593f7,6ac98672d6a5ec3f,true,2026-09-20T14:05:37+00:00
20260920T140330Z-gpu,electricity_hourly,T14,chronos_bolt,tsfm,168,24,10010,5.461032867431641,7.533867661252672,0.5116387331881304,4.500999042226363,34.13299700002881,1.0751953125,,205292928,true,dcb2c10e4ac97b1d1289825869826fdec84593f7,6ac98672d6a5ec3f,true,2026-09-20T14:05:37+00:00
20260920T140330Z-gpu,electricity_hourly,T14,chronos_bolt,tsfm,168,24,10011,8.97597599029541,11.00608666316278,0.8447977402630974,7.644620170970142,31.56408100005592,1.0751953125,,205292928,true,dcb2c10e4ac97b1d1289825869826fdec84593f7,6ac98672d6a5ec3f,true,2026-09-20T14:05:37+00:00
20260920T140330Z-gpu,electricity_hourly,T14,chronos_bolt,tsfm,168,24,10012,4.696305592854817,5.653910752196554,0.4502450102337508,4.195481712647247,32.60829099997409,1.0751953125,,205292928,true,dcb2c10e4ac97b1d1289825869826fdec84593f7,6ac98672d6a5ec3f,true,2026-09-20T14:05:37+00:00
20260920T140330Z-gpu,electricity_hourly,T14,chronos_bolt,tsfm,168,24,10013,9.58946704864502,12.027158280196302,0.9025380751665901,7.108845004869563,36.10577199992804,1.0751953125,,205292928,true,dcb2c10e4ac97b1d1289825869826fdec84593f7,6ac98672d6a5ec3f,true,2026-09-20T14:05:37+00:00
20260920T140330Z-gpu,electricity_hourly,T14,chronos_bolt,tsfm,168,24,10014,5.762303352355957,7.376010177840911,0.4738844561617692,5.046641674748303,35.489849999976286,1.0751953125,,205292928,true,dcb2c10e4ac97b1d1289825869826fdec84593f7,6ac98672d6a5ec3f,true,2026-09-20T14:05:37+00:00
20260920T140330Z-gpu,electricity_hourly,T14,chronos_bolt,tsfm,168,24,10015,6.210686365763347,7.674398345460568,0.5178568828430353,5.177027596320651,35.36332900000616,1.0751953125,,205292928,true,dcb2c10e4ac97b1d1289825869826fdec84593f7,6ac98672d6a5ec3f,true,2026-09-20T14:05:37+00:00
20260920T140330Z-gpu,electricity_hourly,T14,chronos_bolt,tsfm,168,24,10016,9.577918688456217,13.24647430095159,0.7232408448545858,6.839502130379434,34.54692299999351,1.0751953125,,205292928,true,dcb2c10e4ac97b1d1289825869826fdec84593f7,6ac98672d6a5ec3f,true,2026-09-20T14:05:37+00:00
20260920T140330Z-gpu,electricity_hourly,T14,chronos_bolt,tsfm,168,24,10017,9.761255264282227,15.419696983357383,0.5402078240033208,6.0014685802797025,32.971754000072906,1.0751953125,,205292928,true,dcb2c10e4ac97b1d1289825869826fdec84593f7,6ac98672d6a5ec3f,true,2026-09-20T14:05:37+00:00
20260920T140330Z-gpu,electricity_hourly,T14,chronos_bolt,tsfm,168,24,10018,15.743870417277018,21.454309993533332,1.0638748663012156,10.254451232882241,32.353019000083805,1.0751953125,,205292928,true,dcb2c10e4ac97b1d1289825869826fdec84593f7,6ac98672d6a5ec3f,true,2026-09-20T14:05:37+00:00
20260920T140330Z-gpu,electricity_hourly,T14,chronos_bolt,tsfm,168,24,10019,7.4327700932820635,9.337149003476286,0.5511425815821922,5.486406899449725,31.978477000052408,1.0751953125,,205292928,true,dcb2c10e4ac97b1d1289825869826fdec84593f7,6ac98672d6a5ec3f,true,2026-09-20T14:05:37+00:00
20260920T140330Z-gpu,electricity_hourly,T14,chronos_bolt,tsfm,168,24,10020,27.303641001383465,33.69559652705867,1.3912683312806862,12.978346504301886,34.163804999934655,1.0751953125,,205292928,true,dcb2c10e4ac97b1d1289825869826fdec84593f7,6ac98672d6a5ec3f,true,2026-09-20T14:05:37+00:00
20260920T140330Z-gpu,electricity_hourly,T14,chronos_bolt,tsfm,168,24,10021,12.142202377319336,13.510226760471646,0.34277144527229647,8.107727240187678,34.67437400001927,1.0751953125,,205292928,true,dcb2c10e4ac97b1d1289825869826fdec84593f7,6ac98672d6a5ec3f,true,2026-09-20T14:05:37+00:00
20260920T140330Z-gpu,electricity_hourly,T27,lstm,deep,168,24,20000,51.73158930470451,61.554906370131434,1.583283498379904,16.78044786665778,332.9541140000174,16.14599609375,0.32356971099989096,4513,false,dcb2c10e4ac97b1d1289825869826fdec84593f7,6ac98672d6a5ec3f,true,2026-09-20T14:05:48+00:00
20260920T140330Z-gpu,electricity_hourly,T27,lstm,deep,168,24,20001,41.605711720161,51.37799106293654,1.4050709398928667,12.510482713965567,334.31269900006555,16.10986328125,0.3254100720000679,4513,false,dcb2c10e4ac97b1d1289825869826fdec84593f7,6ac98672d6a5ec3f,true,2026-09-20T14:05:48+00:00
20260920T140330Z-gpu,electricity_hourly,T27,lstm,deep,168,24,20002,36.85551125541253,42.08077729705896,1.2642195380608394,11.682917952120093,322.39656199999445,16.10986328125,0.3136235970000598,4513,false,dcb2c10e4ac97b1d1289825869826fdec84593f7,6ac98672d6a5ec3f,true,2026-09-20T14:05:48+00:00
20260920T140330Z-gpu,electricity_hourly,T27,lstm,deep,168,24,20003,33.569327914923264,44.515560602988145,1.1868360470780628,10.594746201579062,325.11280699998224,16.10986328125,0.3167434659999344,4513,false,dcb2c10e4ac97b1d1289825869826fdec84593f7,6ac98672d6a5ec3f,true,2026-09-20T14:05:48+00:00
20260920T140330Z-gpu,electricity_hourly,T27,lstm,deep,168,24,20004,36.088367110120714,44.50849605713664,1.3988492231110048,10.942354717840026,339.939878999985,16.10986328125,0.3312595190000138,4513,false,dcb2c10e4ac97b1d1289825869826fdec84593f7,6ac98672d6a5ec3f,true,2026-09-20T14:05:48+00:00
20260920T140330Z-gpu,electricity_hourly,T27,lstm,deep,168,24,20005,25.123769895202525,31.386768964888308,0.795475563964196,7.650756583724824,361.06500699997923,16.10986328125,0.35135569600004146,4513,false,dcb2c10e4ac97b1d1289825869826fdec84593f7,6ac98672d6a5ec3f,true,2026-09-20T14:05:48+00:00
20260920T140330Z-gpu,electricity_hourly,T27,lstm,deep,168,24,20006,43.555324503149315,57.248901575960254,1.4958184422736707,13.081628300149658,366.19513999994524,16.10986328125,0.3570852020000075,4513,false,dcb2c10e4ac97b1d1289825869826fdec84593f7,6ac98672d6a5ec3f,true,2026-09-20T14:05:48+00:00
20260920T140330Z-gpu,electricity_hourly,T27,lstm,deep,168,24,20007,30.86377006285726,35.285975548429164,1.1921627921275335,9.337010122907918,319.03228900000613,16.10986328125,0.3103267160000769,4513,false,dcb2c10e4ac97b1d1289825869826fdec84593f7,6ac98672d6a5ec3f,true,2026-09-20T14:05:48+00:00
20260920T140330Z-gpu,electricity_hourly,T27,lstm,deep,168,24,20008,14.699106219813899,20.356334732511023,0.5331665732123934,4.846756708637892,322.9146109999874,16.10986328125,0.3137770679999221,4513,false,dcb2c10e4ac97b1d1289825869826fdec84593f7,6ac98672d6a5ec3f,true,2026-09-20T14:05:48+00:00
20260920T140330Z-gpu,electricity_hourly,T27,lstm,deep,168,24,20009,20.456110333299126,24.474608159515597,0.7419848584370464,6.264663828117915,387.3940810000249,16.10986328125,0.37873423499991077,4513,false,dcb2c10e4ac97b1d1289825869826fdec84593f7,6ac98672d6a5ec3f,true,2026-09-20T14:05:48+00:00
20260920T140330Z-gpu,electricity_hourly,T27,lstm,deep,168,24,20010,45.741228152893775,63.67253191188022,1.738842886488042,13.853274055469736,324.7585420000405,16.10986328125,0.3153324429999884,4513,false,dcb2c10e4ac97b1d1289825869826fdec84593f7,6ac98672d6a5ec3f,true,2026-09-20T14:05:48+00:00
20260920T140330Z-gpu,electricity_hourly,T27,lstm,deep,168,24,20011,44.2948134245857,53.29206783843323,1.5954109887794747,12.992122546063484,325.3160530000514,16.10986328125,0.3158393520000118,4513,false,dcb2c10e4ac97b1d1289825869826fdec84593f7,6ac98672d6a5ec3f,true,2026-09-20T14:05:48+00:00
20260920T140330Z-gpu,electricity_hourly,T27,lstm,deep,168,24,20012,40.163201370237005,48.23589098636613,1.3773519879290614,12.943432780268108,336.6864889999306,16.10986328125,0.3280504959999462,4513,false,dcb2c10e4ac97b1d1289825869826fdec84593f7,6ac98672d6a5ec3f,true,2026-09-20T14:05:48+00:00
20260920T140330Z-gpu,electricity_hourly,T27,lstm,deep,168,24,20013,41.20744341954988,55.335567493204195,1.5594932595046473,12.390949224479533,333.7254350000194,16.10986328125,0.32515480499989735,4513,false,dcb2c10e4ac97b1d1289825869826fdec84593f7,6ac98672d6a5ec3f,true,2026-09-20T14:05:48+00:00
20260920T140330Z-gpu,electricity_hourly,T27,lstm,deep,168,24,20014,91.01545674122394,128.12673490146722,2.801672888143704,26.939109085676716,317.540613999995,16.10986328125,0.3089418689999093,4513,false,dcb2c10e4ac97b1d1289825869826fdec84593f7,6ac98672d6a5ec3f,true,2026-09-20T14:05:48+00:00
20260920T140330Z-gpu,electricity_hourly,T27,lstm,deep,168,24,20015,80.84617309863334,100.80341927813333,2.703634214167023,24.204474403667106,322.14477599995917,16.10986328125,0.3136655519999749,4513,false,dcb2c10e4ac97b1d1289825869826fdec84593f7,6ac98672d6a5ec3f,true,2026-09-20T14:05:48+00:00
20260920T140330Z-gpu,electricity_hourly,T27,lstm,deep,168,24,20016,29.312680548550276,32.517925694130184,0.8032399617490465,8.437988057935568,320.6500530000085,16.10986328125,0.3112471379999988,4513,false,dcb2c10e4ac97b1d1289825869826fdec84593f7,6ac98672d6a5ec3f,true,2026-09-20T14:05:48+00:00
20260920T140330Z-gpu,electricity_hourly,T27,lstm,deep,168,24,20017,26.306029595067532,31.980581702597597,0.6330327977422667,7.766365204118224,324.32853600005274,16.10986328125,0.31557240200004344,4513,false,dcb2c10e4ac97b1d1289825869826fdec84593f7,6ac98672d6a5ec3f,true,2026-09-20T14:05:48+00:00
20260920T140330Z-gpu,electricity_hourly,T27,lstm,deep,168,24,20018,36.72113682103841,46.66015422141951,1.0110599813058376,9.719276422866452,320.75806099999227,16.10986328125,0.31155105899995306,4513,false,dcb2c10e4ac97b1d1289825869826fdec84593f7,6ac98672d6a5ec3f,true,2026-09-20T14:05:48+00:00
20260920T140330Z-gpu,electricity_hourly,T27,lstm,deep,168,24,20019,67.87721923726745,85.57971280790059,1.616124267553987,15.994161229642268,324.7767709999607,16.10986328125,0.3157610289999866,4513,false,dcb2c10e4ac97b1d1289825869826fdec84593f7,6ac98672d6a5ec3f,true,2026-09-20T14:05:48+00:00
20260920T140330Z-gpu,electricity_hourly,T27,lstm,deep,168,24,20020,102.60350057641756,127.10830082289021,2.260542240361709,22.07506194184624,320.65788399995654,16.10986328125,0.31155818199999885,4513,false,dcb2c10e4ac97b1d1289825869826fdec84593f7,6ac98672d6a5ec3f,true,2026-09-20T14:05:48+00:00
20260920T140330Z-gpu,electricity_hourly,T27,lstm,deep,168,24,20021,43.702089437670686,49.95908837739601,0.6357951989315598,10.945065694996469,322.1675620000042,16.10986328125,0.3135700640000323,4513,false,dcb2c10e4ac97b1d1289825869826fdec84593f7,6ac98672d6a5ec3f,true,2026-09-20T14:05:48+00:00
20260920T140330Z-gpu,electricity_hourly,T27,transformer,deep,168,24,20000,82.9495166577646,91.8416743023663,2.53873122183169,25.971174703686177,564.6484970000074,10.6845703125,0.563493987999891,19232,false,dcb2c10e4ac97b1d1289825869826fdec84593f7,6ac98672d6a5ec3f,true,2026-09-20T14:06:06+00:00
20260920T140330Z-gpu,electricity_hourly,T27,transformer,deep,168,24,20001,33.24419169985847,41.900146253405744,1.1226931530909052,10.458946475343263,587.7799170000344,10.525390625,0.5866184079999357,19232,false,dcb2c10e4ac97b1d1289825869826fdec84593f7,6ac98672d6a5ec3f,true,2026-09-20T14:06:06+00:00
20260920T140330Z-gpu,electricity_hourly,T27,transformer,deep,168,24,20002,45.888678896079064,55.94333237777236,1.5740756934338698,14.798701519957847,571.8413339999415,10.525390625,0.5707451929999934,19232,false,dcb2c10e4ac97b1d1289825869826fdec84593f7,6ac98672d6a5ec3f,true,2026-09-20T14:06:06+00:00
20260920T140330Z-gpu,electricity_hourly,T27,transformer,deep,168,24,20003,31.012013645985387,38.22500360116519,1.09642277560076,9.948762030725426,610.1095790000954,10.525390625,0.6089939129999493,19232,false,dcb2c10e4ac97b1d1289825869826fdec84593f7,6ac98672d6a5ec3f,true,2026-09-20T14:06:06+00:00
20260920T140330Z-gpu,electricity_hourly,T27,transformer,deep,168,24,20004,57.66948210750055,70.92200843672694,2.235371581017518,17.779247690904533,566.4328249999926,10.525390625,0.5653230830000666,19232,false,dcb2c10e4ac97b1d1289825869826fdec84593f7,6ac98672d6a5ec3f,true,2026-09-20T14:06:06+00:00
20260920T140330Z-gpu,electricity_hourly,T27,transformer,deep,168,24,20005,26.16445106842094,31.376963697384724,0.8284258913484204,8.142121722308964,568.5597450000159,10.525390625,0.5674331430000166,19232,false,dcb2c10e4ac97b1d1289825869826fdec84593f7,6ac98672d6a5ec3f,true,2026-09-20T14:06:06+00:00
20260920T140330Z-gpu,electricity_hourly,T27,transformer,deep,168,24,20006,32.17201683370266,39.114427584374106,1.1048820472342435,9.306762565336458,571.0481390000268,10.525390625,0.5698210890000155,19232,false,dcb2c10e4ac97b1d1289825869826fdec84593f7,6ac98672d6a5ec3f,true,2026-09-20T14:06:06+00:00
20260920T140330Z-gpu,electricity_hourly,T27,transformer,deep,168,24,20007,23.7854748843119,27.60100392238605,0.918752248750245,7.236564511490955,582.7026959999557,10.525390625,0.5815725310000062,19232,false,dcb2c10e4ac97b1d1289825869826fdec84593f7,6ac98672d6a5ec3f,true,2026-09-20T14:06:06+00:00
20260920T140330Z-gpu,electricity_hourly,T27,transformer,deep,168,24,20008,20.10974241613583,25.188241478662086,0.7294213873862871,6.259124070025656,569.7754509999413,10.525390625,0.5686577850000276,19232,false,dcb2c10e4ac97b1d1289825869826fdec84593f7,6ac98672d6a5ec3f,true,2026-09-20T14:06:06+00:00
20260920T140330Z-gpu,electricity_hourly,T27,transformer,deep,168,24,20009,30.099022996497904,36.616999763355516,1.0917529751878334,9.138737424911636,571.0154180000018,10.525390625,0.5698617739999463,19232,false,dcb2c10e4ac97b1d1289825869826fdec84593f7,6ac98672d6a5ec3f,true,2026-09-20T14:06:06+00:00
20260920T140330Z-gpu,electricity_hourly,T27,transformer,deep,168,24,20010,35.92946236338957,42.93563889546885,1.3658507339831303,11.586674439239346,568.7591160000238,10.525390625,0.5676300399999263,19232,false,dcb2c10e4ac97b1d1289825869826fdec84593f7,6ac98672d6a5ec3f,true,2026-09-20T14:06:06+00:00
20260920T140330Z-gpu,electricity_hourly,T27,transformer,deep,168,24,20011,30.693214466734076,36.38945295970383,1.1055084750399466,9.245955960376579,563.80344899992,10.525390625,0.5627480010000454,19232,false,dcb2c10e4ac97b1d1289825869826fdec84593f7,6ac98672d6a5ec3f,true,2026-09-20T14:06:06+00:00
20260920T140330Z-gpu,electricity_hourly,T27,transformer,deep,168,24,20012,52.06779008706204,63.81879444278538,1.7856065188227994,16.21476763264747,573.6827970000604,10.525390625,0.5724539259999801,19232,false,dcb2c10e4ac97b1d1289825869826fdec84593f7,6ac98672d6a5ec3f,true,2026-09-20T14:06:06+00:00
20260920T140330Z-gpu,electricity_hourly,T27,transformer,deep,168,24,20013,47.64324416652452,61.3427646412107,1.8030557582074982,13.726770235019844,560.9775550000222,10.525390625,0.5599469439999893,19232,false,dcb2c10e4ac97b1d1289825869826fdec84593f7,6ac98672d6a5ec3f,true,2026-09-20T14:06:06+00:00
20260920T140330Z-gpu,electricity_hourly,T27,transformer,deep,168,24,20014,33.154494226402335,40.55347805046891,1.0205744268067414,10.453055360975256,557.0917700000564,10.525390625,0.5559915420000152,19232,false,dcb2c10e4ac97b1d1289825869826fdec84593f7,6ac98672d6a5ec3f,true,2026-09-20T14:06:06+00:00
20260920T140330Z-gpu,electricity_hourly,T27,transformer,deep,168,24,20015,21.860257819814723,29.848657203073707,0.7310443859854436,6.96976945926588,571.3899270000411,10.525390625,0.5703196839999691,19232,false,dcb2c10e4ac97b1d1289825869826fdec84593f7,6ac98672d6a5ec3f,true,2026-09-20T14:06:06+00:00
20260920T140330Z-gpu,electricity_hourly,T27,transformer,deep,168,24,20016,113.22829232935237,144.2021284899013,3.102735317873785,30.697573524244522,582.6507519999495,10.525390625,0.5808468469999752,19232,false,dcb2c10e4ac97b1d1289825869826fdec84593f7,6ac98672d6a5ec3f,true,2026-09-20T14:06:06+00:00
20260920T140330Z-gpu,electricity_hourly,T27,transformer,deep,168,24,20017,68.44549485003579,84.33195888711789,1.6470841006693102,17.850422364648697,610.1489499999388,10.525390625,0.6090430330000345,19232,false,dcb2c10e4ac97b1d1289825869826fdec84593f7,6ac98672d6a5ec3f,true,2026-09-20T14:06:06+00:00
20260920T140330Z-gpu,electricity_hourly,T27,transformer,deep,168,24,20018,100.72574137697693,121.9699594262103,2.77332825206208,26.519530063452585,583.2962399999815,10.525390625,0.5822002099999963,19232,false,dcb2c10e4ac97b1d1289825869826fdec84593f7,6ac98672d6a5ec3f,true,2026-09-20T14:06:06+00:00
20260920T140330Z-gpu,electricity_hourly,T27,transformer,deep,168,24,20019,135.96780836104082,168.2425358757959,3.237328770500972,32.107254580450046,580.5285120000008,10.525390625,0.579438405000019,19232,false,dcb2c10e4ac97b1d1289825869826fdec84593f7,6ac98672d6a5ec3f,true,2026-09-20T14:06:06+00:00
20260920T140330Z-gpu,electricity_hourly,T27,transformer,deep,168,24,20020,75.13148904393734,86.79833527045821,1.6552837243462328,17.688348673441155,591.0372159999042,10.525390625,0.5897527280000077,19232,false,dcb2c10e4ac97b1d1289825869826fdec84593f7,6ac98672d6a5ec3f,true,2026-09-20T14:06:06+00:00
20260920T140330Z-gpu,electricity_hourly,T27,transformer,deep,168,24,20021,68.10856693585872,79.16392797797339,0.9908702403277081,16.36971269434316,607.5126480000108,10.525390625,0.6063926150000043,19232,false,dcb2c10e4ac97b1d1289825869826fdec84593f7,6ac98672d6a5ec3f,true,2026-09-20T14:06:06+00:00
20260920T140330Z-gpu,electricity_hourly,T27,timesfm25,tsfm,168,24,20000,20.339364369710285,25.330231210985943,0.6225012687010161,6.546511173771035,120.02746600001046,11.94287109375,,231289280,true,dcb2c10e4ac97b1d1289825869826fdec84593f7,6ac98672d6a5ec3f,true,2026-09-20T14:06:13+00:00
20260920T140330Z-gpu,electricity_hourly,T27,timesfm25,tsfm,168,24,20001,20.975268681844074,28.692672503086865,0.7083580417883553,6.4549371858231686,117.31595599997036,11.94287109375,,231289280,true,dcb2c10e4ac97b1d1289825869826fdec84593f7,6ac98672d6a5ec3f,true,2026-09-20T14:06:13+00:00
20260920T140330Z-gpu,electricity_hourly,T27,timesfm25,tsfm,168,24,20002,14.231013615926107,18.123770253364206,0.48815292060346815,4.551110949249041,120.74426600008792,11.94287109375,,231289280,true,dcb2c10e4ac97b1d1289825869826fdec84593f7,6ac98672d6a5ec3f,true,2026-09-20T14:06:13+00:00
20260920T140330Z-gpu,electricity_hourly,T27,timesfm25,tsfm,168,24,20003,19.76544189453125,23.529305469526918,0.6988027578719617,6.353485081653985,119.99069700004839,11.94287109375,,231289280,true,dcb2c10e4ac97b1d1289825869826fdec84593f7,6ac98672d6a5ec3f,true,2026-09-20T14:06:13+00:00
20260920T140330Z-gpu,electricity_hourly,T27,timesfm25,tsfm,168,24,20004,25.008058547973633,33.6263804968095,0.9693567781717909,7.828700503310253,122.33710499992867,11.94287109375,,231289280,true,dcb2c10e4ac97b1d1289825869826fdec84593f7,6ac98672d6a5ec3f,true,2026-09-20T14:06:13+00:00
20260920T140330Z-gpu,electricity_hourly,T27,timesfm25,tsfm,168,24,20005,25.553638458251953,32.67380381807086,0.8090861780976872,7.601259358243877,118.86255299998538,11.94287109375,,231289280,true,dcb2c10e4ac97b1d1289825869826fdec84593f7,6ac98672d6a5ec3f,true,2026-09-20T14:06:13+00:00
20260920T140330Z-gpu,electricity_hourly,T27,timesfm25,tsfm,168,24,20006,25.00756772359212,32.33158795982211,0.8588337114708479,7.583973242096014,121.35228099998585,11.94287109375,,231289280,true,dcb2c10e4ac97b1d1289825869826fdec84593f7,6ac98672d6a5ec3f,true,2026-09-20T14:06:13+00:00
20260920T140330Z-gpu,electricity_hourly,T27,timesfm25,tsfm,168,24,20007,23.38565444946289,27.70820984389345,0.9033085409663777,7.181144348742747,119.6477619999996,11.94287109375,,231289280,true,dcb2c10e4ac97b1d1289825869826fdec84593f7,6ac98672d6a5ec3f,true,2026-09-20T14:06:13+00:00
20260920T140330Z-gpu,electricity_hourly,T27,timesfm25,tsfm,168,24,20008,14.85435422261556,20.057973960978416,0.5387977350268617,4.780834949987554,118.84914000006574,11.94287109375,,231289280,true,dcb2c10e4ac97b1d1289825869826fdec84593f7,6ac98672d6a5ec3f,true,2026-09-20T14:06:13+00:00
20260920T140330Z-gpu,electricity_hourly,T27,timesfm25,tsfm,168,24,20009,20.072851181030273,23.841602329519393,0.7280832670197379,6.33154668506293,122.259002000078,11.94287109375,,231289280,true,dcb2c10e4ac97b1d1289825869826fdec84593f7,6ac98672d6a5ec3f,true,2026-09-20T14:06:13+00:00
20260920T140330Z-gpu,electricity_hourly,T27,timesfm25,tsfm,168,24,20010,10.985331217447916,13.305481553492006,0.41760498820287745,3.6289039152595155,120.32338399990294,11.94287109375,,231289280,true,dcb2c10e4ac97b1d1289825869826fdec84593f7,6ac98672d6a5ec3f,true,2026-09-20T14:06:13+00:00
20260920T140330Z-gpu,electricity_hourly,T27,timesfm25,tsfm,168,24,20011,20.375774383544922,24.42552565454441,0.7338948252202273,6.361486534140916,116.76161100001536,11.94287109375,,231289280,true,dcb2c10e4ac97b1d1289825869826fdec84593f7,6ac98672d6a5ec3f,true,2026-09-20T14:06:13+00:00
20260920T140330Z-gpu,electricity_hourly,T27,timesfm25,tsfm,168,24,20012,17.723038991292317,25.406458243345824,0.6077917634546544,5.2870325473503375,113.39095200003158,11.94287109375,,231289280,true,dcb2c10e4ac97b1d1289825869826fdec84593f7,6ac98672d6a5ec3f,true,2026-09-20T14:06:13+00:00
20260920T140330Z-gpu,electricity_hourly,T27,timesfm25,tsfm,168,24,20013,32.00368563334147,42.477814970761315,1.211177590328823,9.12814907539044,122.93598200005817,11.94287109375,,231289280,true,dcb2c10e4ac97b1d1289825869826fdec84593f7,6ac98672d6a5ec3f,true,2026-09-20T14:06:13+00:00
20260920T140330Z-gpu,electricity_hourly,T27,timesfm25,tsfm,168,24,20014,14.664550145467123,17.95668886742591,0.45140983773990284,4.521255898882822,124.40975899994555,11.94287109375,,231289280,true,dcb2c10e4ac97b1d1289825869826fdec84593f7,6ac98672d6a5ec3f,true,2026-09-20T14:06:13+00:00
20260920T140330Z-gpu,electricity_hourly,T27,timesfm25,tsfm,168,24,20015,17.328644434611004,22.457603866185377,0.5794994887561506,5.452148134412291,113.39493499997388,11.94287109375,,231289280,true,dcb2c10e4ac97b1d1289825869826fdec84593f7,6ac98672d6a5ec3f,true,2026-09-20T14:06:13+00:00
20260920T140330Z-gpu,electricity_hourly,T27,timesfm25,tsfm,168,24,20016,33.28844769795736,42.394096608039895,0.9121858170325137,9.142972511882702,120.265379999978,11.94287109375,,231289280,true,dcb2c10e4ac97b1d1289825869826fdec84593f7,6ac98672d6a5ec3f,true,2026-09-20T14:06:13+00:00
20260920T140330Z-gpu,electricity_hourly,T27,timesfm25,tsfm,168,24,20017,18.103739420572918,23.283731932884965,0.4356514833827707,4.785390111652946,117.98575499994968,11.94287109375,,231289280,true,dcb2c10e4ac97b1d1289825869826fdec84593f7,6ac98672d6a5ec3f,true,2026-09-20T14:06:13+00:00
20260920T140330Z-gpu,electricity_hourly,T27,timesfm25,tsfm,168,24,20018,28.410735448201496,34.65221503414492,0.7822458708491425,7.423497663722396,115.96880900003725,11.94287109375,,231289280,true,dcb2c10e4ac97b1d1289825869826fdec84593f7,6ac98672d6a5ec3f,true,2026-09-20T14:06:13+00:00
20260920T140330Z-gpu,electricity_hourly,T27,timesfm25,tsfm,168,24,20019,52.298178354899086,58.722989245660074,1.2451947227356925,13.698189801579883,118.60915099998692,11.94287109375,,231289280,true,dcb2c10e4ac97b1d1289825869826fdec84593f7,6ac98672d6a5ec3f,true,2026-09-20T14:06:13+00:00
20260920T140330Z-gpu,electricity_hourly,T27,timesfm25,tsfm,168,24,20020,24.94195048014323,32.562556476636615,0.549516656845261,5.515336916731182,120.44742800003405,11.94287109375,,231289280,true,dcb2c10e4ac97b1d1289825869826fdec84593f7,6ac98672d6a5ec3f,true,2026-09-20T14:06:13+00:00
20260920T140330Z-gpu,electricity_hourly,T27,timesfm25,tsfm,168,24,20021,26.347806294759113,33.19689994197697,0.3833182568645496,6.6241672122877935,115.94645600007425,11.94287109375,,231289280,true,dcb2c10e4ac97b1d1289825869826fdec84593f7,6ac98672d6a5ec3f,true,2026-09-20T14:06:13+00:00
20260920T140330Z-gpu,electricity_hourly,T27,chronos_bolt,tsfm,168,24,20000,15.144097646077475,18.529614896911735,0.4634962935250066,4.925145307025644,31.34756400004335,1.0751953125,,205292928,true,dcb2c10e4ac97b1d1289825869826fdec84593f7,6ac98672d6a5ec3f,true,2026-09-20T14:06:18+00:00
20260920T140330Z-gpu,electricity_hourly,T27,chronos_bolt,tsfm,168,24,20001,20.150623321533203,26.83048509928685,0.6805088551362057,6.149964958788532,35.85152899995592,1.0751953125,,205292928,true,dcb2c10e4ac97b1d1289825869826fdec84593f7,6ac98672d6a5ec3f,true,2026-09-20T14:06:18+00:00
20260920T140330Z-gpu,electricity_hourly,T27,chronos_bolt,tsfm,168,24,20002,14.556581497192383,18.117116170362657,0.4993205658874948,4.7137807949719255,37.64593699997931,1.0751953125,,205292928,true,dcb2c10e4ac97b1d1289825869826fdec84593f7,6ac98672d6a5ec3f,true,2026-09-20T14:06:18+00:00
20260920T140330Z-gpu,electricity_hourly,T27,chronos_bolt,tsfm,168,24,20003,18.76523717244466,22.581201108347596,0.6634407446187163,5.988664617032229,35.401703000047746,1.0751953125,,205292928,true,dcb2c10e4ac97b1d1289825869826fdec84593f7,6ac98672d6a5ec3f,true,2026-09-20T14:06:18+00:00
20260920T140330Z-gpu,electricity_hourly,T27,chronos_bolt,tsfm,168,24,20004,25.120220184326172,32.28349098962419,0.9737043624610953,7.859670809409202,32.380844999920555,1.0751953125,,205292928,true,dcb2c10e4ac97b1d1289825869826fdec84593f7,6ac98672d6a5ec3f,true,2026-09-20T14:06:18+00:00
20260920T140330Z-gpu,electricity_hourly,T27,chronos_bolt,tsfm,168,24,20005,17.693071365356445,23.370677280338654,0.5602027872936078,5.264393061163192,36.839106000002175,1.0751953125,,205292928,true,dcb2c10e4ac97b1d1289825869826fdec84593f7,6ac98672d6a5ec3f,true,2026-09-20T14:06:18+00:00
20260920T140330Z-gpu,electricity_hourly,T27,chronos_bolt,tsfm,168,24,20006,18.13780466715495,21.575613957901773,0.6229057648629412,5.514608282962732,34.163465999995424,1.0751953125,,205292928,true,dcb2c10e4ac97b1d1289825869826fdec84593f7,6ac98672d6a5ec3f,true,2026-09-20T14:06:18+00:00
20260920T140330Z-gpu,electricity_hourly,T27,chronos_bolt,tsfm,168,24,20007,23.297700881958008,27.413238978206774,0.8999111928653307,7.012905667523577,38.63288899992767,1.0751953125,,205292928,true,dcb2c10e4ac97b1d1289825869826fdec84593f7,6ac98672d6a5ec3f,true,2026-09-20T14:06:18+00:00
20260920T140330Z-gpu,electricity_hourly,T27,chronos_bolt,tsfm,168,24,20008,17.91949971516927,25.17640416960613,0.6499768158650818,5.830354725005272,33.72006600000077,1.0751953125,,205292928,true,dcb2c10e4ac97b1d1289825869826fdec84593f7,6ac98672d6a5ec3f,true,2026-09-20T14:06:18+00:00
20260920T140330Z-gpu,electricity_hourly,T27,chronos_bolt,tsfm,168,24,20009,17.476864496866863,20.168245748626294,0.6339215333876143,5.57046372108902,32.588916000008794,1.0751953125,,205292928,true,dcb2c10e4ac97b1d1289825869826fdec84593f7,6ac98672d6a5ec3f,true,2026-09-20T14:06:18+00:00
20260920T140330Z-gpu,electricity_hourly,T27,chronos_bolt,tsfm,168,24,20010,12.676698684692383,16.41969260202779,0.4819019563346629,3.90072345749976,36.22037399998135,1.0751953125,,205292928,true,dcb2c10e4ac97b1d1289825869826fdec84593f7,6ac98672d6a5ec3f,true,2026-09-20T14:06:18+00:00
20260920T140330Z-gpu,electricity_hourly,T27,chronos_bolt,tsfm,168,24,20011,19.726273854573567,24.998639869107862,0.710501109319308,6.3579549206754145,31.54318399992917,1.0751953125,,205292928,true,dcb2c10e4ac97b1d1289825869826fdec84593f7,6ac98672d6a5ec3f,true,2026-09-20T14:06:18+00:00
20260920T140330Z-gpu,electricity_hourly,T27,chronos_bolt,tsfm,168,24,20012,13.23284912109375,18.516920489964235,0.4538057331358657,4.02296086457332,32.31236600004195,1.0751953125,,205292928,true,dcb2c10e4ac97b1d1289825869826fdec84593f7,6ac98672d6a5ec3f,true,2026-09-20T14:06:18+00:00
20260920T140330Z-gpu,electricity_hourly,T27,chronos_bolt,tsfm,168,24,20013,21.40325101216634,28.276087316313177,0.8100047689229837,6.155516495299113,34.55108200000723,1.0751953125,,205292928,true,dcb2c10e4ac97b1d1289825869826fdec84593f7,6ac98672d6a5ec3f,true,2026-09-20T14:06:18+00:00
20260920T140330Z-gpu,electricity_hourly,T27,chronos_bolt,tsfm,168,24,20014,12.44771957397461,15.61068034239783,0.383170504201014,3.965103268555937,33.13851600000817,1.0751953125,,205292928,true,dcb2c10e4ac97b1d1289825869826fdec84593f7,6ac98672d6a5ec3f,true,2026-09-20T14:06:18+00:00
20260920T140330Z-gpu,electricity_hourly,T27,chronos_bolt,tsfm,168,24,20015,15.867156346638998,20.497574265955368,0.5306248290562043,4.967595839039627,35.63568700008091,1.0751953125,,205292928,true,dcb2c10e4ac97b1d1289825869826fdec84593f7,6ac98672d6a5ec3f,true,2026-09-20T14:06:18+00:00
20260920T140330Z-gpu,electricity_hourly,T27,chronos_bolt,tsfm,168,24,20016,21.01126480102539,26.9052038543082,0.5757606339386596,5.782147711912454,36.43191800006207,1.0751953125,,205292928,true,dcb2c10e4ac97b1d1289825869826fdec84593f7,6ac98672d6a5ec3f,true,2026-09-20T14:06:18+00:00
20260920T140330Z-gpu,electricity_hourly,T27,chronos_bolt,tsfm,168,24,20017,15.851430257161459,23.054628276149586,0.38145153025254847,3.9448399243884777,35.330969000028745,1.0751953125,,205292928,true,dcb2c10e4ac97b1d1289825869826fdec84593f7,6ac98672d6a5ec3f,true,2026-09-20T14:06:18+00:00
20260920T140330Z-gpu,electricity_hourly,T27,chronos_bolt,tsfm,168,24,20018,22.5615971883138,28.09984114226484,0.6211988518388504,5.718474736775855,33.69704800002182,1.0751953125,,205292928,true,dcb2c10e4ac97b1d1289825869826fdec84593f7,6ac98672d6a5ec3f,true,2026-09-20T14:06:18+00:00
20260920T140330Z-gpu,electricity_hourly,T27,chronos_bolt,tsfm,168,24,20019,33.29643630981445,37.795275838426264,0.7927722930908203,8.878562327132851,34.75737400003709,1.0751953125,,205292928,true,dcb2c10e4ac97b1d1289825869826fdec84593f7,6ac98672d6a5ec3f,true,2026-09-20T14:06:18+00:00
20260920T140330Z-gpu,electricity_hourly,T27,chronos_bolt,tsfm,168,24,20020,25.515066782633465,30.512439011321938,0.5621434542073469,5.791807697240495,36.243685000044934,1.0751953125,,205292928,true,dcb2c10e4ac97b1d1289825869826fdec84593f7,6ac98672d6a5ec3f,true,2026-09-20T14:06:18+00:00
20260920T140330Z-gpu,electricity_hourly,T27,chronos_bolt,tsfm,168,24,20021,30.052811940511067,38.061328677807666,0.4372201373442709,7.327576347969648,37.28814799990232,1.0751953125,,205292928,true,dcb2c10e4ac97b1d1289825869826fdec84593f7,6ac98672d6a5ec3f,true,2026-09-20T14:06:18+00:00
20260920T140330Z-gpu,electricity_hourly,T41,lstm,deep,168,24,30000,719.6368171202257,927.1419855470328,1.8525457053400642,22.300498736645455,337.81895999993594,16.14599609375,0.32845551000002615,4513,false,dcb2c10e4ac97b1d1289825869826fdec84593f7,6ac98672d6a5ec3f,true,2026-09-20T14:06:30+00:00
20260920T140330Z-gpu,electricity_hourly,T41,lstm,deep,168,24,30001,620.982417563781,740.5792642064112,1.600642038613548,18.214893311064692,340.6995469999856,16.10986328125,0.33167020700000194,4513,false,dcb2c10e4ac97b1d1289825869826fdec84593f7,6ac98672d6a5ec3f,true,2026-09-20T14:06:30+00:00
20260920T140330Z-gpu,electricity_hourly,T41,lstm,deep,168,24,30002,547.0956686021852,672.906739161258,2.0817507736686047,15.602107059428445,334.74405799995566,16.10986328125,0.32558541100002003,4513,false,dcb2c10e4ac97b1d1289825869826fdec84593f7,6ac98672d6a5ec3f,true,2026-09-20T14:06:30+00:00
20260920T140330Z-gpu,electricity_hourly,T41,lstm,deep,168,24,30003,255.27793443007886,332.6244961557607,0.7732603243217433,7.628873836803585,361.90933000000314,16.10986328125,0.3524553609998975,4513,false,dcb2c10e4ac97b1d1289825869826fdec84593f7,6ac98672d6a5ec3f,true,2026-09-20T14:06:30+00:00
20260920T140330Z-gpu,electricity_hourly,T41,lstm,deep,168,24,30004,453.0272881147821,551.4473600944199,1.8101983874945509,13.765725440152623,370.2384760000541,16.10986328125,0.3603090159999738,4513,false,dcb2c10e4ac97b1d1289825869826fdec84593f7,6ac98672d6a5ec3f,true,2026-09-20T14:06:30+00:00
20260920T140330Z-gpu,electricity_hourly,T41,lstm,deep,168,24,30005,344.02905470831575,420.9747783500515,1.0884125116002608,9.054432795071287,332.83353000001625,16.10986328125,0.32367674400006763,4513,false,dcb2c10e4ac97b1d1289825869826fdec84593f7,6ac98672d6a5ec3f,true,2026-09-20T14:06:30+00:00
20260920T140330Z-gpu,electricity_hourly,T41,lstm,deep,168,24,30006,410.95733845488667,476.7367874935105,1.1159316752310706,11.232156271190648,338.3853899999849,16.10986328125,0.3293607890000203,4513,false,dcb2c10e4ac97b1d1289825869826fdec84593f7,6ac98672d6a5ec3f,true,2026-09-20T14:06:30+00:00
20260920T140330Z-gpu,electricity_hourly,T41,lstm,deep,168,24,30007,277.6751059978256,337.84723626596855,1.035832735705064,7.823379001177861,358.1805589999476,16.10986328125,0.34455112099999496,4513,false,dcb2c10e4ac97b1d1289825869826fdec84593f7,6ac98672d6a5ec3f,true,2026-09-20T14:06:30+00:00
20260920T140330Z-gpu,electricity_hourly,T41,lstm,deep,168,24,30008,154.69188902752308,199.8439873185425,0.5341237746064819,4.7568529799223205,325.49624000000676,16.10986328125,0.3157045209999296,4513,false,dcb2c10e4ac97b1d1289825869826fdec84593f7,6ac98672d6a5ec3f,true,2026-09-20T14:06:30+00:00
20260920T140330Z-gpu,electricity_hourly,T41,lstm,deep,168,24,30009,226.13754434132773,265.8992408457253,1.0892726671734803,7.155989697885391,329.5240610000292,16.10986328125,0.3203270840000414,4513,false,dcb2c10e4ac97b1d1289825869826fdec84593f7,6ac98672d6a5ec3f,true,2026-09-20T14:06:30+00:00
20260920T140330Z-gpu,electricity_hourly,T41,lstm,deep,168,24,30010,239.4631419619192,279.9357089634103,0.6982846470883393,6.866924830516368,327.561199999991,16.10986328125,0.31868883699996786,4513,false,dcb2c10e4ac97b1d1289825869826fdec84593f7,6ac98672d6a5ec3f,true,2026-09-20T14:06:30+00:00
20260920T140330Z-gpu,electricity_hourly,T41,lstm,deep,168,24,30011,502.8519137120897,583.414974697655,1.7058275948677453,14.498110680995335,328.1502759999739,16.10986328125,0.3192593249999618,4513,false,dcb2c10e4ac97b1d1289825869826fdec84593f7,6ac98672d6a5ec3f,true,2026-09-20T14:06:30+00:00
20260920T140330Z-gpu,electricity_hourly,T41,lstm,deep,168,24,30012,227.835816144166,302.8674842177582,0.7095386475650404,6.063323338327349,327.9495719999659,16.10986328125,0.3187951610000255,4513,false,dcb2c10e4ac97b1d1289825869826fdec84593f7,6ac98672d6a5ec3f,true,2026-09-20T14:06:30+00:00
20260920T140330Z-gpu,electricity_hourly,T41,lstm,deep,168,24,30013,397.04190725462695,442.5300378967672,1.2014885605990477,11.359031655517253,340.49889000004896,16.10986328125,0.3305873020000263,4513,false,dcb2c10e4ac97b1d1289825869826fdec84593f7,6ac98672d6a5ec3f,true,2026-09-20T14:06:30+00:00
20260920T140330Z-gpu,electricity_hourly,T41,lstm,deep,168,24,30014,308.1323657663499,393.3531558052172,1.0403775157765571,8.476589077126965,345.5897549999918,16.10986328125,0.33651174099998116,4513,false,dcb2c10e4ac97b1d1289825869826fdec84593f7,6ac98672d6a5ec3f,true,2026-09-20T14:06:30+00:00
20260920T140330Z-gpu,electricity_hourly,T41,lstm,deep,168,24,30015,264.71256857253667,372.88381416624225,0.7618845913504413,7.028584601117949,330.61000800000784,16.10986328125,0.32177558099999715,4513,false,dcb2c10e4ac97b1d1289825869826fdec84593f7,6ac98672d6a5ec3f,true,2026-09-20T14:06:30+00:00
20260920T140330Z-gpu,electricity_hourly,T41,lstm,deep,168,24,30016,588.8930151324048,709.7405544564589,1.7999786504301725,15.887624084606653,344.0338679999968,16.10986328125,0.33418011300000217,4513,false,dcb2c10e4ac97b1d1289825869826fdec84593f7,6ac98672d6a5ec3f,true,2026-09-20T14:06:30+00:00
20260920T140330Z-gpu,electricity_hourly,T41,lstm,deep,168,24,30017,250.95251781720074,315.9896521010611,0.7130598979000554,6.076885664400148,332.5799820000839,16.10986328125,0.3235780769999792,4513,false,dcb2c10e4ac97b1d1289825869826fdec84593f7,6ac98672d6a5ec3f,true,2026-09-20T14:06:30+00:00
20260920T140330Z-gpu,electricity_hourly,T41,lstm,deep,168,24,30018,682.8311037949089,921.2668138849588,2.1116220110913106,17.14293091584912,330.64945299997817,16.10986328125,0.32146842800000286,4513,false,dcb2c10e4ac97b1d1289825869826fdec84593f7,6ac98672d6a5ec3f,true,2026-09-20T14:06:30+00:00
20260920T140330Z-gpu,electricity_hourly,T41,lstm,deep,168,24,30019,290.12284631579774,357.69834488743845,0.715739076057476,6.953713906902354,374.51185600002646,16.10986328125,0.3648580710000715,4513,false,dcb2c10e4ac97b1d1289825869826fdec84593f7,6ac98672d6a5ec3f,true,2026-09-20T14:06:30+00:00
20260920T140330Z-gpu,electricity_hourly,T41,lstm,deep,168,24,30020,789.5981111143868,1000.2401373687908,2.283175261053649,18.656850874818964,349.34914100006154,16.10986328125,0.3403282939999599,4513,false,dcb2c10e4ac97b1d1289825869826fdec84593f7,6ac98672d6a5ec3f,true,2026-09-20T14:06:30+00:00
20260920T140330Z-gpu,electricity_hourly,T41,lstm,deep,168,24,30021,491.83887515271925,579.3214061094227,0.8048821285768526,11.203391060176877,345.0924370000621,16.10986328125,0.3361861050000243,4513,false,dcb2c10e4ac97b1d1289825869826fdec84593f7,6ac98672d6a5ec3f,true,2026-09-20T14:06:30+00:00
20260920T140330Z-gpu,electricity_hourly,T41,transformer,deep,168,24,30000,507.02198328753155,670.2328805953427,1.3052158746005318,15.685983717248074,574.6760020000465,10.6845703125,0.5736024029999953,19232,false,dcb2c10e4ac97b1d1289825869826fdec84593f7,6ac98672d6a5ec3f,true,2026-09-20T14:06:48+00:00
20260920T140330Z-gpu,electricity_hourly,T41,transformer,deep,168,24,30001,356.419931801656,418.15055692880503,0.9187067300225265,10.844244875694997,581.6713170000867,10.525390625,0.5805280619999849,19232,false,dcb2c10e4ac97b1d1289825869826fdec84593f7,6ac98672d6a5ec3f,true,2026-09-20T14:06:48+00:00
20260920T140330Z-gpu,electricity_hourly,T41,transformer,deep,168,24,30002,319.3274600296336,381.45523350504095,1.2150711934327036,8.895143649047592,620.8046469999999,10.525390625,0.6197302509999645,19232,false,dcb2c10e4ac97b1d1289825869826fdec84593f7,6ac98672d6a5ec3f,true,2026-09-20T14:06:48+00:00
20260920T140330Z-gpu,electricity_hourly,T41,transformer,deep,168,24,30003,333.97774523626504,408.5191696220495,1.0116492840409383,9.64372521287775,609.0250639999795,10.525390625,0.6078978869999219,19232,false,dcb2c10e4ac97b1d1289825869826fdec84593f7,6ac98672d6a5ec3f,true,2026-09-20T14:06:48+00:00
20260920T140330Z-gpu,electricity_hourly,T41,transformer,deep,168,24,30004,573.9134059054021,694.6945257009721,2.293232988800097,17.423217281294644,594.6565269999837,10.525390625,0.5935878189999357,19232,false,dcb2c10e4ac97b1d1289825869826fdec84593f7,6ac98672d6a5ec3f,true,2026-09-20T14:06:48+00:00
20260920T140330Z-gpu,electricity_hourly,T41,transformer,deep,168,24,30005,347.40990768028814,409.6375845714661,1.0991085927138038,9.341161368751694,576.7520559999184,10.525390625,0.5756864130000849,19232,false,dcb2c10e4ac97b1d1289825869826fdec84593f7,6ac98672d6a5ec3f,true,2026-09-20T14:06:48+00:00
20260920T140330Z-gpu,electricity_hourly,T41,transformer,deep,168,24,30006,427.2186262071294,547.5005240876911,1.1600882929252616,12.089271973392401,562.4077909999414,10.525390625,0.5613228619999973,19232,false,dcb2c10e4ac97b1d1289825869826fdec84593f7,6ac98672d6a5ec3f,true,2026-09-20T14:06:48+00:00
20260920T140330Z-gpu,electricity_hourly,T41,transformer,deep,168,24,30007,230.54921181390463,269.297051798322,0.8600353997513669,6.582969059222964,598.907932999964,10.525390625,0.5978179200000113,19232,false,dcb2c10e4ac97b1d1289825869826fdec84593f7,6ac98672d6a5ec3f,true,2026-09-20T14:06:48+00:00
20260920T140330Z-gpu,electricity_hourly,T41,transformer,deep,168,24,30008,192.35251773735823,260.260427174243,0.6641592747675239,6.377566155752705,597.5844600000073,10.525390625,0.596483414999966,19232,false,dcb2c10e4ac97b1d1289825869826fdec84593f7,6ac98672d6a5ec3f,true,2026-09-20T14:06:48+00:00
20260920T140330Z-gpu,electricity_hourly,T41,transformer,deep,168,24,30009,656.109411370061,838.647427995879,3.160386527422271,19.842121868329023,570.4906729999948,10.525390625,0.5693939479999699,19232,false,dcb2c10e4ac97b1d1289825869826fdec84593f7,6ac98672d6a5ec3f,true,2026-09-20T14:06:48+00:00
20260920T140330Z-gpu,electricity_hourly,T41,transformer,deep,168,24,30010,562.4545761922606,689.1297736273457,1.6401413262258622,15.099534480271473,578.2751000000417,10.525390625,0.5771791800000301,19232,false,dcb2c10e4ac97b1d1289825869826fdec84593f7,6ac98672d6a5ec3f,true,2026-09-20T14:06:48+00:00
20260920T140330Z-gpu,electricity_hourly,T41,transformer,deep,168,24,30011,1000.4214166117044,1082.1793673259833,3.3937356355175727,28.54263859152182,596.0633490000191,10.525390625,0.5949626269999726,19232,false,dcb2c10e4ac97b1d1289825869826fdec84593f7,6ac98672d6a5ec3f,true,2026-09-20T14:06:48+00:00
20260920T140330Z-gpu,electricity_hourly,T41,transformer,deep,168,24,30012,513.2821953864849,648.782673474245,1.5984912332804304,13.398401844320654,596.1150690000068,10.525390625,0.5949297689999185,19232,false,dcb2c10e4ac97b1d1289825869826fdec84593f7,6ac98672d6a5ec3f,true,2026-09-20T14:06:48+00:00
20260920T140330Z-gpu,electricity_hourly,T41,transformer,deep,168,24,30013,386.3868059946928,473.4084168591555,1.1692451574672333,10.699755703254105,593.1176930000674,10.525390625,0.5919280440000421,19232,false,dcb2c10e4ac97b1d1289825869826fdec84593f7,6ac98672d6a5ec3f,true,2026-09-20T14:06:48+00:00
20260920T140330Z-gpu,electricity_hourly,T41,transformer,deep,168,24,30014,684.6097546300516,886.609855679501,2.311515033570012,17.899945065856315,623.8198499999044,10.525390625,0.6225847979999344,19232,false,dcb2c10e4ac97b1d1289825869826fdec84593f7,6ac98672d6a5ec3f,true,2026-09-20T14:06:48+00:00
20260920T140330Z-gpu,electricity_hourly,T41,transformer,deep,168,24,30015,157.11488863238972,247.60149742642236,0.4522014703202774,4.3190008372804405,627.0212450000372,10.525390625,0.6258904669999765,19232,false,dcb2c10e4ac97b1d1289825869826fdec84593f7,6ac98672d6a5ec3f,true,2026-09-20T14:06:48+00:00
20260920T140330Z-gpu,electricity_hourly,T41,transformer,deep,168,24,30016,967.4881086344946,1124.698248972499,2.9571720080524537,24.00290745604495,655.457374999969,10.525390625,0.654218697000033,19232,false,dcb2c10e4ac97b1d1289825869826fdec84593f7,6ac98672d6a5ec3f,true,2026-09-20T14:06:48+00:00
20260920T140330Z-gpu,electricity_hourly,T41,transformer,deep,168,24,30017,285.05092114564883,372.36505364684626,0.8099475649672139,7.425361202342053,655.8837819999326,10.525390625,0.6546806570000854,19232,false,dcb2c10e4ac97b1d1289825869826fdec84593f7,6ac98672d6a5ec3f,true,2026-09-20T14:06:48+00:00
20260920T140330Z-gpu,electricity_hourly,T41,transformer,deep,168,24,30018,903.7480099107494,1094.3280014719364,2.7947968093449567,23.62637521596663,626.8760340000199,10.525390625,0.6256841120000445,19232,false,dcb2c10e4ac97b1d1289825869826fdec84593f7,6ac98672d6a5ec3f,true,2026-09-20T14:06:48+00:00
20260920T140330Z-gpu,electricity_hourly,T41,transformer,deep,168,24,30019,395.67441166688576,528.1722766627595,0.9761369758442958,9.32060309512223,657.7533849999782,10.525390625,0.6565135999999256,19232,false,dcb2c10e4ac97b1d1289825869826fdec84593f7,6ac98672d6a5ec3f,true,2026-09-20T14:06:48+00:00
20260920T140330Z-gpu,electricity_hourly,T41,transformer,deep,168,24,30020,712.2280171514694,798.3601109963394,2.0594545074259356,15.472544974901922,579.451689999928,10.525390625,0.578312555000025,19232,false,dcb2c10e4ac97b1d1289825869826fdec84593f7,6ac98672d6a5ec3f,true,2026-09-20T14:06:48+00:00
20260920T140330Z-gpu,electricity_hourly,T41,transformer,deep,168,24,30021,762.5046678598361,973.854233769793,1.247819989679028,15.798400738820789,596.4045330000545,10.525390625,0.5952820869999869,19232,false,dcb2c10e4ac97b1d1289825869826fdec84593f7,6ac98672d6a5ec3f,true,2026-09-20T14:06:48+00:00
20260920T140330Z-gpu,electricity_hourly,T41,timesfm25,tsfm,168,24,30000,148.333984375,207.2930899705418,0.38185301136973077,4.3679169400703515,118.71534399995198,11.94287109375,,231289280,true,dcb2c10e4ac97b1d1289825869826fdec84593f7,6ac98672d6a5ec3f,true,2026-09-20T14:06:55+00:00
20260920T140330Z-gpu,electricity_hourly,T41,timesfm25,tsfm,168,24,30001,237.3873087565104,292.712382217895,0.6118886704066426,6.938638440370995,115.01730000009047,11.94287109375,,231289280,true,dcb2c10e4ac97b1d1289825869826fdec84593f7,6ac98672d6a5ec3f,true,2026-09-20T14:06:55+00:00
20260920T140330Z-gpu,electricity_hourly,T41,timesfm25,tsfm,168,24,30002,312.7088623046875,392.11564611280807,1.1898868029773544,8.85945785766038,125.58147100003225,11.94287109375,,231289280,true,dcb2c10e4ac97b1d1289825869826fdec84593f7,6ac98672d6a5ec3f,true,2026-09-20T14:06:55+00:00
20260920T140330Z-gpu,electricity_hourly,T41,timesfm25,tsfm,168,24,30003,176.29857381184897,220.2289212126762,0.5340245825302646,5.295506756078758,122.98671299993202,11.94287109375,,231289280,true,dcb2c10e4ac97b1d1289825869826fdec84593f7,6ac98672d6a5ec3f,true,2026-09-20T14:06:55+00:00
20260920T140330Z-gpu,electricity_hourly,T41,timesfm25,tsfm,168,24,30004,262.7123718261719,341.20389495593565,1.0497414269096164,8.177369208102947,121.95390699992004,11.94287109375,,231289280,true,dcb2c10e4ac97b1d1289825869826fdec84593f7,6ac98672d6a5ec3f,true,2026-09-20T14:06:55+00:00
20260920T140330Z-gpu,electricity_hourly,T41,timesfm25,tsfm,168,24,30005,227.18890380859375,274.3646141891861,0.7187626801221,5.900822897180862,114.16833800001314,11.94287109375,,231289280,true,dcb2c10e4ac97b1d1289825869826fdec84593f7,6ac98672d6a5ec3f,true,2026-09-20T14:06:55+00:00
20260920T140330Z-gpu,electricity_hourly,T41,timesfm25,tsfm,168,24,30006,224.17459106445312,266.5740763770851,0.6087335680422638,6.773088582266046,115.19128099996578,11.94287109375,,231289280,true,dcb2c10e4ac97b1d1289825869826fdec84593f7,6ac98672d6a5ec3f,true,2026-09-20T14:06:55+00:00
20260920T140330Z-gpu,electricity_hourly,T41,timesfm25,tsfm,168,24,30007,258.056396484375,340.9494984182757,0.9626475595500232,6.922510591156529,122.07025199995769,11.94287109375,,231289280,true,dcb2c10e4ac97b1d1289825869826fdec84593f7,6ac98672d6a5ec3f,true,2026-09-20T14:06:55+00:00
20260920T140330Z-gpu,electricity_hourly,T41,timesfm25,tsfm,168,24,30008,128.35738118489584,168.13728822417409,0.4431953696349359,4.105099387131663,117.65352600002643,11.94287109375,,231289280,true,dcb2c10e4ac97b1d1289825869826fdec84593f7,6ac98672d6a5ec3f,true,2026-09-20T14:06:55+00:00
20260920T140330Z-gpu,electricity_hourly,T41,timesfm25,tsfm,168,24,30009,371.9988505045573,441.0643099359039,1.7918660134690167,11.410527181246739,123.42602199998964,11.94287109375,,231289280,true,dcb2c10e4ac97b1d1289825869826fdec84593f7,6ac98672d6a5ec3f,true,2026-09-20T14:06:55+00:00
20260920T140330Z-gpu,electricity_hourly,T41,timesfm25,tsfm,168,24,30010,221.34251912434897,247.77138596929362,0.6454441447066999,6.375863632249734,124.51956899997185,11.94287109375,,231289280,true,dcb2c10e4ac97b1d1289825869826fdec84593f7,6ac98672d6a5ec3f,true,2026-09-20T14:06:55+00:00
20260920T140330Z-gpu,electricity_hourly,T41,timesfm25,tsfm,168,24,30011,260.3751729329427,361.22544956536,0.8832722773762337,8.030131993382005,119.30589700000382,11.94287109375,,231289280,true,dcb2c10e4ac97b1d1289825869826fdec84593f7,6ac98672d6a5ec3f,true,2026-09-20T14:06:55+00:00
20260920T140330Z-gpu,electricity_hourly,T41,timesfm25,tsfm,168,24,30012,239.56391398111978,304.05477955039424,0.7460629255235028,6.390187486295429,112.64663600002223,11.94287109375,,231289280,true,dcb2c10e4ac97b1d1289825869826fdec84593f7,6ac98672d6a5ec3f,true,2026-09-20T14:06:55+00:00
20260920T140330Z-gpu,electricity_hourly,T41,timesfm25,tsfm,168,24,30013,331.72569783528644,368.9271516172453,1.0038351718631793,9.206003218334795,143.80985599996166,11.94287109375,,231289280,true,dcb2c10e4ac97b1d1289825869826fdec84593f7,6ac98672d6a5ec3f,true,2026-09-20T14:06:55+00:00
20260920T140330Z-gpu,electricity_hourly,T41,timesfm25,tsfm,168,24,30014,216.41496785481772,267.70343168710207,0.7307030732512779,5.904028004543161,123.56491900004585,11.94287109375,,231289280,true,dcb2c10e4ac97b1d1289825869826fdec84593f7,6ac98672d6a5ec3f,true,2026-09-20T14:06:55+00:00
20260920T140330Z-gpu,electricity_hourly,T41,timesfm25,tsfm,168,24,30015,151.9189656575521,225.86243818249582,0.4372467831525324,3.96610113960594,125.33057799998915,11.94287109375,,231289280,true,dcb2c10e4ac97b1d1289825869826fdec84593f7,6ac98672d6a5ec3f,true,2026-09-20T14:06:55+00:00
20260920T140330Z-gpu,electricity_hourly,T41,timesfm25,tsfm,168,24,30016,435.2115885416667,499.46995602276877,1.330244284895568,11.38075922927035,125.12292099995648,11.94287109375,,231289280,true,dcb2c10e4ac97b1d1289825869826fdec84593f7,6ac98672d6a5ec3f,true,2026-09-20T14:06:55+00:00
20260920T140330Z-gpu,electricity_hourly,T41,timesfm25,tsfm,168,24,30017,254.42937215169272,319.7600134513314,0.7229390791026609,5.8996831642174925,122.8772189999745,11.94287109375,,231289280,true,dcb2c10e4ac97b1d1289825869826fdec84593f7,6ac98672d6a5ec3f,true,2026-09-20T14:06:55+00:00
20260920T140330Z-gpu,electricity_hourly,T41,timesfm25,tsfm,168,24,30018,230.81608072916666,317.11702764490053,0.7137875147643079,6.164165853668665,120.83656699996936,11.94287109375,,231289280,true,dcb2c10e4ac97b1d1289825869826fdec84593f7,6ac98672d6a5ec3f,true,2026-09-20T14:06:55+00:00
20260920T140330Z-gpu,electricity_hourly,T41,timesfm25,tsfm,168,24,30019,353.47841389973956,413.88496220742053,0.8720385746370138,8.526328440187433,121.50616799999625,11.94287109375,,231289280,true,dcb2c10e4ac97b1d1289825869826fdec84593f7,6ac98672d6a5ec3f,true,2026-09-20T14:06:55+00:00
20260920T140330Z-gpu,electricity_hourly,T41,timesfm25,tsfm,168,24,30020,559.5024617513021,630.5374954908974,1.6178384436182232,11.894086955085463,123.31599799995274,11.94287109375,,231289280,true,dcb2c10e4ac97b1d1289825869826fdec84593f7,6ac98672d6a5ec3f,true,2026-09-20T14:06:55+00:00
20260920T140330Z-gpu,electricity_hourly,T41,timesfm25,tsfm,168,24,30021,239.3805948893229,289.1280305734331,0.3917404103014126,5.022434537592674,121.39472100000148,11.94287109375,,231289280,true,dcb2c10e4ac97b1d1289825869826fdec84593f7,6ac98672d6a5ec3f,true,2026-09-20T14:06:55+00:00
20260920T140330Z-gpu,electricity_hourly,T41,chronos_bolt,tsfm,168,24,30000,123.1687520345052,148.6339522719742,0.3170706906390781,3.7054777233076415,36.451694999982465,1.0751953125,,205292928,true,dcb2c10e4ac97b1d1289825869826fdec84593f7,6ac98672d6a5ec3f,true,2026-09-20T14:07:00+00:00
20260920T140330Z-gpu,electricity_hourly,T41,chronos_bolt,tsfm,168,24,30001,212.47648111979166,249.89975825784097,0.5476786109843196,6.327561711220516,38.411833000054685,1.0751953125,,205292928,true,dcb2c10e4ac97b1d1289825869826fdec84593f7,6ac98672d6a5ec3f,true,2026-09-20T14:07:00+00:00
20260920T140330Z-gpu,electricity_hourly,T41,chronos_bolt,tsfm,168,24,30002,210.61683146158853,280.7310813168099,0.801416967827628,5.920817348762586,37.21110200001476,1.0751953125,,205292928,true,dcb2c10e4ac97b1d1289825869826fdec84593f7,6ac98672d6a5ec3f,true,2026-09-20T14:07:00+00:00
20260920T140330Z-gpu,electricity_hourly,T41,chronos_bolt,tsfm,168,24,30003,112.7141825358073,147.19140460275355,0.3414216177276815,3.3576861765288935,36.836236999988614,1.0751953125,,205292928,true,dcb2c10e4ac97b1d1289825869826fdec84593f7,6ac98672d6a5ec3f,true,2026-09-20T14:07:00+00:00
20260920T140330Z-gpu,electricity_hourly,T41,chronos_bolt,tsfm,168,24,30004,234.17939249674478,296.48412750860797,0.935729855139887,7.071056389268351,32.87722200002463,1.0751953125,,205292928,true,dcb2c10e4ac97b1d1289825869826fdec84593f7,6ac98672d6a5ec3f,true,2026-09-20T14:07:00+00:00
20260920T140330Z-gpu,electricity_hourly,T41,chronos_bolt,tsfm,168,24,30005,231.27994791666666,304.77329005479135,0.7317056090166095,5.9483654440718015,38.43478800001776,1.0751953125,,205292928,true,dcb2c10e4ac97b1d1289825869826fdec84593f7,6ac98672d6a5ec3f,true,2026-09-20T14:07:00+00:00
20260920T140330Z-gpu,electricity_hourly,T41,chronos_bolt,tsfm,168,24,30006,290.1441345214844,338.29798234087104,0.7878701748273382,8.549051307595013,33.42851599995811,1.0751953125,,205292928,true,dcb2c10e4ac97b1d1289825869826fdec84593f7,6ac98672d6a5ec3f,true,2026-09-20T14:07:00+00:00
20260920T140330Z-gpu,electricity_hourly,T41,chronos_bolt,tsfm,168,24,30007,216.59811401367188,282.6545850684145,0.807992550074316,5.81662815451315,35.645010000052935,1.0751953125,,205292928,true,dcb2c10e4ac97b1d1289825869826fdec84593f7,6ac98672d6a5ec3f,true,2026-09-20T14:07:00+00:00
20260920T140330Z-gpu,electricity_hourly,T41,chronos_bolt,tsfm,168,24,30008,167.89356486002603,204.17960615082262,0.579706829872767,5.394619751864662,34.435357999996086,1.0751953125,,205292928,true,dcb2c10e4ac97b1d1289825869826fdec84593f7,6ac98672d6a5ec3f,true,2026-09-20T14:07:00+00:00
20260920T140330Z-gpu,electricity_hourly,T41,chronos_bolt,tsfm,168,24,30009,271.8986409505208,313.10617713086623,1.3096974175238334,8.32418972906291,37.54832300000999,1.0751953125,,205292928,true,dcb2c10e4ac97b1d1289825869826fdec84593f7,6ac98672d6a5ec3f,true,2026-09-20T14:07:00+00:00
20260920T140330Z-gpu,electricity_hourly,T41,chronos_bolt,tsfm,168,24,30010,194.86235555013022,216.334079694843,0.5682268680737668,5.742674272650399,35.421835999954965,1.0751953125,,205292928,true,dcb2c10e4ac97b1d1289825869826fdec84593f7,6ac98672d6a5ec3f,true,2026-09-20T14:07:00+00:00
20260920T140330Z-gpu,electricity_hourly,T41,chronos_bolt,tsfm,168,24,30011,197.64271036783853,255.5183981469534,0.6704645643706271,6.180634901076362,33.43959099993299,1.0751953125,,205292928,true,dcb2c10e4ac97b1d1289825869826fdec84593f7,6ac98672d6a5ec3f,true,2026-09-20T14:07:00+00:00
20260920T140330Z-gpu,electricity_hourly,T41,chronos_bolt,tsfm,168,24,30012,207.61079915364584,266.53281687364915,0.6465528034370337,5.618916282575102,32.80490500003452,1.0751953125,,205292928,true,dcb2c10e4ac97b1d1289825869826fdec84593f7,6ac98672d6a5ec3f,true,2026-09-20T14:07:00+00:00
20260920T140330Z-gpu,electricity_hourly,T41,chronos_bolt,tsfm,168,24,30013,221.27386474609375,267.7397024540733,0.6695968672180369,6.283446265402771,35.24490999996033,1.0751953125,,205292928,true,dcb2c10e4ac97b1d1289825869826fdec84593f7,6ac98672d6a5ec3f,true,2026-09-20T14:07:00+00:00
20260920T140330Z-gpu,electricity_hourly,T41,chronos_bolt,tsfm,168,24,30014,137.39176432291666,185.58124591633097,0.463889283746395,4.0443708439827875,39.51938200009408,1.0751953125,,205292928,true,dcb2c10e4ac97b1d1289825869826fdec84593f7,6ac98672d6a5ec3f,true,2026-09-20T14:07:00+00:00
20260920T140330Z-gpu,electricity_hourly,T41,chronos_bolt,tsfm,168,24,30015,140.0699666341146,207.35377560999893,0.4031434920713244,3.8683252234125156,38.45635400000447,1.0751953125,,205292928,true,dcb2c10e4ac97b1d1289825869826fdec84593f7,6ac98672d6a5ec3f,true,2026-09-20T14:07:00+00:00
20260920T140330Z-gpu,electricity_hourly,T41,chronos_bolt,tsfm,168,24,30016,268.94544474283856,304.20892200463004,0.8220441510224306,7.499067074300332,33.80960699996649,1.0751953125,,205292928,true,dcb2c10e4ac97b1d1289825869826fdec84593f7,6ac98672d6a5ec3f,true,2026-09-20T14:07:00+00:00
20260920T140330Z-gpu,electricity_hourly,T41,chronos_bolt,tsfm,168,24,30017,178.51718139648438,226.38459417794678,0.507241147636965,4.4381442991806965,38.008314000080645,1.0751953125,,205292928,true,dcb2c10e4ac97b1d1289825869826fdec84593f7,6ac98672d6a5ec3f,true,2026-09-20T14:07:00+00:00
20260920T140330Z-gpu,electricity_hourly,T41,chronos_bolt,tsfm,168,24,30018,170.11279296875,208.49306240922158,0.5260655468162784,4.4349092660817995,37.00706100005391,1.0751953125,,205292928,true,dcb2c10e4ac97b1d1289825869826fdec84593f7,6ac98672d6a5ec3f,true,2026-09-20T14:07:00+00:00
20260920T140330Z-gpu,electricity_hourly,T41,chronos_bolt,tsfm,168,24,30019,288.2098795572917,341.06290583049434,0.7110197474087717,7.003849349843244,37.704807000068286,1.0751953125,,205292928,true,dcb2c10e4ac97b1d1289825869826fdec84593f7,6ac98672d6a5ec3f,true,2026-09-20T14:07:00+00:00
20260920T140330Z-gpu,electricity_hourly,T41,chronos_bolt,tsfm,168,24,30020,389.0921630859375,479.94941068662723,1.1250857727786145,8.049572071450989,37.318198999969354,1.0751953125,,205292928,true,dcb2c10e4ac97b1d1289825869826fdec84593f7,6ac98672d6a5ec3f,true,2026-09-20T14:07:00+00:00
20260920T140330Z-gpu,electricity_hourly,T41,chronos_bolt,tsfm,168,24,30021,210.59119669596353,257.8137724261673,0.34462727372569435,4.489878312357659,32.97948399995221,1.0751953125,,205292928,true,dcb2c10e4ac97b1d1289825869826fdec84593f7,6ac98672d6a5ec3f,true,2026-09-20T14:07:00+00:00
20260920T140330Z-gpu,electricity_hourly,T54,lstm,deep,168,24,40000,15.405962472752455,17.914103186600883,1.0356949561514255,7.801392612156417,338.08481000005486,16.14599609375,0.3290582930000028,4513,false,dcb2c10e4ac97b1d1289825869826fdec84593f7,6ac98672d6a5ec3f,true,2026-09-20T14:07:12+00:00
20260920T140330Z-gpu,electricity_hourly,T54,lstm,deep,168,24,40001,34.50055839851593,40.60747000439959,1.5082211321755596,16.766130755145024,333.16752400003224,16.10986328125,0.32375948699996115,4513,false,dcb2c10e4ac97b1d1289825869826fdec84593f7,6ac98672d6a5ec3f,true,2026-09-20T14:07:12+00:00
20260920T140330Z-gpu,electricity_hourly,T54,lstm,deep,168,24,40002,46.883961723151344,54.55529967628612,3.177077876768844,21.86248511585309,340.5210650000754,16.10986328125,0.33171894699989934,4513,false,dcb2c10e4ac97b1d1289825869826fdec84593f7,6ac98672d6a5ec3f,true,2026-09-20T14:07:12+00:00
20260920T140330Z-gpu,electricity_hourly,T54,lstm,deep,168,24,40003,11.636835399577137,14.94397607292467,0.5348561434851924,5.419586322072219,367.572197999948,16.10986328125,0.3583784069999183,4513,false,dcb2c10e4ac97b1d1289825869826fdec84593f7,6ac98672d6a5ec3f,true,2026-09-20T14:07:12+00:00
20260920T140330Z-gpu,electricity_hourly,T54,lstm,deep,168,24,40004,20.88056483530468,27.133930785821544,1.093780042300427,9.437215629029678,334.3943400000171,16.10986328125,0.3256025209999507,4513,false,dcb2c10e4ac97b1d1289825869826fdec84593f7,6ac98672d6a5ec3f,true,2026-09-20T14:07:12+00:00
20260920T140330Z-gpu,electricity_hourly,T54,lstm,deep,168,24,40005,24.357873443599328,29.172593880578393,0.7197894060903557,10.23789538815678,343.85927699997865,16.10986328125,0.33491832999993676,4513,false,dcb2c10e4ac97b1d1289825869826fdec84593f7,6ac98672d6a5ec3f,true,2026-09-20T14:07:12+00:00
20260920T140330Z-gpu,electricity_hourly,T54,lstm,deep,168,24,40006,34.39370939696849,39.676584898429596,1.3795805440566746,13.776067557219482,332.84035299993775,16.10986328125,0.32388984499993967,4513,false,dcb2c10e4ac97b1d1289825869826fdec84593f7,6ac98672d6a5ec3f,true,2026-09-20T14:07:12+00:00
20260920T140330Z-gpu,electricity_hourly,T54,lstm,deep,168,24,40007,53.9677353045766,64.05555343822331,2.121002697559779,23.946314907422273,339.9289789999784,16.10986328125,0.3307418690000077,4513,false,dcb2c10e4ac97b1d1289825869826fdec84593f7,6ac98672d6a5ec3f,true,2026-09-20T14:07:12+00:00
20260920T140330Z-gpu,electricity_hourly,T54,lstm,deep,168,24,40008,18.9790315271192,21.718764894295152,0.9670844090251822,8.419870683996196,335.54260500000055,16.10986328125,0.3267572750000909,4513,false,dcb2c10e4ac97b1d1289825869826fdec84593f7,6ac98672d6a5ec3f,true,2026-09-20T14:07:12+00:00
20260920T140330Z-gpu,electricity_hourly,T54,lstm,deep,168,24,40009,13.051762291531801,16.358143662305512,0.6854317177172061,6.005752919713327,343.51580199995624,16.10986328125,0.33464873900004477,4513,false,dcb2c10e4ac97b1d1289825869826fdec84593f7,6ac98672d6a5ec3f,true,2026-09-20T14:07:12+00:00
20260920T140330Z-gpu,electricity_hourly,T54,lstm,deep,168,24,40010,16.34608156425961,27.692761888211493,0.8415572918317425,6.750497293140523,332.41282400001637,16.10986328125,0.32341361200008123,4513,false,dcb2c10e4ac97b1d1289825869826fdec84593f7,6ac98672d6a5ec3f,true,2026-09-20T14:07:12+00:00
20260920T140330Z-gpu,electricity_hourly,T54,lstm,deep,168,24,40011,44.20142244324944,54.64236227064639,2.7259121335451475,19.86677335584559,328.4328250000499,16.10986328125,0.31974726500004635,4513,false,dcb2c10e4ac97b1d1289825869826fdec84593f7,6ac98672d6a5ec3f,true,2026-09-20T14:07:12+00:00
20260920T140330Z-gpu,electricity_hourly,T54,lstm,deep,168,24,40012,20.096787595398123,31.96389528857932,1.1032929522445023,9.163336092522899,320.3679049998982,16.10986328125,0.31161035299999185,4513,false,dcb2c10e4ac97b1d1289825869826fdec84593f7,6ac98672d6a5ec3f,true,2026-09-20T14:07:12+00:00
20260920T140330Z-gpu,electricity_hourly,T54,lstm,deep,168,24,40013,27.10771206098903,34.57815139866475,1.5036635349701157,11.33677918699118,342.12429100000463,16.10986328125,0.3317223560000002,4513,false,dcb2c10e4ac97b1d1289825869826fdec84593f7,6ac98672d6a5ec3f,true,2026-09-20T14:07:12+00:00
20260920T140330Z-gpu,electricity_hourly,T54,lstm,deep,168,24,40014,87.16882773611746,99.67288439165014,3.9634705380489152,34.3849741293353,324.53051699997104,16.10986328125,0.31498994499997934,4513,false,dcb2c10e4ac97b1d1289825869826fdec84593f7,6ac98672d6a5ec3f,true,2026-09-20T14:07:12+00:00
20260920T140330Z-gpu,electricity_hourly,T54,lstm,deep,168,24,40015,60.4798981857789,75.25697528279726,3.387438871548876,26.14936135183839,339.42757099998744,16.10986328125,0.3304070020000154,4513,false,dcb2c10e4ac97b1d1289825869826fdec84593f7,6ac98672d6a5ec3f,true,2026-09-20T14:07:12+00:00
20260920T140330Z-gpu,electricity_hourly,T54,lstm,deep,168,24,40016,26.953936478447897,32.122616384141146,1.5132034514216364,10.40949615126146,338.1314310000789,16.10986328125,0.3292048150000255,4513,false,dcb2c10e4ac97b1d1289825869826fdec84593f7,6ac98672d6a5ec3f,true,2026-09-20T14:07:12+00:00
20260920T140330Z-gpu,electricity_hourly,T54,lstm,deep,168,24,40017,34.70101498167435,46.73086937270708,1.6584620502360126,13.177960257632137,350.8008219999965,16.10986328125,0.3419654919999857,4513,false,dcb2c10e4ac97b1d1289825869826fdec84593f7,6ac98672d6a5ec3f,true,2026-09-20T14:07:12+00:00
20260920T140330Z-gpu,electricity_hourly,T54,lstm,deep,168,24,40018,38.36869701082525,46.043828371056804,1.86218145249708,13.71870996446731,356.50867800006836,16.10986328125,0.3469395859999622,4513,false,dcb2c10e4ac97b1d1289825869826fdec84593f7,6ac98672d6a5ec3f,true,2026-09-20T14:07:12+00:00
20260920T140330Z-gpu,electricity_hourly,T54,lstm,deep,168,24,40019,29.339313597145377,38.59461638828813,1.055423721705954,9.203843904522753,336.2576289999879,16.10986328125,0.32699607600000036,4513,false,dcb2c10e4ac97b1d1289825869826fdec84593f7,6ac98672d6a5ec3f,true,2026-09-20T14:07:12+00:00
20260920T140330Z-gpu,electricity_hourly,T54,lstm,deep,168,24,40020,66.81151557198791,80.83885512876927,2.622201755891594,18.285267085545524,333.87688200002685,16.10986328125,0.3246287649999431,4513,false,dcb2c10e4ac97b1d1289825869826fdec84593f7,6ac98672d6a5ec3f,true,2026-09-20T14:07:12+00:00
20260920T140330Z-gpu,electricity_hourly,T54,lstm,deep,168,24,40021,29.27824103885202,39.011991050498665,0.9131615138823242,8.180254219317472,347.2247800000332,16.10986328125,0.3380748650000669,4513,false,dcb2c10e4ac97b1d1289825869826fdec84593f7,6ac98672d6a5ec3f,true,2026-09-20T14:07:12+00:00
20260920T140330Z-gpu,electricity_hourly,T54,transformer,deep,168,24,40000,22.365058592471783,26.848900610031606,1.5035333507544055,11.314483369364597,593.5065460000715,10.6845703125,0.5923196999999618,19232,false,dcb2c10e4ac97b1d1289825869826fdec84593f7,6ac98672d6a5ec3f,true,2026-09-20T14:07:30+00:00
20260920T140330Z-gpu,electricity_hourly,T54,transformer,deep,168,24,40001,42.565211325125524,51.14891336164637,1.8607742655792578,22.178906893919432,597.5559639999801,10.525390625,0.5964187239999319,19232,false,dcb2c10e4ac97b1d1289825869826fdec84593f7,6ac98672d6a5ec3f,true,2026-09-20T14:07:30+00:00
20260920T140330Z-gpu,electricity_hourly,T54,transformer,deep,168,24,40002,27.922399973197816,33.80725020301669,1.8921532217131696,13.297879056320308,588.3736199999703,10.525390625,0.587148371000012,19232,false,dcb2c10e4ac97b1d1289825869826fdec84593f7,6ac98672d6a5ec3f,true,2026-09-20T14:07:30+00:00
20260920T140330Z-gpu,electricity_hourly,T54,transformer,deep,168,24,40003,28.809262453308936,35.05293659389078,1.3241410128555655,13.345552017284188,615.8971349999547,10.525390625,0.6146379450000268,19232,false,dcb2c10e4ac97b1d1289825869826fdec84593f7,6ac98672d6a5ec3f,true,2026-09-20T14:07:30+00:00
20260920T140330Z-gpu,electricity_hourly,T54,transformer,deep,168,24,40004,53.71693586166469,64.19840746767075,2.813837309596113,24.511963320954848,601.8299970000953,10.525390625,0.6006926410000233,19232,false,dcb2c10e4ac97b1d1289825869826fdec84593f7,6ac98672d6a5ec3f,true,2026-09-20T14:07:30+00:00
20260920T140330Z-gpu,electricity_hourly,T54,transformer,deep,168,24,40005,23.89782566054019,27.644587468085064,0.7061947250395623,11.17620837242404,598.9032400000269,10.525390625,0.5975525180000432,19232,false,dcb2c10e4ac97b1d1289825869826fdec84593f7,6ac98672d6a5ec3f,true,2026-09-20T14:07:30+00:00
20260920T140330Z-gpu,electricity_hourly,T54,transformer,deep,168,24,40006,18.49010348163921,21.846283904074937,0.7416643179264752,7.478597663085288,619.2628189999141,10.525390625,0.6180530689999841,19232,false,dcb2c10e4ac97b1d1289825869826fdec84593f7,6ac98672d6a5ec3f,true,2026-09-20T14:07:30+00:00
20260920T140330Z-gpu,electricity_hourly,T54,transformer,deep,168,24,40007,15.13220634112138,18.54096172317617,0.5947155330571722,7.3102274294133975,671.1651260000053,10.525390625,0.6699713550000297,19232,false,dcb2c10e4ac97b1d1289825869826fdec84593f7,6ac98672d6a5ec3f,true,2026-09-20T14:07:30+00:00
20260920T140330Z-gpu,electricity_hourly,T54,transformer,deep,168,24,40008,29.134432610953198,31.963983626804104,1.4845570757173603,12.955737369642442,603.4025609999389,10.525390625,0.6020915049999758,19232,false,dcb2c10e4ac97b1d1289825869826fdec84593f7,6ac98672d6a5ec3f,true,2026-09-20T14:07:30+00:00
20260920T140330Z-gpu,electricity_hourly,T54,transformer,deep,168,24,40009,33.607529620835564,48.99811298188548,1.7649468509847996,14.943349138144024,615.7192760000498,10.525390625,0.61450026600005,19232,false,dcb2c10e4ac97b1d1289825869826fdec84593f7,6ac98672d6a5ec3f,true,2026-09-20T14:07:30+00:00
20260920T140330Z-gpu,electricity_hourly,T54,transformer,deep,168,24,40010,22.57707113029798,32.63589245033498,1.1623518922999319,9.387021145671275,608.7769160000107,10.525390625,0.6075903339999513,19232,false,dcb2c10e4ac97b1d1289825869826fdec84593f7,6ac98672d6a5ec3f,true,2026-09-20T14:07:30+00:00
20260920T140330Z-gpu,electricity_hourly,T54,transformer,deep,168,24,40011,50.241699922338334,59.69737741854895,3.098417468443991,23.06509401939183,621.1364040000262,10.525390625,0.6200161450000223,19232,false,dcb2c10e4ac97b1d1289825869826fdec84593f7,6ac98672d6a5ec3f,true,2026-09-20T14:07:30+00:00
20260920T140330Z-gpu,electricity_hourly,T54,transformer,deep,168,24,40012,12.416200765935296,16.731188211589586,0.6816366413628221,5.802156538609534,585.0887630000443,10.525390625,0.5839137629999414,19232,false,dcb2c10e4ac97b1d1289825869826fdec84593f7,6ac98672d6a5ec3f,true,2026-09-20T14:07:30+00:00
20260920T140330Z-gpu,electricity_hourly,T54,transformer,deep,168,24,40013,21.257328904992075,26.87389202437723,1.1791430517407007,9.496678797895319,584.5607579999523,10.525390625,0.5833683370000244,19232,false,dcb2c10e4ac97b1d1289825869826fdec84593f7,6ac98672d6a5ec3f,true,2026-09-20T14:07:30+00:00
20260920T140330Z-gpu,electricity_hourly,T54,transformer,deep,168,24,40014,47.59788857373653,60.255601927890794,2.164223541085589,20.34275289857943,592.7162120000276,10.525390625,0.5916366209999069,19232,false,dcb2c10e4ac97b1d1289825869826fdec84593f7,6ac98672d6a5ec3f,true,2026-09-20T14:07:30+00:00
20260920T140330Z-gpu,electricity_hourly,T54,transformer,deep,168,24,40015,34.32168069579868,44.583534543978665,1.922334508049401,15.145570309195566,577.5492610000583,10.525390625,0.576449131000004,19232,false,dcb2c10e4ac97b1d1289825869826fdec84593f7,6ac98672d6a5ec3f,true,2026-09-20T14:07:30+00:00
20260920T140330Z-gpu,electricity_hourly,T54,transformer,deep,168,24,40016,27.829792654699045,36.892969284774665,1.5623743244743322,9.830901127907769,579.9574050000729,10.525390625,0.5788295779999544,19232,false,dcb2c10e4ac97b1d1289825869826fdec84593f7,6ac98672d6a5ec3f,true,2026-09-20T14:07:30+00:00
20260920T140330Z-gpu,electricity_hourly,T54,transformer,deep,168,24,40017,27.499183099186936,37.6785387597371,1.314265637664427,11.059505753278886,616.4525540000341,10.525390625,0.6152920979999408,19232,false,dcb2c10e4ac97b1d1289825869826fdec84593f7,6ac98672d6a5ec3f,true,2026-09-20T14:07:30+00:00
20260920T140330Z-gpu,electricity_hourly,T54,transformer,deep,168,24,40018,33.90538729611247,41.47889849411544,1.6455597474351857,12.235056404957934,579.2245510000384,10.525390625,0.5780797919999259,19232,false,dcb2c10e4ac97b1d1289825869826fdec84593f7,6ac98672d6a5ec3f,true,2026-09-20T14:07:30+00:00
20260920T140330Z-gpu,electricity_hourly,T54,transformer,deep,168,24,40019,56.02493376082892,67.4480621191908,2.0153860758329665,17.206811038900565,581.3908979999951,10.525390625,0.580259321000085,19232,false,dcb2c10e4ac97b1d1289825869826fdec84593f7,6ac98672d6a5ec3f,true,2026-09-20T14:07:30+00:00
20260920T140330Z-gpu,electricity_hourly,T54,transformer,deep,168,24,40020,59.49705849522252,72.62148977089049,2.3351257626906627,16.932006163578137,589.8277940000298,10.525390625,0.5886878490000527,19232,false,dcb2c10e4ac97b1d1289825869826fdec84593f7,6ac98672d6a5ec3f,true,2026-09-20T14:07:30+00:00
20260920T140330Z-gpu,electricity_hourly,T54,transformer,deep,168,24,40021,60.84544118570142,74.23386923997285,1.8977135652460482,18.054206074496083,581.8345540000109,10.525390625,0.5807231210000054,19232,false,dcb2c10e4ac97b1d1289825869826fdec84593f7,6ac98672d6a5ec3f,true,2026-09-20T14:07:30+00:00
20260920T140330Z-gpu,electricity_hourly,T54,timesfm25,tsfm,168,24,40000,14.180227279663086,17.642269701242235,0.9532925902294511,6.743569013970628,119.65656300003502,11.94287109375,,231289280,true,dcb2c10e4ac97b1d1289825869826fdec84593f7,6ac98672d6a5ec3f,true,2026-09-20T14:07:37+00:00
20260920T140330Z-gpu,electricity_hourly,T54,timesfm25,tsfm,168,24,40001,10.556615829467773,13.283616038495605,0.46149140238110486,4.863767135176796,111.68797400000585,11.94287109375,,231289280,true,dcb2c10e4ac97b1d1289825869826fdec84593f7,6ac98672d6a5ec3f,true,2026-09-20T14:07:37+00:00
20260920T140330Z-gpu,electricity_hourly,T54,timesfm25,tsfm,168,24,40002,13.000397364298502,15.396575349518372,0.8809681037454044,6.118593037991628,121.12518799995087,11.94287109375,,231289280,true,dcb2c10e4ac97b1d1289825869826fdec84593f7,6ac98672d6a5ec3f,true,2026-09-20T14:07:37+00:00
20260920T140330Z-gpu,electricity_hourly,T54,timesfm25,tsfm,168,24,40003,16.483898162841797,18.006532577877653,0.7576384728532457,7.723897371429916,120.06828199992015,11.94287109375,,231289280,true,dcb2c10e4ac97b1d1289825869826fdec84593f7,6ac98672d6a5ec3f,true,2026-09-20T14:07:37+00:00
20260920T140330Z-gpu,electricity_hourly,T54,timesfm25,tsfm,168,24,40004,12.827387491861979,15.333737360113686,0.6719329933896416,6.056051912752727,113.92833399997926,11.94287109375,,231289280,true,dcb2c10e4ac97b1d1289825869826fdec84593f7,6ac98672d6a5ec3f,true,2026-09-20T14:07:37+00:00
20260920T140330Z-gpu,electricity_hourly,T54,timesfm25,tsfm,168,24,40005,14.017578125,17.042574942689175,0.41422763184896366,6.084814285047741,122.47064399991814,11.94287109375,,231289280,true,dcb2c10e4ac97b1d1289825869826fdec84593f7,6ac98672d6a5ec3f,true,2026-09-20T14:07:37+00:00
20260920T140330Z-gpu,electricity_hourly,T54,timesfm25,tsfm,168,24,40006,14.789210637410482,18.105176873628753,0.5932162484086656,6.0276932505633605,124.26355200000216,11.94287109375,,231289280,true,dcb2c10e4ac97b1d1289825869826fdec84593f7,6ac98672d6a5ec3f,true,2026-09-20T14:07:37+00:00
20260920T140330Z-gpu,electricity_hourly,T54,timesfm25,tsfm,168,24,40007,11.127833048502604,13.661539538989256,0.4373384167533775,5.312603252978337,113.98914200003674,11.94287109375,,231289280,true,dcb2c10e4ac97b1d1289825869826fdec84593f7,6ac98672d6a5ec3f,true,2026-09-20T14:07:37+00:00
20260920T140330Z-gpu,electricity_hourly,T54,timesfm25,tsfm,168,24,40008,15.822999318440756,19.59098084041895,0.8062674811944334,6.917253825897264,115.3067509999346,11.94287109375,,231289280,true,dcb2c10e4ac97b1d1289825869826fdec84593f7,6ac98672d6a5ec3f,true,2026-09-20T14:07:37+00:00
20260920T140330Z-gpu,electricity_hourly,T54,timesfm25,tsfm,168,24,40009,9.722857157389322,12.315963178624273,0.5106095662523933,4.558081132981732,115.98085200000696,11.94287109375,,231289280,true,dcb2c10e4ac97b1d1289825869826fdec84593f7,6ac98672d6a5ec3f,true,2026-09-20T14:07:37+00:00
20260920T140330Z-gpu,electricity_hourly,T54,timesfm25,tsfm,168,24,40010,15.455220540364584,25.56787994220253,0.79569244111995,6.1319884674053835,118.34870999996383,11.94287109375,,231289280,true,dcb2c10e4ac97b1d1289825869826fdec84593f7,6ac98672d6a5ec3f,true,2026-09-20T14:07:37+00:00
20260920T140330Z-gpu,electricity_hourly,T54,timesfm25,tsfm,168,24,40011,16.648623784383137,21.559694014165483,1.0267245503002875,7.665417342658197,119.35688299990943,11.94287109375,,231289280,true,dcb2c10e4ac97b1d1289825869826fdec84593f7,6ac98672d6a5ec3f,true,2026-09-20T14:07:37+00:00
20260920T140330Z-gpu,electricity_hourly,T54,timesfm25,tsfm,168,24,40012,7.26443354288737,9.454137093570996,0.398809923818445,3.53912930436461,111.86651599996367,11.94287109375,,231289280,true,dcb2c10e4ac97b1d1289825869826fdec84593f7,6ac98672d6a5ec3f,true,2026-09-20T14:07:37+00:00
20260920T140330Z-gpu,electricity_hourly,T54,timesfm25,tsfm,168,24,40013,13.363711675008139,16.318005737663498,0.741284468875644,5.6558337714531834,114.98979000009513,11.94287109375,,231289280,true,dcb2c10e4ac97b1d1289825869826fdec84593f7,6ac98672d6a5ec3f,true,2026-09-20T14:07:37+00:00
20260920T140330Z-gpu,electricity_hourly,T54,timesfm25,tsfm,168,24,40014,14.451528549194336,20.533738775759,0.6570950777025526,6.172364005773609,116.04622700008349,11.94287109375,,231289280,true,dcb2c10e4ac97b1d1289825869826fdec84593f7,6ac98672d6a5ec3f,true,2026-09-20T14:07:37+00:00
20260920T140330Z-gpu,electricity_hourly,T54,timesfm25,tsfm,168,24,40015,26.48970603942871,33.61768596713805,1.483670816677454,11.684501758446812,117.90177799991852,11.94287109375,,231289280,true,dcb2c10e4ac97b1d1289825869826fdec84593f7,6ac98672d6a5ec3f,true,2026-09-20T14:07:37+00:00
20260920T140330Z-gpu,electricity_hourly,T54,timesfm25,tsfm,168,24,40016,12.793010075887045,16.200888952045208,0.718204074435764,5.282206096124794,123.6788459999616,11.94287109375,,231289280,true,dcb2c10e4ac97b1d1289825869826fdec84593f7,6ac98672d6a5ec3f,true,2026-09-20T14:07:37+00:00
20260920T140330Z-gpu,electricity_hourly,T54,timesfm25,tsfm,168,24,40017,20.328214645385742,26.982815194377782,0.9715442777748248,8.121353596480745,114.98202900008891,11.94287109375,,231289280,true,dcb2c10e4ac97b1d1289825869826fdec84593f7,6ac98672d6a5ec3f,true,2026-09-20T14:07:37+00:00
20260920T140330Z-gpu,electricity_hourly,T54,timesfm25,tsfm,168,24,40018,24.26451301574707,34.46571079238608,1.177650783372962,8.165948958593294,125.46271200005776,11.94287109375,,231289280,true,dcb2c10e4ac97b1d1289825869826fdec84593f7,6ac98672d6a5ec3f,true,2026-09-20T14:07:37+00:00
20260920T140330Z-gpu,electricity_hourly,T54,timesfm25,tsfm,168,24,40019,20.389750162760418,24.148083585779517,0.7334808951879841,6.865669535660173,111.96807600003922,11.94287109375,,231289280,true,dcb2c10e4ac97b1d1289825869826fdec84593f7,6ac98672d6a5ec3f,true,2026-09-20T14:07:37+00:00
20260920T140330Z-gpu,electricity_hourly,T54,timesfm25,tsfm,168,24,40020,29.660947799682617,34.38142341706775,1.1641255064470692,8.193972138400492,122.35880299999735,11.94287109375,,231289280,true,dcb2c10e4ac97b1d1289825869826fdec84593f7,6ac98672d6a5ec3f,true,2026-09-20T14:07:37+00:00
20260920T140330Z-gpu,electricity_hourly,T54,timesfm25,tsfm,168,24,40021,16.06591542561849,23.39488362023879,0.501081182865294,4.339964745247717,121.28266799993526,11.94287109375,,231289280,true,dcb2c10e4ac97b1d1289825869826fdec84593f7,6ac98672d6a5ec3f,true,2026-09-20T14:07:37+00:00
20260920T140330Z-gpu,electricity_hourly,T54,chronos_bolt,tsfm,168,24,40000,13.343970934549967,15.972296134399251,0.8970736762722666,6.795046299916792,36.62861200007228,1.0751953125,,205292928,true,dcb2c10e4ac97b1d1289825869826fdec84593f7,6ac98672d6a5ec3f,true,2026-09-20T14:07:42+00:00
20260920T140330Z-gpu,electricity_hourly,T54,chronos_bolt,tsfm,168,24,40001,10.672204971313477,12.816337555663011,0.46654447962026124,4.852266961776532,36.33844500006944,1.0751953125,,205292928,true,dcb2c10e4ac97b1d1289825869826fdec84593f7,6ac98672d6a5ec3f,true,2026-09-20T14:07:42+00:00
20260920T140330Z-gpu,electricity_hourly,T54,chronos_bolt,tsfm,168,24,40002,9.481254577636719,11.742054348173468,0.6424944278492647,4.472886892960217,32.21948800000973,1.0751953125,,205292928,true,dcb2c10e4ac97b1d1289825869826fdec84593f7,6ac98672d6a5ec3f,true,2026-09-20T14:07:42+00:00
20260920T140330Z-gpu,electricity_hourly,T54,chronos_bolt,tsfm,168,24,40003,13.695854822794596,15.300647804426676,0.6294934869078909,6.486980409648803,35.80120899994199,1.0751953125,,205292928,true,dcb2c10e4ac97b1d1289825869826fdec84593f7,6ac98672d6a5ec3f,true,2026-09-20T14:07:42+00:00
20260920T140330Z-gpu,electricity_hourly,T54,chronos_bolt,tsfm,168,24,40004,12.853612899780273,19.1607888359376,0.6733067506614621,5.89988235314734,35.20545399999264,1.0751953125,,205292928,true,dcb2c10e4ac97b1d1289825869826fdec84593f7,6ac98672d6a5ec3f,true,2026-09-20T14:07:42+00:00
20260920T140330Z-gpu,electricity_hourly,T54,chronos_bolt,tsfm,168,24,40005,15.34170913696289,17.716442079120874,0.4533564776775408,6.70181661257911,35.961781999958475,1.0751953125,,205292928,true,dcb2c10e4ac97b1d1289825869826fdec84593f7,6ac98672d6a5ec3f,true,2026-09-20T14:07:42+00:00
20260920T140330Z-gpu,electricity_hourly,T54,chronos_bolt,tsfm,168,24,40006,22.156779607137043,27.36863431380443,0.8887399062472797,8.67514950742034,35.67827400001988,1.0751953125,,205292928,true,dcb2c10e4ac97b1d1289825869826fdec84593f7,6ac98672d6a5ec3f,true,2026-09-20T14:07:42+00:00
20260920T140330Z-gpu,electricity_hourly,T54,chronos_bolt,tsfm,168,24,40007,14.355062484741211,16.85722633071875,0.5641727614090433,6.951845041098155,33.7785399999575,1.0751953125,,205292928,true,dcb2c10e4ac97b1d1289825869826fdec84593f7,6ac98672d6a5ec3f,true,2026-09-20T14:07:42+00:00
20260920T140330Z-gpu,electricity_hourly,T54,chronos_bolt,tsfm,168,24,40008,14.359148661295572,17.320691056122257,0.7316763649067808,6.2778419014960285,35.596903000055136,1.0751953125,,205292928,true,dcb2c10e4ac97b1d1289825869826fdec84593f7,6ac98672d6a5ec3f,true,2026-09-20T14:07:42+00:00
20260920T140330Z-gpu,electricity_hourly,T54,chronos_bolt,tsfm,168,24,40009,8.150299072265625,9.507880586526815,0.42802445893736324,3.7497859309403725,36.000980999915555,1.0751953125,,205292928,true,dcb2c10e4ac97b1d1289825869826fdec84593f7,6ac98672d6a5ec3f,true,2026-09-20T14:07:42+00:00
20260920T140330Z-gpu,electricity_hourly,T54,chronos_bolt,tsfm,168,24,40010,12.595410664876303,20.714172700553533,0.6484587542875179,5.01013560776821,33.02360700001827,1.0751953125,,205292928,true,dcb2c10e4ac97b1d1289825869826fdec84593f7,6ac98672d6a5ec3f,true,2026-09-20T14:07:42+00:00
20260920T140330Z-gpu,electricity_hourly,T54,chronos_bolt,tsfm,168,24,40011,13.869038263956705,16.690769999064173,0.8553068565352314,6.419990114735362,32.917687999997725,1.0751953125,,205292928,true,dcb2c10e4ac97b1d1289825869826fdec84593f7,6ac98672d6a5ec3f,true,2026-09-20T14:07:42+00:00
20260920T140330Z-gpu,electricity_hourly,T54,chronos_bolt,tsfm,168,24,40012,6.438550313313802,8.42015410033314,0.35346978464246565,3.042561799410855,32.76453400007995,1.0751953125,,205292928,true,dcb2c10e4ac97b1d1289825869826fdec84593f7,6ac98672d6a5ec3f,true,2026-09-20T14:07:42+00:00
20260920T140330Z-gpu,electricity_hourly,T54,chronos_bolt,tsfm,168,24,40013,9.880895614624023,12.80744789042494,0.5480928229991754,4.413659471545109,35.88450600000215,1.0751953125,,205292928,true,dcb2c10e4ac97b1d1289825869826fdec84593f7,6ac98672d6a5ec3f,true,2026-09-20T14:07:42+00:00
20260920T140330Z-gpu,electricity_hourly,T54,chronos_bolt,tsfm,168,24,40014,8.51135508219401,11.913930649000928,0.3870019361654365,3.7416450779408845,35.8745150000459,1.0751953125,,205292928,true,dcb2c10e4ac97b1d1289825869826fdec84593f7,6ac98672d6a5ec3f,true,2026-09-20T14:07:42+00:00
20260920T140330Z-gpu,electricity_hourly,T54,chronos_bolt,tsfm,168,24,40015,10.722908655802408,14.901932687632154,0.600582981888583,4.866683053818696,35.64492800001062,1.0751953125,,205292928,true,dcb2c10e4ac97b1d1289825869826fdec84593f7,6ac98672d6a5ec3f,true,2026-09-20T14:07:42+00:00
20260920T140330Z-gpu,electricity_hourly,T54,chronos_bolt,tsfm,168,24,40016,21.52158482869466,25.52649868082359,1.2082293237161914,8.549160090634757,37.06059099999948,1.0751953125,,205292928,true,dcb2c10e4ac97b1d1289825869826fdec84593f7,6ac98672d6a5ec3f,true,2026-09-20T14:07:42+00:00
20260920T140330Z-gpu,electricity_hourly,T54,chronos_bolt,tsfm,168,24,40017,20.940866470336914,27.19902997954652,1.0008246836138452,8.187483991362189,32.870417000026464,1.0751953125,,205292928,true,dcb2c10e4ac97b1d1289825869826fdec84593f7,6ac98672d6a5ec3f,true,2026-09-20T14:07:42+00:00
20260920T140330Z-gpu,electricity_hourly,T54,chronos_bolt,tsfm,168,24,40018,22.12280527750651,31.17696609654743,1.0737054128617922,7.242523044674268,36.44907599993985,1.0751953125,,205292928,true,dcb2c10e4ac97b1d1289825869826fdec84593f7,6ac98672d6a5ec3f,true,2026-09-20T14:07:42+00:00
20260920T140330Z-gpu,electricity_hourly,T54,chronos_bolt,tsfm,168,24,40019,17.969154993693035,22.585925695460194,0.6464047761908062,6.301436195786929,36.96448900006999,1.0751953125,,205292928,true,dcb2c10e4ac97b1d1289825869826fdec84593f7,6ac98672d6a5ec3f,true,2026-09-20T14:07:42+00:00
20260920T140330Z-gpu,electricity_hourly,T54,chronos_bolt,tsfm,168,24,40020,36.65660603841146,41.285108106917136,1.4386893620962797,10.196334341229058,35.33734400002686,1.0751953125,,205292928,true,dcb2c10e4ac97b1d1289825869826fdec84593f7,6ac98672d6a5ec3f,true,2026-09-20T14:07:42+00:00
20260920T140330Z-gpu,electricity_hourly,T54,chronos_bolt,tsfm,168,24,40021,13.702495574951172,23.109569745579627,0.42736828303941277,3.5248182125118586,31.55675899995458,1.0751953125,,205292928,true,dcb2c10e4ac97b1d1289825869826fdec84593f7,6ac98672d6a5ec3f,true,2026-09-20T14:07:42+00:00
20260920T140330Z-gpu,electricity_hourly,T67,lstm,deep,168,24,50000,13.016979922814082,16.52217495106775,0.8079504779677706,7.315282032271473,325.31603000006726,16.14599609375,0.3167112649999808,4513,false,dcb2c10e4ac97b1d1289825869826fdec84593f7,6ac98672d6a5ec3f,true,2026-09-20T14:07:54+00:00
20260920T140330Z-gpu,electricity_hourly,T67,lstm,deep,168,24,50001,23.898049431824045,29.283178261660378,1.5635252695059803,13.44264218573501,319.3659730000036,16.10986328125,0.3107215239999732,4513,false,dcb2c10e4ac97b1d1289825869826fdec84593f7,6ac98672d6a5ec3f,true,2026-09-20T14:07:54+00:00
20260920T140330Z-gpu,electricity_hourly,T67,lstm,deep,168,24,50002,37.47223138315851,50.525859318981645,3.8653304578616225,21.138148142399483,342.90586299994175,16.10986328125,0.33130381600005876,4513,false,dcb2c10e4ac97b1d1289825869826fdec84593f7,6ac98672d6a5ec3f,true,2026-09-20T14:07:54+00:00
20260920T140330Z-gpu,electricity_hourly,T67,lstm,deep,168,24,50003,16.3017351281247,20.23322367533336,1.170797934389006,9.151734065433427,338.25599199997214,16.10986328125,0.32885604900002363,4513,false,dcb2c10e4ac97b1d1289825869826fdec84593f7,6ac98672d6a5ec3f,true,2026-09-20T14:07:54+00:00
20260920T140330Z-gpu,electricity_hourly,T67,lstm,deep,168,24,50004,21.904349106667965,26.4030216188604,1.7533219963091646,11.51696361552428,351.740796999934,16.10986328125,0.34242090000009284,4513,false,dcb2c10e4ac97b1d1289825869826fdec84593f7,6ac98672d6a5ec3f,true,2026-09-20T14:07:54+00:00
20260920T140330Z-gpu,electricity_hourly,T67,lstm,deep,168,24,50005,14.371717190343588,17.919026952617926,0.9679734683860977,8.209159996360714,336.4140229999748,16.10986328125,0.32743976200004,4513,false,dcb2c10e4ac97b1d1289825869826fdec84593f7,6ac98672d6a5ec3f,true,2026-09-20T14:07:54+00:00
20260920T140330Z-gpu,electricity_hourly,T67,lstm,deep,168,24,50006,32.522777113989775,37.36133332221718,2.4468547045007982,17.069331243633325,331.5445409999711,16.10986328125,0.32279674299991257,4513,false,dcb2c10e4ac97b1d1289825869826fdec84593f7,6ac98672d6a5ec3f,true,2026-09-20T14:07:54+00:00
20260920T140330Z-gpu,electricity_hourly,T67,lstm,deep,168,24,50007,12.96987749040818,16.4013049089936,1.1305462219241997,7.010741251597821,332.7347310000732,16.10986328125,0.3242722249999588,4513,false,dcb2c10e4ac97b1d1289825869826fdec84593f7,6ac98672d6a5ec3f,true,2026-09-20T14:07:54+00:00
20260920T140330Z-gpu,electricity_hourly,T67,lstm,deep,168,24,50008,9.621630814148936,13.367320905577898,0.7473111311960339,5.395370343591879,329.3801820000226,16.10986328125,0.32053749099998186,4513,false,dcb2c10e4ac97b1d1289825869826fdec84593f7,6ac98672d6a5ec3f,true,2026-09-20T14:07:54+00:00
20260920T140330Z-gpu,electricity_hourly,T67,lstm,deep,168,24,50009,17.755072755552277,21.46012100013151,1.5890183199499863,9.603432628822555,365.47409499996775,16.10986328125,0.3559938109999621,4513,false,dcb2c10e4ac97b1d1289825869826fdec84593f7,6ac98672d6a5ec3f,true,2026-09-20T14:07:54+00:00
20260920T140330Z-gpu,electricity_hourly,T67,lstm,deep,168,24,50010,19.31227875428301,25.318180913491155,1.4232180862931185,9.267116504859652,326.3736029999791,16.10986328125,0.3175258510000276,4513,false,dcb2c10e4ac97b1d1289825869826fdec84593f7,6ac98672d6a5ec3f,true,2026-09-20T14:07:54+00:00
20260920T140330Z-gpu,electricity_hourly,T67,lstm,deep,168,24,50011,17.795774182715565,23.37398889237417,1.2355793068037808,9.02033111341285,331.4748029999919,16.10986328125,0.32302715099990564,4513,false,dcb2c10e4ac97b1d1289825869826fdec84593f7,6ac98672d6a5ec3f,true,2026-09-20T14:07:54+00:00
20260920T140330Z-gpu,electricity_hourly,T67,lstm,deep,168,24,50012,33.96384716426966,47.684717918997286,2.1545347980858285,16.963041535372344,327.1957580000162,16.10986328125,0.3184374380000463,4513,false,dcb2c10e4ac97b1d1289825869826fdec84593f7,6ac98672d6a5ec3f,true,2026-09-20T14:07:54+00:00
20260920T140330Z-gpu,electricity_hourly,T67,lstm,deep,168,24,50013,15.062305227668679,20.342412200351323,0.6645134659265594,7.295703405915132,343.43685999999707,16.10986328125,0.33463416800009327,4513,false,dcb2c10e4ac97b1d1289825869826fdec84593f7,6ac98672d6a5ec3f,true,2026-09-20T14:07:54+00:00
20260920T140330Z-gpu,electricity_hourly,T67,lstm,deep,168,24,50014,22.005774002489122,32.76995128017542,1.2436544177230902,10.647316639481776,324.75163000003704,16.10986328125,0.31567336099999466,4513,false,dcb2c10e4ac97b1d1289825869826fdec84593f7,6ac98672d6a5ec3f,true,2026-09-20T14:07:54+00:00
20260920T140330Z-gpu,electricity_hourly,T67,lstm,deep,168,24,50015,25.30863214195718,32.5887056167293,1.4730974245924953,11.98670344531661,349.97165300001143,16.10986328125,0.3411491479999995,4513,false,dcb2c10e4ac97b1d1289825869826fdec84593f7,6ac98672d6a5ec3f,true,2026-09-20T14:07:54+00:00
20260920T140330Z-gpu,electricity_hourly,T67,lstm,deep,168,24,50016,17.590014999062994,21.648996139350395,1.0993759374414371,7.9344203958347626,338.85953599997265,16.10986328125,0.3301339159999088,4513,false,dcb2c10e4ac97b1d1289825869826fdec84593f7,6ac98672d6a5ec3f,true,2026-09-20T14:07:54+00:00
20260920T140330Z-gpu,electricity_hourly,T67,lstm,deep,168,24,50017,39.03126552269004,59.24169754509888,1.7198599251124131,17.868672182937786,335.57198599999083,16.10986328125,0.32709538299991436,4513,false,dcb2c10e4ac97b1d1289825869826fdec84593f7,6ac98672d6a5ec3f,true,2026-09-20T14:07:54+00:00
20260920T140330Z-gpu,electricity_hourly,T67,lstm,deep,168,24,50018,44.24985854343944,53.42691438623189,2.6773023656534782,18.699769643170285,370.63237699999263,16.10986328125,0.3618076679999831,4513,false,dcb2c10e4ac97b1d1289825869826fdec84593f7,6ac98672d6a5ec3f,true,2026-09-20T14:07:54+00:00
20260920T140330Z-gpu,electricity_hourly,T67,lstm,deep,168,24,50019,30.048791637424557,42.668050871490244,1.5404150928405613,12.125257654233181,325.836678000087,16.10986328125,0.31717421200005447,4513,false,dcb2c10e4ac97b1d1289825869826fdec84593f7,6ac98672d6a5ec3f,true,2026-09-20T14:07:54+00:00
20260920T140330Z-gpu,electricity_hourly,T67,lstm,deep,168,24,50020,35.59679909608201,44.41199531351469,1.6806357606019044,13.393803102455681,342.828389000033,16.10986328125,0.3334818549999454,4513,false,dcb2c10e4ac97b1d1289825869826fdec84593f7,6ac98672d6a5ec3f,true,2026-09-20T14:07:54+00:00
20260920T140330Z-gpu,electricity_hourly,T67,lstm,deep,168,24,50021,27.05624334928709,35.38288935122014,1.002083087010633,9.712582657725266,341.22687900003257,16.10986328125,0.33148676300004354,4513,false,dcb2c10e4ac97b1d1289825869826fdec84593f7,6ac98672d6a5ec3f,true,2026-09-20T14:07:54+00:00
20260920T140330Z-gpu,electricity_hourly,T67,transformer,deep,168,24,50000,14.515001621101566,17.20621861226691,0.9009311351028558,8.128363479060784,577.1347999999534,10.6845703125,0.5759240950000049,19232,false,dcb2c10e4ac97b1d1289825869826fdec84593f7,6ac98672d6a5ec3f,true,2026-09-20T14:08:12+00:00
20260920T140330Z-gpu,electricity_hourly,T67,transformer,deep,168,24,50001,17.92775919716097,22.95691244950574,1.1729201837306586,9.995790027515334,592.5816520000353,10.525390625,0.5914762120000887,19232,false,dcb2c10e4ac97b1d1289825869826fdec84593f7,6ac98672d6a5ec3f,true,2026-09-20T14:08:12+00:00
20260920T140330Z-gpu,electricity_hourly,T67,transformer,deep,168,24,50002,20.189291503441336,25.08728911877427,2.082563020412287,11.958818805020076,589.2408199999863,10.525390625,0.5881297870000708,19232,false,dcb2c10e4ac97b1d1289825869826fdec84593f7,6ac98672d6a5ec3f,true,2026-09-20T14:08:12+00:00
20260920T140330Z-gpu,electricity_hourly,T67,transformer,deep,168,24,50003,13.466815025105584,18.25440359554505,0.9671927000574584,7.148904178465661,572.2242650000453,10.525390625,0.5711014800000385,19232,false,dcb2c10e4ac97b1d1289825869826fdec84593f7,6ac98672d6a5ec3f,true,2026-09-20T14:08:12+00:00
20260920T140330Z-gpu,electricity_hourly,T67,transformer,deep,168,24,50004,21.833536227193253,26.373247823271058,1.7476538169626619,11.479698243116115,585.7564830000683,10.525390625,0.5845848930000557,19232,false,dcb2c10e4ac97b1d1289825869826fdec84593f7,6ac98672d6a5ec3f,true,2026-09-20T14:08:12+00:00
20260920T140330Z-gpu,electricity_hourly,T67,transformer,deep,168,24,50005,18.44712400637714,23.26697733141128,1.2424629826558973,10.00286836483874,575.3467060000048,10.525390625,0.5742042739999533,19232,false,dcb2c10e4ac97b1d1289825869826fdec84593f7,6ac98672d6a5ec3f,true,2026-09-20T14:08:12+00:00
20260920T140330Z-gpu,electricity_hourly,T67,transformer,deep,168,24,50006,23.033050555461035,25.48625325154615,1.7328940856773194,12.612810600054383,596.9631719999597,10.525390625,0.595769697000037,19232,false,dcb2c10e4ac97b1d1289825869826fdec84593f7,6ac98672d6a5ec3f,true,2026-09-20T14:08:12+00:00
20260920T140330Z-gpu,electricity_hourly,T67,transformer,deep,168,24,50007,29.635803482443425,35.75768203121426,2.583266163118555,14.978974841895045,589.7554599999921,10.525390625,0.5886297349999268,19232,false,dcb2c10e4ac97b1d1289825869826fdec84593f7,6ac98672d6a5ec3f,true,2026-09-20T14:08:12+00:00
20260920T140330Z-gpu,electricity_hourly,T67,transformer,deep,168,24,50008,12.653291988655338,15.784436755512903,0.9827799602839098,6.795314678690266,578.3648950000497,10.525390625,0.5771842169999672,19232,false,dcb2c10e4ac97b1d1289825869826fdec84593f7,6ac98672d6a5ec3f,true,2026-09-20T14:08:12+00:00
20260920T140330Z-gpu,electricity_hourly,T67,transformer,deep,168,24,50009,19.828025908768456,23.32144145486511,1.77454054124466,10.477939959324695,635.9615520000261,10.525390625,0.6348593860000165,19232,false,dcb2c10e4ac97b1d1289825869826fdec84593f7,6ac98672d6a5ec3f,true,2026-09-20T14:08:12+00:00
20260920T140330Z-gpu,electricity_hourly,T67,transformer,deep,168,24,50010,33.537403801113825,46.1353313946228,2.471538458219238,16.610191925160226,600.8793849999847,10.525390625,0.5997337459999699,19232,false,dcb2c10e4ac97b1d1289825869826fdec84593f7,6ac98672d6a5ec3f,true,2026-09-20T14:08:12+00:00
20260920T140330Z-gpu,electricity_hourly,T67,transformer,deep,168,24,50011,29.391625680980592,35.146900477990265,2.040691464831825,14.69981228213977,569.731016999981,10.525390625,0.5686456769999495,19232,false,dcb2c10e4ac97b1d1289825869826fdec84593f7,6ac98672d6a5ec3f,true,2026-09-20T14:08:12+00:00
20260920T140330Z-gpu,electricity_hourly,T67,transformer,deep,168,24,50012,25.743311547653054,31.343326483455396,1.6330558867233655,13.044604083702428,584.273144000008,10.525390625,0.583149370000001,19232,false,dcb2c10e4ac97b1d1289825869826fdec84593f7,6ac98672d6a5ec3f,true,2026-09-20T14:08:12+00:00
20260920T140330Z-gpu,electricity_hourly,T67,transformer,deep,168,24,50013,23.22612735018063,30.46522992215973,1.024682088978557,11.41176859261594,583.6849999999458,10.525390625,0.5824126620000243,19232,false,dcb2c10e4ac97b1d1289825869826fdec84593f7,6ac98672d6a5ec3f,true,2026-09-20T14:08:12+00:00
20260920T140330Z-gpu,electricity_hourly,T67,transformer,deep,168,24,50014,51.958521306209455,66.56870127945713,2.936431345405872,24.635594981384813,592.3869980000518,10.525390625,0.5911814190000086,19232,false,dcb2c10e4ac97b1d1289825869826fdec84593f7,6ac98672d6a5ec3f,true,2026-09-20T14:08:12+00:00
20260920T140330Z-gpu,electricity_hourly,T67,transformer,deep,168,24,50015,13.553135269847587,16.45540676955556,0.7888647853104496,6.844559521196601,596.2628910000376,10.525390625,0.5950888940000141,19232,false,dcb2c10e4ac97b1d1289825869826fdec84593f7,6ac98672d6a5ec3f,true,2026-09-20T14:08:12+00:00
20260920T140330Z-gpu,electricity_hourly,T67,transformer,deep,168,24,50016,68.36766511990879,82.33393048858667,4.2729790699942996,30.955633199533256,587.8474920000372,10.525390625,0.5866293340000084,19232,false,dcb2c10e4ac97b1d1289825869826fdec84593f7,6ac98672d6a5ec3f,true,2026-09-20T14:08:12+00:00
20260920T140330Z-gpu,electricity_hourly,T67,transformer,deep,168,24,50017,32.258582298687834,42.72046112751737,1.421430798962989,15.456993766681368,597.3117400000092,10.525390625,0.5961499809999395,19232,false,dcb2c10e4ac97b1d1289825869826fdec84593f7,6ac98672d6a5ec3f,true,2026-09-20T14:08:12+00:00
20260920T140330Z-gpu,electricity_hourly,T67,transformer,deep,168,24,50018,60.81159084824585,72.60622458025036,3.6793567572047907,27.46898437304513,592.0250819999637,10.525390625,0.5907892220000122,19232,false,dcb2c10e4ac97b1d1289825869826fdec84593f7,6ac98672d6a5ec3f,true,2026-09-20T14:08:12+00:00
20260920T140330Z-gpu,electricity_hourly,T67,transformer,deep,168,24,50019,27.513168489710466,30.58298097369319,1.4104294277388065,11.751453536438945,641.9124730000476,10.525390625,0.6405977860000576,19232,false,dcb2c10e4ac97b1d1289825869826fdec84593f7,6ac98672d6a5ec3f,true,2026-09-20T14:08:12+00:00
20260920T140330Z-gpu,electricity_hourly,T67,transformer,deep,168,24,50020,21.675817544391535,27.375907197008928,1.023382861112256,9.069160127177678,606.0052939999423,10.525390625,0.6048443500000076,19232,false,dcb2c10e4ac97b1d1289825869826fdec84593f7,6ac98672d6a5ec3f,true,2026-09-20T14:08:12+00:00
20260920T140330Z-gpu,electricity_hourly,T67,transformer,deep,168,24,50021,24.43905449280226,32.877245863605204,0.9051501664000837,8.812703272263988,610.5557420000878,10.525390625,0.6090246330001037,19232,false,dcb2c10e4ac97b1d1289825869826fdec84593f7,6ac98672d6a5ec3f,true,2026-09-20T14:08:12+00:00
20260920T140330Z-gpu,electricity_hourly,T67,timesfm25,tsfm,168,24,50000,8.475149472554525,11.312243361709157,0.5260437603654533,4.640102083135376,119.54258599996592,11.94287109375,,231289280,true,dcb2c10e4ac97b1d1289825869826fdec84593f7,6ac98672d6a5ec3f,true,2026-09-20T14:08:19+00:00
20260920T140330Z-gpu,electricity_hourly,T67,timesfm25,tsfm,168,24,50001,17.711865107218426,22.337227217585077,1.1587953545840315,9.810081092924882,113.60077400001956,11.94287109375,,231289280,true,dcb2c10e4ac97b1d1289825869826fdec84593f7,6ac98672d6a5ec3f,true,2026-09-20T14:08:19+00:00
20260920T140330Z-gpu,electricity_hourly,T67,timesfm25,tsfm,168,24,50002,10.063669840494791,13.466002789998893,1.038086287271669,6.295524765382221,122.67357800010359,11.94287109375,,231289280,true,dcb2c10e4ac97b1d1289825869826fdec84593f7,6ac98672d6a5ec3f,true,2026-09-20T14:08:19+00:00
20260920T140330Z-gpu,electricity_hourly,T67,timesfm25,tsfm,168,24,50003,9.238197962443033,13.087245446886442,0.6634915244846867,4.995290232575355,123.76008199998978,11.94287109375,,231289280,true,dcb2c10e4ac97b1d1289825869826fdec84593f7,6ac98672d6a5ec3f,true,2026-09-20T14:08:19+00:00
20260920T140330Z-gpu,electricity_hourly,T67,timesfm25,tsfm,168,24,50004,13.743190129597982,16.83383606764003,1.1000663583446968,7.108619333930613,124.0048659999502,11.94287109375,,231289280,true,dcb2c10e4ac97b1d1289825869826fdec84593f7,6ac98672d6a5ec3f,true,2026-09-20T14:08:19+00:00
20260920T140330Z-gpu,electricity_hourly,T67,timesfm25,tsfm,168,24,50005,9.998388290405273,13.639922019905432,0.6734181074922168,5.441472899642008,120.64659100008157,11.94287109375,,231289280,true,dcb2c10e4ac97b1d1289825869826fdec84593f7,6ac98672d6a5ec3f,true,2026-09-20T14:08:19+00:00
20260920T140330Z-gpu,electricity_hourly,T67,timesfm25,tsfm,168,24,50006,21.043498357137043,23.726884247349386,1.5832099077469877,11.74019935885933,122.42255399996793,11.94287109375,,231289280,true,dcb2c10e4ac97b1d1289825869826fdec84593f7,6ac98672d6a5ec3f,true,2026-09-20T14:08:19+00:00
20260920T140330Z-gpu,electricity_hourly,T67,timesfm25,tsfm,168,24,50007,7.476860046386719,9.871231931446506,0.6517359846729344,3.872287455558965,117.17737000003581,11.94287109375,,231289280,true,dcb2c10e4ac97b1d1289825869826fdec84593f7,6ac98672d6a5ec3f,true,2026-09-20T14:08:19+00:00
20260920T140330Z-gpu,electricity_hourly,T67,timesfm25,tsfm,168,24,50008,9.97634251912435,13.426551719650288,0.7748615548834447,5.289509286592433,116.76591799994185,11.94287109375,,231289280,true,dcb2c10e4ac97b1d1289825869826fdec84593f7,6ac98672d6a5ec3f,true,2026-09-20T14:08:19+00:00
20260920T140330Z-gpu,electricity_hourly,T67,timesfm25,tsfm,168,24,50009,14.854395548502604,19.545406668480826,1.329417625223353,8.04713449182352,132.80579400009174,11.94287109375,,231289280,true,dcb2c10e4ac97b1d1289825869826fdec84593f7,6ac98672d6a5ec3f,true,2026-09-20T14:08:19+00:00
20260920T140330Z-gpu,electricity_hourly,T67,timesfm25,tsfm,168,24,50010,10.782175064086914,13.758601259776924,0.7945922258078381,5.300885948311089,124.63178300004074,11.94287109375,,231289280,true,dcb2c10e4ac97b1d1289825869826fdec84593f7,6ac98672d6a5ec3f,true,2026-09-20T14:08:19+00:00
20260920T140330Z-gpu,electricity_hourly,T67,timesfm25,tsfm,168,24,50011,13.69291877746582,17.575558815248865,0.9507137434691794,7.160744168520735,120.76765000006162,11.94287109375,,231289280,true,dcb2c10e4ac97b1d1289825869826fdec84593f7,6ac98672d6a5ec3f,true,2026-09-20T14:08:19+00:00
20260920T140330Z-gpu,electricity_hourly,T67,timesfm25,tsfm,168,24,50012,11.772859573364258,15.126902672645421,0.7468245720548251,6.104511691302728,124.40088599998944,11.94287109375,,231289280,true,dcb2c10e4ac97b1d1289825869826fdec84593f7,6ac98672d6a5ec3f,true,2026-09-20T14:08:19+00:00
20260920T140330Z-gpu,electricity_hourly,T67,timesfm25,tsfm,168,24,50013,13.529584884643555,16.34751460164073,0.596893450793098,6.539157593201936,125.85392099992987,11.94287109375,,231289280,true,dcb2c10e4ac97b1d1289825869826fdec84593f7,6ac98672d6a5ec3f,true,2026-09-20T14:08:19+00:00
20260920T140330Z-gpu,electricity_hourly,T67,timesfm25,tsfm,168,24,50014,16.249287923177082,21.966651782191626,0.9183271039786107,8.664257849597167,124.28090299999894,11.94287109375,,231289280,true,dcb2c10e4ac97b1d1289825869826fdec84593f7,6ac98672d6a5ec3f,true,2026-09-20T14:08:19+00:00
20260920T140330Z-gpu,electricity_hourly,T67,timesfm25,tsfm,168,24,50015,8.80657704671224,11.690721483669696,0.5125897715143745,4.5354141332429885,126.21231600007832,11.94287109375,,231289280,true,dcb2c10e4ac97b1d1289825869826fdec84593f7,6ac98672d6a5ec3f,true,2026-09-20T14:08:19+00:00
20260920T140330Z-gpu,electricity_hourly,T67,timesfm25,tsfm,168,24,50016,16.599214553833008,21.80096434029204,1.037450909614563,7.8158975366066485,123.07411300002968,11.94287109375,,231289280,true,dcb2c10e4ac97b1d1289825869826fdec84593f7,6ac98672d6a5ec3f,true,2026-09-20T14:08:19+00:00
20260920T140330Z-gpu,electricity_hourly,T67,timesfm25,tsfm,168,24,50017,7.778186162312825,9.671017119427725,0.34273525317412695,3.5926321212895567,126.12283300006766,11.94287109375,,231289280,true,dcb2c10e4ac97b1d1289825869826fdec84593f7,6ac98672d6a5ec3f,true,2026-09-20T14:08:19+00:00
20260920T140330Z-gpu,electricity_hourly,T67,timesfm25,tsfm,168,24,50018,17.709115346272785,20.90019775435689,1.071475886497177,8.1718620620179,123.86883700003182,11.94287109375,,231289280,true,dcb2c10e4ac97b1d1289825869826fdec84593f7,6ac98672d6a5ec3f,true,2026-09-20T14:08:19+00:00
20260920T140330Z-gpu,electricity_hourly,T67,timesfm25,tsfm,168,24,50019,11.818620045979818,16.662930853587543,0.6058673145678511,4.6588063105092745,117.42365999998583,11.94287109375,,231289280,true,dcb2c10e4ac97b1d1289825869826fdec84593f7,6ac98672d6a5ec3f,true,2026-09-20T14:08:19+00:00
20260920T140330Z-gpu,electricity_hourly,T67,timesfm25,tsfm,168,24,50020,16.36913808186849,21.634484562726822,0.7728379946849384,5.729736719460154,126.6468569999688,11.94287109375,,231289280,true,dcb2c10e4ac97b1d1289825869826fdec84593f7,6ac98672d6a5ec3f,true,2026-09-20T14:08:19+00:00
20260920T140330Z-gpu,electricity_hourly,T67,timesfm25,tsfm,168,24,50021,24.496885935465496,29.076547535337223,0.9072920716839072,8.971310439243107,126.29106499991849,11.94287109375,,231289280,true,dcb2c10e4ac97b1d1289825869826fdec84593f7,6ac98672d6a5ec3f,true,2026-09-20T14:08:19+00:00
20260920T140330Z-gpu,electricity_hourly,T67,chronos_bolt,tsfm,168,24,50000,8.625109990437826,11.488248182010484,0.5353516545788995,4.762841588485042,35.15426000001298,1.0751953125,,205292928,true,dcb2c10e4ac97b1d1289825869826fdec84593f7,6ac98672d6a5ec3f,true,2026-09-20T14:08:24+00:00
20260920T140330Z-gpu,electricity_hourly,T67,chronos_bolt,tsfm,168,24,50001,16.61317729949951,21.8805635101328,1.086913916914098,9.194180829531112,37.82977100001972,1.0751953125,,205292928,true,dcb2c10e4ac97b1d1289825869826fdec84593f7,6ac98672d6a5ec3f,true,2026-09-20T14:08:24+00:00
20260920T140330Z-gpu,electricity_hourly,T67,chronos_bolt,tsfm,168,24,50002,8.168976783752441,10.99288781921734,0.8426451696707389,4.9699831897422335,36.622242999897026,1.0751953125,,205292928,true,dcb2c10e4ac97b1d1289825869826fdec84593f7,6ac98672d6a5ec3f,true,2026-09-20T14:08:24+00:00
20260920T140330Z-gpu,electricity_hourly,T67,chronos_bolt,tsfm,168,24,50003,8.538256963094076,12.083981764405952,0.6132214477234649,4.620593734364242,36.36229200003527,1.0751953125,,205292928,true,dcb2c10e4ac97b1d1289825869826fdec84593f7,6ac98672d6a5ec3f,true,2026-09-20T14:08:24+00:00
20260920T140330Z-gpu,electricity_hourly,T67,chronos_bolt,tsfm,168,24,50004,9.947395324707031,12.143883341968653,0.7962339781866662,5.348752638014438,37.02630700001919,1.0751953125,,205292928,true,dcb2c10e4ac97b1d1289825869826fdec84593f7,6ac98672d6a5ec3f,true,2026-09-20T14:08:24+00:00
20260920T140330Z-gpu,electricity_hourly,T67,chronos_bolt,tsfm,168,24,50005,8.794979731241861,11.506245081112436,0.5923653326935585,4.877268051176905,35.162101999958395,1.0751953125,,205292928,true,dcb2c10e4ac97b1d1289825869826fdec84593f7,6ac98672d6a5ec3f,true,2026-09-20T14:08:24+00:00
20260920T140330Z-gpu,electricity_hourly,T67,chronos_bolt,tsfm,168,24,50006,27.114710489908855,31.558563345916305,2.0399782186765285,14.939234607298049,34.853521999934856,1.0751953125,,205292928,true,dcb2c10e4ac97b1d1289825869826fdec84593f7,6ac98672d6a5ec3f,true,2026-09-20T14:08:24+00:00
20260920T140330Z-gpu,electricity_hourly,T67,chronos_bolt,tsfm,168,24,50007,7.125540415445964,8.966109543379254,0.6211124817337886,3.789842618541086,34.567848999927264,1.0751953125,,205292928,true,dcb2c10e4ac97b1d1289825869826fdec84593f7,6ac98672d6a5ec3f,true,2026-09-20T14:08:24+00:00
20260920T140330Z-gpu,electricity_hourly,T67,chronos_bolt,tsfm,168,24,50008,8.894832611083984,12.719632015756273,0.6908607853269114,4.684500553004219,37.81248299992512,1.0751953125,,205292928,true,dcb2c10e4ac97b1d1289825869826fdec84593f7,6ac98672d6a5ec3f,true,2026-09-20T14:08:24+00:00
20260920T140330Z-gpu,electricity_hourly,T67,chronos_bolt,tsfm,168,24,50009,12.831799189249674,17.260642995480488,1.1484021648551603,6.96238294305467,35.09317199996076,1.0751953125,,205292928,true,dcb2c10e4ac97b1d1289825869826fdec84593f7,6ac98672d6a5ec3f,true,2026-09-20T14:08:24+00:00
20260920T140330Z-gpu,electricity_hourly,T67,chronos_bolt,tsfm,168,24,50010,9.382366180419922,12.122311217814268,0.6914333316174354,4.6469958467529295,34.80692400000862,1.0751953125,,205292928,true,dcb2c10e4ac97b1d1289825869826fdec84593f7,6ac98672d6a5ec3f,true,2026-09-20T14:08:24+00:00
20260920T140330Z-gpu,electricity_hourly,T67,chronos_bolt,tsfm,168,24,50011,13.92770512898763,18.941221629922655,0.9670152066413784,7.436804963537175,34.331147000102646,1.0751953125,,205292928,true,dcb2c10e4ac97b1d1289825869826fdec84593f7,6ac98672d6a5ec3f,true,2026-09-20T14:08:24+00:00
20260920T140330Z-gpu,electricity_hourly,T67,chronos_bolt,tsfm,168,24,50012,8.037106196085611,9.983466252537836,0.5098428600160035,4.287889588409176,34.299257000043326,1.0751953125,,205292928,true,dcb2c10e4ac97b1d1289825869826fdec84593f7,6ac98672d6a5ec3f,true,2026-09-20T14:08:24+00:00
20260920T140330Z-gpu,electricity_hourly,T67,chronos_bolt,tsfm,168,24,50013,14.364545822143555,17.528560189316785,0.6337299627416274,6.890406291209122,45.16951099992639,1.0751953125,,205292928,true,dcb2c10e4ac97b1d1289825869826fdec84593f7,6ac98672d6a5ec3f,true,2026-09-20T14:08:24+00:00
20260920T140330Z-gpu,electricity_hourly,T67,chronos_bolt,tsfm,168,24,50014,15.201534907023111,21.561116431143812,0.859113432736,8.286465713441876,38.17575100003978,1.0751953125,,205292928,true,dcb2c10e4ac97b1d1289825869826fdec84593f7,6ac98672d6a5ec3f,true,2026-09-20T14:08:24+00:00
20260920T140330Z-gpu,electricity_hourly,T67,chronos_bolt,tsfm,168,24,50015,9.34170913696289,12.84451001177437,0.5437373143583897,4.7019742432519465,36.404401000027065,1.0751953125,,205292928,true,dcb2c10e4ac97b1d1289825869826fdec84593f7,6ac98672d6a5ec3f,true,2026-09-20T14:08:24+00:00
20260920T140330Z-gpu,electricity_hourly,T67,chronos_bolt,tsfm,168,24,50016,12.460826873779297,17.587167392753816,0.778801679611206,6.07775744450863,37.2862740000528,1.0751953125,,205292928,true,dcb2c10e4ac97b1d1289825869826fdec84593f7,6ac98672d6a5ec3f,true,2026-09-20T14:08:24+00:00
20260920T140330Z-gpu,electricity_hourly,T67,chronos_bolt,tsfm,168,24,50017,9.463432312011719,12.884777143410247,0.41699334544972083,4.218468957738574,34.45605699994303,1.0751953125,,205292928,true,dcb2c10e4ac97b1d1289825869826fdec84593f7,6ac98672d6a5ec3f,true,2026-09-20T14:08:24+00:00
20260920T140330Z-gpu,electricity_hourly,T67,chronos_bolt,tsfm,168,24,50018,9.365992228190104,12.353040728630637,0.5666818827140231,4.270898265267864,33.64692399998148,1.0751953125,,205292928,true,dcb2c10e4ac97b1d1289825869826fdec84593f7,6ac98672d6a5ec3f,true,2026-09-20T14:08:24+00:00
20260920T140330Z-gpu,electricity_hourly,T67,chronos_bolt,tsfm,168,24,50019,10.733303705851236,15.435005868437857,0.5502298802572368,4.299436503610781,34.30848799996511,1.0751953125,,205292928,true,dcb2c10e4ac97b1d1289825869826fdec84593f7,6ac98672d6a5ec3f,true,2026-09-20T14:08:24+00:00
20260920T140330Z-gpu,electricity_hourly,T67,chronos_bolt,tsfm,168,24,50020,28.51474952697754,34.07218890564316,1.3462701416015623,10.508731793012727,34.5965740000338,1.0751953125,,205292928,true,dcb2c10e4ac97b1d1289825869826fdec84593f7,6ac98672d6a5ec3f,true,2026-09-20T14:08:24+00:00
20260920T140330Z-gpu,electricity_hourly,T67,chronos_bolt,tsfm,168,24,50021,21.57906150817871,28.679774268604294,0.7992245003029153,7.685153265976495,37.8101810000544,1.0751953125,,205292928,true,dcb2c10e4ac97b1d1289825869826fdec84593f7,6ac98672d6a5ec3f,true,2026-09-20T14:08:24+00:00
20260920T140330Z-gpu,electricity_hourly,T81,lstm,deep,168,24,60000,87.28280249641033,111.02180472923011,0.7905852031376958,14.22042635455841,355.6375560000333,16.14599609375,0.34644617799995103,4513,false,dcb2c10e4ac97b1d1289825869826fdec84593f7,6ac98672d6a5ec3f,true,2026-09-20T14:08:36+00:00
20260920T140330Z-gpu,electricity_hourly,T81,lstm,deep,168,24,60001,107.68198575460417,141.9638026504351,0.970411536933663,16.061659707256492,335.4971820000401,16.10986328125,0.3260184669999262,4513,false,dcb2c10e4ac97b1d1289825869826fdec84593f7,6ac98672d6a5ec3f,true,2026-09-20T14:08:36+00:00
20260920T140330Z-gpu,electricity_hourly,T81,lstm,deep,168,24,60002,155.7981256357799,191.52747760204105,2.117301820644801,21.33032884296466,329.7660349999205,16.10986328125,0.32100899600004595,4513,false,dcb2c10e4ac97b1d1289825869826fdec84593f7,6ac98672d6a5ec3f,true,2026-09-20T14:08:36+00:00
20260920T140330Z-gpu,electricity_hourly,T81,lstm,deep,168,24,60003,103.49549562771573,135.85618089307386,1.154046102709545,16.169490989348574,377.6953929999536,16.10986328125,0.36824433399999634,4513,false,dcb2c10e4ac97b1d1289825869826fdec84593f7,6ac98672d6a5ec3f,true,2026-09-20T14:08:36+00:00
20260920T140330Z-gpu,electricity_hourly,T81,lstm,deep,168,24,60004,215.80431156375963,267.72094180910483,2.156994576607301,25.18340167001111,330.3205720000051,16.10986328125,0.32104313899992576,4513,false,dcb2c10e4ac97b1d1289825869826fdec84593f7,6ac98672d6a5ec3f,true,2026-09-20T14:08:36+00:00
20260920T140330Z-gpu,electricity_hourly,T81,lstm,deep,168,24,60005,220.27266761302357,271.6936886043688,1.982454008517212,26.464652912498217,337.7479669999275,16.10986328125,0.3283896030000051,4513,false,dcb2c10e4ac97b1d1289825869826fdec84593f7,6ac98672d6a5ec3f,true,2026-09-20T14:08:36+00:00
20260920T140330Z-gpu,electricity_hourly,T81,lstm,deep,168,24,60006,165.705063666246,208.16310313437498,1.4392622696145378,19.20245720793512,332.0519520000289,16.10986328125,0.3227028119999886,4513,false,dcb2c10e4ac97b1d1289825869826fdec84593f7,6ac98672d6a5ec3f,true,2026-09-20T14:08:36+00:00
20260920T140330Z-gpu,electricity_hourly,T81,lstm,deep,168,24,60007,210.78557960145758,236.44168594462846,2.456549325235504,29.352991163902537,332.5581870000178,16.10986328125,0.32371423300003244,4513,false,dcb2c10e4ac97b1d1289825869826fdec84593f7,6ac98672d6a5ec3f,true,2026-09-20T14:08:36+00:00
20260920T140330Z-gpu,electricity_hourly,T81,lstm,deep,168,24,60008,139.7598617431042,170.83658260129351,1.5093310402735116,20.43446445902745,336.22669700002916,16.10986328125,0.3270837480000637,4513,false,dcb2c10e4ac97b1d1289825869826fdec84593f7,6ac98672d6a5ec3f,true,2026-09-20T14:08:36+00:00
20260920T140330Z-gpu,electricity_hourly,T81,lstm,deep,168,24,60009,100.14824269429532,142.36619250506192,1.2119797418252396,16.397900157425408,347.2647060000327,16.10986328125,0.3381344040000158,4513,false,dcb2c10e4ac97b1d1289825869826fdec84593f7,6ac98672d6a5ec3f,true,2026-09-20T14:08:36+00:00
20260920T140330Z-gpu,electricity_hourly,T81,lstm,deep,168,24,60010,77.32658901063003,95.92401206639722,0.8292395604357108,10.907065024414925,337.1591720000424,16.10986328125,0.3279242300000078,4513,false,dcb2c10e4ac97b1d1289825869826fdec84593f7,6ac98672d6a5ec3f,true,2026-09-20T14:08:36+00:00
20260920T140330Z-gpu,electricity_hourly,T81,lstm,deep,168,24,60011,189.29561340965247,229.9827508956415,2.1302413512808656,25.470913580914576,345.76672900004723,16.10986328125,0.3362651579999465,4513,false,dcb2c10e4ac97b1d1289825869826fdec84593f7,6ac98672d6a5ec3f,true,2026-09-20T14:08:36+00:00
20260920T140330Z-gpu,electricity_hourly,T81,lstm,deep,168,24,60012,60.07643209058394,76.99539625846255,0.6616448352614981,9.298973797681327,330.7910930000162,16.10986328125,0.3216042029999926,4513,false,dcb2c10e4ac97b1d1289825869826fdec84593f7,6ac98672d6a5ec3f,true,2026-09-20T14:08:36+00:00
20260920T140330Z-gpu,electricity_hourly,T81,lstm,deep,168,24,60013,193.17276450725535,223.63404296057766,1.8180966071271092,27.072513069543973,337.7297939999835,16.10986328125,0.3288308889999598,4513,false,dcb2c10e4ac97b1d1289825869826fdec84593f7,6ac98672d6a5ec3f,true,2026-09-20T14:08:36+00:00
20260920T140330Z-gpu,electricity_hourly,T81,lstm,deep,168,24,60014,169.04492261986107,192.25508715248222,1.3447391922030711,24.783820646961384,377.90255400000206,16.10986328125,0.36881851199996163,4513,false,dcb2c10e4ac97b1d1289825869826fdec84593f7,6ac98672d6a5ec3f,true,2026-09-20T14:08:36+00:00
20260920T140330Z-gpu,electricity_hourly,T81,lstm,deep,168,24,60015,178.00422529036837,233.7059029434945,1.8303776379472325,26.03333912802312,353.71562300008463,16.10986328125,0.34436902300001293,4513,false,dcb2c10e4ac97b1d1289825869826fdec84593f7,6ac98672d6a5ec3f,true,2026-09-20T14:08:36+00:00
20260920T140330Z-gpu,electricity_hourly,T81,lstm,deep,168,24,60016,61.73861757073195,70.22705752083353,0.6026546183694008,8.542169427151107,349.09338799991474,16.10986328125,0.339678790999983,4513,false,dcb2c10e4ac97b1d1289825869826fdec84593f7,6ac98672d6a5ec3f,true,2026-09-20T14:08:36+00:00
20260920T140330Z-gpu,electricity_hourly,T81,lstm,deep,168,24,60017,69.14124816197916,85.09014694544292,0.6471038434502144,8.539910998580712,338.6258780000162,16.10986328125,0.32937798900002235,4513,false,dcb2c10e4ac97b1d1289825869826fdec84593f7,6ac98672d6a5ec3f,true,2026-09-20T14:08:36+00:00
20260920T140330Z-gpu,electricity_hourly,T81,lstm,deep,168,24,60018,270.2160460077736,339.62975814699524,2.6752224561787146,31.203550736406306,367.1305540000276,16.10986328125,0.3573600429999715,4513,false,dcb2c10e4ac97b1d1289825869826fdec84593f7,6ac98672d6a5ec3f,true,2026-09-20T14:08:36+00:00
20260920T140330Z-gpu,electricity_hourly,T81,lstm,deep,168,24,60019,214.68215670943846,265.2822309633987,1.7236816596687559,21.324289117599363,359.2646590000186,16.10986328125,0.3497823210000206,4513,false,dcb2c10e4ac97b1d1289825869826fdec84593f7,6ac98672d6a5ec3f,true,2026-09-20T14:08:36+00:00
20260920T140330Z-gpu,electricity_hourly,T81,lstm,deep,168,24,60020,236.43593552108487,279.48704170747635,1.8594633924104982,23.60434036322052,361.5187999999989,16.10986328125,0.3523733120000543,4513,false,dcb2c10e4ac97b1d1289825869826fdec84593f7,6ac98672d6a5ec3f,true,2026-09-20T14:08:36+00:00
20260920T140330Z-gpu,electricity_hourly,T81,lstm,deep,168,24,60021,265.55625927730165,322.5844721529,1.340253096030122,26.306238182152832,341.5700089999518,16.10986328125,0.3325197249999974,4513,false,dcb2c10e4ac97b1d1289825869826fdec84593f7,6ac98672d6a5ec3f,true,2026-09-20T14:08:36+00:00
20260920T140330Z-gpu,electricity_hourly,T81,transformer,deep,168,24,60000,83.37395466376289,99.65074373714498,0.7551798636043437,12.65380337703288,606.0550820000117,10.6845703125,0.6048878139999943,19232,false,dcb2c10e4ac97b1d1289825869826fdec84593f7,6ac98672d6a5ec3f,true,2026-09-20T14:08:56+00:00
20260920T140330Z-gpu,electricity_hourly,T81,transformer,deep,168,24,60001,107.99213760453331,153.5846542194948,0.9732065720666373,16.7856057627154,610.115851000046,10.525390625,0.6088704369999505,19232,false,dcb2c10e4ac97b1d1289825869826fdec84593f7,6ac98672d6a5ec3f,true,2026-09-20T14:08:56+00:00
20260920T140330Z-gpu,electricity_hourly,T81,transformer,deep,168,24,60002,304.2900823984319,354.00917562145804,4.135312558076085,38.204239576275725,613.5210560000814,10.525390625,0.6123753370000031,19232,false,dcb2c10e4ac97b1d1289825869826fdec84593f7,6ac98672d6a5ec3f,true,2026-09-20T14:08:56+00:00
20260920T140330Z-gpu,electricity_hourly,T81,transformer,deep,168,24,60003,124.48125118741541,157.19563951368195,1.3880517400486154,18.843247681051835,662.9355520000217,10.525390625,0.6616190130000632,19232,false,dcb2c10e4ac97b1d1289825869826fdec84593f7,6ac98672d6a5ec3f,true,2026-09-20T14:08:56+00:00
20260920T140330Z-gpu,electricity_hourly,T81,transformer,deep,168,24,60004,283.20774801699497,380.44579299468154,2.8307014447454204,35.15779335919834,634.9727099999427,10.525390625,0.6337403120001,19232,false,dcb2c10e4ac97b1d1289825869826fdec84593f7,6ac98672d6a5ec3f,true,2026-09-20T14:08:56+00:00
20260920T140330Z-gpu,electricity_hourly,T81,transformer,deep,168,24,60005,213.4120153617314,275.52433134141063,1.9207081382555824,28.249577989706676,604.6888130000525,10.525390625,0.6035771440000417,19232,false,dcb2c10e4ac97b1d1289825869826fdec84593f7,6ac98672d6a5ec3f,true,2026-09-20T14:08:56+00:00
20260920T140330Z-gpu,electricity_hourly,T81,transformer,deep,168,24,60006,143.38621486204818,189.26094289964382,1.2454077411264213,17.13088741182521,653.7590740000496,10.525390625,0.6525980140000911,19232,false,dcb2c10e4ac97b1d1289825869826fdec84593f7,6ac98672d6a5ec3f,true,2026-09-20T14:08:56+00:00
20260920T140330Z-gpu,electricity_hourly,T81,transformer,deep,168,24,60007,156.09135157735213,174.05965312775763,1.819128733177299,21.81500489458081,624.4381279999516,10.525390625,0.6231378070000346,19232,false,dcb2c10e4ac97b1d1289825869826fdec84593f7,6ac98672d6a5ec3f,true,2026-09-20T14:08:56+00:00
20260920T140330Z-gpu,electricity_hourly,T81,transformer,deep,168,24,60008,155.88480886152283,187.53643940542509,1.6834717621163406,22.623057824904926,624.2837769999596,10.525390625,0.6230729210000163,19232,false,dcb2c10e4ac97b1d1289825869826fdec84593f7,6ac98672d6a5ec3f,true,2026-09-20T14:08:56+00:00
20260920T140330Z-gpu,electricity_hourly,T81,transformer,deep,168,24,60009,130.26255886072775,156.37239823339192,1.5764188987263466,22.17814775786975,658.6976490000325,10.525390625,0.6574041650000026,19232,false,dcb2c10e4ac97b1d1289825869826fdec84593f7,6ac98672d6a5ec3f,true,2026-09-20T14:08:56+00:00
20260920T140330Z-gpu,electricity_hourly,T81,transformer,deep,168,24,60010,151.2644478845783,181.91682536707017,1.6221388513091506,20.782828787080696,690.0154290000273,10.525390625,0.6885192889999416,19232,false,dcb2c10e4ac97b1d1289825869826fdec84593f7,6ac98672d6a5ec3f,true,2026-09-20T14:08:56+00:00
20260920T140330Z-gpu,electricity_hourly,T81,transformer,deep,168,24,60011,101.85718386670084,132.1222970380089,1.146251522101041,13.819621008309907,664.5233499999676,10.525390625,0.6633484330000101,19232,false,dcb2c10e4ac97b1d1289825869826fdec84593f7,6ac98672d6a5ec3f,true,2026-09-20T14:08:56+00:00
20260920T140330Z-gpu,electricity_hourly,T81,transformer,deep,168,24,60012,108.48135663529793,135.86847216969298,1.1947468723122678,15.972589235306279,641.839148000031,10.525390625,0.6406337370000301,19232,false,dcb2c10e4ac97b1d1289825869826fdec84593f7,6ac98672d6a5ec3f,true,2026-09-20T14:08:56+00:00
20260920T140330Z-gpu,electricity_hourly,T81,transformer,deep,168,24,60013,100.91840299380948,127.40247213182687,0.949820263471148,14.569369744358374,627.8215899999395,10.525390625,0.6266154499999175,19232,false,dcb2c10e4ac97b1d1289825869826fdec84593f7,6ac98672d6a5ec3f,true,2026-09-20T14:08:56+00:00
20260920T140330Z-gpu,electricity_hourly,T81,transformer,deep,168,24,60014,154.2925535675306,194.08030540630614,1.2273852454825107,21.10783775284537,629.2113409999729,10.525390625,0.6280058039999403,19232,false,dcb2c10e4ac97b1d1289825869826fdec84593f7,6ac98672d6a5ec3f,true,2026-09-20T14:08:56+00:00
20260920T140330Z-gpu,electricity_hourly,T81,transformer,deep,168,24,60015,90.61702559797943,120.42649633432823,0.9317946076913053,14.247648247554807,651.2226380000357,10.525390625,0.6499569910000673,19232,false,dcb2c10e4ac97b1d1289825869826fdec84593f7,6ac98672d6a5ec3f,true,2026-09-20T14:08:56+00:00
20260920T140330Z-gpu,electricity_hourly,T81,transformer,deep,168,24,60016,199.48136755835102,240.88739899536588,1.9472150846259861,26.598098612627798,639.967848000083,10.525390625,0.6387716269999828,19232,false,dcb2c10e4ac97b1d1289825869826fdec84593f7,6ac98672d6a5ec3f,true,2026-09-20T14:08:56+00:00
20260920T140330Z-gpu,electricity_hourly,T81,transformer,deep,168,24,60017,130.54578159612288,159.91362095963257,1.2217985538698617,16.438718805458656,658.1067340000573,10.525390625,0.656441792999999,19232,false,dcb2c10e4ac97b1d1289825869826fdec84593f7,6ac98672d6a5ec3f,true,2026-09-20T14:08:56+00:00
20260920T140330Z-gpu,electricity_hourly,T81,transformer,deep,168,24,60018,396.0767076988598,461.1045015015582,3.9212819462795334,45.674365577754344,655.9935729999324,10.525390625,0.6547876419999739,19232,false,dcb2c10e4ac97b1d1289825869826fdec84593f7,6ac98672d6a5ec3f,true,2026-09-20T14:08:56+00:00
20260920T140330Z-gpu,electricity_hourly,T81,transformer,deep,168,24,60019,336.8897608159427,412.49765578826504,2.7048857294394058,32.55754732001736,629.0347210000391,10.525390625,0.6276674670000375,19232,false,dcb2c10e4ac97b1d1289825869826fdec84593f7,6ac98672d6a5ec3f,true,2026-09-20T14:08:56+00:00
20260920T140330Z-gpu,electricity_hourly,T81,transformer,deep,168,24,60020,318.4573284606498,404.989209940313,2.5045251391771477,32.98212125004513,634.5622159999493,10.525390625,0.6333142449999514,19232,false,dcb2c10e4ac97b1d1289825869826fdec84593f7,6ac98672d6a5ec3f,true,2026-09-20T14:08:56+00:00
20260920T140330Z-gpu,electricity_hourly,T81,transformer,deep,168,24,60021,238.30113472689254,294.13942687366534,1.2026974414927984,23.7296664696489,647.9221900000312,10.525390625,0.6466371359999812,19232,false,dcb2c10e4ac97b1d1289825869826fdec84593f7,6ac98672d6a5ec3f,true,2026-09-20T14:08:56+00:00
20260920T140330Z-gpu,electricity_hourly,T81,timesfm25,tsfm,168,24,60000,31.70975112915039,43.33139962190771,0.28721877988411476,4.88356301307972,136.2480020000021,11.94287109375,,231289280,true,dcb2c10e4ac97b1d1289825869826fdec84593f7,6ac98672d6a5ec3f,true,2026-09-20T14:09:03+00:00
20260920T140330Z-gpu,electricity_hourly,T81,timesfm25,tsfm,168,24,60001,63.48741022745768,79.92938152415569,0.5721376226768825,9.1287164513503,131.57383899999786,11.94287109375,,231289280,true,dcb2c10e4ac97b1d1289825869826fdec84593f7,6ac98672d6a5ec3f,true,2026-09-20T14:09:03+00:00
20260920T140330Z-gpu,electricity_hourly,T81,timesfm25,tsfm,168,24,60002,61.81918716430664,78.76674524486363,0.840124853875062,8.73115385566135,135.98375599997325,11.94287109375,,231289280,true,dcb2c10e4ac97b1d1289825869826fdec84593f7,6ac98672d6a5ec3f,true,2026-09-20T14:09:03+00:00
20260920T140330Z-gpu,electricity_hourly,T81,timesfm25,tsfm,168,24,60003,37.95012664794922,47.064911007727474,0.4231700663856812,5.878804788977489,131.88192000006893,11.94287109375,,231289280,true,dcb2c10e4ac97b1d1289825869826fdec84593f7,6ac98672d6a5ec3f,true,2026-09-20T14:09:03+00:00
20260920T140330Z-gpu,electricity_hourly,T81,timesfm25,tsfm,168,24,60004,97.98888524373372,120.33715983100721,0.9794127490176758,11.577546607618364,130.48226400007934,11.94287109375,,231289280,true,dcb2c10e4ac97b1d1289825869826fdec84593f7,6ac98672d6a5ec3f,true,2026-09-20T14:09:03+00:00
20260920T140330Z-gpu,electricity_hourly,T81,timesfm25,tsfm,168,24,60005,79.50998051961263,104.35367198705028,0.7155898246765137,9.863605658396972,128.11637699996936,11.94287109375,,231289280,true,dcb2c10e4ac97b1d1289825869826fdec84593f7,6ac98672d6a5ec3f,true,2026-09-20T14:09:03+00:00
20260920T140330Z-gpu,electricity_hourly,T81,timesfm25,tsfm,168,24,60006,80.1785380045573,102.48687609780974,0.6964056621422432,9.215264829567616,134.3446490000133,11.94287109375,,231289280,true,dcb2c10e4ac97b1d1289825869826fdec84593f7,6ac98672d6a5ec3f,true,2026-09-20T14:09:03+00:00
20260920T140330Z-gpu,electricity_hourly,T81,timesfm25,tsfm,168,24,60007,99.09809239705403,153.04852107848913,1.1549146410792959,12.831255356090555,132.73882200007847,11.94287109375,,231289280,true,dcb2c10e4ac97b1d1289825869826fdec84593f7,6ac98672d6a5ec3f,true,2026-09-20T14:09:03+00:00
20260920T140330Z-gpu,electricity_hourly,T81,timesfm25,tsfm,168,24,60008,64.01126352945964,83.89432356735523,0.6912870817640758,10.4085429863421,118.46062699999038,11.94287109375,,231289280,true,dcb2c10e4ac97b1d1289825869826fdec84593f7,6ac98672d6a5ec3f,true,2026-09-20T14:09:03+00:00
20260920T140330Z-gpu,electricity_hourly,T81,timesfm25,tsfm,168,24,60009,67.61189397176106,87.04256468772654,0.8182294925568193,11.463260585208841,128.9774289999741,11.94287109375,,231289280,true,dcb2c10e4ac97b1d1289825869826fdec84593f7,6ac98672d6a5ec3f,true,2026-09-20T14:09:03+00:00
20260920T140330Z-gpu,electricity_hourly,T81,timesfm25,tsfm,168,24,60010,33.17499287923177,42.31882129507708,0.3557639987048984,4.6153594925438695,129.88981699993474,11.94287109375,,231289280,true,dcb2c10e4ac97b1d1289825869826fdec84593f7,6ac98672d6a5ec3f,true,2026-09-20T14:09:03+00:00
20260920T140330Z-gpu,electricity_hourly,T81,timesfm25,tsfm,168,24,60011,65.76357396443684,85.11113286750202,0.7400714794372386,9.111428615432926,130.0466159999587,11.94287109375,,231289280,true,dcb2c10e4ac97b1d1289825869826fdec84593f7,6ac98672d6a5ec3f,true,2026-09-20T14:09:03+00:00
20260920T140330Z-gpu,electricity_hourly,T81,timesfm25,tsfm,168,24,60012,39.258810679117836,53.90099767735693,0.43237237000328627,6.137412728968259,130.663281000011,11.94287109375,,231289280,true,dcb2c10e4ac97b1d1289825869826fdec84593f7,6ac98672d6a5ec3f,true,2026-09-20T14:09:03+00:00
20260920T140330Z-gpu,electricity_hourly,T81,timesfm25,tsfm,168,24,60013,78.88954162597656,97.22814048162608,0.7424898035386029,11.383949858743634,133.3126159998983,11.94287109375,,231289280,true,dcb2c10e4ac97b1d1289825869826fdec84593f7,6ac98672d6a5ec3f,true,2026-09-20T14:09:03+00:00
20260920T140330Z-gpu,electricity_hourly,T81,timesfm25,tsfm,168,24,60014,49.660650889078774,61.00316403334147,0.3950466096579021,7.263194311302201,130.72922999992898,11.94287109375,,231289280,true,dcb2c10e4ac97b1d1289825869826fdec84593f7,6ac98672d6a5ec3f,true,2026-09-20T14:09:03+00:00
20260920T140330Z-gpu,electricity_hourly,T81,timesfm25,tsfm,168,24,60015,52.22999827067057,62.95972409235447,0.5370693909580522,7.4380813099544545,124.38416600002711,11.94287109375,,231289280,true,dcb2c10e4ac97b1d1289825869826fdec84593f7,6ac98672d6a5ec3f,true,2026-09-20T14:09:03+00:00
20260920T140330Z-gpu,electricity_hourly,T81,timesfm25,tsfm,168,24,60016,57.83068084716797,68.93033532552188,0.5645077306122687,7.589327433498207,129.7466709999071,11.94287109375,,231289280,true,dcb2c10e4ac97b1d1289825869826fdec84593f7,6ac98672d6a5ec3f,true,2026-09-20T14:09:03+00:00
20260920T140330Z-gpu,electricity_hourly,T81,timesfm25,tsfm,168,24,60017,39.52829106648763,53.34549821083882,0.36995150874653704,4.550086922022496,142.23614900004122,11.94287109375,,231289280,true,dcb2c10e4ac97b1d1289825869826fdec84593f7,6ac98672d6a5ec3f,true,2026-09-20T14:09:03+00:00
20260920T140330Z-gpu,electricity_hourly,T81,timesfm25,tsfm,168,24,60018,83.35641225179036,103.54892721246941,0.8252542704886774,9.939202907433168,135.11889500000507,11.94287109375,,231289280,true,dcb2c10e4ac97b1d1289825869826fdec84593f7,6ac98672d6a5ec3f,true,2026-09-20T14:09:03+00:00
20260920T140330Z-gpu,electricity_hourly,T81,timesfm25,tsfm,168,24,60019,151.66295623779297,190.00111639630273,1.2177009031637684,16.241875389227232,123.95746200002122,11.94287109375,,231289280,true,dcb2c10e4ac97b1d1289825869826fdec84593f7,6ac98672d6a5ec3f,true,2026-09-20T14:09:03+00:00
20260920T140330Z-gpu,electricity_hourly,T81,timesfm25,tsfm,168,24,60020,76.39036814371745,91.97785009875155,0.6007762431837965,7.6275073820800605,130.4784459999837,11.94287109375,,231289280,true,dcb2c10e4ac97b1d1289825869826fdec84593f7,6ac98672d6a5ec3f,true,2026-09-20T14:09:03+00:00
20260920T140330Z-gpu,electricity_hourly,T81,timesfm25,tsfm,168,24,60021,131.49481709798178,142.9485182634466,0.6636497147802249,14.367652076160828,122.45523900003263,11.94287109375,,231289280,true,dcb2c10e4ac97b1d1289825869826fdec84593f7,6ac98672d6a5ec3f,true,2026-09-20T14:09:03+00:00
20260920T140330Z-gpu,electricity_hourly,T81,chronos_bolt,tsfm,168,24,60000,29.94049072265625,37.612353840243074,0.2711932736232545,4.80724766169133,38.956272999939756,1.0751953125,,205292928,true,dcb2c10e4ac97b1d1289825869826fdec84593f7,6ac98672d6a5ec3f,true,2026-09-20T14:09:09+00:00
20260920T140330Z-gpu,electricity_hourly,T81,chronos_bolt,tsfm,168,24,60001,56.78749465942383,71.66443653199863,0.5117591358005527,8.35433033264877,35.04547400007141,1.0751953125,,205292928,true,dcb2c10e4ac97b1d1289825869826fdec84593f7,6ac98672d6a5ec3f,true,2026-09-20T14:09:09+00:00
20260920T140330Z-gpu,electricity_hourly,T81,chronos_bolt,tsfm,168,24,60002,69.99957911173503,92.42042224468537,0.951296658370125,9.649905128004573,39.20215899995583,1.0751953125,,205292928,true,dcb2c10e4ac97b1d1289825869826fdec84593f7,6ac98672d6a5ec3f,true,2026-09-20T14:09:09+00:00
20260920T140330Z-gpu,electricity_hourly,T81,chronos_bolt,tsfm,168,24,60003,43.718023935953774,54.77047760512374,0.487486096234888,6.579002837424616,36.22588899997936,1.0751953125,,205292928,true,dcb2c10e4ac97b1d1289825869826fdec84593f7,6ac98672d6a5ec3f,true,2026-09-20T14:09:09+00:00
20260920T140330Z-gpu,electricity_hourly,T81,chronos_bolt,tsfm,168,24,60004,61.38180160522461,79.68261874506211,0.6135197772716279,6.784161161864835,37.03823399996509,1.0751953125,,205292928,true,dcb2c10e4ac97b1d1289825869826fdec84593f7,6ac98672d6a5ec3f,true,2026-09-20T14:09:09+00:00
20260920T140330Z-gpu,electricity_hourly,T81,chronos_bolt,tsfm,168,24,60005,62.590094248453774,75.09329272667135,0.5633108482360839,8.280074137488842,35.60711599993738,1.0751953125,,205292928,true,dcb2c10e4ac97b1d1289825869826fdec84593f7,6ac98672d6a5ec3f,true,2026-09-20T14:09:09+00:00
20260920T140330Z-gpu,electricity_hourly,T81,chronos_bolt,tsfm,168,24,60006,78.41050465901692,99.63687096312137,0.6810490784063234,8.59359308510113,38.37902400005078,1.0751953125,,205292928,true,dcb2c10e4ac97b1d1289825869826fdec84593f7,6ac98672d6a5ec3f,true,2026-09-20T14:09:09+00:00
20260920T140330Z-gpu,electricity_hourly,T81,chronos_bolt,tsfm,168,24,60007,101.56091435750325,143.31031146212004,1.1836170012528704,13.199586159095517,35.753503999899294,1.0751953125,,205292928,true,dcb2c10e4ac97b1d1289825869826fdec84593f7,6ac98672d6a5ec3f,true,2026-09-20T14:09:09+00:00
20260920T140330Z-gpu,electricity_hourly,T81,chronos_bolt,tsfm,168,24,60008,80.75821050008138,101.51725734657683,0.8721450661475714,12.562614938883051,36.361327000008714,1.0751953125,,205292928,true,dcb2c10e4ac97b1d1289825869826fdec84593f7,6ac98672d6a5ec3f,true,2026-09-20T14:09:09+00:00
20260920T140330Z-gpu,electricity_hourly,T81,chronos_bolt,tsfm,168,24,60009,48.9408327738444,63.13232693512823,0.5922749743199928,8.523584713887207,35.77504099996531,1.0751953125,,205292928,true,dcb2c10e4ac97b1d1289825869826fdec84593f7,6ac98672d6a5ec3f,true,2026-09-20T14:09:09+00:00
20260920T140330Z-gpu,electricity_hourly,T81,chronos_bolt,tsfm,168,24,60010,30.945716857910156,45.13547886713277,0.33185755343603385,4.129345363146052,38.655914000059965,1.0751953125,,205292928,true,dcb2c10e4ac97b1d1289825869826fdec84593f7,6ac98672d6a5ec3f,true,2026-09-20T14:09:09+00:00
20260920T140330Z-gpu,electricity_hourly,T81,chronos_bolt,tsfm,168,24,60011,54.17964299519857,67.46076879023433,0.6097115185455294,7.61591708486018,36.957731000029526,1.0751953125,,205292928,true,dcb2c10e4ac97b1d1289825869826fdec84593f7,6ac98672d6a5ec3f,true,2026-09-20T14:09:09+00:00
20260920T140330Z-gpu,electricity_hourly,T81,chronos_bolt,tsfm,168,24,60012,38.928568522135414,52.741205268675316,0.42873528620936896,6.20799086297216,36.04674700000032,1.0751953125,,205292928,true,dcb2c10e4ac97b1d1289825869826fdec84593f7,6ac98672d6a5ec3f,true,2026-09-20T14:09:09+00:00
20260920T140330Z-gpu,electricity_hourly,T81,chronos_bolt,tsfm,168,24,60013,67.98929087320964,83.15267699050665,0.6398992082184437,9.263136473843396,35.900414000025194,1.0751953125,,205292928,true,dcb2c10e4ac97b1d1289825869826fdec84593f7,6ac98672d6a5ec3f,true,2026-09-20T14:09:09+00:00
20260920T140330Z-gpu,electricity_hourly,T81,chronos_bolt,tsfm,168,24,60014,48.27200826009115,59.178508157807514,0.3840000657083817,6.747826507060865,38.598436000029324,1.0751953125,,205292928,true,dcb2c10e4ac97b1d1289825869826fdec84593f7,6ac98672d6a5ec3f,true,2026-09-20T14:09:09+00:00
20260920T140330Z-gpu,electricity_hourly,T81,chronos_bolt,tsfm,168,24,60015,58.64541244506836,69.65471669811323,0.6030376601035307,8.194055444982025,36.967791000051875,1.0751953125,,205292928,true,dcb2c10e4ac97b1d1289825869826fdec84593f7,6ac98672d6a5ec3f,true,2026-09-20T14:09:09+00:00
20260920T140330Z-gpu,electricity_hourly,T81,chronos_bolt,tsfm,168,24,60016,42.00732294718424,53.349716940509225,0.4100497901568961,5.508724654951471,39.9837639999987,1.0751953125,,205292928,true,dcb2c10e4ac97b1d1289825869826fdec84593f7,6ac98672d6a5ec3f,true,2026-09-20T14:09:09+00:00
20260920T140330Z-gpu,electricity_hourly,T81,chronos_bolt,tsfm,168,24,60017,39.780513763427734,51.99183812496071,0.3723121007366173,4.887411067255224,40.15769900001942,1.0751953125,,205292928,true,dcb2c10e4ac97b1d1289825869826fdec84593f7,6ac98672d6a5ec3f,true,2026-09-20T14:09:09+00:00
20260920T140330Z-gpu,electricity_hourly,T81,chronos_bolt,tsfm,168,24,60018,78.91357421875,98.74873490321025,0.7812687994156068,9.473556102585249,39.40809999994599,1.0751953125,,205292928,true,dcb2c10e4ac97b1d1289825869826fdec84593f7,6ac98672d6a5ec3f,true,2026-09-20T14:09:09+00:00
20260920T140330Z-gpu,electricity_hourly,T81,chronos_bolt,tsfm,168,24,60019,161.06153106689453,206.3040096427311,1.2931620002025543,16.74878152490399,36.29685599992172,1.0751953125,,205292928,true,dcb2c10e4ac97b1d1289825869826fdec84593f7,6ac98672d6a5ec3f,true,2026-09-20T14:09:09+00:00
20260920T140330Z-gpu,electricity_hourly,T81,chronos_bolt,tsfm,168,24,60020,75.04037729899089,95.71645964691,0.5901591660870938,6.8892312999950756,36.1397899999929,1.0751953125,,205292928,true,dcb2c10e4ac97b1d1289825869826fdec84593f7,6ac98672d6a5ec3f,true,2026-09-20T14:09:09+00:00
20260920T140330Z-gpu,electricity_hourly,T81,chronos_bolt,tsfm,168,24,60021,116.11323547363281,130.60367861711603,0.5860194135778468,12.373757159820366,40.762166000035904,1.0751953125,,205292928,true,dcb2c10e4ac97b1d1289825869826fdec84593f7,6ac98672d6a5ec3f,true,2026-09-20T14:09:09+00:00
20260920T140330Z-gpu,electricity_hourly,T94,lstm,deep,168,24,70000,266.70016047846883,408.875343127497,2.2163448239207937,7.587215571616899,356.6581040000756,16.14599609375,0.34715375199994014,4513,false,dcb2c10e4ac97b1d1289825869826fdec84593f7,6ac98672d6a5ec3f,true,2026-09-20T14:09:22+00:00
20260920T140330Z-gpu,electricity_hourly,T94,lstm,deep,168,24,70001,1023.6557115773563,1415.654561455487,4.275252254042731,17.829813481186733,353.65925099995366,16.10986328125,0.3437192609999329,4513,false,dcb2c10e4ac97b1d1289825869826fdec84593f7,6ac98672d6a5ec3f,true,2026-09-20T14:09:22+00:00
20260920T140330Z-gpu,electricity_hourly,T94,lstm,deep,168,24,70002,359.88630062604943,550.9453685433987,1.5704605378996672,10.562661436511297,355.43427499999325,16.10986328125,0.34584946300003594,4513,false,dcb2c10e4ac97b1d1289825869826fdec84593f7,6ac98672d6a5ec3f,true,2026-09-20T14:09:22+00:00
20260920T140330Z-gpu,electricity_hourly,T94,lstm,deep,168,24,70003,320.5610831247134,481.8664037261282,1.1912770902464251,10.04569239367379,354.97362399996746,16.10986328125,0.34567636399992807,4513,false,dcb2c10e4ac97b1d1289825869826fdec84593f7,6ac98672d6a5ec3f,true,2026-09-20T14:09:22+00:00
20260920T140330Z-gpu,electricity_hourly,T94,lstm,deep,168,24,70004,467.0722198342342,636.1253673073783,1.8616180812125915,12.895886443039458,386.03106699997625,16.10986328125,0.37651754500006973,4513,false,dcb2c10e4ac97b1d1289825869826fdec84593f7,6ac98672d6a5ec3f,true,2026-09-20T14:09:22+00:00
20260920T140330Z-gpu,electricity_hourly,T94,lstm,deep,168,24,70005,294.47072507886537,452.2830164147965,1.265482404540904,8.602105645858941,367.08413600001677,16.10986328125,0.35765340400007517,4513,false,dcb2c10e4ac97b1d1289825869826fdec84593f7,6ac98672d6a5ec3f,true,2026-09-20T14:09:22+00:00
20260920T140330Z-gpu,electricity_hourly,T94,lstm,deep,168,24,70006,490.3166604284991,683.1423296763604,1.388671211975924,13.96824023091142,399.75492500002474,16.10986328125,0.3895976000000019,4513,false,dcb2c10e4ac97b1d1289825869826fdec84593f7,6ac98672d6a5ec3f,true,2026-09-20T14:09:22+00:00
20260920T140330Z-gpu,electricity_hourly,T94,lstm,deep,168,24,70007,449.29646486310145,742.4088583703011,2.613982907368858,12.409586724871136,365.32037999995737,16.10986328125,0.3556192490000285,4513,false,dcb2c10e4ac97b1d1289825869826fdec84593f7,6ac98672d6a5ec3f,true,2026-09-20T14:09:22+00:00
20260920T140330Z-gpu,electricity_hourly,T94,lstm,deep,168,24,70008,533.2864175664939,883.1280659198554,4.422809660172501,15.460680690114373,365.1472980000108,16.10986328125,0.35542093200001545,4513,false,dcb2c10e4ac97b1d1289825869826fdec84593f7,6ac98672d6a5ec3f,true,2026-09-20T14:09:22+00:00
20260920T140330Z-gpu,electricity_hourly,T94,lstm,deep,168,24,70009,736.7010506324726,1059.9571289957044,3.856232326102365,18.082585490024954,367.5603130000127,16.10986328125,0.35827727999992476,4513,false,dcb2c10e4ac97b1d1289825869826fdec84593f7,6ac98672d6a5ec3f,true,2026-09-20T14:09:22+00:00
20260920T140330Z-gpu,electricity_hourly,T94,lstm,deep,168,24,70010,692.5896320209158,993.5807548359251,3.886404294716385,17.624078406411403,364.33310400002483,16.10986328125,0.35455456100009997,4513,false,dcb2c10e4ac97b1d1289825869826fdec84593f7,6ac98672d6a5ec3f,true,2026-09-20T14:09:22+00:00
20260920T140330Z-gpu,electricity_hourly,T94,lstm,deep,168,24,70011,417.62681315832316,601.3143754021471,1.2635946692748625,10.603642307029999,354.0216760000021,16.10986328125,0.3445219489999545,4513,false,dcb2c10e4ac97b1d1289825869826fdec84593f7,6ac98672d6a5ec3f,true,2026-09-20T14:09:22+00:00
20260920T140330Z-gpu,electricity_hourly,T94,lstm,deep,168,24,70012,545.7831004036226,708.7127028412682,3.4120329277642463,10.477702254854245,358.89593399997466,16.10986328125,0.3492365829999926,4513,false,dcb2c10e4ac97b1d1289825869826fdec84593f7,6ac98672d6a5ec3f,true,2026-09-20T14:09:22+00:00
20260920T140330Z-gpu,electricity_hourly,T94,lstm,deep,168,24,70013,596.075740481793,782.577482227872,2.5116285773044096,16.759055588357754,352.7330400000892,16.10986328125,0.3427435890000652,4513,false,dcb2c10e4ac97b1d1289825869826fdec84593f7,6ac98672d6a5ec3f,true,2026-09-20T14:09:22+00:00
20260920T140330Z-gpu,electricity_hourly,T94,lstm,deep,168,24,70014,642.6911702114048,845.6806617908173,3.983451491862536,15.000618027397305,362.11454700003287,16.10986328125,0.35201357500000086,4513,false,dcb2c10e4ac97b1d1289825869826fdec84593f7,6ac98672d6a5ec3f,true,2026-09-20T14:09:22+00:00
20260920T140330Z-gpu,electricity_hourly,T94,lstm,deep,168,24,70015,269.28607863018556,427.14494433460453,1.4859440267760085,8.621694656587081,349.9261250000245,16.10986328125,0.3408590770000046,4513,false,dcb2c10e4ac97b1d1289825869826fdec84593f7,6ac98672d6a5ec3f,true,2026-09-20T14:09:22+00:00
20260920T140330Z-gpu,electricity_hourly,T94,lstm,deep,168,24,70016,380.2260332278532,526.4753456128255,2.0175602028451194,12.853034661961768,360.4061889999457,16.10986328125,0.35075039400010155,4513,false,dcb2c10e4ac97b1d1289825869826fdec84593f7,6ac98672d6a5ec3f,true,2026-09-20T14:09:22+00:00
20260920T140330Z-gpu,electricity_hourly,T94,lstm,deep,168,24,70017,547.3964107331904,774.7284925184593,2.372320195791959,16.797725463495482,361.4764760000071,16.10986328125,0.35202890300001854,4513,false,dcb2c10e4ac97b1d1289825869826fdec84593f7,6ac98672d6a5ec3f,true,2026-09-20T14:09:22+00:00
20260920T140330Z-gpu,electricity_hourly,T94,lstm,deep,168,24,70018,194.68326857376118,253.51422239601578,1.0737854555929836,6.812381707892519,360.1073639999868,16.10986328125,0.3505020530000138,4513,false,dcb2c10e4ac97b1d1289825869826fdec84593f7,6ac98672d6a5ec3f,true,2026-09-20T14:09:22+00:00
20260920T140330Z-gpu,electricity_hourly,T94,lstm,deep,168,24,70019,276.7124282323512,375.78356910408075,2.892464406609943,8.62906470295628,354.209179999998,16.10986328125,0.3448831240000345,4513,false,dcb2c10e4ac97b1d1289825869826fdec84593f7,6ac98672d6a5ec3f,true,2026-09-20T14:09:22+00:00
20260920T140330Z-gpu,electricity_hourly,T94,lstm,deep,168,24,70020,208.22598942454246,261.79238257338943,1.1486130042955034,5.6316903123502735,367.87148700000216,16.10986328125,0.35819007199995667,4513,false,dcb2c10e4ac97b1d1289825869826fdec84593f7,6ac98672d6a5ec3f,true,2026-09-20T14:09:22+00:00
20260920T140330Z-gpu,electricity_hourly,T94,lstm,deep,168,24,70021,1766.3825627625472,1871.418967918958,1.553015490144378,49.82059290387023,373.6575619999485,16.10986328125,0.3642719390001048,4513,false,dcb2c10e4ac97b1d1289825869826fdec84593f7,6ac98672d6a5ec3f,true,2026-09-20T14:09:22+00:00
20260920T140330Z-gpu,electricity_hourly,T94,transformer,deep,168,24,70000,332.7758369360117,424.5849529995008,2.7654501684433104,11.695746275650144,629.1045899999972,10.6845703125,0.6278908320000482,19232,false,dcb2c10e4ac97b1d1289825869826fdec84593f7,6ac98672d6a5ec3f,true,2026-09-20T14:09:42+00:00
20260920T140330Z-gpu,electricity_hourly,T94,transformer,deep,168,24,70001,1157.026902783951,1403.303445049957,4.832271063571709,25.729308784765376,633.5187329999599,10.525390625,0.632095986999957,19232,false,dcb2c10e4ac97b1d1289825869826fdec84593f7,6ac98672d6a5ec3f,true,2026-09-20T14:09:42+00:00
20260920T140330Z-gpu,electricity_hourly,T94,transformer,deep,168,24,70002,484.75020382207595,609.701913153345,2.115337717821114,15.650611190979394,638.2927000000791,10.525390625,0.6370592940000961,19232,false,dcb2c10e4ac97b1d1289825869826fdec84593f7,6ac98672d6a5ec3f,true,2026-09-20T14:09:42+00:00
20260920T140330Z-gpu,electricity_hourly,T94,transformer,deep,168,24,70003,342.7969122820714,418.05360635302725,1.2739104330077753,12.79859564899383,642.7951549999307,10.525390625,0.6416033709999738,19232,false,dcb2c10e4ac97b1d1289825869826fdec84593f7,6ac98672d6a5ec3f,true,2026-09-20T14:09:42+00:00
20260920T140330Z-gpu,electricity_hourly,T94,transformer,deep,168,24,70004,934.2117238160326,1151.027162939234,3.723504338052775,20.441166551811264,627.3083670000688,10.525390625,0.6261197110000012,19232,false,dcb2c10e4ac97b1d1289825869826fdec84593f7,6ac98672d6a5ec3f,true,2026-09-20T14:09:42+00:00
20260920T140330Z-gpu,electricity_hourly,T94,transformer,deep,168,24,70005,424.52935952542333,517.5885887603367,1.8244069407801407,15.436649073620762,667.0847279999634,10.525390625,0.6659443839999994,19232,false,dcb2c10e4ac97b1d1289825869826fdec84593f7,6ac98672d6a5ec3f,true,2026-09-20T14:09:42+00:00
20260920T140330Z-gpu,electricity_hourly,T94,transformer,deep,168,24,70006,447.16709708438503,549.193790867648,1.266463338449993,10.916151371649853,663.0747990000145,10.525390625,0.6619079460000421,19232,false,dcb2c10e4ac97b1d1289825869826fdec84593f7,6ac98672d6a5ec3f,true,2026-09-20T14:09:42+00:00
20260920T140330Z-gpu,electricity_hourly,T94,transformer,deep,168,24,70007,478.4701803236815,610.4339423884117,2.783714030407262,13.320971767418065,628.3960929999921,10.525390625,0.627199571999995,19232,false,dcb2c10e4ac97b1d1289825869826fdec84593f7,6ac98672d6a5ec3f,true,2026-09-20T14:09:42+00:00
20260920T140330Z-gpu,electricity_hourly,T94,transformer,deep,168,24,70008,404.12130361307254,551.7120000208968,3.3515790888833985,9.95234049478793,707.9372010000498,10.525390625,0.7065731229999983,19232,false,dcb2c10e4ac97b1d1289825869826fdec84593f7,6ac98672d6a5ec3f,true,2026-09-20T14:09:42+00:00
20260920T140330Z-gpu,electricity_hourly,T94,transformer,deep,168,24,70009,573.5241489508971,650.705134922363,3.0020893292958633,16.065703869167145,704.3986579999455,10.525390625,0.7030521419999332,19232,false,dcb2c10e4ac97b1d1289825869826fdec84593f7,6ac98672d6a5ec3f,true,2026-09-20T14:09:42+00:00
20260920T140330Z-gpu,electricity_hourly,T94,transformer,deep,168,24,70010,437.75062553160575,583.1363486478377,2.456398179274851,10.348363926786213,677.4178990000337,10.525390625,0.6761557469999389,19232,false,dcb2c10e4ac97b1d1289825869826fdec84593f7,6ac98672d6a5ec3f,true,2026-09-20T14:09:42+00:00
20260920T140330Z-gpu,electricity_hourly,T94,transformer,deep,168,24,70011,435.96620984284,545.0602948678111,1.3190833571611151,14.227534753068635,637.0424940000703,10.525390625,0.6358334109999078,19232,false,dcb2c10e4ac97b1d1289825869826fdec84593f7,6ac98672d6a5ec3f,true,2026-09-20T14:09:42+00:00
20260920T140330Z-gpu,electricity_hourly,T94,transformer,deep,168,24,70012,678.1535073139058,842.8359567542211,4.239563473699854,17.88809859231798,630.779103000009,10.525390625,0.6295588059999773,19232,false,dcb2c10e4ac97b1d1289825869826fdec84593f7,6ac98672d6a5ec3f,true,2026-09-20T14:09:42+00:00
20260920T140330Z-gpu,electricity_hourly,T94,transformer,deep,168,24,70013,409.8808560305509,529.1562053239561,1.7270766135595998,12.522957403129118,632.9555920000303,10.525390625,0.6317837110000255,19232,false,dcb2c10e4ac97b1d1289825869826fdec84593f7,6ac98672d6a5ec3f,true,2026-09-20T14:09:42+00:00
20260920T140330Z-gpu,electricity_hourly,T94,transformer,deep,168,24,70014,633.0288908285253,737.0643156742652,3.923563908204177,17.764097943203737,637.5437199999396,10.525390625,0.6362922899999148,19232,false,dcb2c10e4ac97b1d1289825869826fdec84593f7,6ac98672d6a5ec3f,true,2026-09-20T14:09:42+00:00
20260920T140330Z-gpu,electricity_hourly,T94,transformer,deep,168,24,70015,307.78977750084897,411.92751441603997,1.698410789397695,8.644540111276433,637.8298969999605,10.525390625,0.636587641999995,19232,false,dcb2c10e4ac97b1d1289825869826fdec84593f7,6ac98672d6a5ec3f,true,2026-09-20T14:09:42+00:00
20260920T140330Z-gpu,electricity_hourly,T94,transformer,deep,168,24,70016,433.6793902108857,544.2763112859562,2.3011950840285773,13.44593595534863,637.6880299999357,10.525390625,0.6364753609999525,19232,false,dcb2c10e4ac97b1d1289825869826fdec84593f7,6ac98672d6a5ec3f,true,2026-09-20T14:09:42+00:00
20260920T140330Z-gpu,electricity_hourly,T94,transformer,deep,168,24,70017,298.9316458248556,403.57832073779684,1.2955174105028804,8.381690226593436,639.1258270000435,10.525390625,0.6379309879999937,19232,false,dcb2c10e4ac97b1d1289825869826fdec84593f7,6ac98672d6a5ec3f,true,2026-09-20T14:09:42+00:00
20260920T140330Z-gpu,electricity_hourly,T94,transformer,deep,168,24,70018,369.4045291298664,411.0183924463291,2.0374694421135575,11.60296404954787,619.958845000042,10.525390625,0.6187638889999789,19232,false,dcb2c10e4ac97b1d1289825869826fdec84593f7,6ac98672d6a5ec3f,true,2026-09-20T14:09:42+00:00
20260920T140330Z-gpu,electricity_hourly,T94,transformer,deep,168,24,70019,252.39852723016088,310.01886053802554,2.638312131325723,9.039315787056028,625.0413210000261,10.525390625,0.6238313439999956,19232,false,dcb2c10e4ac97b1d1289825869826fdec84593f7,6ac98672d6a5ec3f,true,2026-09-20T14:09:42+00:00
20260920T140330Z-gpu,electricity_hourly,T94,transformer,deep,168,24,70020,315.58738868832984,416.80560351586996,1.7408383057314498,8.11263193767556,624.2932229999951,10.525390625,0.6230445479999389,19232,false,dcb2c10e4ac97b1d1289825869826fdec84593f7,6ac98672d6a5ec3f,true,2026-09-20T14:09:42+00:00
20260920T140330Z-gpu,electricity_hourly,T94,transformer,deep,168,24,70021,586.0479264804002,763.6856865214373,0.5152572987176869,35.29290803050724,641.1037350000015,10.525390625,0.6399106879999863,19232,false,dcb2c10e4ac97b1d1289825869826fdec84593f7,6ac98672d6a5ec3f,true,2026-09-20T14:09:42+00:00
20260920T140330Z-gpu,electricity_hourly,T94,timesfm25,tsfm,168,24,70000,92.62202453613281,128.01758377594277,0.7697121152587215,2.928714874643852,133.16969300001347,11.94287109375,,231289280,true,dcb2c10e4ac97b1d1289825869826fdec84593f7,6ac98672d6a5ec3f,true,2026-09-20T14:09:49+00:00
20260920T140330Z-gpu,electricity_hourly,T94,timesfm25,tsfm,168,24,70001,486.999755859375,603.3370292864594,2.0339326791307752,12.96194956952911,131.1654209999915,11.94287109375,,231289280,true,dcb2c10e4ac97b1d1289825869826fdec84593f7,6ac98672d6a5ec3f,true,2026-09-20T14:09:49+00:00
20260920T140330Z-gpu,electricity_hourly,T94,timesfm25,tsfm,168,24,70002,103.65309143066406,123.2115560127939,0.4523181055794304,3.3370781520084414,130.45688199997585,11.94287109375,,231289280,true,dcb2c10e4ac97b1d1289825869826fdec84593f7,6ac98672d6a5ec3f,true,2026-09-20T14:09:49+00:00
20260920T140330Z-gpu,electricity_hourly,T94,timesfm25,tsfm,168,24,70003,133.03823852539062,170.41391009932144,0.4944000192948528,4.009666315723674,132.2134100000767,11.94287109375,,231289280,true,dcb2c10e4ac97b1d1289825869826fdec84593f7,6ac98672d6a5ec3f,true,2026-09-20T14:09:49+00:00
20260920T140330Z-gpu,electricity_hourly,T94,timesfm25,tsfm,168,24,70004,165.76367696126303,274.3648437515855,0.6606872452163601,4.367687764934125,133.91032799995628,11.94287109375,,231289280,true,dcb2c10e4ac97b1d1289825869826fdec84593f7,6ac98672d6a5ec3f,true,2026-09-20T14:09:49+00:00
20260920T140330Z-gpu,electricity_hourly,T94,timesfm25,tsfm,168,24,70005,246.68546549479166,303.49880994985136,1.0601261499119612,7.337119277438786,124.32809000006273,11.94287109375,,231289280,true,dcb2c10e4ac97b1d1289825869826fdec84593f7,6ac98672d6a5ec3f,true,2026-09-20T14:09:49+00:00
20260920T140330Z-gpu,electricity_hourly,T94,timesfm25,tsfm,168,24,70006,258.28632100423175,333.21610434156497,0.7315166042130709,6.884423729690152,129.24857899997733,11.94287109375,,231289280,true,dcb2c10e4ac97b1d1289825869826fdec84593f7,6ac98672d6a5ec3f,true,2026-09-20T14:09:49+00:00
20260920T140330Z-gpu,electricity_hourly,T94,timesfm25,tsfm,168,24,70007,251.7088165283203,306.4793690245333,1.4644284909732181,6.56745656430639,129.80038499995317,11.94287109375,,231289280,true,dcb2c10e4ac97b1d1289825869826fdec84593f7,6ac98672d6a5ec3f,true,2026-09-20T14:09:49+00:00
20260920T140330Z-gpu,electricity_hourly,T94,timesfm25,tsfm,168,24,70008,85.01436360677083,105.90546057017873,0.7050664262728215,2.440532866557282,126.80039000008492,11.94287109375,,231289280,true,dcb2c10e4ac97b1d1289825869826fdec84593f7,6ac98672d6a5ec3f,true,2026-09-20T14:09:49+00:00
20260920T140330Z-gpu,electricity_hourly,T94,timesfm25,tsfm,168,24,70009,451.53428141276044,553.4300731804376,2.3635382233165214,12.107363866470038,130.44752100006463,11.94287109375,,231289280,true,dcb2c10e4ac97b1d1289825869826fdec84593f7,6ac98672d6a5ec3f,true,2026-09-20T14:09:49+00:00
20260920T140330Z-gpu,electricity_hourly,T94,timesfm25,tsfm,168,24,70010,337.72206624348956,469.55586813939107,1.8950969347308275,5.733762290315277,127.29368399993746,11.94287109375,,231289280,true,dcb2c10e4ac97b1d1289825869826fdec84593f7,6ac98672d6a5ec3f,true,2026-09-20T14:09:49+00:00
20260920T140330Z-gpu,electricity_hourly,T94,timesfm25,tsfm,168,24,70011,186.47881062825522,255.9967590970276,0.5642205519817778,4.541839561958773,127.49739900004897,11.94287109375,,231289280,true,dcb2c10e4ac97b1d1289825869826fdec84593f7,6ac98672d6a5ec3f,true,2026-09-20T14:09:49+00:00
20260920T140330Z-gpu,electricity_hourly,T94,timesfm25,tsfm,168,24,70012,372.7544199625651,454.48224385913306,2.33032197944818,11.202998083155869,130.1818250000224,11.94287109375,,231289280,true,dcb2c10e4ac97b1d1289825869826fdec84593f7,6ac98672d6a5ec3f,true,2026-09-20T14:09:49+00:00
20260920T140330Z-gpu,electricity_hourly,T94,timesfm25,tsfm,168,24,70013,282.55284118652344,340.4558240124313,1.1905664705445318,7.835501248721015,131.86166399998456,11.94287109375,,231289280,true,dcb2c10e4ac97b1d1289825869826fdec84593f7,6ac98672d6a5ec3f,true,2026-09-20T14:09:49+00:00
20260920T140330Z-gpu,electricity_hourly,T94,timesfm25,tsfm,168,24,70014,294.8234558105469,378.36101403443905,1.8273394583875846,6.716739029742805,119.02613799998107,11.94287109375,,231289280,true,dcb2c10e4ac97b1d1289825869826fdec84593f7,6ac98672d6a5ec3f,true,2026-09-20T14:09:49+00:00
20260920T140330Z-gpu,electricity_hourly,T94,timesfm25,tsfm,168,24,70015,82.99387105305989,110.87030057882166,0.4579674061787486,2.261208109645586,131.44320300000345,11.94287109375,,231289280,true,dcb2c10e4ac97b1d1289825869826fdec84593f7,6ac98672d6a5ec3f,true,2026-09-20T14:09:49+00:00
20260920T140330Z-gpu,electricity_hourly,T94,timesfm25,tsfm,168,24,70016,180.25125630696616,246.67672214850413,0.9564515037292035,8.743363066969167,130.71750599999632,11.94287109375,,231289280,true,dcb2c10e4ac97b1d1289825869826fdec84593f7,6ac98672d6a5ec3f,true,2026-09-20T14:09:49+00:00
20260920T140330Z-gpu,electricity_hourly,T94,timesfm25,tsfm,168,24,70017,226.9530792236328,277.1521988776842,0.9835749061968618,9.283336240861743,122.53481499999452,11.94287109375,,231289280,true,dcb2c10e4ac97b1d1289825869826fdec84593f7,6ac98672d6a5ec3f,true,2026-09-20T14:09:49+00:00
20260920T140330Z-gpu,electricity_hourly,T94,timesfm25,tsfm,168,24,70018,137.1444346110026,177.76268637555188,0.7564270945298136,4.89222288114501,132.8208430001041,11.94287109375,,231289280,true,dcb2c10e4ac97b1d1289825869826fdec84593f7,6ac98672d6a5ec3f,true,2026-09-20T14:09:49+00:00
20260920T140330Z-gpu,electricity_hourly,T94,timesfm25,tsfm,168,24,70019,225.9154815673828,249.33450202304442,2.361485870042329,7.198936268063988,131.70294099995772,11.94287109375,,231289280,true,dcb2c10e4ac97b1d1289825869826fdec84593f7,6ac98672d6a5ec3f,true,2026-09-20T14:09:49+00:00
20260920T140330Z-gpu,electricity_hourly,T94,timesfm25,tsfm,168,24,70020,138.35659790039062,182.32680970726403,0.7632005400366308,3.5864359650909594,120.61222299996643,11.94287109375,,231289280,true,dcb2c10e4ac97b1d1289825869826fdec84593f7,6ac98672d6a5ec3f,true,2026-09-20T14:09:49+00:00
20260920T140330Z-gpu,electricity_hourly,T94,timesfm25,tsfm,168,24,70021,181.58700052897134,236.6766146377175,0.15965251841554653,4.905562538556799,129.757939000001,11.94287109375,,231289280,true,dcb2c10e4ac97b1d1289825869826fdec84593f7,6ac98672d6a5ec3f,true,2026-09-20T14:09:49+00:00
20260920T140330Z-gpu,electricity_hourly,T94,chronos_bolt,tsfm,168,24,70000,94.43150838216145,125.4904918652378,0.7847493771370758,2.459813379153131,35.48922900006346,1.0751953125,,205292928,true,dcb2c10e4ac97b1d1289825869826fdec84593f7,6ac98672d6a5ec3f,true,2026-09-20T14:09:55+00:00
20260920T140330Z-gpu,electricity_hourly,T94,chronos_bolt,tsfm,168,24,70001,262.85125732421875,323.91764969497575,1.0977865093154529,6.526888861392431,35.75780300002407,1.0751953125,,205292928,true,dcb2c10e4ac97b1d1289825869826fdec84593f7,6ac98672d6a5ec3f,true,2026-09-20T14:09:55+00:00
20260920T140330Z-gpu,electricity_hourly,T94,chronos_bolt,tsfm,168,24,70002,104.75813802083333,125.89238670162506,0.45714027319009665,4.315288431194564,38.2699250000087,1.0751953125,,205292928,true,dcb2c10e4ac97b1d1289825869826fdec84593f7,6ac98672d6a5ec3f,true,2026-09-20T14:09:55+00:00
20260920T140330Z-gpu,electricity_hourly,T94,chronos_bolt,tsfm,168,24,70003,102.34180704752605,148.26021782554164,0.38032517522629616,3.107023819756217,39.287847000082365,1.0751953125,,205292928,true,dcb2c10e4ac97b1d1289825869826fdec84593f7,6ac98672d6a5ec3f,true,2026-09-20T14:09:55+00:00
20260920T140330Z-gpu,electricity_hourly,T94,chronos_bolt,tsfm,168,24,70004,246.77423095703125,355.21064245108533,0.9835724558612887,5.376347365026837,39.47669500007578,1.0751953125,,205292928,true,dcb2c10e4ac97b1d1289825869826fdec84593f7,6ac98672d6a5ec3f,true,2026-09-20T14:09:55+00:00
20260920T140330Z-gpu,electricity_hourly,T94,chronos_bolt,tsfm,168,24,70005,289.70008341471356,362.26944630406473,1.2449806616843366,8.690905714081964,38.74878199997056,1.0751953125,,205292928,true,dcb2c10e4ac97b1d1289825869826fdec84593f7,6ac98672d6a5ec3f,true,2026-09-20T14:09:55+00:00
20260920T140330Z-gpu,electricity_hourly,T94,chronos_bolt,tsfm,168,24,70006,164.08560180664062,230.26818859806505,0.46472202541413443,4.460782953910963,40.92950500000825,1.0751953125,,205292928,true,dcb2c10e4ac97b1d1289825869826fdec84593f7,6ac98672d6a5ec3f,true,2026-09-20T14:09:55+00:00
20260920T140330Z-gpu,electricity_hourly,T94,chronos_bolt,tsfm,168,24,70007,132.61090087890625,183.36022995463816,0.7715231597334451,2.6166185192287776,39.22591800005648,1.0751953125,,205292928,true,dcb2c10e4ac97b1d1289825869826fdec84593f7,6ac98672d6a5ec3f,true,2026-09-20T14:09:55+00:00
20260920T140330Z-gpu,electricity_hourly,T94,chronos_bolt,tsfm,168,24,70008,94.5868631998698,117.88831544990741,0.78445592931989,3.0353702666009186,40.08635599996069,1.0751953125,,205292928,true,dcb2c10e4ac97b1d1289825869826fdec84593f7,6ac98672d6a5ec3f,true,2026-09-20T14:09:55+00:00
20260920T140330Z-gpu,electricity_hourly,T94,chronos_bolt,tsfm,168,24,70009,393.0282491048177,507.844078670023,2.0572907259576065,11.706952647603252,38.50981400000819,1.0751953125,,205292928,true,dcb2c10e4ac97b1d1289825869826fdec84593f7,6ac98672d6a5ec3f,true,2026-09-20T14:09:55+00:00
20260920T140330Z-gpu,electricity_hourly,T94,chronos_bolt,tsfm,168,24,70010,288.7822977701823,421.64139295181104,1.6204758350442776,5.244448404202334,40.757095000003574,1.0751953125,,205292928,true,dcb2c10e4ac97b1d1289825869826fdec84593f7,6ac98672d6a5ec3f,true,2026-09-20T14:09:55+00:00
20260920T140330Z-gpu,electricity_hourly,T94,chronos_bolt,tsfm,168,24,70011,177.8330281575521,241.32110790267038,0.5380613967324501,4.00207377490732,39.09489499994834,1.0751953125,,205292928,true,dcb2c10e4ac97b1d1289825869826fdec84593f7,6ac98672d6a5ec3f,true,2026-09-20T14:09:55+00:00
20260920T140330Z-gpu,electricity_hourly,T94,chronos_bolt,tsfm,168,24,70012,262.70745849609375,395.5990281077378,1.6423493107335894,4.642808366348964,38.672173000009025,1.0751953125,,205292928,true,dcb2c10e4ac97b1d1289825869826fdec84593f7,6ac98672d6a5ec3f,true,2026-09-20T14:09:55+00:00
20260920T140330Z-gpu,electricity_hourly,T94,chronos_bolt,tsfm,168,24,70013,232.4819132486979,285.19594486094013,0.9795872862564009,7.018291300024532,35.421022999912566,1.0751953125,,205292928,true,dcb2c10e4ac97b1d1289825869826fdec84593f7,6ac98672d6a5ec3f,true,2026-09-20T14:09:55+00:00
20260920T140330Z-gpu,electricity_hourly,T94,chronos_bolt,tsfm,168,24,70014,229.31952921549478,302.2294610461943,1.4213408602862847,4.92759916070758,41.0772550000047,1.0751953125,,205292928,true,dcb2c10e4ac97b1d1289825869826fdec84593f7,6ac98672d6a5ec3f,true,2026-09-20T14:09:55+00:00
20260920T140330Z-gpu,electricity_hourly,T94,chronos_bolt,tsfm,168,24,70015,106.62109375,141.04194766968772,0.5883444780809319,2.982019992436044,35.853283000051306,1.0751953125,,205292928,true,dcb2c10e4ac97b1d1289825869826fdec84593f7,6ac98672d6a5ec3f,true,2026-09-20T14:09:55+00:00
20260920T140330Z-gpu,electricity_hourly,T94,chronos_bolt,tsfm,168,24,70016,195.64727783203125,262.2376039015146,1.0381460685316715,9.501857302771938,38.755731000037486,1.0751953125,,205292928,true,dcb2c10e4ac97b1d1289825869826fdec84593f7,6ac98672d6a5ec3f,true,2026-09-20T14:09:55+00:00
20260920T140330Z-gpu,electricity_hourly,T94,chronos_bolt,tsfm,168,24,70017,129.22269694010416,183.6210615891786,0.5600285418296866,3.951922587313106,35.88380300004701,1.0751953125,,205292928,true,dcb2c10e4ac97b1d1289825869826fdec84593f7,6ac98672d6a5ec3f,true,2026-09-20T14:09:55+00:00
20260920T140330Z-gpu,electricity_hourly,T94,chronos_bolt,tsfm,168,24,70018,123.29698689778645,176.2289111185768,0.6800507933691302,3.765831139720651,39.92000799996731,1.0751953125,,205292928,true,dcb2c10e4ac97b1d1289825869826fdec84593f7,6ac98672d6a5ec3f,true,2026-09-20T14:09:55+00:00
20260920T140330Z-gpu,electricity_hourly,T94,chronos_bolt,tsfm,168,24,70019,162.56399536132812,189.70333828186986,1.6992752128361823,4.317423100893803,40.163073000030636,1.0751953125,,205292928,true,dcb2c10e4ac97b1d1289825869826fdec84593f7,6ac98672d6a5ec3f,true,2026-09-20T14:09:55+00:00
20260920T140330Z-gpu,electricity_hourly,T94,chronos_bolt,tsfm,168,24,70020,126.4373270670573,173.25378788006168,0.6974516413582168,3.4371526316006875,39.696218000017325,1.0751953125,,205292928,true,dcb2c10e4ac97b1d1289825869826fdec84593f7,6ac98672d6a5ec3f,true,2026-09-20T14:09:55+00:00
20260920T140330Z-gpu,electricity_hourly,T94,chronos_bolt,tsfm,168,24,70021,107.2288106282552,164.91159003878457,0.0942762951843205,3.1775955810208067,38.09103399999003,1.0751953125,,205292928,true,dcb2c10e4ac97b1d1289825869826fdec84593f7,6ac98672d6a5ec3f,true,2026-09-20T14:09:55+00:00
20260920T140330Z-gpu,electricity_hourly,T108,lstm,deep,168,24,80000,56.01698116643428,64.51785870260366,1.4946165069421042,147.4388908177167,363.2866020000165,16.14599609375,0.35392118099991876,4513,false,dcb2c10e4ac97b1d1289825869826fdec84593f7,6ac98672d6a5ec3f,true,2026-09-20T14:10:08+00:00
20260920T140330Z-gpu,electricity_hourly,T108,lstm,deep,168,24,80001,46.04268770465606,57.94919768315671,0.8378803272425721,127.24609538558569,370.3766890000679,16.10986328125,0.360453649999954,4513,false,dcb2c10e4ac97b1d1289825869826fdec84593f7,6ac98672d6a5ec3f,true,2026-09-20T14:10:08+00:00
20260920T140330Z-gpu,electricity_hourly,T108,lstm,deep,168,24,80002,51.31654624970159,69.88359464765044,2.340697706669949,85.07544735710827,367.50580000000355,16.10986328125,0.3578864359999443,4513,false,dcb2c10e4ac97b1d1289825869826fdec84593f7,6ac98672d6a5ec3f,true,2026-09-20T14:10:08+00:00
20260920T140330Z-gpu,electricity_hourly,T108,lstm,deep,168,24,80003,19.560917436952113,28.16926696137561,0.6556732101771658,138.82289516523514,352.96437500005595,16.10986328125,0.34335916600002747,4513,false,dcb2c10e4ac97b1d1289825869826fdec84593f7,6ac98672d6a5ec3f,true,2026-09-20T14:10:08+00:00
20260920T140330Z-gpu,electricity_hourly,T108,lstm,deep,168,24,80004,8.609549219003496,10.960877584296844,0.3437136366888005,9.640639775916142,352.68346800000927,16.10986328125,0.3427398769999854,4513,false,dcb2c10e4ac97b1d1289825869826fdec84593f7,6ac98672d6a5ec3f,true,2026-09-20T14:10:08+00:00
20260920T140330Z-gpu,electricity_hourly,T108,lstm,deep,168,24,80005,48.44347797689756,61.54466905016523,1.4404007492614597,146.02926656594911,347.1116210000673,16.10986328125,0.3379762849999679,4513,false,dcb2c10e4ac97b1d1289825869826fdec84593f7,6ac98672d6a5ec3f,true,2026-09-20T14:10:08+00:00
20260920T140330Z-gpu,electricity_hourly,T108,lstm,deep,168,24,80006,58.94232163136334,83.32394285384336,2.4453167141792913,122.61533092624124,355.9887420000223,16.10986328125,0.34560134299999845,4513,false,dcb2c10e4ac97b1d1289825869826fdec84593f7,6ac98672d6a5ec3f,true,2026-09-20T14:10:08+00:00
20260920T140330Z-gpu,electricity_hourly,T108,lstm,deep,168,24,80007,61.45894142424341,75.36607983060917,2.3803355473617676,140.3876749424847,393.26261599990175,16.10986328125,0.38372602199990524,4513,false,dcb2c10e4ac97b1d1289825869826fdec84593f7,6ac98672d6a5ec3f,true,2026-09-20T14:10:08+00:00
20260920T140330Z-gpu,electricity_hourly,T108,lstm,deep,168,24,80008,24.132532321112535,35.628898764379386,0.9281743200427898,143.8021348483477,389.14655199994286,16.10986328125,0.37955764999992425,4513,false,dcb2c10e4ac97b1d1289825869826fdec84593f7,6ac98672d6a5ec3f,true,2026-09-20T14:10:08+00:00
20260920T140330Z-gpu,electricity_hourly,T108,lstm,deep,168,24,80009,61.220596535315565,80.77786577601569,2.1729765593013166,76.13886716181378,370.11725800005024,16.10986328125,0.36070717999996305,4513,false,dcb2c10e4ac97b1d1289825869826fdec84593f7,6ac98672d6a5ec3f,true,2026-09-20T14:10:08+00:00
20260920T140330Z-gpu,electricity_hourly,T108,lstm,deep,168,24,80010,45.74779672724099,58.24049102175963,1.3851309353916532,142.31491523103347,365.39188799997646,16.10986328125,0.3561179970000694,4513,false,dcb2c10e4ac97b1d1289825869826fdec84593f7,6ac98672d6a5ec3f,true,2026-09-20T14:10:08+00:00
20260920T140330Z-gpu,electricity_hourly,T108,lstm,deep,168,24,80011,14.007543966428718,24.46187896222503,0.4733833210902923,9.970097843058383,400.6789200000185,16.10986328125,0.38901858600002015,4513,false,dcb2c10e4ac97b1d1289825869826fdec84593f7,6ac98672d6a5ec3f,true,2026-09-20T14:10:08+00:00
20260920T140330Z-gpu,electricity_hourly,T108,lstm,deep,168,24,80012,25.418215301287102,34.046467421990805,0.7915707187252038,138.6415546234348,362.8063989999646,16.10986328125,0.35265464600001906,4513,false,dcb2c10e4ac97b1d1289825869826fdec84593f7,6ac98672d6a5ec3f,true,2026-09-20T14:10:08+00:00
20260920T140330Z-gpu,electricity_hourly,T108,lstm,deep,168,24,80013,49.90983117263329,63.87592249692649,2.3410474556544605,130.8247681707307,356.8489620000719,16.10986328125,0.34757920799995645,4513,false,dcb2c10e4ac97b1d1289825869826fdec84593f7,6ac98672d6a5ec3f,true,2026-09-20T14:10:08+00:00
20260920T140330Z-gpu,electricity_hourly,T108,lstm,deep,168,24,80014,19.851333211530925,31.78719504908208,0.8261826538903043,141.82426187692522,348.7307509999482,16.10986328125,0.3388782079999828,4513,false,dcb2c10e4ac97b1d1289825869826fdec84593f7,6ac98672d6a5ec3f,true,2026-09-20T14:10:08+00:00
20260920T140330Z-gpu,electricity_hourly,T108,lstm,deep,168,24,80015,81.808699251683,95.20822431228333,2.169512466342974,166.71441316702226,363.02404100001695,16.10986328125,0.35338512400005584,4513,false,dcb2c10e4ac97b1d1289825869826fdec84593f7,6ac98672d6a5ec3f,true,2026-09-20T14:10:08+00:00
20260920T140330Z-gpu,electricity_hourly,T108,lstm,deep,168,24,80016,61.70538618698118,71.82757656623882,1.996758564252874,114.76967991730594,357.9499830000259,16.10986328125,0.34858524999992824,4513,false,dcb2c10e4ac97b1d1289825869826fdec84593f7,6ac98672d6a5ec3f,true,2026-09-20T14:10:08+00:00
20260920T140330Z-gpu,electricity_hourly,T108,lstm,deep,168,24,80017,26.08688356778207,38.14836771103093,0.6293367789848582,142.28066283870703,363.57017199998154,16.10986328125,0.3540134659999694,4513,false,dcb2c10e4ac97b1d1289825869826fdec84593f7,6ac98672d6a5ec3f,true,2026-09-20T14:10:08+00:00
20260920T140330Z-gpu,electricity_hourly,T108,lstm,deep,168,24,80018,32.705463196562654,40.23022767747754,1.0244913422460349,32.26596631134024,366.24369300000126,16.10986328125,0.35657085000002553,4513,false,dcb2c10e4ac97b1d1289825869826fdec84593f7,6ac98672d6a5ec3f,true,2026-09-20T14:10:08+00:00
20260920T140330Z-gpu,electricity_hourly,T108,lstm,deep,168,24,80019,42.84914997994243,53.76170454372319,1.2392604131576042,150.79932002884783,362.43668100007653,16.10986328125,0.35305960400000913,4513,false,dcb2c10e4ac97b1d1289825869826fdec84593f7,6ac98672d6a5ec3f,true,2026-09-20T14:10:08+00:00
20260920T140330Z-gpu,electricity_hourly,T108,lstm,deep,168,24,80020,65.73882274020572,84.54077557265059,2.2619809975124547,136.47321107410008,367.0751189999919,16.10986328125,0.3574444509999921,4513,false,dcb2c10e4ac97b1d1289825869826fdec84593f7,6ac98672d6a5ec3f,true,2026-09-20T14:10:08+00:00
20260920T140330Z-gpu,electricity_hourly,T108,lstm,deep,168,24,80021,71.77336211391541,82.56805117690797,1.142913208493179,142.15501545666288,353.81519600002775,16.10986328125,0.3439902699999493,4513,false,dcb2c10e4ac97b1d1289825869826fdec84593f7,6ac98672d6a5ec3f,true,2026-09-20T14:10:08+00:00
20260920T140330Z-gpu,electricity_hourly,T108,transformer,deep,168,24,80000,47.3443527288764,58.93255083371122,1.2632178604702988,138.05705680083233,636.7625810000845,10.6845703125,0.635390067000003,19232,false,dcb2c10e4ac97b1d1289825869826fdec84593f7,6ac98672d6a5ec3f,true,2026-09-20T14:10:27+00:00
20260920T140330Z-gpu,electricity_hourly,T108,transformer,deep,168,24,80001,63.40516670738356,73.13885122495194,1.1538410218454735,126.0151040847433,629.3133639999269,10.525390625,0.6275037339999017,19232,false,dcb2c10e4ac97b1d1289825869826fdec84593f7,6ac98672d6a5ec3f,true,2026-09-20T14:10:27+00:00
20260920T140330Z-gpu,electricity_hourly,T108,transformer,deep,168,24,80002,83.66062543298453,92.23226948001533,3.816005721365148,143.2610851607242,629.4309429999885,10.525390625,0.6282126250000601,19232,false,dcb2c10e4ac97b1d1289825869826fdec84593f7,6ac98672d6a5ec3f,true,2026-09-20T14:10:27+00:00
20260920T140330Z-gpu,electricity_hourly,T108,transformer,deep,168,24,80003,59.73903178434915,73.52401703962384,2.0024256464027648,145.97247096840425,638.6416009999039,10.525390625,0.6373824510000077,19232,false,dcb2c10e4ac97b1d1289825869826fdec84593f7,6ac98672d6a5ec3f,true,2026-09-20T14:10:27+00:00
20260920T140330Z-gpu,electricity_hourly,T108,transformer,deep,168,24,80004,65.20855409966002,75.90901561364326,2.6032802302054456,124.93219813362708,647.089145000109,10.525390625,0.6459771669999554,19232,false,dcb2c10e4ac97b1d1289825869826fdec84593f7,6ac98672d6a5ec3f,true,2026-09-20T14:10:27+00:00
20260920T140330Z-gpu,electricity_hourly,T108,transformer,deep,168,24,80005,62.0760660722392,71.17400412799572,1.8457471638245808,140.55202817114346,633.9636710000605,10.525390625,0.6327865619999784,19232,false,dcb2c10e4ac97b1d1289825869826fdec84593f7,6ac98672d6a5ec3f,true,2026-09-20T14:10:27+00:00
20260920T140330Z-gpu,electricity_hourly,T108,transformer,deep,168,24,80006,71.02192248448326,94.05466764850183,2.9464583226060466,136.63998621941406,639.2522020000797,10.525390625,0.6379664999999477,19232,false,dcb2c10e4ac97b1d1289825869826fdec84593f7,6ac98672d6a5ec3f,true,2026-09-20T14:10:27+00:00
20260920T140330Z-gpu,electricity_hourly,T108,transformer,deep,168,24,80007,68.74648665276263,82.05631307932242,2.6625858197950025,168.5546583087823,701.2863970001035,10.525390625,0.6999247830000286,19232,false,dcb2c10e4ac97b1d1289825869826fdec84593f7,6ac98672d6a5ec3f,true,2026-09-20T14:10:27+00:00
20260920T140330Z-gpu,electricity_hourly,T108,transformer,deep,168,24,80008,17.584416192350716,29.831416740833617,0.6763236997057968,142.75808273335286,621.636624999951,10.525390625,0.6204922670000315,19232,false,dcb2c10e4ac97b1d1289825869826fdec84593f7,6ac98672d6a5ec3f,true,2026-09-20T14:10:27+00:00
20260920T140330Z-gpu,electricity_hourly,T108,transformer,deep,168,24,80009,89.58409115225878,102.92382100755304,3.1797163238662223,149.50402279001923,650.6936849999647,10.525390625,0.6494706299999962,19232,false,dcb2c10e4ac97b1d1289825869826fdec84593f7,6ac98672d6a5ec3f,true,2026-09-20T14:10:27+00:00
20260920T140330Z-gpu,electricity_hourly,T108,transformer,deep,168,24,80010,63.96810426440695,77.23327609339641,1.9367971013613543,138.4970229784834,624.6147450000308,10.525390625,0.6234080779998976,19232,false,dcb2c10e4ac97b1d1289825869826fdec84593f7,6ac98672d6a5ec3f,true,2026-09-20T14:10:27+00:00
20260920T140330Z-gpu,electricity_hourly,T108,transformer,deep,168,24,80011,112.57696198315676,124.78237545335723,3.8045253521648847,129.69064328996848,634.1281720000325,10.525390625,0.6328990120000526,19232,false,dcb2c10e4ac97b1d1289825869826fdec84593f7,6ac98672d6a5ec3f,true,2026-09-20T14:10:27+00:00
20260920T140330Z-gpu,electricity_hourly,T108,transformer,deep,168,24,80012,32.272106912416355,37.96455146653864,1.0050137100752496,139.6755532793422,618.6286409999866,10.525390625,0.6174539779999577,19232,false,dcb2c10e4ac97b1d1289825869826fdec84593f7,6ac98672d6a5ec3f,true,2026-09-20T14:10:27+00:00
20260920T140330Z-gpu,electricity_hourly,T108,transformer,deep,168,24,80013,48.1519318152672,65.61009449190647,2.258592241497875,121.14376155134934,627.5585070000034,10.525390625,0.6263360829999556,19232,false,dcb2c10e4ac97b1d1289825869826fdec84593f7,6ac98672d6a5ec3f,true,2026-09-20T14:10:27+00:00
20260920T140330Z-gpu,electricity_hourly,T108,transformer,deep,168,24,80014,68.87786071970034,83.7521596503828,2.8665930472938865,179.66270246891466,615.343447999976,10.525390625,0.6142080910000232,19232,false,dcb2c10e4ac97b1d1289825869826fdec84593f7,6ac98672d6a5ec3f,true,2026-09-20T14:10:27+00:00
20260920T140330Z-gpu,electricity_hourly,T108,transformer,deep,168,24,80015,56.054970416977746,77.39811617875826,1.486540651941951,165.47650857589036,659.6359259999645,10.525390625,0.658413290999988,19232,false,dcb2c10e4ac97b1d1289825869826fdec84593f7,6ac98672d6a5ec3f,true,2026-09-20T14:10:27+00:00
20260920T140330Z-gpu,electricity_hourly,T108,transformer,deep,168,24,80016,113.83769434202493,125.44305876888633,3.6837366258992335,186.7770323673802,650.8582970000134,10.525390625,0.6496409729999186,19232,false,dcb2c10e4ac97b1d1289825869826fdec84593f7,6ac98672d6a5ec3f,true,2026-09-20T14:10:27+00:00
20260920T140330Z-gpu,electricity_hourly,T108,transformer,deep,168,24,80017,91.69598711593555,104.04610375657,2.2121330448474987,174.04442754879963,664.6283789999643,10.525390625,0.663305830000013,19232,false,dcb2c10e4ac97b1d1289825869826fdec84593f7,6ac98672d6a5ec3f,true,2026-09-20T14:10:27+00:00
20260920T140330Z-gpu,electricity_hourly,T108,transformer,deep,168,24,80018,81.3574038631933,90.14972620667562,2.548502535631898,123.68829375960627,644.9267460000101,10.525390625,0.6437331939999922,19232,false,dcb2c10e4ac97b1d1289825869826fdec84593f7,6ac98672d6a5ec3f,true,2026-09-20T14:10:27+00:00
20260920T140330Z-gpu,electricity_hourly,T108,transformer,deep,168,24,80019,68.11296883335727,88.97769695985811,1.969927196626521,142.5097552353921,625.1569629999949,10.525390625,0.6239159470000004,19232,false,dcb2c10e4ac97b1d1289825869826fdec84593f7,6ac98672d6a5ec3f,true,2026-09-20T14:10:27+00:00
20260920T140330Z-gpu,electricity_hourly,T108,transformer,deep,168,24,80020,65.48887477681696,83.90580436072646,2.253380637481874,134.55947720467964,646.5393949999907,10.525390625,0.6453559880000057,19232,false,dcb2c10e4ac97b1d1289825869826fdec84593f7,6ac98672d6a5ec3f,true,2026-09-20T14:10:27+00:00
20260920T140330Z-gpu,electricity_hourly,T108,transformer,deep,168,24,80021,101.47699181839295,116.01778996844834,1.6159114034997881,172.15646188639485,682.2191060000478,10.525390625,0.6808826410000393,19232,false,dcb2c10e4ac97b1d1289825869826fdec84593f7,6ac98672d6a5ec3f,true,2026-09-20T14:10:27+00:00
20260920T140330Z-gpu,electricity_hourly,T108,timesfm25,tsfm,168,24,80000,26.624493439992268,41.17900014424274,0.7103811479264196,164.84808966842905,126.86970900006145,11.94287109375,,231289280,true,dcb2c10e4ac97b1d1289825869826fdec84593f7,6ac98672d6a5ec3f,true,2026-09-20T14:10:35+00:00
20260920T140330Z-gpu,electricity_hourly,T108,timesfm25,tsfm,168,24,80001,35.89086786905924,50.427918143458434,0.6531385028616873,140.9245174981884,132.9766540000037,11.94287109375,,231289280,true,dcb2c10e4ac97b1d1289825869826fdec84593f7,6ac98672d6a5ec3f,true,2026-09-20T14:10:35+00:00
20260920T140330Z-gpu,electricity_hourly,T108,timesfm25,tsfm,168,24,80002,49.500807762145996,65.67287150269225,2.2578765656474578,85.46555870259547,133.78866099992592,11.94287109375,,231289280,true,dcb2c10e4ac97b1d1289825869826fdec84593f7,6ac98672d6a5ec3f,true,2026-09-20T14:10:35+00:00
20260920T140330Z-gpu,electricity_hourly,T108,timesfm25,tsfm,168,24,80003,8.576893846193949,12.953178019633782,0.28749364847577485,137.59687139090354,132.23321200007376,11.94287109375,,231289280,true,dcb2c10e4ac97b1d1289825869826fdec84593f7,6ac98672d6a5ec3f,true,2026-09-20T14:10:35+00:00
20260920T140330Z-gpu,electricity_hourly,T108,timesfm25,tsfm,168,24,80004,18.37905979156494,24.326621330327203,0.7337356833893406,17.551541895490015,132.4350710000317,11.94287109375,,231289280,true,dcb2c10e4ac97b1d1289825869826fdec84593f7,6ac98672d6a5ec3f,true,2026-09-20T14:10:35+00:00
20260920T140330Z-gpu,electricity_hourly,T108,timesfm25,tsfm,168,24,80005,7.848515868186951,10.752614830543237,0.2333649153456372,137.40696888012718,132.6840719999609,11.94287109375,,231289280,true,dcb2c10e4ac97b1d1289825869826fdec84593f7,6ac98672d6a5ec3f,true,2026-09-20T14:10:35+00:00
20260920T140330Z-gpu,electricity_hourly,T108,timesfm25,tsfm,168,24,80006,56.06359505653381,77.4681591996131,2.325888126805206,113.02495696783154,130.09641999997257,11.94287109375,,231289280,true,dcb2c10e4ac97b1d1289825869826fdec84593f7,6ac98672d6a5ec3f,true,2026-09-20T14:10:35+00:00
20260920T140330Z-gpu,electricity_hourly,T108,timesfm25,tsfm,168,24,80007,9.6178431113561,13.925039281189184,0.3725038752112099,139.39824588125728,130.95488199996907,11.94287109375,,231289280,true,dcb2c10e4ac97b1d1289825869826fdec84593f7,6ac98672d6a5ec3f,true,2026-09-20T14:10:35+00:00
20260920T140330Z-gpu,electricity_hourly,T108,timesfm25,tsfm,168,24,80008,7.441050132115682,15.034855119152654,0.28619423585060316,139.33432565363466,129.992164999976,11.94287109375,,231289280,true,dcb2c10e4ac97b1d1289825869826fdec84593f7,6ac98672d6a5ec3f,true,2026-09-20T14:10:35+00:00
20260920T140330Z-gpu,electricity_hourly,T108,timesfm25,tsfm,168,24,80009,62.11920007069906,80.99665561850796,2.2048717796846597,77.18558338181413,132.0407980000482,11.94287109375,,231289280,true,dcb2c10e4ac97b1d1289825869826fdec84593f7,6ac98672d6a5ec3f,true,2026-09-20T14:10:35+00:00
20260920T140330Z-gpu,electricity_hourly,T108,timesfm25,tsfm,168,24,80010,8.37496793270111,16.68161308965299,0.25357346137698905,138.79777309080953,122.68388300003608,11.94287109375,,231289280,true,dcb2c10e4ac97b1d1289825869826fdec84593f7,6ac98672d6a5ec3f,true,2026-09-20T14:10:35+00:00
20260920T140330Z-gpu,electricity_hourly,T108,timesfm25,tsfm,168,24,80011,32.001733462015785,36.40025585676338,1.081494864710226,24.10403283500214,130.93033300003754,11.94287109375,,231289280,true,dcb2c10e4ac97b1d1289825869826fdec84593f7,6ac98672d6a5ec3f,true,2026-09-20T14:10:35+00:00
20260920T140330Z-gpu,electricity_hourly,T108,timesfm25,tsfm,168,24,80012,5.561294039090474,7.558965695022469,0.1731890877225407,135.64841851597566,135.2216430000226,11.94287109375,,231289280,true,dcb2c10e4ac97b1d1289825869826fdec84593f7,6ac98672d6a5ec3f,true,2026-09-20T14:10:35+00:00
20260920T140330Z-gpu,electricity_hourly,T108,timesfm25,tsfm,168,24,80013,38.94288225968679,51.53754904360806,1.8266368226042013,109.5263137143095,134.128965000059,11.94287109375,,231289280,true,dcb2c10e4ac97b1d1289825869826fdec84593f7,6ac98672d6a5ec3f,true,2026-09-20T14:10:35+00:00
20260920T140330Z-gpu,electricity_hourly,T108,timesfm25,tsfm,168,24,80014,11.046690821647644,15.287904972542579,0.45974667003389036,140.7020693452165,126.82752800003527,11.94287109375,,231289280,true,dcb2c10e4ac97b1d1289825869826fdec84593f7,6ac98672d6a5ec3f,true,2026-09-20T14:10:35+00:00
20260920T140330Z-gpu,electricity_hourly,T108,timesfm25,tsfm,168,24,80015,16.600409507751465,23.650829211937996,0.4402318543492101,142.90919616620502,130.58035199992446,11.94287109375,,231289280,true,dcb2c10e4ac97b1d1289825869826fdec84593f7,6ac98672d6a5ec3f,true,2026-09-20T14:10:35+00:00
20260920T140330Z-gpu,electricity_hourly,T108,timesfm25,tsfm,168,24,80016,36.673980712890625,45.50349417039178,1.1867535331811798,108.8773372435831,125.83729699997548,11.94287109375,,231289280,true,dcb2c10e4ac97b1d1289825869826fdec84593f7,6ac98672d6a5ec3f,true,2026-09-20T14:10:35+00:00
20260920T140330Z-gpu,electricity_hourly,T108,timesfm25,tsfm,168,24,80017,17.872842351595562,29.391317738898675,0.4311759588925718,145.11088698875454,128.4602639999548,11.94287109375,,231289280,true,dcb2c10e4ac97b1d1289825869826fdec84593f7,6ac98672d6a5ec3f,true,2026-09-20T14:10:35+00:00
20260920T140330Z-gpu,electricity_hourly,T108,timesfm25,tsfm,168,24,80018,32.07206026713053,40.10682668293675,1.0046501367123768,30.729983492119278,122.5259069999538,11.94287109375,,231289280,true,dcb2c10e4ac97b1d1289825869826fdec84593f7,6ac98672d6a5ec3f,true,2026-09-20T14:10:35+00:00
20260920T140330Z-gpu,electricity_hourly,T108,timesfm25,tsfm,168,24,80019,24.01372543970744,33.05058599391378,0.694512244088747,153.13780585868687,128.0090550000068,11.94287109375,,231289280,true,dcb2c10e4ac97b1d1289825869826fdec84593f7,6ac98672d6a5ec3f,true,2026-09-20T14:10:35+00:00
20260920T140330Z-gpu,electricity_hourly,T108,timesfm25,tsfm,168,24,80020,48.2702411810557,61.371902361087095,1.6609115245094435,105.66957807030278,123.45562699999846,11.94287109375,,231289280,true,dcb2c10e4ac97b1d1289825869826fdec84593f7,6ac98672d6a5ec3f,true,2026-09-20T14:10:35+00:00
20260920T140330Z-gpu,electricity_hourly,T108,timesfm25,tsfm,168,24,80021,34.69155903657278,46.106235330470035,0.5524255779350303,156.66612238466956,131.79621199992653,11.94287109375,,231289280,true,dcb2c10e4ac97b1d1289825869826fdec84593f7,6ac98672d6a5ec3f,true,2026-09-20T14:10:35+00:00
20260920T140330Z-gpu,electricity_hourly,T108,chronos_bolt,tsfm,168,24,80000,5.439563751220703,8.069741704757588,0.14513566429049127,135.91490117677444,37.680467999962275,1.0751953125,,205292928,true,dcb2c10e4ac97b1d1289825869826fdec84593f7,6ac98672d6a5ec3f,true,2026-09-20T14:10:41+00:00
20260920T140330Z-gpu,electricity_hourly,T108,chronos_bolt,tsfm,168,24,80001,19.31501817703247,49.38265353414972,0.351492811511775,137.3701724749397,39.19809699993948,1.0751953125,,205292928,true,dcb2c10e4ac97b1d1289825869826fdec84593f7,6ac98672d6a5ec3f,true,2026-09-20T14:10:41+00:00
20260920T140330Z-gpu,electricity_hourly,T108,chronos_bolt,tsfm,168,24,80002,30.313499450683594,54.693461960296496,1.3826873363631416,108.31660053394694,35.63739200001237,1.0751953125,,205292928,true,dcb2c10e4ac97b1d1289825869826fdec84593f7,6ac98672d6a5ec3f,true,2026-09-20T14:10:41+00:00
20260920T140330Z-gpu,electricity_hourly,T108,chronos_bolt,tsfm,168,24,80003,3.150083859761556,4.913188931832578,0.1055894031204991,135.49082320199756,38.77636300001086,1.0751953125,,205292928,true,dcb2c10e4ac97b1d1289825869826fdec84593f7,6ac98672d6a5ec3f,true,2026-09-20T14:10:41+00:00
20260920T140330Z-gpu,electricity_hourly,T108,chronos_bolt,tsfm,168,24,80004,16.448466936747234,20.429385203296185,0.6566618350129199,15.997343897443534,39.62437799998497,1.0751953125,,205292928,true,dcb2c10e4ac97b1d1289825869826fdec84593f7,6ac98672d6a5ec3f,true,2026-09-20T14:10:41+00:00
20260920T140330Z-gpu,electricity_hourly,T108,chronos_bolt,tsfm,168,24,80005,3.856858412424723,6.233256939386642,0.11467842481708862,135.846161236313,36.31960399991385,1.0751953125,,205292928,true,dcb2c10e4ac97b1d1289825869826fdec84593f7,6ac98672d6a5ec3f,true,2026-09-20T14:10:41+00:00
20260920T140330Z-gpu,electricity_hourly,T108,chronos_bolt,tsfm,168,24,80006,20.668153921763103,31.24195857006862,0.8574515023721944,65.95699655281061,36.03040600000895,1.0751953125,,205292928,true,dcb2c10e4ac97b1d1289825869826fdec84593f7,6ac98672d6a5ec3f,true,2026-09-20T14:10:41+00:00
20260920T140330Z-gpu,electricity_hourly,T108,chronos_bolt,tsfm,168,24,80007,3.8163849512736,6.352127054863434,0.14781049838176397,136.169730211755,39.579290999995465,1.0751953125,,205292928,true,dcb2c10e4ac97b1d1289825869826fdec84593f7,6ac98672d6a5ec3f,true,2026-09-20T14:10:41+00:00
20260920T140330Z-gpu,electricity_hourly,T108,chronos_bolt,tsfm,168,24,80008,31.696571985880535,41.14988842008098,1.2190989225338666,140.12185678814893,40.421395000066696,1.0751953125,,205292928,true,dcb2c10e4ac97b1d1289825869826fdec84593f7,6ac98672d6a5ec3f,true,2026-09-20T14:10:41+00:00
20260920T140330Z-gpu,electricity_hourly,T108,chronos_bolt,tsfm,168,24,80009,58.134390672047935,98.71551422812607,2.063434127871556,106.2124772797215,36.0188700000208,1.0751953125,,205292928,true,dcb2c10e4ac97b1d1289825869826fdec84593f7,6ac98672d6a5ec3f,true,2026-09-20T14:10:41+00:00
20260920T140330Z-gpu,electricity_hourly,T108,chronos_bolt,tsfm,168,24,80010,4.791370232899983,10.21600181045624,0.1450709237883931,136.8246703935671,39.37020900002608,1.0751953125,,205292928,true,dcb2c10e4ac97b1d1289825869826fdec84593f7,6ac98672d6a5ec3f,true,2026-09-20T14:10:41+00:00
20260920T140330Z-gpu,electricity_hourly,T108,chronos_bolt,tsfm,168,24,80011,23.662414232889812,26.872011973319417,0.7996685401399044,17.254698829456597,39.25145200003044,1.0751953125,,205292928,true,dcb2c10e4ac97b1d1289825869826fdec84593f7,6ac98672d6a5ec3f,true,2026-09-20T14:10:41+00:00
20260920T140330Z-gpu,electricity_hourly,T108,chronos_bolt,tsfm,168,24,80012,3.354835033416748,5.537609117000346,0.10447583149048695,135.3230378798232,35.428354000032414,1.0751953125,,205292928,true,dcb2c10e4ac97b1d1289825869826fdec84593f7,6ac98672d6a5ec3f,true,2026-09-20T14:10:41+00:00
20260920T140330Z-gpu,electricity_hourly,T108,chronos_bolt,tsfm,168,24,80013,7.0920132001241045,9.671417510347057,0.3326546908201535,56.49399050811642,36.30878000001303,1.0751953125,,205292928,true,dcb2c10e4ac97b1d1289825869826fdec84593f7,6ac98672d6a5ec3f,true,2026-09-20T14:10:41+00:00
20260920T140330Z-gpu,electricity_hourly,T108,chronos_bolt,tsfm,168,24,80014,4.544346650441487,7.365396418821045,0.18912887793744917,136.4417143867206,36.26031600003898,1.0751953125,,205292928,true,dcb2c10e4ac97b1d1289825869826fdec84593f7,6ac98672d6a5ec3f,true,2026-09-20T14:10:41+00:00
20260920T140330Z-gpu,electricity_hourly,T108,chronos_bolt,tsfm,168,24,80015,6.010908126831055,9.622439691285184,0.1594052983910998,136.74667324556899,35.05428899995877,1.0751953125,,205292928,true,dcb2c10e4ac97b1d1289825869826fdec84593f7,6ac98672d6a5ec3f,true,2026-09-20T14:10:41+00:00
20260920T140330Z-gpu,electricity_hourly,T108,chronos_bolt,tsfm,168,24,80016,18.109756151835125,33.96529798822959,0.5860235698571367,109.85535308348486,39.00983300002281,1.0751953125,,205292928,true,dcb2c10e4ac97b1d1289825869826fdec84593f7,6ac98672d6a5ec3f,true,2026-09-20T14:10:41+00:00
20260920T140330Z-gpu,electricity_hourly,T108,chronos_bolt,tsfm,168,24,80017,8.470375219980875,17.675854213278633,0.20434478667737413,138.35771329191877,39.24557899995307,1.0751953125,,205292928,true,dcb2c10e4ac97b1d1289825869826fdec84593f7,6ac98672d6a5ec3f,true,2026-09-20T14:10:41+00:00
20260920T140330Z-gpu,electricity_hourly,T108,chronos_bolt,tsfm,168,24,80018,31.481934547424316,35.49622587982634,0.9861645801237985,31.181235536214118,35.61563400000978,1.0751953125,,205292928,true,dcb2c10e4ac97b1d1289825869826fdec84593f7,6ac98672d6a5ec3f,true,2026-09-20T14:10:41+00:00
20260920T140330Z-gpu,electricity_hourly,T108,chronos_bolt,tsfm,168,24,80019,9.178916295369467,16.98022278601405,0.2654677538729069,139.24915939033517,38.97941700006413,1.0751953125,,205292928,true,dcb2c10e4ac97b1d1289825869826fdec84593f7,6ac98672d6a5ec3f,true,2026-09-20T14:10:41+00:00
20260920T140330Z-gpu,electricity_hourly,T108,chronos_bolt,tsfm,168,24,80020,10.541387240091959,15.321324823717482,0.36271439965907815,57.07588974648626,38.89253499994538,1.0751953125,,205292928,true,dcb2c10e4ac97b1d1289825869826fdec84593f7,6ac98672d6a5ec3f,true,2026-09-20T14:10:41+00:00
20260920T140330Z-gpu,electricity_hourly,T108,chronos_bolt,tsfm,168,24,80021,8.050774892171225,15.07687679225481,0.1281998877001721,139.60286762397988,35.232107000069846,1.0751953125,,205292928,true,dcb2c10e4ac97b1d1289825869826fdec84593f7,6ac98672d6a5ec3f,true,2026-09-20T14:10:41+00:00
20260920T140330Z-gpu,electricity_hourly,T121,lstm,deep,168,24,90000,41.51624276640958,55.41392864272383,1.4845639330427067,3.153589599459017,390.975831999981,16.14599609375,0.38066656299997703,4513,false,dcb2c10e4ac97b1d1289825869826fdec84593f7,6ac98672d6a5ec3f,true,2026-09-20T14:10:54+00:00
20260920T140330Z-gpu,electricity_hourly,T121,lstm,deep,168,24,90001,63.08349866876352,79.85341963202177,1.0481162811009515,4.7200849419403275,388.7483669999483,16.10986328125,0.37452472799998304,4513,false,dcb2c10e4ac97b1d1289825869826fdec84593f7,6ac98672d6a5ec3f,true,2026-09-20T14:10:54+00:00
20260920T140330Z-gpu,electricity_hourly,T121,lstm,deep,168,24,90002,58.51510505533752,83.07629115531365,1.559825088479934,4.424695952307985,344.88524300002155,16.10986328125,0.3358564210000168,4513,false,dcb2c10e4ac97b1d1289825869826fdec84593f7,6ac98672d6a5ec3f,true,2026-09-20T14:10:54+00:00
20260920T140330Z-gpu,electricity_hourly,T121,lstm,deep,168,24,90003,36.094787208525766,44.277302223626194,1.1674863787124237,2.6275757269052398,350.5236059999106,16.10986328125,0.34062390400004006,4513,false,dcb2c10e4ac97b1d1289825869826fdec84593f7,6ac98672d6a5ec3f,true,2026-09-20T14:10:54+00:00
20260920T140330Z-gpu,electricity_hourly,T121,lstm,deep,168,24,90004,40.19575595506347,49.835747495219316,1.0535472984217582,3.0300027608023914,365.6603020000375,16.10986328125,0.3562123649999194,4513,false,dcb2c10e4ac97b1d1289825869826fdec84593f7,6ac98672d6a5ec3f,true,2026-09-20T14:10:54+00:00
20260920T140330Z-gpu,electricity_hourly,T121,lstm,deep,168,24,90005,36.05849035301626,46.79669052840091,1.1454715664756985,2.6475395364723364,385.3480360000958,16.10986328125,0.3759858839999879,4513,false,dcb2c10e4ac97b1d1289825869826fdec84593f7,6ac98672d6a5ec3f,true,2026-09-20T14:10:54+00:00
20260920T140330Z-gpu,electricity_hourly,T121,lstm,deep,168,24,90006,164.3916274321601,170.55143965833346,3.1308549596919795,11.835468343407303,349.69275299999936,16.10986328125,0.34051817900001424,4513,false,dcb2c10e4ac97b1d1289825869826fdec84593f7,6ac98672d6a5ec3f,true,2026-09-20T14:10:54+00:00
20260920T140330Z-gpu,electricity_hourly,T121,lstm,deep,168,24,90007,37.455652221113304,41.18361827093764,1.01997237515891,2.6054958230154486,363.2493299999169,16.10986328125,0.35358959099994536,4513,false,dcb2c10e4ac97b1d1289825869826fdec84593f7,6ac98672d6a5ec3f,true,2026-09-20T14:10:54+00:00
20260920T140330Z-gpu,electricity_hourly,T121,lstm,deep,168,24,90008,30.588835488473716,35.75540398275552,1.0081923347082205,2.1776898778312623,358.1166989999929,16.10986328125,0.3477647690000367,4513,false,dcb2c10e4ac97b1d1289825869826fdec84593f7,6ac98672d6a5ec3f,true,2026-09-20T14:10:54+00:00
20260920T140330Z-gpu,electricity_hourly,T121,lstm,deep,168,24,90009,96.41538527712508,109.12362444927736,3.3682230664497848,7.158378289756466,357.24602599998434,16.10986328125,0.347541050000018,4513,false,dcb2c10e4ac97b1d1289825869826fdec84593f7,6ac98672d6a5ec3f,true,2026-09-20T14:10:54+00:00
20260920T140330Z-gpu,electricity_hourly,T121,lstm,deep,168,24,90010,34.45902204513334,40.889337146516034,0.8065830907833551,2.503192364206222,345.47744099995725,16.10986328125,0.3357517760000519,4513,false,dcb2c10e4ac97b1d1289825869826fdec84593f7,6ac98672d6a5ec3f,true,2026-09-20T14:10:54+00:00
20260920T140330Z-gpu,electricity_hourly,T121,lstm,deep,168,24,90011,71.28157161804721,78.81948663778246,1.7808026219637054,5.464294515618312,341.54431599995405,16.10986328125,0.3324954860000844,4513,false,dcb2c10e4ac97b1d1289825869826fdec84593f7,6ac98672d6a5ec3f,true,2026-09-20T14:10:54+00:00
20260920T140330Z-gpu,electricity_hourly,T121,lstm,deep,168,24,90012,37.65838456151614,46.34553934986729,0.8820441406731171,2.6763387411732498,348.5201349999443,16.10986328125,0.3389185789999374,4513,false,dcb2c10e4ac97b1d1289825869826fdec84593f7,6ac98672d6a5ec3f,true,2026-09-20T14:10:54+00:00
20260920T140330Z-gpu,electricity_hourly,T121,lstm,deep,168,24,90013,71.85524544303287,97.42077595123988,2.2204196016731186,5.3355031190230475,343.0375670000103,16.10986328125,0.3339617870000211,4513,false,dcb2c10e4ac97b1d1289825869826fdec84593f7,6ac98672d6a5ec3f,true,2026-09-20T14:10:54+00:00
20260920T140330Z-gpu,electricity_hourly,T121,lstm,deep,168,24,90014,103.12574500885505,126.23558734408144,2.1314923613140704,7.415200508188844,353.3807580000712,16.10986328125,0.3438146549999601,4513,false,dcb2c10e4ac97b1d1289825869826fdec84593f7,6ac98672d6a5ec3f,true,2026-09-20T14:10:54+00:00
20260920T140330Z-gpu,electricity_hourly,T121,lstm,deep,168,24,90015,19.574257388800152,26.593424184073182,0.2890077990348838,1.4648460747398637,369.4062810000105,16.10986328125,0.36004411599992636,4513,false,dcb2c10e4ac97b1d1289825869826fdec84593f7,6ac98672d6a5ec3f,true,2026-09-20T14:10:54+00:00
20260920T140330Z-gpu,electricity_hourly,T121,lstm,deep,168,24,90016,54.49393756914642,74.09653677579946,1.1521255336891916,4.298712660413429,373.5355909999498,16.10986328125,0.3633617420000519,4513,false,dcb2c10e4ac97b1d1289825869826fdec84593f7,6ac98672d6a5ec3f,true,2026-09-20T14:10:54+00:00
20260920T140330Z-gpu,electricity_hourly,T121,lstm,deep,168,24,90017,45.42797561171094,59.38647368606552,1.1232191772126332,3.3786656831863846,356.0100099999772,16.10986328125,0.3463855339999782,4513,false,dcb2c10e4ac97b1d1289825869826fdec84593f7,6ac98672d6a5ec3f,true,2026-09-20T14:10:54+00:00
20260920T140330Z-gpu,electricity_hourly,T121,lstm,deep,168,24,90018,73.51452233014523,82.66468088453122,1.2036488022218208,5.329234099113645,364.69278000004124,16.10986328125,0.35503454799993506,4513,false,dcb2c10e4ac97b1d1289825869826fdec84593f7,6ac98672d6a5ec3f,true,2026-09-20T14:10:54+00:00
20260920T140330Z-gpu,electricity_hourly,T121,lstm,deep,168,24,90019,37.762106864852676,41.78240476177972,0.9593760389094539,2.622715214769361,396.1368619999348,16.10986328125,0.38664464599992243,4513,false,dcb2c10e4ac97b1d1289825869826fdec84593f7,6ac98672d6a5ec3f,true,2026-09-20T14:10:54+00:00
20260920T140330Z-gpu,electricity_hourly,T121,lstm,deep,168,24,90020,62.037698708410296,68.8929644269133,1.6289986531748872,4.430158975767062,357.58688199996413,16.10986328125,0.34789902099998926,4513,false,dcb2c10e4ac97b1d1289825869826fdec84593f7,6ac98672d6a5ec3f,true,2026-09-20T14:10:54+00:00
20260920T140330Z-gpu,electricity_hourly,T121,lstm,deep,168,24,90021,92.96874970754611,105.7127759974083,1.9722304003957927,6.468284062521137,361.3342069999135,16.10986328125,0.3516059859999814,4513,false,dcb2c10e4ac97b1d1289825869826fdec84593f7,6ac98672d6a5ec3f,true,2026-09-20T14:10:54+00:00
20260920T140330Z-gpu,electricity_hourly,T121,transformer,deep,168,24,90000,85.1434091274241,101.18315082567034,3.0446116002853416,6.512973049987014,642.1543270000711,10.6845703125,0.6408619180000414,19232,false,dcb2c10e4ac97b1d1289825869826fdec84593f7,6ac98672d6a5ec3f,true,2026-09-20T14:11:13+00:00
20260920T140330Z-gpu,electricity_hourly,T121,transformer,deep,168,24,90001,101.22389425634871,122.63694118073228,1.6818092503650877,7.687757792603282,639.6567659999164,10.525390625,0.6384135419999666,19232,false,dcb2c10e4ac97b1d1289825869826fdec84593f7,6ac98672d6a5ec3f,true,2026-09-20T14:11:13+00:00
20260920T140330Z-gpu,electricity_hourly,T121,transformer,deep,168,24,90002,80.9964181063708,91.35331883362592,2.1591048143867817,6.159254749314846,656.1781679999967,10.525390625,0.6549552140000969,19232,false,dcb2c10e4ac97b1d1289825869826fdec84593f7,6ac98672d6a5ec3f,true,2026-09-20T14:11:13+00:00
20260920T140330Z-gpu,electricity_hourly,T121,transformer,deep,168,24,90003,51.21222120021621,64.22693939284329,1.6564599849126538,3.7920208584762056,636.8871169999011,10.525390625,0.6356404959999509,19232,false,dcb2c10e4ac97b1d1289825869826fdec84593f7,6ac98672d6a5ec3f,true,2026-09-20T14:11:13+00:00
20260920T140330Z-gpu,electricity_hourly,T121,transformer,deep,168,24,90004,118.21242575430693,143.59770487424555,3.098396306629086,8.628976674008348,651.6543100000263,10.525390625,0.6504231100000197,19232,false,dcb2c10e4ac97b1d1289825869826fdec84593f7,6ac98672d6a5ec3f,true,2026-09-20T14:11:13+00:00
20260920T140330Z-gpu,electricity_hourly,T121,transformer,deep,168,24,90005,32.324938932249296,35.39199182903332,1.026867682824597,2.384343130954465,634.195175000059,10.525390625,0.6329943549999371,19232,false,dcb2c10e4ac97b1d1289825869826fdec84593f7,6ac98672d6a5ec3f,true,2026-09-20T14:11:13+00:00
20260920T140330Z-gpu,electricity_hourly,T121,transformer,deep,168,24,90006,33.62248279489321,43.88089129043818,0.6403435421855075,2.524134251528101,625.8518910000248,10.525390625,0.6245668550000119,19232,false,dcb2c10e4ac97b1d1289825869826fdec84593f7,6ac98672d6a5ec3f,true,2026-09-20T14:11:13+00:00
20260920T140330Z-gpu,electricity_hourly,T121,transformer,deep,168,24,90007,73.34886359634906,84.7924093387136,1.9973971932439987,5.234879478895035,643.3427190000884,10.525390625,0.6421334410000554,19232,false,dcb2c10e4ac97b1d1289825869826fdec84593f7,6ac98672d6a5ec3f,true,2026-09-20T14:11:13+00:00
20260920T140330Z-gpu,electricity_hourly,T121,transformer,deep,168,24,90008,30.432783475476764,35.8954146869828,1.0030489403681973,2.1823503100316652,630.8294389999674,10.525390625,0.6296337589999439,19232,false,dcb2c10e4ac97b1d1289825869826fdec84593f7,6ac98672d6a5ec3f,true,2026-09-20T14:11:13+00:00
20260920T140330Z-gpu,electricity_hourly,T121,transformer,deep,168,24,90009,143.0560912365656,155.24455792683284,4.997592706954257,10.698123531315948,667.2492080000438,10.525390625,0.6660187830000268,19232,false,dcb2c10e4ac97b1d1289825869826fdec84593f7,6ac98672d6a5ec3f,true,2026-09-20T14:11:13+00:00
20260920T140330Z-gpu,electricity_hourly,T121,transformer,deep,168,24,90010,58.02865198085117,69.31547455869445,1.3582779397338376,4.216300612464809,622.6574949999986,10.525390625,0.6214658669999835,19232,false,dcb2c10e4ac97b1d1289825869826fdec84593f7,6ac98672d6a5ec3f,true,2026-09-20T14:11:13+00:00
20260920T140330Z-gpu,electricity_hourly,T121,transformer,deep,168,24,90011,97.71969899893463,109.53681654578268,2.4412971297443766,7.368725590200775,628.4844589999921,10.525390625,0.6272419209999498,19232,false,dcb2c10e4ac97b1d1289825869826fdec84593f7,6ac98672d6a5ec3f,true,2026-09-20T14:11:13+00:00
20260920T140330Z-gpu,electricity_hourly,T121,transformer,deep,168,24,90012,71.28007358320973,94.2556345284933,1.6695397846425182,5.047394966754429,627.1854419999272,10.525390625,0.6259318360000634,19232,false,dcb2c10e4ac97b1d1289825869826fdec84593f7,6ac98672d6a5ec3f,true,2026-09-20T14:11:13+00:00
20260920T140330Z-gpu,electricity_hourly,T121,transformer,deep,168,24,90013,75.10697721812859,94.92890526202378,2.320902300302686,5.5993959788057515,623.2624879999094,10.525390625,0.6220120660000248,19232,false,dcb2c10e4ac97b1d1289825869826fdec84593f7,6ac98672d6a5ec3f,true,2026-09-20T14:11:13+00:00
20260920T140330Z-gpu,electricity_hourly,T121,transformer,deep,168,24,90014,129.0650798762268,157.96012727170302,2.6676290372006113,9.485965219022978,614.8059500000045,10.525390625,0.6135959770000454,19232,false,dcb2c10e4ac97b1d1289825869826fdec84593f7,6ac98672d6a5ec3f,true,2026-09-20T14:11:13+00:00
20260920T140330Z-gpu,electricity_hourly,T121,transformer,deep,168,24,90015,36.53919207577716,45.68337040631855,0.5394897630382355,2.7310204402357847,622.7511729999833,10.525390625,0.621499960000051,19232,false,dcb2c10e4ac97b1d1289825869826fdec84593f7,6ac98672d6a5ec3f,true,2026-09-20T14:11:13+00:00
20260920T140330Z-gpu,electricity_hourly,T121,transformer,deep,168,24,90016,83.54813996487675,88.6465323366722,1.766397321236566,6.551049108488703,620.9680929999877,10.525390625,0.619823543999928,19232,false,dcb2c10e4ac97b1d1289825869826fdec84593f7,6ac98672d6a5ec3f,true,2026-09-20T14:11:13+00:00
20260920T140330Z-gpu,electricity_hourly,T121,transformer,deep,168,24,90017,86.60027036527065,105.98589436956865,2.1412154760643842,6.559644539853259,600.6099279999262,10.525390625,0.5995292489999429,19232,false,dcb2c10e4ac97b1d1289825869826fdec84593f7,6ac98672d6a5ec3f,true,2026-09-20T14:11:13+00:00
20260920T140330Z-gpu,electricity_hourly,T121,transformer,deep,168,24,90018,61.535689280564355,73.45342653532511,1.0075200973736518,4.39180208960545,611.766977000002,10.525390625,0.6105256849999705,19232,false,dcb2c10e4ac97b1d1289825869826fdec84593f7,6ac98672d6a5ec3f,true,2026-09-20T14:11:13+00:00
20260920T140330Z-gpu,electricity_hourly,T121,transformer,deep,168,24,90019,22.433489232175464,26.072240282341234,0.5699404462655728,1.5583062269057675,602.2678100000576,10.525390625,0.6011332290000837,19232,false,dcb2c10e4ac97b1d1289825869826fdec84593f7,6ac98672d6a5ec3f,true,2026-09-20T14:11:13+00:00
20260920T140330Z-gpu,electricity_hourly,T121,transformer,deep,168,24,90020,103.90505154956448,125.11732274163,2.728360215743487,7.241489104714194,596.4666649999799,10.525390625,0.5953322939999453,19232,false,dcb2c10e4ac97b1d1289825869826fdec84593f7,6ac98672d6a5ec3f,true,2026-09-20T14:11:13+00:00
20260920T140330Z-gpu,electricity_hourly,T121,transformer,deep,168,24,90021,83.42519342442566,103.59856561514715,1.7697742859630665,5.807102751351998,637.5618729999815,10.525390625,0.6363401699999258,19232,false,dcb2c10e4ac97b1d1289825869826fdec84593f7,6ac98672d6a5ec3f,true,2026-09-20T14:11:13+00:00
20260920T140330Z-gpu,electricity_hourly,T121,timesfm25,tsfm,168,24,90000,12.347666422526041,16.073688101980395,0.4415356257372113,0.9128084322662412,122.97410400003628,11.94287109375,,231289280,true,dcb2c10e4ac97b1d1289825869826fdec84593f7,6ac98672d6a5ec3f,true,2026-09-20T14:11:20+00:00
20260920T140330Z-gpu,electricity_hourly,T121,timesfm25,tsfm,168,24,90001,12.595052083333334,16.157176403245625,0.2092635860159225,0.9427529756881041,119.95676900005492,11.94287109375,,231289280,true,dcb2c10e4ac97b1d1289825869826fdec84593f7,6ac98672d6a5ec3f,true,2026-09-20T14:11:20+00:00
20260920T140330Z-gpu,electricity_hourly,T121,timesfm25,tsfm,168,24,90002,36.02159118652344,45.29301128805608,0.9602201278895549,2.7018966444210517,121.22083099995962,11.94287109375,,231289280,true,dcb2c10e4ac97b1d1289825869826fdec84593f7,6ac98672d6a5ec3f,true,2026-09-20T14:11:20+00:00
20260920T140330Z-gpu,electricity_hourly,T121,timesfm25,tsfm,168,24,90003,27.762919108072918,33.9879062753419,0.8979919927139488,2.016928624379481,117.60211199998594,11.94287109375,,231289280,true,dcb2c10e4ac97b1d1289825869826fdec84593f7,6ac98672d6a5ec3f,true,2026-09-20T14:11:20+00:00
20260920T140330Z-gpu,electricity_hourly,T121,timesfm25,tsfm,168,24,90004,11.139979044596354,13.437064756947228,0.29198343327664267,0.8606271747201941,125.97293300007095,11.94287109375,,231289280,true,dcb2c10e4ac97b1d1289825869826fdec84593f7,6ac98672d6a5ec3f,true,2026-09-20T14:11:20+00:00
20260920T140330Z-gpu,electricity_hourly,T121,timesfm25,tsfm,168,24,90005,10.304509480794271,12.728014429377831,0.3273437823151059,0.750455498469305,123.69852900008027,11.94287109375,,231289280,true,dcb2c10e4ac97b1d1289825869826fdec84593f7,6ac98672d6a5ec3f,true,2026-09-20T14:11:20+00:00
20260920T140330Z-gpu,electricity_hourly,T121,timesfm25,tsfm,168,24,90006,19.89362080891927,25.983074624299608,0.3788759947737568,1.512965466219842,120.43845599998804,11.94287109375,,231289280,true,dcb2c10e4ac97b1d1289825869826fdec84593f7,6ac98672d6a5ec3f,true,2026-09-20T14:11:20+00:00
20260920T140330Z-gpu,electricity_hourly,T121,timesfm25,tsfm,168,24,90007,14.873250325520834,17.809486227828334,0.4050204324650152,1.058963996555761,127.16983899997558,11.94287109375,,231289280,true,dcb2c10e4ac97b1d1289825869826fdec84593f7,6ac98672d6a5ec3f,true,2026-09-20T14:11:20+00:00
20260920T140330Z-gpu,electricity_hourly,T121,timesfm25,tsfm,168,24,90008,26.016581217447918,30.772075488624374,0.8574931781443123,1.8759711626724735,121.11957799993434,11.94287109375,,231289280,true,dcb2c10e4ac97b1d1289825869826fdec84593f7,6ac98672d6a5ec3f,true,2026-09-20T14:11:20+00:00
20260920T140330Z-gpu,electricity_hourly,T121,timesfm25,tsfm,168,24,90009,55.413777669270836,73.3929368931338,1.9358524949963611,4.039652513143109,126.495238000075,11.94287109375,,231289280,true,dcb2c10e4ac97b1d1289825869826fdec84593f7,6ac98672d6a5ec3f,true,2026-09-20T14:11:20+00:00
20260920T140330Z-gpu,electricity_hourly,T121,timesfm25,tsfm,168,24,90010,22.438079833984375,32.411564428578124,0.5252086307044457,1.6051946143346498,121.97647899995445,11.94287109375,,231289280,true,dcb2c10e4ac97b1d1289825869826fdec84593f7,6ac98672d6a5ec3f,true,2026-09-20T14:11:20+00:00
20260920T140330Z-gpu,electricity_hourly,T121,timesfm25,tsfm,168,24,90011,14.270299275716146,18.01369767152884,0.35650990556959145,1.1132379587048606,123.6480830000346,11.94287109375,,231289280,true,dcb2c10e4ac97b1d1289825869826fdec84593f7,6ac98672d6a5ec3f,true,2026-09-20T14:11:20+00:00
20260920T140330Z-gpu,electricity_hourly,T121,timesfm25,tsfm,168,24,90012,34.432230631510414,41.480733245311455,0.8064803531128009,2.404167556669182,121.75843300008182,11.94287109375,,231289280,true,dcb2c10e4ac97b1d1289825869826fdec84593f7,6ac98672d6a5ec3f,true,2026-09-20T14:11:20+00:00
20260920T140330Z-gpu,electricity_hourly,T121,timesfm25,tsfm,168,24,90013,44.76432800292969,54.290816504943145,1.3832753717643507,3.401192939491924,126.92392999997537,11.94287109375,,231289280,true,dcb2c10e4ac97b1d1289825869826fdec84593f7,6ac98672d6a5ec3f,true,2026-09-20T14:11:20+00:00
20260920T140330Z-gpu,electricity_hourly,T121,timesfm25,tsfm,168,24,90014,35.36554463704427,48.51765844340287,0.7309657568156129,2.4817444479409616,124.35340399997585,11.94287109375,,231289280,true,dcb2c10e4ac97b1d1289825869826fdec84593f7,6ac98672d6a5ec3f,true,2026-09-20T14:11:20+00:00
20260920T140330Z-gpu,electricity_hourly,T121,timesfm25,tsfm,168,24,90015,18.967056274414062,21.831634798905007,0.28004266415622114,1.3902815237008639,117.57891000002019,11.94287109375,,231289280,true,dcb2c10e4ac97b1d1289825869826fdec84593f7,6ac98672d6a5ec3f,true,2026-09-20T14:11:20+00:00
20260920T140330Z-gpu,electricity_hourly,T121,timesfm25,tsfm,168,24,90016,43.37078857421875,48.58170639243965,0.9169569159723241,3.437117233661071,128.8022449999744,11.94287109375,,231289280,true,dcb2c10e4ac97b1d1289825869826fdec84593f7,6ac98672d6a5ec3f,true,2026-09-20T14:11:20+00:00
20260920T140330Z-gpu,electricity_hourly,T121,timesfm25,tsfm,168,24,90017,20.211863199869793,25.0801798406964,0.49974387032645096,1.4852125480156,133.75915300002816,11.94287109375,,231289280,true,dcb2c10e4ac97b1d1289825869826fdec84593f7,6ac98672d6a5ec3f,true,2026-09-20T14:11:20+00:00
20260920T140330Z-gpu,electricity_hourly,T121,timesfm25,tsfm,168,24,90018,80.25032043457031,86.44111468545015,1.313933614846859,5.974049380421487,118.816154000001,11.94287109375,,231289280,true,dcb2c10e4ac97b1d1289825869826fdec84593f7,6ac98672d6a5ec3f,true,2026-09-20T14:11:20+00:00
20260920T140330Z-gpu,electricity_hourly,T121,timesfm25,tsfm,168,24,90019,25.395222981770832,30.364836414963534,0.6451856226843683,1.7675130293128127,128.80910399996992,11.94287109375,,231289280,true,dcb2c10e4ac97b1d1289825869826fdec84593f7,6ac98672d6a5ec3f,true,2026-09-20T14:11:20+00:00
20260920T140330Z-gpu,electricity_hourly,T121,timesfm25,tsfm,168,24,90020,11.220535278320312,13.590937054585815,0.2946311232819338,0.8150439999511667,129.3104480000693,11.94287109375,,231289280,true,dcb2c10e4ac97b1d1289825869826fdec84593f7,6ac98672d6a5ec3f,true,2026-09-20T14:11:20+00:00
20260920T140330Z-gpu,electricity_hourly,T121,timesfm25,tsfm,168,24,90021,27.043136596679688,35.21405627622369,0.5736905818977424,1.8405647695928384,128.0944320000117,11.94287109375,,231289280,true,dcb2c10e4ac97b1d1289825869826fdec84593f7,6ac98672d6a5ec3f,true,2026-09-20T14:11:20+00:00
20260920T140330Z-gpu,electricity_hourly,T121,chronos_bolt,tsfm,168,24,90000,11.492436726888021,13.047806963713395,0.4109537841251242,0.8751675419631346,39.28751500006911,1.0751953125,,205292928,true,dcb2c10e4ac97b1d1289825869826fdec84593f7,6ac98672d6a5ec3f,true,2026-09-20T14:11:26+00:00
20260920T140330Z-gpu,electricity_hourly,T121,chronos_bolt,tsfm,168,24,90001,7.8781992594401045,10.839049005643227,0.1308942763769903,0.5790570315192599,39.937955000027614,1.0751953125,,205292928,true,dcb2c10e4ac97b1d1289825869826fdec84593f7,6ac98672d6a5ec3f,true,2026-09-20T14:11:26+00:00
20260920T140330Z-gpu,electricity_hourly,T121,chronos_bolt,tsfm,168,24,90002,9.981648763020834,13.349879367212425,0.2660787526610515,0.7509951947728516,38.25582000001759,1.0751953125,,205292928,true,dcb2c10e4ac97b1d1289825869826fdec84593f7,6ac98672d6a5ec3f,true,2026-09-20T14:11:26+00:00
20260920T140330Z-gpu,electricity_hourly,T121,chronos_bolt,tsfm,168,24,90003,26.331064860026043,31.929832169133714,0.8516786477636455,1.9142140607189562,33.874336999929255,1.0751953125,,205292928,true,dcb2c10e4ac97b1d1289825869826fdec84593f7,6ac98672d6a5ec3f,true,2026-09-20T14:11:26+00:00
20260920T140330Z-gpu,electricity_hourly,T121,chronos_bolt,tsfm,168,24,90004,10.379221598307291,12.949115324302593,0.27204366766586274,0.8050312053668617,39.16833100004169,1.0751953125,,205292928,true,dcb2c10e4ac97b1d1289825869826fdec84593f7,6ac98672d6a5ec3f,true,2026-09-20T14:11:26+00:00
20260920T140330Z-gpu,electricity_hourly,T121,chronos_bolt,tsfm,168,24,90005,9.756622314453125,11.89492898828311,0.3099390278582065,0.7103338493540376,37.66561299994464,1.0751953125,,205292928,true,dcb2c10e4ac97b1d1289825869826fdec84593f7,6ac98672d6a5ec3f,true,2026-09-20T14:11:26+00:00
20260920T140330Z-gpu,electricity_hourly,T121,chronos_bolt,tsfm,168,24,90006,8.804341634114584,10.97248376583091,0.16767956557499009,0.6781283267234663,37.3747999999523,1.0751953125,,205292928,true,dcb2c10e4ac97b1d1289825869826fdec84593f7,6ac98672d6a5ec3f,true,2026-09-20T14:11:26+00:00
20260920T140330Z-gpu,electricity_hourly,T121,chronos_bolt,tsfm,168,24,90007,16.367055257161457,19.186242046419792,0.44569893287277795,1.1469070071801357,36.13150900002893,1.0751953125,,205292928,true,dcb2c10e4ac97b1d1289825869826fdec84593f7,6ac98672d6a5ec3f,true,2026-09-20T14:11:26+00:00
20260920T140330Z-gpu,electricity_hourly,T121,chronos_bolt,tsfm,168,24,90008,29.987640380859375,34.862289769511165,0.9883772521958686,2.1595503617605916,40.10351100009757,1.0751953125,,205292928,true,dcb2c10e4ac97b1d1289825869826fdec84593f7,6ac98672d6a5ec3f,true,2026-09-20T14:11:26+00:00
20260920T140330Z-gpu,electricity_hourly,T121,chronos_bolt,tsfm,168,24,90009,27.981272379557293,42.37413478495669,0.9775116988491631,2.001030077977015,37.88163399997302,1.0751953125,,205292928,true,dcb2c10e4ac97b1d1289825869826fdec84593f7,6ac98672d6a5ec3f,true,2026-09-20T14:11:26+00:00
20260920T140330Z-gpu,electricity_hourly,T121,chronos_bolt,tsfm,168,24,90010,24.375661214192707,36.34276522863069,0.5705616409043807,1.7333552984269474,35.385327000085454,1.0751953125,,205292928,true,dcb2c10e4ac97b1d1289825869826fdec84593f7,6ac98672d6a5ec3f,true,2026-09-20T14:11:26+00:00
20260920T140330Z-gpu,electricity_hourly,T121,chronos_bolt,tsfm,168,24,90011,15.596277872721354,20.79763904536753,0.38963636600830587,1.2177865076967447,35.611901000038415,1.0751953125,,205292928,true,dcb2c10e4ac97b1d1289825869826fdec84593f7,6ac98672d6a5ec3f,true,2026-09-20T14:11:26+00:00
20260920T140330Z-gpu,electricity_hourly,T121,chronos_bolt,tsfm,168,24,90012,37.55138651529948,47.82614443097257,0.8795380055632929,2.616926248867749,36.04651299997386,1.0751953125,,205292928,true,dcb2c10e4ac97b1d1289825869826fdec84593f7,6ac98672d6a5ec3f,true,2026-09-20T14:11:26+00:00
20260920T140330Z-gpu,electricity_hourly,T121,chronos_bolt,tsfm,168,24,90013,31.361119588216145,39.77382978631797,0.9690989743998121,2.3991181124620615,37.423785999976644,1.0751953125,,205292928,true,dcb2c10e4ac97b1d1289825869826fdec84593f7,6ac98672d6a5ec3f,true,2026-09-20T14:11:26+00:00
20260920T140330Z-gpu,electricity_hourly,T121,chronos_bolt,tsfm,168,24,90014,21.395126342773438,27.661385103698567,0.4422130319160866,1.5370445754710367,35.882285000070624,1.0751953125,,205292928,true,dcb2c10e4ac97b1d1289825869826fdec84593f7,6ac98672d6a5ec3f,true,2026-09-20T14:11:26+00:00
20260920T140330Z-gpu,electricity_hourly,T121,chronos_bolt,tsfm,168,24,90015,14.213714599609375,16.928246806739438,0.20986105837626884,1.040273056653973,35.75648000003184,1.0751953125,,205292928,true,dcb2c10e4ac97b1d1289825869826fdec84593f7,6ac98672d6a5ec3f,true,2026-09-20T14:11:26+00:00
20260920T140330Z-gpu,electricity_hourly,T121,chronos_bolt,tsfm,168,24,90016,23.91863505045573,27.93252805186755,0.505694236861786,1.8637281512487507,39.47735899998861,1.0751953125,,205292928,true,dcb2c10e4ac97b1d1289825869826fdec84593f7,6ac98672d6a5ec3f,true,2026-09-20T14:11:26+00:00
20260920T140330Z-gpu,electricity_hourly,T121,chronos_bolt,tsfm,168,24,90017,21.008682250976562,25.902776658539864,0.5194454402713985,1.5452203488563994,35.75659000000542,1.0751953125,,205292928,true,dcb2c10e4ac97b1d1289825869826fdec84593f7,6ac98672d6a5ec3f,true,2026-09-20T14:11:26+00:00
20260920T140330Z-gpu,electricity_hourly,T121,chronos_bolt,tsfm,168,24,90018,95.95369974772136,101.94085011755543,1.5710440891042496,7.172914723122174,35.80058000000008,1.0751953125,,205292928,true,dcb2c10e4ac97b1d1289825869826fdec84593f7,6ac98672d6a5ec3f,true,2026-09-20T14:11:26+00:00
20260920T140330Z-gpu,electricity_hourly,T121,chronos_bolt,tsfm,168,24,90019,25.804397583007812,32.48040274184014,0.6555810253975167,1.8011250531369458,36.563096000008954,1.0751953125,,205292928,true,dcb2c10e4ac97b1d1289825869826fdec84593f7,6ac98672d6a5ec3f,true,2026-09-20T14:11:26+00:00
20260920T140330Z-gpu,electricity_hourly,T121,chronos_bolt,tsfm,168,24,90020,14.991790771484375,18.806890161917337,0.3936575257282549,1.0907590745390903,40.33983099998295,1.0751953125,,205292928,true,dcb2c10e4ac97b1d1289825869826fdec84593f7,6ac98672d6a5ec3f,true,2026-09-20T14:11:26+00:00
20260920T140330Z-gpu,electricity_hourly,T121,chronos_bolt,tsfm,168,24,90021,23.839630126953125,30.022506195970827,0.5057316939129715,1.6222730129748522,42.86966199993003,1.0751953125,,205292928,true,dcb2c10e4ac97b1d1289825869826fdec84593f7,6ac98672d6a5ec3f,true,2026-09-20T14:11:26+00:00
20260920T140330Z-gpu,electricity_hourly,T134,lstm,deep,168,24,100000,884.9203716781627,1108.3467391348604,0.7501444235757242,8.12147667331981,351.87148199997864,16.14599609375,0.3419906240000046,4513,false,dcb2c10e4ac97b1d1289825869826fdec84593f7,6ac98672d6a5ec3f,true,2026-09-20T14:11:38+00:00
20260920T140330Z-gpu,electricity_hourly,T134,lstm,deep,168,24,100001,984.8463478592939,1270.207964212889,0.5481413628050568,7.876658733890942,352.65921500001696,16.10986328125,0.34308690700004263,4513,false,dcb2c10e4ac97b1d1289825869826fdec84593f7,6ac98672d6a5ec3f,true,2026-09-20T14:11:38+00:00
20260920T140330Z-gpu,electricity_hourly,T134,lstm,deep,168,24,100002,2125.662732486983,2583.2085502540476,2.264806800279132,21.218326018975368,361.1756930000638,16.10986328125,0.35152886799994576,4513,false,dcb2c10e4ac97b1d1289825869826fdec84593f7,6ac98672d6a5ec3f,true,2026-09-20T14:11:38+00:00
20260920T140330Z-gpu,electricity_hourly,T134,lstm,deep,168,24,100003,1255.9873204012104,1559.8418765706072,0.9328803308202412,10.308691814658415,356.56511900003807,16.10986328125,0.3471519459999399,4513,false,dcb2c10e4ac97b1d1289825869826fdec84593f7,6ac98672d6a5ec3f,true,2026-09-20T14:11:38+00:00
20260920T140330Z-gpu,electricity_hourly,T134,lstm,deep,168,24,100004,2667.920562405246,2926.909061123056,2.3871784322015435,24.28572888011985,371.97754899989377,16.10986328125,0.36249466699996447,4513,false,dcb2c10e4ac97b1d1289825869826fdec84593f7,6ac98672d6a5ec3f,true,2026-09-20T14:11:38+00:00
20260920T140330Z-gpu,electricity_hourly,T134,lstm,deep,168,24,100005,762.4537773649017,885.1513502820522,0.8213761048892485,7.30454886810239,356.386989999919,16.10986328125,0.3468883539999297,4513,false,dcb2c10e4ac97b1d1289825869826fdec84593f7,6ac98672d6a5ec3f,true,2026-09-20T14:11:38+00:00
20260920T140330Z-gpu,electricity_hourly,T134,lstm,deep,168,24,100006,452.5062982501747,629.2679942401516,0.6561562321691841,4.399826941480467,345.93060199995307,16.10986328125,0.33634886099991945,4513,false,dcb2c10e4ac97b1d1289825869826fdec84593f7,6ac98672d6a5ec3f,true,2026-09-20T14:11:38+00:00
20260920T140330Z-gpu,electricity_hourly,T134,lstm,deep,168,24,100007,558.7284969710562,734.9867564959878,0.9159692110912372,5.522029702950879,346.1280329998999,16.10986328125,0.33682886200006124,4513,false,dcb2c10e4ac97b1d1289825869826fdec84593f7,6ac98672d6a5ec3f,true,2026-09-20T14:11:38+00:00
20260920T140330Z-gpu,electricity_hourly,T134,lstm,deep,168,24,100008,390.7760853085679,497.3638496874535,0.5153657570835053,4.032606073848667,354.83180200003517,16.10986328125,0.3454525959999728,4513,false,dcb2c10e4ac97b1d1289825869826fdec84593f7,6ac98672d6a5ec3f,true,2026-09-20T14:11:38+00:00
20260920T140330Z-gpu,electricity_hourly,T134,lstm,deep,168,24,100009,1464.2476589866108,1781.4365899688341,2.4595712306982858,15.062195713050047,359.3092460000662,16.10986328125,0.3499027750000323,4513,false,dcb2c10e4ac97b1d1289825869826fdec84593f7,6ac98672d6a5ec3f,true,2026-09-20T14:11:38+00:00
20260920T140330Z-gpu,electricity_hourly,T134,lstm,deep,168,24,100010,534.3773299135356,671.2359321760905,0.7914502710928973,5.12614753543768,357.57949899993946,16.10986328125,0.3482751079999389,4513,false,dcb2c10e4ac97b1d1289825869826fdec84593f7,6ac98672d6a5ec3f,true,2026-09-20T14:11:38+00:00
20260920T140330Z-gpu,electricity_hourly,T134,lstm,deep,168,24,100011,1466.2441597215422,1685.0464287490267,2.0772008637811825,15.521743965713549,351.6924259999996,16.10986328125,0.3423168539999324,4513,false,dcb2c10e4ac97b1d1289825869826fdec84593f7,6ac98672d6a5ec3f,true,2026-09-20T14:11:38+00:00
20260920T140330Z-gpu,electricity_hourly,T134,lstm,deep,168,24,100012,658.1663924369952,749.5141067041276,0.8653837280373937,6.978578720444932,349.7549119999803,16.10986328125,0.34058996499993555,4513,false,dcb2c10e4ac97b1d1289825869826fdec84593f7,6ac98672d6a5ec3f,true,2026-09-20T14:11:38+00:00
20260920T140330Z-gpu,electricity_hourly,T134,lstm,deep,168,24,100013,868.2453432186879,1008.7837092120882,1.132001751262957,9.083986189179203,364.1761689999612,16.10986328125,0.35423694600001454,4513,false,dcb2c10e4ac97b1d1289825869826fdec84593f7,6ac98672d6a5ec3f,true,2026-09-20T14:11:38+00:00
20260920T140330Z-gpu,electricity_hourly,T134,lstm,deep,168,24,100014,310.338472543073,381.96570770999455,0.4351937445460722,3.1839941780280054,346.09102100000655,16.10986328125,0.33682445599993116,4513,false,dcb2c10e4ac97b1d1289825869826fdec84593f7,6ac98672d6a5ec3f,true,2026-09-20T14:11:38+00:00
20260920T140330Z-gpu,electricity_hourly,T134,lstm,deep,168,24,100015,1263.431964290114,1483.7385851977963,1.5185733841191293,13.481050403772871,351.7976120000412,16.10986328125,0.3419908480000231,4513,false,dcb2c10e4ac97b1d1289825869826fdec84593f7,6ac98672d6a5ec3f,true,2026-09-20T14:11:38+00:00
20260920T140330Z-gpu,electricity_hourly,T134,lstm,deep,168,24,100016,1928.9755184334854,2171.8302532200996,2.7104777925119965,22.6071329495514,350.2722889999177,16.10986328125,0.34090279999998074,4513,false,dcb2c10e4ac97b1d1289825869826fdec84593f7,6ac98672d6a5ec3f,true,2026-09-20T14:11:38+00:00
20260920T140330Z-gpu,electricity_hourly,T134,lstm,deep,168,24,100017,957.0929172944969,1082.1136371047273,1.238999785055266,9.921028321190466,356.92707800001244,16.10986328125,0.34752628000001096,4513,false,dcb2c10e4ac97b1d1289825869826fdec84593f7,6ac98672d6a5ec3f,true,2026-09-20T14:11:38+00:00
20260920T140330Z-gpu,electricity_hourly,T134,lstm,deep,168,24,100018,2053.952766436231,2214.588932553436,2.906365567741851,23.186940264533103,367.26913600000444,16.10986328125,0.35774135999997725,4513,false,dcb2c10e4ac97b1d1289825869826fdec84593f7,6ac98672d6a5ec3f,true,2026-09-20T14:11:38+00:00
20260920T140330Z-gpu,electricity_hourly,T134,lstm,deep,168,24,100019,636.1166718328395,923.1209160779075,0.6586763363529273,6.804787441100345,361.27395800008344,16.10986328125,0.35179106399994,4513,false,dcb2c10e4ac97b1d1289825869826fdec84593f7,6ac98672d6a5ec3f,true,2026-09-20T14:11:38+00:00
20260920T140330Z-gpu,electricity_hourly,T134,lstm,deep,168,24,100020,1315.0851606221277,1454.6974168068646,1.4033604298853315,13.67128190087136,365.71105799998804,16.10986328125,0.35653480799999215,4513,false,dcb2c10e4ac97b1d1289825869826fdec84593f7,6ac98672d6a5ec3f,true,2026-09-20T14:11:38+00:00
20260920T140330Z-gpu,electricity_hourly,T134,lstm,deep,168,24,100021,504.6508814741248,643.2836487315059,0.3014428282398857,5.470696813377177,360.82778799993775,16.10986328125,0.35124107299998286,4513,false,dcb2c10e4ac97b1d1289825869826fdec84593f7,6ac98672d6a5ec3f,true,2026-09-20T14:11:38+00:00
20260920T140330Z-gpu,electricity_hourly,T134,transformer,deep,168,24,100000,1487.6086790497204,1618.9725033947145,1.2610415476544676,14.215463838119618,627.4007879999317,10.6845703125,0.6261721629999784,19232,false,dcb2c10e4ac97b1d1289825869826fdec84593f7,6ac98672d6a5ec3f,true,2026-09-20T14:11:57+00:00
20260920T140330Z-gpu,electricity_hourly,T134,transformer,deep,168,24,100001,3052.5183035343252,3195.1981771400424,1.6989569454399183,26.910668706129677,690.6193049999274,10.525390625,0.6894267379999519,19232,false,dcb2c10e4ac97b1d1289825869826fdec84593f7,6ac98672d6a5ec3f,true,2026-09-20T14:11:57+00:00
20260920T140330Z-gpu,electricity_hourly,T134,transformer,deep,168,24,100002,1148.5200993009976,1498.376359319938,1.2237012445106188,10.773582731533656,618.8627579999775,10.525390625,0.6176376770000616,19232,false,dcb2c10e4ac97b1d1289825869826fdec84593f7,6ac98672d6a5ec3f,true,2026-09-20T14:11:57+00:00
20260920T140330Z-gpu,electricity_hourly,T134,transformer,deep,168,24,100003,1664.816972413609,2000.5540198509848,1.236537170999663,14.111888328938688,650.9739250000166,10.525390625,0.6497769420000168,19232,false,dcb2c10e4ac97b1d1289825869826fdec84593f7,6ac98672d6a5ec3f,true,2026-09-20T14:11:57+00:00
20260920T140330Z-gpu,electricity_hourly,T134,transformer,deep,168,24,100004,2159.6769628172488,2291.4728260668135,1.932416706407455,19.945406910283992,615.3688170001033,10.525390625,0.6141564299998663,19232,false,dcb2c10e4ac97b1d1289825869826fdec84593f7,6ac98672d6a5ec3f,true,2026-09-20T14:11:57+00:00
20260920T140330Z-gpu,electricity_hourly,T134,transformer,deep,168,24,100005,886.454571058498,1111.9034158297545,0.9549596635926065,8.383696830503933,615.5020599999261,10.525390625,0.6143187000000125,19232,false,dcb2c10e4ac97b1d1289825869826fdec84593f7,6ac98672d6a5ec3f,true,2026-09-20T14:11:57+00:00
20260920T140330Z-gpu,electricity_hourly,T134,transformer,deep,168,24,100006,782.6538256928119,977.938111747778,1.134886270854672,7.636021144223958,628.9825460000884,10.525390625,0.6278014320000693,19232,false,dcb2c10e4ac97b1d1289825869826fdec84593f7,6ac98672d6a5ec3f,true,2026-09-20T14:11:57+00:00
20260920T140330Z-gpu,electricity_hourly,T134,transformer,deep,168,24,100007,729.9415593503354,886.2599200656007,1.196652753323713,7.135755074529714,612.7889760000471,10.525390625,0.6116507560000173,19232,false,dcb2c10e4ac97b1d1289825869826fdec84593f7,6ac98672d6a5ec3f,true,2026-09-20T14:11:57+00:00
20260920T140330Z-gpu,electricity_hourly,T134,transformer,deep,168,24,100008,721.3732196356829,936.9278661766707,0.9513659342376298,7.785691759871355,613.9459369999258,10.525390625,0.6127500979998786,19232,false,dcb2c10e4ac97b1d1289825869826fdec84593f7,6ac98672d6a5ec3f,true,2026-09-20T14:11:57+00:00
20260920T140330Z-gpu,electricity_hourly,T134,transformer,deep,168,24,100009,934.9773624062926,1265.1951029894851,1.5705290070398605,9.325032771868234,610.957408999866,10.525390625,0.6096876609999526,19232,false,dcb2c10e4ac97b1d1289825869826fdec84593f7,6ac98672d6a5ec3f,true,2026-09-20T14:11:57+00:00
20260920T140330Z-gpu,electricity_hourly,T134,transformer,deep,168,24,100010,758.9195321478322,942.7570505073214,1.124013006976332,7.580189908283214,602.2834969999167,10.525390625,0.6010785309999847,19232,false,dcb2c10e4ac97b1d1289825869826fdec84593f7,6ac98672d6a5ec3f,true,2026-09-20T14:11:57+00:00
20260920T140330Z-gpu,electricity_hourly,T134,transformer,deep,168,24,100011,1453.8866121485498,1684.6639022779298,2.059694155691234,15.431984803757452,603.2799649999561,10.525390625,0.602032687000019,19232,false,dcb2c10e4ac97b1d1289825869826fdec84593f7,6ac98672d6a5ec3f,true,2026-09-20T14:11:57+00:00
20260920T140330Z-gpu,electricity_hourly,T134,transformer,deep,168,24,100012,875.6988960672076,983.4175045826152,1.1514042406676275,9.490753854938315,598.6669900000834,10.525390625,0.597541640000145,19232,false,dcb2c10e4ac97b1d1289825869826fdec84593f7,6ac98672d6a5ec3f,true,2026-09-20T14:11:57+00:00
20260920T140330Z-gpu,electricity_hourly,T134,transformer,deep,168,24,100013,901.3204696171988,1171.5340369114579,1.1751244714696203,9.31185543364001,601.9606150000527,10.525390625,0.6001463980001063,19232,false,dcb2c10e4ac97b1d1289825869826fdec84593f7,6ac98672d6a5ec3f,true,2026-09-20T14:11:57+00:00
20260920T140330Z-gpu,electricity_hourly,T134,transformer,deep,168,24,100014,486.0059218444156,580.2522800092398,0.6815356641599798,5.068689749441367,602.9777809999359,10.525390625,0.6017765770000096,19232,false,dcb2c10e4ac97b1d1289825869826fdec84593f7,6ac98672d6a5ec3f,true,2026-09-20T14:11:57+00:00
20260920T140330Z-gpu,electricity_hourly,T134,transformer,deep,168,24,100015,879.1973645171885,1003.7320684667271,1.0567452422288963,8.970152353347638,649.3994689999454,10.525390625,0.6481791440000961,19232,false,dcb2c10e4ac97b1d1289825869826fdec84593f7,6ac98672d6a5ec3f,true,2026-09-20T14:11:57+00:00
20260920T140330Z-gpu,electricity_hourly,T134,transformer,deep,168,24,100016,913.6577882607829,1055.0085503156986,1.2838157464266815,9.83432481122359,596.4006320000408,10.525390625,0.5951336589998846,19232,false,dcb2c10e4ac97b1d1289825869826fdec84593f7,6ac98672d6a5ec3f,true,2026-09-20T14:11:57+00:00
20260920T140330Z-gpu,electricity_hourly,T134,transformer,deep,168,24,100017,1235.3314627217762,1290.6699364540027,1.5991920837852476,12.994581234538312,598.5588639998696,10.525390625,0.5973719189998974,19232,false,dcb2c10e4ac97b1d1289825869826fdec84593f7,6ac98672d6a5ec3f,true,2026-09-20T14:11:57+00:00
20260920T140330Z-gpu,electricity_hourly,T134,transformer,deep,168,24,100018,2154.7414722655535,2290.3230602025715,3.048982685830628,24.156419282568162,667.1827570000914,10.525390625,0.6660068940000201,19232,false,dcb2c10e4ac97b1d1289825869826fdec84593f7,6ac98672d6a5ec3f,true,2026-09-20T14:11:57+00:00
20260920T140330Z-gpu,electricity_hourly,T134,transformer,deep,168,24,100019,520.5258616567789,645.631719905974,0.5389861368436748,5.4842636369842,606.3225890000012,10.525390625,0.6050436500001979,19232,false,dcb2c10e4ac97b1d1289825869826fdec84593f7,6ac98672d6a5ec3f,true,2026-09-20T14:11:57+00:00
20260920T140330Z-gpu,electricity_hourly,T134,transformer,deep,168,24,100020,917.099763024681,1059.5617194888548,0.9786602086493017,9.690688265676954,601.4500049998333,10.525390625,0.6003337319998536,19232,false,dcb2c10e4ac97b1d1289825869826fdec84593f7,6ac98672d6a5ec3f,true,2026-09-20T14:11:57+00:00
20260920T140330Z-gpu,electricity_hourly,T134,transformer,deep,168,24,100021,929.4519490951957,1142.655600200912,0.5551890119163414,10.428967007910678,603.2746020000559,10.525390625,0.602066294999986,19232,false,dcb2c10e4ac97b1d1289825869826fdec84593f7,6ac98672d6a5ec3f,true,2026-09-20T14:11:57+00:00
20260920T140330Z-gpu,electricity_hourly,T134,timesfm25,tsfm,168,24,100000,303.4393717447917,353.3017641072005,0.2572246722900184,2.6275210181932915,117.894933000116,11.94287109375,,231289280,true,dcb2c10e4ac97b1d1289825869826fdec84593f7,6ac98672d6a5ec3f,true,2026-09-20T14:12:04+00:00
20260920T140330Z-gpu,electricity_hourly,T134,timesfm25,tsfm,168,24,100001,686.9408365885416,839.1053180124726,0.3823344495845009,5.356705227744488,118.05476500012446,11.94287109375,,231289280,true,dcb2c10e4ac97b1d1289825869826fdec84593f7,6ac98672d6a5ec3f,true,2026-09-20T14:12:04+00:00
20260920T140330Z-gpu,electricity_hourly,T134,timesfm25,tsfm,168,24,100002,761.1198323567709,885.5576001645202,0.8109420868154981,7.202640473512282,110.81271600005493,11.94287109375,,231289280,true,dcb2c10e4ac97b1d1289825869826fdec84593f7,6ac98672d6a5ec3f,true,2026-09-20T14:12:04+00:00
20260920T140330Z-gpu,electricity_hourly,T134,timesfm25,tsfm,168,24,100003,576.5023193359375,675.8939421400582,0.4281951462765957,4.659287993882058,120.60466499997347,11.94287109375,,231289280,true,dcb2c10e4ac97b1d1289825869826fdec84593f7,6ac98672d6a5ec3f,true,2026-09-20T14:12:04+00:00
20260920T140330Z-gpu,electricity_hourly,T134,timesfm25,tsfm,168,24,100004,571.9084879557291,671.2789054091678,0.5117272331414856,6.013557191036381,124.74503799990089,11.94287109375,,231289280,true,dcb2c10e4ac97b1d1289825869826fdec84593f7,6ac98672d6a5ec3f,true,2026-09-20T14:12:04+00:00
20260920T140330Z-gpu,electricity_hourly,T134,timesfm25,tsfm,168,24,100005,347.8290608723958,447.317851377566,0.37470924489881796,3.3841674260150287,120.31697099996563,11.94287109375,,231289280,true,dcb2c10e4ac97b1d1289825869826fdec84593f7,6ac98672d6a5ec3f,true,2026-09-20T14:12:04+00:00
20260920T140330Z-gpu,electricity_hourly,T134,timesfm25,tsfm,168,24,100006,420.81298828125,513.3056565925516,0.6101993848620944,4.152720333604055,120.93100599986428,11.94287109375,,231289280,true,dcb2c10e4ac97b1d1289825869826fdec84593f7,6ac98672d6a5ec3f,true,2026-09-20T14:12:04+00:00
20260920T140330Z-gpu,electricity_hourly,T134,timesfm25,tsfm,168,24,100007,237.07466634114584,320.73754773091713,0.3886558431786357,2.3300074435179936,122.78832099991632,11.94287109375,,231289280,true,dcb2c10e4ac97b1d1289825869826fdec84593f7,6ac98672d6a5ec3f,true,2026-09-20T14:12:04+00:00
20260920T140330Z-gpu,electricity_hourly,T134,timesfm25,tsfm,168,24,100008,346.8146158854167,432.43469977773594,0.4573882174552149,3.5847267501434965,120.45921500020995,11.94287109375,,231289280,true,dcb2c10e4ac97b1d1289825869826fdec84593f7,6ac98672d6a5ec3f,true,2026-09-20T14:12:04+00:00
20260920T140330Z-gpu,electricity_hourly,T134,timesfm25,tsfm,168,24,100009,936.8343505859375,1157.6197614370888,1.5736482844888424,9.373788315573671,124.30451299997003,11.94287109375,,231289280,true,dcb2c10e4ac97b1d1289825869826fdec84593f7,6ac98672d6a5ec3f,true,2026-09-20T14:12:04+00:00
20260920T140330Z-gpu,electricity_hourly,T134,timesfm25,tsfm,168,24,100010,302.404296875,375.918245135005,0.44788195408682774,2.914296962094029,120.19622700017862,11.94287109375,,231289280,true,dcb2c10e4ac97b1d1289825869826fdec84593f7,6ac98672d6a5ec3f,true,2026-09-20T14:12:04+00:00
20260920T140330Z-gpu,electricity_hourly,T134,timesfm25,tsfm,168,24,100011,718.2117513020834,887.3573185029256,1.017477246399268,8.107900343453474,122.86055100003068,11.94287109375,,231289280,true,dcb2c10e4ac97b1d1289825869826fdec84593f7,6ac98672d6a5ec3f,true,2026-09-20T14:12:04+00:00
20260920T140330Z-gpu,electricity_hourly,T134,timesfm25,tsfm,168,24,100012,292.4860432942708,329.6436744771656,0.38457245075626145,3.032286302847554,121.29939500005094,11.94287109375,,231289280,true,dcb2c10e4ac97b1d1289825869826fdec84593f7,6ac98672d6a5ec3f,true,2026-09-20T14:12:04+00:00
20260920T140330Z-gpu,electricity_hourly,T134,timesfm25,tsfm,168,24,100013,439.3102620442708,511.8511372275027,0.5727643572937038,4.608089199960697,121.83447500001421,11.94287109375,,231289280,true,dcb2c10e4ac97b1d1289825869826fdec84593f7,6ac98672d6a5ec3f,true,2026-09-20T14:12:04+00:00
20260920T140330Z-gpu,electricity_hourly,T134,timesfm25,tsfm,168,24,100014,289.0569254557292,337.1684874467805,0.40535021244777825,2.9699438007543013,123.97321399998873,11.94287109375,,231289280,true,dcb2c10e4ac97b1d1289825869826fdec84593f7,6ac98672d6a5ec3f,true,2026-09-20T14:12:04+00:00
20260920T140330Z-gpu,electricity_hourly,T134,timesfm25,tsfm,168,24,100015,390.8361409505208,540.4434672309256,0.4697628190313924,3.8168310881520116,151.63771699985773,11.94287109375,,231289280,true,dcb2c10e4ac97b1d1289825869826fdec84593f7,6ac98672d6a5ec3f,true,2026-09-20T14:12:04+00:00
20260920T140330Z-gpu,electricity_hourly,T134,timesfm25,tsfm,168,24,100016,863.9961954752604,957.9448073017171,1.214034329762956,9.549923861825786,122.778032000042,11.94287109375,,231289280,true,dcb2c10e4ac97b1d1289825869826fdec84593f7,6ac98672d6a5ec3f,true,2026-09-20T14:12:04+00:00
20260920T140330Z-gpu,electricity_hourly,T134,timesfm25,tsfm,168,24,100017,286.6082356770833,331.4760533526809,0.37102723882106514,2.85152262586321,129.21285900006296,11.94287109375,,231289280,true,dcb2c10e4ac97b1d1289825869826fdec84593f7,6ac98672d6a5ec3f,true,2026-09-20T14:12:04+00:00
20260920T140330Z-gpu,electricity_hourly,T134,timesfm25,tsfm,168,24,100018,813.2069905598959,965.9502146689853,1.1506967615964565,10.042702697735137,125.97341700006837,11.94287109375,,231289280,true,dcb2c10e4ac97b1d1289825869826fdec84593f7,6ac98672d6a5ec3f,true,2026-09-20T14:12:04+00:00
20260920T140330Z-gpu,electricity_hourly,T134,timesfm25,tsfm,168,24,100019,277.8389485677083,363.53319020599173,0.28769241373824317,2.928833736847826,120.5560719999994,11.94287109375,,231289280,true,dcb2c10e4ac97b1d1289825869826fdec84593f7,6ac98672d6a5ec3f,true,2026-09-20T14:12:04+00:00
20260920T140330Z-gpu,electricity_hourly,T134,timesfm25,tsfm,168,24,100020,491.8792317708333,613.982443576177,0.524896691726816,5.521538377492777,114.40247999985331,11.94287109375,,231289280,true,dcb2c10e4ac97b1d1289825869826fdec84593f7,6ac98672d6a5ec3f,true,2026-09-20T14:12:04+00:00
20260920T140330Z-gpu,electricity_hourly,T134,timesfm25,tsfm,168,24,100021,756.6436767578125,895.1954272643701,0.4519655434375687,8.386851181965588,121.75506600010522,11.94287109375,,231289280,true,dcb2c10e4ac97b1d1289825869826fdec84593f7,6ac98672d6a5ec3f,true,2026-09-20T14:12:04+00:00
20260920T140330Z-gpu,electricity_hourly,T134,chronos_bolt,tsfm,168,24,100000,261.5674641927083,318.3661444273263,0.22172997812323395,2.2855542068720607,32.40220199995747,1.0751953125,,205292928,true,dcb2c10e4ac97b1d1289825869826fdec84593f7,6ac98672d6a5ec3f,true,2026-09-20T14:12:09+00:00
20260920T140330Z-gpu,electricity_hourly,T134,chronos_bolt,tsfm,168,24,100001,628.8878580729166,764.9381200820255,0.35002358319644405,5.198304068770917,38.11372699988169,1.0751953125,,205292928,true,dcb2c10e4ac97b1d1289825869826fdec84593f7,6ac98672d6a5ec3f,true,2026-09-20T14:12:09+00:00
20260920T140330Z-gpu,electricity_hourly,T134,chronos_bolt,tsfm,168,24,100002,749.8421427408854,885.604360815469,0.7989261692651106,7.285700299757307,34.31254399993122,1.0751953125,,205292928,true,dcb2c10e4ac97b1d1289825869826fdec84593f7,6ac98672d6a5ec3f,true,2026-09-20T14:12:09+00:00
20260920T140330Z-gpu,electricity_hourly,T134,chronos_bolt,tsfm,168,24,100003,432.7361653645833,505.9359155599859,0.3214133220502901,3.472973968616882,33.56231500015383,1.0751953125,,205292928,true,dcb2c10e4ac97b1d1289825869826fdec84593f7,6ac98672d6a5ec3f,true,2026-09-20T14:12:09+00:00
20260920T140330Z-gpu,electricity_hourly,T134,chronos_bolt,tsfm,168,24,100004,624.6790364583334,713.359542924366,0.5589447991425109,6.687741090113786,33.895562999987305,1.0751953125,,205292928,true,dcb2c10e4ac97b1d1289825869826fdec84593f7,6ac98672d6a5ec3f,true,2026-09-20T14:12:09+00:00
20260920T140330Z-gpu,electricity_hourly,T134,chronos_bolt,tsfm,168,24,100005,419.1667073567708,593.4386146169007,0.45155985531065307,4.0207735116383745,34.48001799984013,1.0751953125,,205292928,true,dcb2c10e4ac97b1d1289825869826fdec84593f7,6ac98672d6a5ec3f,true,2026-09-20T14:12:09+00:00
20260920T140330Z-gpu,electricity_hourly,T134,chronos_bolt,tsfm,168,24,100006,394.9690348307292,477.2182309179077,0.5727243901801988,3.9154373625629604,32.76131400002669,1.0751953125,,205292928,true,dcb2c10e4ac97b1d1289825869826fdec84593f7,6ac98672d6a5ec3f,true,2026-09-20T14:12:09+00:00
20260920T140330Z-gpu,electricity_hourly,T134,chronos_bolt,tsfm,168,24,100007,341.2637125651042,414.81531760699716,0.5594614473163666,3.4022256533450674,33.26809399982267,1.0751953125,,205292928,true,dcb2c10e4ac97b1d1289825869826fdec84593f7,6ac98672d6a5ec3f,true,2026-09-20T14:12:09+00:00
20260920T140330Z-gpu,electricity_hourly,T134,chronos_bolt,tsfm,168,24,100008,270.5062662760417,331.39766265400374,0.3567507633050335,2.781878502023652,36.686228999997184,1.0751953125,,205292928,true,dcb2c10e4ac97b1d1289825869826fdec84593f7,6ac98672d6a5ec3f,true,2026-09-20T14:12:09+00:00
20260920T140330Z-gpu,electricity_hourly,T134,chronos_bolt,tsfm,168,24,100009,764.4950764973959,989.0642459778243,1.2841612445976764,7.813484422762719,36.01066000010178,1.0751953125,,205292928,true,dcb2c10e4ac97b1d1289825869826fdec84593f7,6ac98672d6a5ec3f,true,2026-09-20T14:12:09+00:00
20260920T140330Z-gpu,electricity_hourly,T134,chronos_bolt,tsfm,168,24,100010,308.7772623697917,370.69058142837935,0.45732076255824,2.9928696450924037,38.076909999972486,1.0751953125,,205292928,true,dcb2c10e4ac97b1d1289825869826fdec84593f7,6ac98672d6a5ec3f,true,2026-09-20T14:12:09+00:00
20260920T140330Z-gpu,electricity_hourly,T134,chronos_bolt,tsfm,168,24,100011,330.2703450520833,434.78592243067953,0.4678878626556874,3.8107128751584125,33.97526999992806,1.0751953125,,205292928,true,dcb2c10e4ac97b1d1289825869826fdec84593f7,6ac98672d6a5ec3f,true,2026-09-20T14:12:09+00:00
20260920T140330Z-gpu,electricity_hourly,T134,chronos_bolt,tsfm,168,24,100012,307.9661458333333,346.3776535308593,0.40492631415553465,3.1844125983096485,37.767156999962026,1.0751953125,,205292928,true,dcb2c10e4ac97b1d1289825869826fdec84593f7,6ac98672d6a5ec3f,true,2026-09-20T14:12:09+00:00
20260920T140330Z-gpu,electricity_hourly,T134,chronos_bolt,tsfm,168,24,100013,564.7962646484375,663.3609090559165,0.7363706188375978,5.952380110619734,35.05043900008786,1.0751953125,,205292928,true,dcb2c10e4ac97b1d1289825869826fdec84593f7,6ac98672d6a5ec3f,true,2026-09-20T14:12:09+00:00
20260920T140330Z-gpu,electricity_hourly,T134,chronos_bolt,tsfm,168,24,100014,251.64892578125,296.28611889028446,0.3528922386718864,2.5996777214655804,33.72335399990334,1.0751953125,,205292928,true,dcb2c10e4ac97b1d1289825869826fdec84593f7,6ac98672d6a5ec3f,true,2026-09-20T14:12:09+00:00
20260920T140330Z-gpu,electricity_hourly,T134,chronos_bolt,tsfm,168,24,100015,437.8450520833333,552.5730547164255,0.5262648573527202,4.327392774870028,37.26871799995024,1.0751953125,,205292928,true,dcb2c10e4ac97b1d1289825869826fdec84593f7,6ac98672d6a5ec3f,true,2026-09-20T14:12:09+00:00
20260920T140330Z-gpu,electricity_hourly,T134,chronos_bolt,tsfm,168,24,100016,288.21897379557294,355.41004633377634,0.4049875803960003,3.2458463710981413,34.21285900003568,1.0751953125,,205292928,true,dcb2c10e4ac97b1d1289825869826fdec84593f7,6ac98672d6a5ec3f,true,2026-09-20T14:12:09+00:00
20260920T140330Z-gpu,electricity_hourly,T134,chronos_bolt,tsfm,168,24,100017,287.0248209635417,368.1519716427231,0.371566527192186,2.8457051683922163,34.6373490001497,1.0751953125,,205292928,true,dcb2c10e4ac97b1d1289825869826fdec84593f7,6ac98672d6a5ec3f,true,2026-09-20T14:12:09+00:00
20260920T140330Z-gpu,electricity_hourly,T134,chronos_bolt,tsfm,168,24,100018,759.8392944335938,914.6206897169697,1.075180889476225,9.316114581209435,34.428959000024406,1.0751953125,,205292928,true,dcb2c10e4ac97b1d1289825869826fdec84593f7,6ac98672d6a5ec3f,true,2026-09-20T14:12:09+00:00
20260920T140330Z-gpu,electricity_hourly,T134,chronos_bolt,tsfm,168,24,100019,243.49943033854166,302.371423659294,0.25213505600677366,2.5686261295894837,36.19899499994972,1.0751953125,,205292928,true,dcb2c10e4ac97b1d1289825869826fdec84593f7,6ac98672d6a5ec3f,true,2026-09-20T14:12:09+00:00
20260920T140330Z-gpu,electricity_hourly,T134,chronos_bolt,tsfm,168,24,100020,415.37017822265625,536.4334140942299,0.4432519576118814,4.6685108872192895,33.374388000083854,1.0751953125,,205292928,true,dcb2c10e4ac97b1d1289825869826fdec84593f7,6ac98672d6a5ec3f,true,2026-09-20T14:12:09+00:00
20260920T140330Z-gpu,electricity_hourly,T134,chronos_bolt,tsfm,168,24,100021,736.9014078776041,876.3629958619433,0.4401729050303227,8.12225436070732,34.41033200010679,1.0751953125,,205292928,true,dcb2c10e4ac97b1d1289825869826fdec84593f7,6ac98672d6a5ec3f,true,2026-09-20T14:12:09+00:00
20260920T140330Z-gpu,electricity_hourly,T148,lstm,deep,168,24,110000,12.431528427040888,17.979084785342447,1.1639402428438803,8.15814205606498,326.9504479999341,16.14599609375,0.3177278690000094,4513,false,dcb2c10e4ac97b1d1289825869826fdec84593f7,6ac98672d6a5ec3f,true,2026-09-20T14:12:21+00:00
20260920T140330Z-gpu,electricity_hourly,T148,lstm,deep,168,24,110001,22.05483741895939,26.563145002853837,2.588342777775185,11.94648344813202,337.38352900013524,16.10986328125,0.32803990700017494,4513,false,dcb2c10e4ac97b1d1289825869826fdec84593f7,6ac98672d6a5ec3f,true,2026-09-20T14:12:21+00:00
20260920T140330Z-gpu,electricity_hourly,T148,lstm,deep,168,24,110002,8.798715210759957,10.41251581640847,1.1699122717907977,5.272201236838875,350.5925730000854,16.10986328125,0.34138112499999806,4513,false,dcb2c10e4ac97b1d1289825869826fdec84593f7,6ac98672d6a5ec3f,true,2026-09-20T14:12:21+00:00
20260920T140330Z-gpu,electricity_hourly,T148,lstm,deep,168,24,110003,6.392970654834862,9.002748504406743,1.071697059716205,3.715898091185837,336.23734499997227,16.10986328125,0.3269887530000233,4513,false,dcb2c10e4ac97b1d1289825869826fdec84593f7,6ac98672d6a5ec3f,true,2026-09-20T14:12:21+00:00
20260920T140330Z-gpu,electricity_hourly,T148,lstm,deep,168,24,110004,12.881142097612717,17.362130893894637,1.8061192425085015,7.082674391137196,351.116877999857,16.10986328125,0.3341884989999926,4513,false,dcb2c10e4ac97b1d1289825869826fdec84593f7,6ac98672d6a5ec3f,true,2026-09-20T14:12:21+00:00
20260920T140330Z-gpu,electricity_hourly,T148,lstm,deep,168,24,110005,13.571353206208983,20.031636841989855,2.023058863037364,8.093568955858279,337.37720499993884,16.10986328125,0.3283008180001161,4513,false,dcb2c10e4ac97b1d1289825869826fdec84593f7,6ac98672d6a5ec3f,true,2026-09-20T14:12:21+00:00
20260920T140330Z-gpu,electricity_hourly,T148,lstm,deep,168,24,110006,8.00628996593474,10.194264330992869,1.1483125050743055,4.811116893755824,335.8241700000235,16.10986328125,0.32488024600002063,4513,false,dcb2c10e4ac97b1d1289825869826fdec84593f7,6ac98672d6a5ec3f,true,2026-09-20T14:12:21+00:00
20260920T140330Z-gpu,electricity_hourly,T148,lstm,deep,168,24,110007,20.3968945178807,24.96124036222112,3.3994824196467834,11.390385863751007,353.8000270000339,16.10986328125,0.3446619799999553,4513,false,dcb2c10e4ac97b1d1289825869826fdec84593f7,6ac98672d6a5ec3f,true,2026-09-20T14:12:21+00:00
20260920T140330Z-gpu,electricity_hourly,T148,lstm,deep,168,24,110008,10.935553077384887,14.474107397251464,1.466219407023672,6.461052784743791,340.0656670000899,16.10986328125,0.3305003509999551,4513,false,dcb2c10e4ac97b1d1289825869826fdec84593f7,6ac98672d6a5ec3f,true,2026-09-20T14:12:21+00:00
20260920T140330Z-gpu,electricity_hourly,T148,lstm,deep,168,24,110009,14.498560629075177,19.590001696756957,1.8876968630983957,7.949367548906661,353.4133559999191,16.10986328125,0.3449140029999853,4513,false,dcb2c10e4ac97b1d1289825869826fdec84593f7,6ac98672d6a5ec3f,true,2026-09-20T14:12:21+00:00
20260920T140330Z-gpu,electricity_hourly,T148,lstm,deep,168,24,110010,12.726716079492325,18.26419476843376,2.138444708806178,7.069765865746878,374.75813499986543,16.10986328125,0.36496331300008933,4513,false,dcb2c10e4ac97b1d1289825869826fdec84593f7,6ac98672d6a5ec3f,true,2026-09-20T14:12:21+00:00
20260920T140330Z-gpu,electricity_hourly,T148,lstm,deep,168,24,110011,17.08972431490386,19.716071301186055,2.027117216924346,10.535261297793193,348.1213919999391,16.10986328125,0.3391530320000129,4513,false,dcb2c10e4ac97b1d1289825869826fdec84593f7,6ac98672d6a5ec3f,true,2026-09-20T14:12:21+00:00
20260920T140330Z-gpu,electricity_hourly,T148,lstm,deep,168,24,110012,9.723950169629445,13.075186116442362,1.2336994047811807,5.904381808183209,322.93841700015946,16.10986328125,0.3140929500000311,4513,false,dcb2c10e4ac97b1d1289825869826fdec84593f7,6ac98672d6a5ec3f,true,2026-09-20T14:12:21+00:00
20260920T140330Z-gpu,electricity_hourly,T148,lstm,deep,168,24,110013,18.534122126536293,25.165083489800896,2.3702607337666306,11.406522551097696,326.5739539999686,16.10986328125,0.3173386250000476,4513,false,dcb2c10e4ac97b1d1289825869826fdec84593f7,6ac98672d6a5ec3f,true,2026-09-20T14:12:21+00:00
20260920T140330Z-gpu,electricity_hourly,T148,lstm,deep,168,24,110014,10.670389315620596,14.625688088402656,1.2868811234919313,5.94178184289964,326.5123900000617,16.10986328125,0.31709540799988645,4513,false,dcb2c10e4ac97b1d1289825869826fdec84593f7,6ac98672d6a5ec3f,true,2026-09-20T14:12:21+00:00
20260920T140330Z-gpu,electricity_hourly,T148,lstm,deep,168,24,110015,19.92925216499752,25.453235533142536,2.192369986065426,11.623781443539578,331.00164399979803,16.10986328125,0.3220469109999158,4513,false,dcb2c10e4ac97b1d1289825869826fdec84593f7,6ac98672d6a5ec3f,true,2026-09-20T14:12:21+00:00
20260920T140330Z-gpu,electricity_hourly,T148,lstm,deep,168,24,110016,6.216880951157324,8.726272508995665,0.8273852652187196,4.233902474175035,336.344525999948,16.10986328125,0.3274264189999485,4513,false,dcb2c10e4ac97b1d1289825869826fdec84593f7,6ac98672d6a5ec3f,true,2026-09-20T14:12:21+00:00
20260920T140330Z-gpu,electricity_hourly,T148,lstm,deep,168,24,110017,10.9413833678708,13.25487296298603,1.3075180124260541,7.146634615755176,339.11826600001405,16.10986328125,0.329755225000099,4513,false,dcb2c10e4ac97b1d1289825869826fdec84593f7,6ac98672d6a5ec3f,true,2026-09-20T14:12:21+00:00
20260920T140330Z-gpu,electricity_hourly,T148,lstm,deep,168,24,110018,8.370338024988106,11.613947770261738,1.1578565567706889,5.558666982593757,343.8813879999998,16.10986328125,0.33446111399985057,4513,false,dcb2c10e4ac97b1d1289825869826fdec84593f7,6ac98672d6a5ec3f,true,2026-09-20T14:12:21+00:00
20260920T140330Z-gpu,electricity_hourly,T148,lstm,deep,168,24,110019,15.037707699036352,22.02782246305934,1.3036904928725075,10.910456696069653,341.06196700008695,16.10986328125,0.33172595500013813,4513,false,dcb2c10e4ac97b1d1289825869826fdec84593f7,6ac98672d6a5ec3f,true,2026-09-20T14:12:21+00:00
20260920T140330Z-gpu,electricity_hourly,T148,lstm,deep,168,24,110020,7.113214768336903,9.476383283769751,0.9261328450637559,5.002154423886745,331.11229800010733,16.10986328125,0.3215990440000951,4513,false,dcb2c10e4ac97b1d1289825869826fdec84593f7,6ac98672d6a5ec3f,true,2026-09-20T14:12:21+00:00
20260920T140330Z-gpu,electricity_hourly,T148,lstm,deep,168,24,110021,10.587239869673189,13.264355884837125,0.46837558870443596,7.3329647601639385,349.8128210001141,16.10986328125,0.34034017800013316,4513,false,dcb2c10e4ac97b1d1289825869826fdec84593f7,6ac98672d6a5ec3f,true,2026-09-20T14:12:21+00:00
20260920T140330Z-gpu,electricity_hourly,T148,transformer,deep,168,24,110000,7.76897826848212,10.106384809692086,0.727394584305218,5.133060705378064,619.4734509999762,10.6845703125,0.6182917249998354,19232,false,dcb2c10e4ac97b1d1289825869826fdec84593f7,6ac98672d6a5ec3f,true,2026-09-20T14:12:40+00:00
20260920T140330Z-gpu,electricity_hourly,T148,transformer,deep,168,24,110001,24.509412924440586,27.86924996261866,2.8764103187607533,13.891597508891254,588.5153730000638,10.525390625,0.5873901689999457,19232,false,dcb2c10e4ac97b1d1289825869826fdec84593f7,6ac98672d6a5ec3f,true,2026-09-20T14:12:40+00:00
20260920T140330Z-gpu,electricity_hourly,T148,transformer,deep,168,24,110002,10.677440792655366,13.560681427491195,1.4197151192450348,6.628739464501312,592.3862570000438,10.525390625,0.5911702559999412,19232,false,dcb2c10e4ac97b1d1289825869826fdec84593f7,6ac98672d6a5ec3f,true,2026-09-20T14:12:40+00:00
20260920T140330Z-gpu,electricity_hourly,T148,transformer,deep,168,24,110003,9.277304327618188,12.024837121929774,1.5552174891467043,5.897057862829163,589.9186930000724,10.525390625,0.5885340199999973,19232,false,dcb2c10e4ac97b1d1289825869826fdec84593f7,6ac98672d6a5ec3f,true,2026-09-20T14:12:40+00:00
20260920T140330Z-gpu,electricity_hourly,T148,transformer,deep,168,24,110004,12.739379360270902,16.496324144768007,1.7862420914109152,7.104965683502759,598.8156720000006,10.525390625,0.5976987680001002,19232,false,dcb2c10e4ac97b1d1289825869826fdec84593f7,6ac98672d6a5ec3f,true,2026-09-20T14:12:40+00:00
20260920T140330Z-gpu,electricity_hourly,T148,transformer,deep,168,24,110005,19.983553147825827,25.956635919877865,2.9789147549554027,12.610431519762466,585.2935069999603,10.525390625,0.5841010849999293,19232,false,dcb2c10e4ac97b1d1289825869826fdec84593f7,6ac98672d6a5ec3f,true,2026-09-20T14:12:40+00:00
20260920T140330Z-gpu,electricity_hourly,T148,transformer,deep,168,24,110006,7.373184024842004,9.045142375904977,1.057508465714391,4.396691532822874,580.3578999998535,10.525390625,0.5792334669999946,19232,false,dcb2c10e4ac97b1d1289825869826fdec84593f7,6ac98672d6a5ec3f,true,2026-09-20T14:12:40+00:00
20260920T140330Z-gpu,electricity_hourly,T148,transformer,deep,168,24,110007,13.432136514972859,17.685541080699316,2.238689419162143,7.59768885841562,586.6158290000385,10.525390625,0.5854412009998669,19232,false,dcb2c10e4ac97b1d1289825869826fdec84593f7,6ac98672d6a5ec3f,true,2026-09-20T14:12:40+00:00
20260920T140330Z-gpu,electricity_hourly,T148,transformer,deep,168,24,110008,12.22892302004373,16.620357564609698,1.63963213676564,7.118237344133902,603.5101229999782,10.525390625,0.6022677949999888,19232,false,dcb2c10e4ac97b1d1289825869826fdec84593f7,6ac98672d6a5ec3f,true,2026-09-20T14:12:40+00:00
20260920T140330Z-gpu,electricity_hourly,T148,transformer,deep,168,24,110009,17.72994869704775,21.621458423690306,2.308420083521588,9.825026942903222,594.2332840002109,10.525390625,0.5930793289999201,19232,false,dcb2c10e4ac97b1d1289825869826fdec84593f7,6ac98672d6a5ec3f,true,2026-09-20T14:12:40+00:00
20260920T140330Z-gpu,electricity_hourly,T148,transformer,deep,168,24,110010,8.396341460412051,10.144164879962197,1.4108205020995745,4.6675354579607555,590.6219759999658,10.525390625,0.5894236629999341,19232,false,dcb2c10e4ac97b1d1289825869826fdec84593f7,6ac98672d6a5ec3f,true,2026-09-20T14:12:40+00:00
20260920T140330Z-gpu,electricity_hourly,T148,transformer,deep,168,24,110011,16.287144054296665,20.976204319169156,1.931918240377858,9.951736544707794,592.2979899999063,10.525390625,0.5911581449997811,19232,false,dcb2c10e4ac97b1d1289825869826fdec84593f7,6ac98672d6a5ec3f,true,2026-09-20T14:12:40+00:00
20260920T140330Z-gpu,electricity_hourly,T148,transformer,deep,168,24,110012,14.418486389469242,17.774234368981727,1.829305762188168,8.885632174649343,643.3306959997935,10.525390625,0.6421973280000657,19232,false,dcb2c10e4ac97b1d1289825869826fdec84593f7,6ac98672d6a5ec3f,true,2026-09-20T14:12:40+00:00
20260920T140330Z-gpu,electricity_hourly,T148,transformer,deep,168,24,110013,12.591198829513862,14.485666518043496,1.6102421238454672,7.912628433456965,599.3424559999312,10.525390625,0.5981929750000745,19232,false,dcb2c10e4ac97b1d1289825869826fdec84593f7,6ac98672d6a5ec3f,true,2026-09-20T14:12:40+00:00
20260920T140330Z-gpu,electricity_hourly,T148,transformer,deep,168,24,110014,11.705644875488261,14.65849447274395,1.411736065385519,6.90303991138571,599.9770250000438,10.525390625,0.5987456549999024,19232,false,dcb2c10e4ac97b1d1289825869826fdec84593f7,6ac98672d6a5ec3f,true,2026-09-20T14:12:40+00:00
20260920T140330Z-gpu,electricity_hourly,T148,transformer,deep,168,24,110015,11.708728234644338,14.451929250034398,1.2880495536965504,7.3169081665613795,608.1274240000312,10.525390625,0.6068776770000568,19232,false,dcb2c10e4ac97b1d1289825869826fdec84593f7,6ac98672d6a5ec3f,true,2026-09-20T14:12:40+00:00
20260920T140330Z-gpu,electricity_hourly,T148,transformer,deep,168,24,110016,10.163118766889356,12.89431483935669,1.352577728680284,7.307410608127869,699.0452680001908,10.525390625,0.697819146999791,19232,false,dcb2c10e4ac97b1d1289825869826fdec84593f7,6ac98672d6a5ec3f,true,2026-09-20T14:12:40+00:00
20260920T140330Z-gpu,electricity_hourly,T148,transformer,deep,168,24,110017,11.036442656680814,13.142749392898178,1.3188777946572923,7.19931012002579,626.9801819998975,10.525390625,0.6257797239998126,19232,false,dcb2c10e4ac97b1d1289825869826fdec84593f7,6ac98672d6a5ec3f,true,2026-09-20T14:12:40+00:00
20260920T140330Z-gpu,electricity_hourly,T148,transformer,deep,168,24,110018,10.712813878222775,12.732945075030688,1.481887798716695,6.95056206811621,627.2073439999986,10.525390625,0.6260686560001432,19232,false,dcb2c10e4ac97b1d1289825869826fdec84593f7,6ac98672d6a5ec3f,true,2026-09-20T14:12:40+00:00
20260920T140330Z-gpu,electricity_hourly,T148,transformer,deep,168,24,110019,9.351432997463968,12.07781640302524,0.810720259864426,6.869886672628776,630.9665569999652,10.525390625,0.6297900490001211,19232,false,dcb2c10e4ac97b1d1289825869826fdec84593f7,6ac98672d6a5ec3f,true,2026-09-20T14:12:40+00:00
20260920T140330Z-gpu,electricity_hourly,T148,transformer,deep,168,24,110020,9.961781682256595,12.07845475158803,1.2970131665867537,7.293081220792032,638.491624000153,10.525390625,0.6372316320000664,19232,false,dcb2c10e4ac97b1d1289825869826fdec84593f7,6ac98672d6a5ec3f,true,2026-09-20T14:12:40+00:00
20260920T140330Z-gpu,electricity_hourly,T148,transformer,deep,168,24,110021,16.75014164179564,20.89143877785566,0.7410200910656135,11.872522773796216,642.9113300000608,10.525390625,0.6417115659999126,19232,false,dcb2c10e4ac97b1d1289825869826fdec84593f7,6ac98672d6a5ec3f,true,2026-09-20T14:12:40+00:00
20260920T140330Z-gpu,electricity_hourly,T148,timesfm25,tsfm,168,24,110000,7.0013001759847,8.655990073039755,0.6555183519777613,4.50026423760899,129.37438199992357,11.94287109375,,231289280,true,dcb2c10e4ac97b1d1289825869826fdec84593f7,6ac98672d6a5ec3f,true,2026-09-20T14:12:48+00:00
20260920T140330Z-gpu,electricity_hourly,T148,timesfm25,tsfm,168,24,110001,14.283870379130045,15.819311913223679,1.6763466459614722,8.097281861334064,119.94883099987419,11.94287109375,,231289280,true,dcb2c10e4ac97b1d1289825869826fdec84593f7,6ac98672d6a5ec3f,true,2026-09-20T14:12:48+00:00
20260920T140330Z-gpu,electricity_hourly,T148,timesfm25,tsfm,168,24,110002,8.2073122660319,9.943361787603124,1.0912769772009177,5.029032761375032,133.2542839998041,11.94287109375,,231289280,true,dcb2c10e4ac97b1d1289825869826fdec84593f7,6ac98672d6a5ec3f,true,2026-09-20T14:12:48+00:00
20260920T140330Z-gpu,electricity_hourly,T148,timesfm25,tsfm,168,24,110003,3.862339973449707,4.844947424541638,0.6474702633023957,2.1193080331608583,130.04722100004074,11.94287109375,,231289280,true,dcb2c10e4ac97b1d1289825869826fdec84593f7,6ac98672d6a5ec3f,true,2026-09-20T14:12:48+00:00
20260920T140330Z-gpu,electricity_hourly,T148,timesfm25,tsfm,168,24,110004,7.098148028055827,8.43420517596391,0.9952612619669319,3.7345387886950583,125.95801299994491,11.94287109375,,231289280,true,dcb2c10e4ac97b1d1289825869826fdec84593f7,6ac98672d6a5ec3f,true,2026-09-20T14:12:48+00:00
20260920T140330Z-gpu,electricity_hourly,T148,timesfm25,tsfm,168,24,110005,9.496798197428385,18.105805316297907,1.4156717809831134,5.8112859065997835,136.623512000142,11.94287109375,,231289280,true,dcb2c10e4ac97b1d1289825869826fdec84593f7,6ac98672d6a5ec3f,true,2026-09-20T14:12:48+00:00
20260920T140330Z-gpu,electricity_hourly,T148,timesfm25,tsfm,168,24,110006,4.224105517069499,5.271463191583223,0.6058478032450277,2.387800262701226,139.86831200008965,11.94287109375,,231289280,true,dcb2c10e4ac97b1d1289825869826fdec84593f7,6ac98672d6a5ec3f,true,2026-09-20T14:12:48+00:00
20260920T140330Z-gpu,electricity_hourly,T148,timesfm25,tsfm,168,24,110007,5.727572123209636,7.925404965129037,0.9545953538682727,3.027384877208157,124.63697400016827,11.94287109375,,231289280,true,dcb2c10e4ac97b1d1289825869826fdec84593f7,6ac98672d6a5ec3f,true,2026-09-20T14:12:48+00:00
20260920T140330Z-gpu,electricity_hourly,T148,timesfm25,tsfm,168,24,110008,4.832936604817708,6.265124410789879,0.6479915000872905,2.6711339586992895,132.214021999971,11.94287109375,,231289280,true,dcb2c10e4ac97b1d1289825869826fdec84593f7,6ac98672d6a5ec3f,true,2026-09-20T14:12:48+00:00
20260920T140330Z-gpu,electricity_hourly,T148,timesfm25,tsfm,168,24,110009,6.6495866775512695,9.583343054382118,0.865768970675753,3.5143625470057844,128.44901400012532,11.94287109375,,231289280,true,dcb2c10e4ac97b1d1289825869826fdec84593f7,6ac98672d6a5ec3f,true,2026-09-20T14:12:48+00:00
20260920T140330Z-gpu,electricity_hourly,T148,timesfm25,tsfm,168,24,110010,5.134181976318359,6.545361554458512,0.862686353080331,2.787917793919815,127.77132800010804,11.94287109375,,231289280,true,dcb2c10e4ac97b1d1289825869826fdec84593f7,6ac98672d6a5ec3f,true,2026-09-20T14:12:48+00:00
20260920T140330Z-gpu,electricity_hourly,T148,timesfm25,tsfm,168,24,110011,12.694297154744467,15.330820064469016,1.5057485916665596,8.068083120648046,130.1020129999415,11.94287109375,,231289280,true,dcb2c10e4ac97b1d1289825869826fdec84593f7,6ac98672d6a5ec3f,true,2026-09-20T14:12:48+00:00
20260920T140330Z-gpu,electricity_hourly,T148,timesfm25,tsfm,168,24,110012,4.257578214009603,5.154349383667437,0.5401685134954914,2.363873407341251,130.42070799997418,11.94287109375,,231289280,true,dcb2c10e4ac97b1d1289825869826fdec84593f7,6ac98672d6a5ec3f,true,2026-09-20T14:12:48+00:00
20260920T140330Z-gpu,electricity_hourly,T148,timesfm25,tsfm,168,24,110013,8.469128926595053,9.886532638997707,1.0830857597066497,5.344247588151385,130.82000999997945,11.94287109375,,231289280,true,dcb2c10e4ac97b1d1289825869826fdec84593f7,6ac98672d6a5ec3f,true,2026-09-20T14:12:48+00:00
20260920T140330Z-gpu,electricity_hourly,T148,timesfm25,tsfm,168,24,110014,13.100797653198242,16.03242148781661,1.57999569686813,6.850442286621207,127.06949199991868,11.94287109375,,231289280,true,dcb2c10e4ac97b1d1289825869826fdec84593f7,6ac98672d6a5ec3f,true,2026-09-20T14:12:48+00:00
20260920T140330Z-gpu,electricity_hourly,T148,timesfm25,tsfm,168,24,110015,8.883955637613932,10.11107819699309,0.9773029884006158,4.940542751871241,129.05067599990616,11.94287109375,,231289280,true,dcb2c10e4ac97b1d1289825869826fdec84593f7,6ac98672d6a5ec3f,true,2026-09-20T14:12:48+00:00
20260920T140330Z-gpu,electricity_hourly,T148,timesfm25,tsfm,168,24,110016,5.663489977518718,7.084059183638679,0.7537361892446353,3.667802501763442,129.67063900009634,11.94287109375,,231289280,true,dcb2c10e4ac97b1d1289825869826fdec84593f7,6ac98672d6a5ec3f,true,2026-09-20T14:12:48+00:00
20260920T140330Z-gpu,electricity_hourly,T148,timesfm25,tsfm,168,24,110017,7.745162010192871,10.649607194080538,0.9255629290188991,4.657683581703434,129.5009980001396,11.94287109375,,231289280,true,dcb2c10e4ac97b1d1289825869826fdec84593f7,6ac98672d6a5ec3f,true,2026-09-20T14:12:48+00:00
20260920T140330Z-gpu,electricity_hourly,T148,timesfm25,tsfm,168,24,110018,5.7639665603637695,7.2911868698003985,0.7973210227592534,3.6075860476737933,128.47042299995337,11.94287109375,,231289280,true,dcb2c10e4ac97b1d1289825869826fdec84593f7,6ac98672d6a5ec3f,true,2026-09-20T14:12:48+00:00
20260920T140330Z-gpu,electricity_hourly,T148,timesfm25,tsfm,168,24,110019,8.422751108805338,10.708679432287378,0.7302084043756585,6.186743167540027,130.53087299999788,11.94287109375,,231289280,true,dcb2c10e4ac97b1d1289825869826fdec84593f7,6ac98672d6a5ec3f,true,2026-09-20T14:12:48+00:00
20260920T140330Z-gpu,electricity_hourly,T148,timesfm25,tsfm,168,24,110020,4.483419736226399,5.680797196735294,0.5837363851868007,2.9447243507425105,130.77504100010628,11.94287109375,,231289280,true,dcb2c10e4ac97b1d1289825869826fdec84593f7,6ac98672d6a5ec3f,true,2026-09-20T14:12:48+00:00
20260920T140330Z-gpu,electricity_hourly,T148,timesfm25,tsfm,168,24,110021,7.31666374206543,9.240091055445912,0.3236865065614199,4.82969363661662,127.98783800008096,11.94287109375,,231289280,true,dcb2c10e4ac97b1d1289825869826fdec84593f7,6ac98672d6a5ec3f,true,2026-09-20T14:12:48+00:00
20260920T140330Z-gpu,electricity_hourly,T148,chronos_bolt,tsfm,168,24,110000,7.318800290425618,8.758100802469029,0.6852452807680683,4.509023984441772,35.73362600013752,1.0751953125,,205292928,true,dcb2c10e4ac97b1d1289825869826fdec84593f7,6ac98672d6a5ec3f,true,2026-09-20T14:12:53+00:00
20260920T140330Z-gpu,electricity_hourly,T148,chronos_bolt,tsfm,168,24,110001,11.75793170928955,13.020629590219807,1.3799039658823922,6.729784304217663,35.50808899990443,1.0751953125,,205292928,true,dcb2c10e4ac97b1d1289825869826fdec84593f7,6ac98672d6a5ec3f,true,2026-09-20T14:12:53+00:00
20260920T140330Z-gpu,electricity_hourly,T148,chronos_bolt,tsfm,168,24,110002,8.83036200205485,10.333612450503601,1.1741201553978748,5.361938598353592,38.18215899991628,1.0751953125,,205292928,true,dcb2c10e4ac97b1d1289825869826fdec84593f7,6ac98672d6a5ec3f,true,2026-09-20T14:12:53+00:00
20260920T140330Z-gpu,electricity_hourly,T148,chronos_bolt,tsfm,168,24,110003,4.692299842834473,5.883726463468177,0.786602069113113,2.643809088375934,39.1791980000562,1.0751953125,,205292928,true,dcb2c10e4ac97b1d1289825869826fdec84593f7,6ac98672d6a5ec3f,true,2026-09-20T14:12:53+00:00
20260920T140330Z-gpu,electricity_hourly,T148,chronos_bolt,tsfm,168,24,110004,5.844016075134277,7.555177572514365,0.8194141332223329,2.9232023672407905,38.84127800006354,1.0751953125,,205292928,true,dcb2c10e4ac97b1d1289825869826fdec84593f7,6ac98672d6a5ec3f,true,2026-09-20T14:12:53+00:00
20260920T140330Z-gpu,electricity_hourly,T148,chronos_bolt,tsfm,168,24,110005,9.53036880493164,17.84038620346276,1.4206760951450894,5.715215769517135,38.178109000000404,1.0751953125,,205292928,true,dcb2c10e4ac97b1d1289825869826fdec84593f7,6ac98672d6a5ec3f,true,2026-09-20T14:12:53+00:00
20260920T140330Z-gpu,electricity_hourly,T148,chronos_bolt,tsfm,168,24,110006,4.5127763748168945,6.123796845300586,0.647250794794455,2.505477969373673,39.15283900005306,1.0751953125,,205292928,true,dcb2c10e4ac97b1d1289825869826fdec84593f7,6ac98672d6a5ec3f,true,2026-09-20T14:12:53+00:00
20260920T140330Z-gpu,electricity_hourly,T148,chronos_bolt,tsfm,168,24,110007,6.765456835428874,8.537180091255207,1.1275761392381456,3.718341431888937,38.18896699999641,1.0751953125,,205292928,true,dcb2c10e4ac97b1d1289825869826fdec84593f7,6ac98672d6a5ec3f,true,2026-09-20T14:12:53+00:00
20260920T140330Z-gpu,electricity_hourly,T148,chronos_bolt,tsfm,168,24,110008,5.6073659261067705,7.094544823341852,0.7518255990310754,3.2171946899150816,38.57419199994183,1.0751953125,,205292928,true,dcb2c10e4ac97b1d1289825869826fdec84593f7,6ac98672d6a5ec3f,true,2026-09-20T14:12:53+00:00
20260920T140330Z-gpu,electricity_hourly,T148,chronos_bolt,tsfm,168,24,110009,6.752114613850911,9.725543414620144,0.8791179967400825,3.4961595720751153,38.09416800004328,1.0751953125,,205292928,true,dcb2c10e4ac97b1d1289825869826fdec84593f7,6ac98672d6a5ec3f,true,2026-09-20T14:12:53+00:00
20260920T140330Z-gpu,electricity_hourly,T148,chronos_bolt,tsfm,168,24,110010,5.614729563395183,7.275518742042406,0.9434318052846047,2.931252332518532,38.8288139999986,1.0751953125,,205292928,true,dcb2c10e4ac97b1d1289825869826fdec84593f7,6ac98672d6a5ec3f,true,2026-09-20T14:12:53+00:00
20260920T140330Z-gpu,electricity_hourly,T148,chronos_bolt,tsfm,168,24,110011,12.512073516845703,15.275034990662261,1.4841339262156352,7.975739508650102,38.99872000010873,1.0751953125,,205292928,true,dcb2c10e4ac97b1d1289825869826fdec84593f7,6ac98672d6a5ec3f,true,2026-09-20T14:12:53+00:00
20260920T140330Z-gpu,electricity_hourly,T148,chronos_bolt,tsfm,168,24,110012,4.443048159281413,5.65957334811056,0.5636995021467167,2.4761971019868807,38.83522499995706,1.0751953125,,205292928,true,dcb2c10e4ac97b1d1289825869826fdec84593f7,6ac98672d6a5ec3f,true,2026-09-20T14:12:53+00:00
20260920T140330Z-gpu,electricity_hourly,T148,chronos_bolt,tsfm,168,24,110013,8.224165598551432,9.444793738723416,1.0517583003476076,5.0937076398539505,38.64458199996079,1.0751953125,,205292928,true,dcb2c10e4ac97b1d1289825869826fdec84593f7,6ac98672d6a5ec3f,true,2026-09-20T14:12:53+00:00
20260920T140330Z-gpu,electricity_hourly,T148,chronos_bolt,tsfm,168,24,110014,9.300264676411947,11.760391622258869,1.1216399609743053,4.832127211149395,38.284664999991946,1.0751953125,,205292928,true,dcb2c10e4ac97b1d1289825869826fdec84593f7,6ac98672d6a5ec3f,true,2026-09-20T14:12:53+00:00
20260920T140330Z-gpu,electricity_hourly,T148,chronos_bolt,tsfm,168,24,110015,7.309785842895508,8.965436215412016,0.804132285238314,3.962604964121186,39.08755799989194,1.0751953125,,205292928,true,dcb2c10e4ac97b1d1289825869826fdec84593f7,6ac98672d6a5ec3f,true,2026-09-20T14:12:53+00:00
20260920T140330Z-gpu,electricity_hourly,T148,chronos_bolt,tsfm,168,24,110016,5.762447357177734,7.079153384965668,0.7669061177759646,3.7988339843988146,38.503330999901664,1.0751953125,,205292928,true,dcb2c10e4ac97b1d1289825869826fdec84593f7,6ac98672d6a5ec3f,true,2026-09-20T14:12:53+00:00
20260920T140330Z-gpu,electricity_hourly,T148,chronos_bolt,tsfm,168,24,110017,8.28976313273112,11.20770235189112,0.9906438930400674,5.0840312899777285,38.976424999873416,1.0751953125,,205292928,true,dcb2c10e4ac97b1d1289825869826fdec84593f7,6ac98672d6a5ec3f,true,2026-09-20T14:12:53+00:00
20260920T140330Z-gpu,electricity_hourly,T148,chronos_bolt,tsfm,168,24,110018,6.574670791625977,8.287780073122594,0.9094645475448037,4.126092076987884,39.24842699984765,1.0751953125,,205292928,true,dcb2c10e4ac97b1d1289825869826fdec84593f7,6ac98672d6a5ec3f,true,2026-09-20T14:12:53+00:00
20260920T140330Z-gpu,electricity_hourly,T148,chronos_bolt,tsfm,168,24,110019,4.466686566670735,5.767556025822639,0.38723832968126787,2.9091246034674016,38.750140000047395,1.0751953125,,205292928,true,dcb2c10e4ac97b1d1289825869826fdec84593f7,6ac98672d6a5ec3f,true,2026-09-20T14:12:53+00:00
20260920T140330Z-gpu,electricity_hourly,T148,chronos_bolt,tsfm,168,24,110020,5.312685648600261,6.433401946098166,0.6917059072318603,3.6952648453104873,41.33802500018646,1.0751953125,,205292928,true,dcb2c10e4ac97b1d1289825869826fdec84593f7,6ac98672d6a5ec3f,true,2026-09-20T14:12:53+00:00
20260920T140330Z-gpu,electricity_hourly,T148,chronos_bolt,tsfm,168,24,110021,5.912543296813965,7.548835742244378,0.2615687357115855,3.9591454022159107,40.284518999897045,1.0751953125,,205292928,true,dcb2c10e4ac97b1d1289825869826fdec84593f7,6ac98672d6a5ec3f,true,2026-09-20T14:12:53+00:00
20260920T140330Z-gpu,electricity_hourly,T161,lstm,deep,168,24,120000,98.71144939514181,110.60752363303779,1.639687243384522,9.183363586948513,352.1040569999059,16.14599609375,0.34280872499994075,4513,false,dcb2c10e4ac97b1d1289825869826fdec84593f7,6ac98672d6a5ec3f,true,2026-09-20T14:13:06+00:00
20260920T140330Z-gpu,electricity_hourly,T161,lstm,deep,168,24,120001,148.67268368739266,244.27772178404354,2.4715846745537453,11.74817007277979,359.44311399998696,16.10986328125,0.35034088199995495,4513,false,dcb2c10e4ac97b1d1289825869826fdec84593f7,6ac98672d6a5ec3f,true,2026-09-20T14:13:06+00:00
20260920T140330Z-gpu,electricity_hourly,T161,lstm,deep,168,24,120002,142.94179211478476,181.20352611091664,1.508620497253665,12.004735293573217,363.5006049998992,16.10986328125,0.3538480439999603,4513,false,dcb2c10e4ac97b1d1289825869826fdec84593f7,6ac98672d6a5ec3f,true,2026-09-20T14:13:06+00:00
20260920T140330Z-gpu,electricity_hourly,T161,lstm,deep,168,24,120003,111.76324842428856,138.17231245210692,1.6225332970155815,9.26948065469589,376.8522779998875,16.10986328125,0.36741592499993203,4513,false,dcb2c10e4ac97b1d1289825869826fdec84593f7,6ac98672d6a5ec3f,true,2026-09-20T14:13:06+00:00
20260920T140330Z-gpu,electricity_hourly,T161,lstm,deep,168,24,120004,101.47089137178273,132.1344710643168,1.2714765365068492,7.510031352253062,358.4929870000906,16.10986328125,0.349222429999827,4513,false,dcb2c10e4ac97b1d1289825869826fdec84593f7,6ac98672d6a5ec3f,true,2026-09-20T14:13:06+00:00
20260920T140330Z-gpu,electricity_hourly,T161,lstm,deep,168,24,120005,64.42673441922797,84.37728756858685,0.8764713988066913,5.435325761314361,380.74528600009216,16.10986328125,0.3704862160000175,4513,false,dcb2c10e4ac97b1d1289825869826fdec84593f7,6ac98672d6a5ec3f,true,2026-09-20T14:13:06+00:00
20260920T140330Z-gpu,electricity_hourly,T161,lstm,deep,168,24,120006,274.1611994327185,319.84227292626395,2.598342287634031,20.058310224088252,363.5742740000296,16.10986328125,0.3534795650000433,4513,false,dcb2c10e4ac97b1d1289825869826fdec84593f7,6ac98672d6a5ec3f,true,2026-09-20T14:13:06+00:00
20260920T140330Z-gpu,electricity_hourly,T161,lstm,deep,168,24,120007,146.6601350762045,188.77175455118652,1.827066307723285,10.994244522099029,364.9579610000728,16.10986328125,0.3555529530001422,4513,false,dcb2c10e4ac97b1d1289825869826fdec84593f7,6ac98672d6a5ec3f,true,2026-09-20T14:13:06+00:00
20260920T140330Z-gpu,electricity_hourly,T161,lstm,deep,168,24,120008,101.10565427543175,137.95197826011326,1.2656884478537922,9.02986965236829,386.1876250000478,16.10986328125,0.3763198100000409,4513,false,dcb2c10e4ac97b1d1289825869826fdec84593f7,6ac98672d6a5ec3f,true,2026-09-20T14:13:06+00:00
20260920T140330Z-gpu,electricity_hourly,T161,lstm,deep,168,24,120009,466.55896956719806,506.27747782198236,5.334642815441998,33.60704049748275,355.5677780000224,16.10986328125,0.34609312199995657,4513,false,dcb2c10e4ac97b1d1289825869826fdec84593f7,6ac98672d6a5ec3f,true,2026-09-20T14:13:06+00:00
20260920T140330Z-gpu,electricity_hourly,T161,lstm,deep,168,24,120010,280.97706336677976,321.03482479166627,2.1624016420723793,22.6058805911303,355.1793610001823,16.10986328125,0.34598431299991717,4513,false,dcb2c10e4ac97b1d1289825869826fdec84593f7,6ac98672d6a5ec3f,true,2026-09-20T14:13:06+00:00
20260920T140330Z-gpu,electricity_hourly,T161,lstm,deep,168,24,120011,184.03765458220832,215.36839283914767,1.5599165495225145,15.145370203083885,353.82172799995715,16.10986328125,0.34453625900005136,4513,false,dcb2c10e4ac97b1d1289825869826fdec84593f7,6ac98672d6a5ec3f,true,2026-09-20T14:13:06+00:00
20260920T140330Z-gpu,electricity_hourly,T161,lstm,deep,168,24,120012,128.39637243689552,167.74223640890224,2.445321734018378,11.960976871175237,347.3156600000493,16.10986328125,0.33775065200006793,4513,false,dcb2c10e4ac97b1d1289825869826fdec84593f7,6ac98672d6a5ec3f,true,2026-09-20T14:13:06+00:00
20260920T140330Z-gpu,electricity_hourly,T161,lstm,deep,168,24,120013,328.05947338078374,393.8818094775162,3.8996668455368053,29.43757981724285,355.7922659999804,16.10986328125,0.34645503799993094,4513,false,dcb2c10e4ac97b1d1289825869826fdec84593f7,6ac98672d6a5ec3f,true,2026-09-20T14:13:06+00:00
20260920T140330Z-gpu,electricity_hourly,T161,lstm,deep,168,24,120014,141.29853016467916,152.69466750987195,1.976011298797106,11.278601995176306,356.824510000024,16.10986328125,0.3472232740000436,4513,false,dcb2c10e4ac97b1d1289825869826fdec84593f7,6ac98672d6a5ec3f,true,2026-09-20T14:13:06+00:00
20260920T140330Z-gpu,electricity_hourly,T161,lstm,deep,168,24,120015,51.43373012142464,62.13469646704194,0.69420349962369,4.546458097055165,395.4455569999027,16.10986328125,0.38598867700011397,4513,false,dcb2c10e4ac97b1d1289825869826fdec84593f7,6ac98672d6a5ec3f,true,2026-09-20T14:13:06+00:00
20260920T140330Z-gpu,electricity_hourly,T161,lstm,deep,168,24,120016,150.36946103769742,205.51307624468078,2.1978483951916794,16.927474424652566,347.6306410000234,16.10986328125,0.3385997889999999,4513,false,dcb2c10e4ac97b1d1289825869826fdec84593f7,6ac98672d6a5ec3f,true,2026-09-20T14:13:06+00:00
20260920T140330Z-gpu,electricity_hourly,T161,lstm,deep,168,24,120017,38.11243156870825,44.11886807588042,0.6771363535958036,3.5926081913275265,347.9431769999337,16.10986328125,0.33856011800003216,4513,false,dcb2c10e4ac97b1d1289825869826fdec84593f7,6ac98672d6a5ec3f,true,2026-09-20T14:13:06+00:00
20260920T140330Z-gpu,electricity_hourly,T161,lstm,deep,168,24,120018,54.19487958537019,66.61696499153199,1.1817175439571936,5.504975683294552,341.6607159999785,16.10986328125,0.33202140100002,4513,false,dcb2c10e4ac97b1d1289825869826fdec84593f7,6ac98672d6a5ec3f,true,2026-09-20T14:13:06+00:00
20260920T140330Z-gpu,electricity_hourly,T161,lstm,deep,168,24,120019,123.03346883695035,162.38685160246658,2.292845802060418,12.764539635863983,331.1323129998982,16.10986328125,0.3215180029999374,4513,false,dcb2c10e4ac97b1d1289825869826fdec84593f7,6ac98672d6a5ec3f,true,2026-09-20T14:13:06+00:00
20260920T140330Z-gpu,electricity_hourly,T161,lstm,deep,168,24,120020,142.3545044030432,159.1073680637234,2.0421447134925503,14.786936551289257,339.65670499992484,16.10986328125,0.3303852280000683,4513,false,dcb2c10e4ac97b1d1289825869826fdec84593f7,6ac98672d6a5ec3f,true,2026-09-20T14:13:06+00:00
20260920T140330Z-gpu,electricity_hourly,T161,lstm,deep,168,24,120021,288.78841717652404,347.4423481326159,1.153263597809686,28.529646154117977,349.04572300001746,16.10986328125,0.3390277519999927,4513,false,dcb2c10e4ac97b1d1289825869826fdec84593f7,6ac98672d6a5ec3f,true,2026-09-20T14:13:06+00:00
20260920T140330Z-gpu,electricity_hourly,T161,transformer,deep,168,24,120000,78.2301484416584,92.94897969135502,1.2994741464527408,7.8779256764244,601.2745689999974,10.6845703125,0.6001122479999594,19232,false,dcb2c10e4ac97b1d1289825869826fdec84593f7,6ac98672d6a5ec3f,true,2026-09-20T14:13:24+00:00
20260920T140330Z-gpu,electricity_hourly,T161,transformer,deep,168,24,120001,137.4363519960065,239.79050478763065,2.2847881190746864,10.369081083691738,595.2551289999519,10.525390625,0.5941835490000358,19232,false,dcb2c10e4ac97b1d1289825869826fdec84593f7,6ac98672d6a5ec3f,true,2026-09-20T14:13:24+00:00
20260920T140330Z-gpu,electricity_hourly,T161,transformer,deep,168,24,120002,121.7389826863265,147.36097559131113,1.2848441444467176,9.856018740424084,660.2579090001655,10.525390625,0.6589878849999877,19232,false,dcb2c10e4ac97b1d1289825869826fdec84593f7,6ac98672d6a5ec3f,true,2026-09-20T14:13:24+00:00
20260920T140330Z-gpu,electricity_hourly,T161,transformer,deep,168,24,120003,122.19832077440348,156.03518003596386,1.7740254250946772,11.454825195968658,598.748882000109,10.525390625,0.5976375539999026,19232,false,dcb2c10e4ac97b1d1289825869826fdec84593f7,6ac98672d6a5ec3f,true,2026-09-20T14:13:24+00:00
20260920T140330Z-gpu,electricity_hourly,T161,transformer,deep,168,24,120004,128.62368923719097,146.32515716528343,1.611713474604551,10.99166038904423,595.4738539999198,10.525390625,0.5943532890000824,19232,false,dcb2c10e4ac97b1d1289825869826fdec84593f7,6ac98672d6a5ec3f,true,2026-09-20T14:13:24+00:00
20260920T140330Z-gpu,electricity_hourly,T161,transformer,deep,168,24,120005,64.08980393137969,92.4554589519068,0.8718877436106448,5.482360746369447,605.6206519999705,10.525390625,0.6044309710000562,19232,false,dcb2c10e4ac97b1d1289825869826fdec84593f7,6ac98672d6a5ec3f,true,2026-09-20T14:13:24+00:00
20260920T140330Z-gpu,electricity_hourly,T161,transformer,deep,168,24,120006,128.32449862855267,158.40489373581158,1.2161858498428055,8.517605915139027,605.7540970000446,10.525390625,0.6045571879999443,19232,false,dcb2c10e4ac97b1d1289825869826fdec84593f7,6ac98672d6a5ec3f,true,2026-09-20T14:13:24+00:00
20260920T140330Z-gpu,electricity_hourly,T161,transformer,deep,168,24,120007,94.00881913142086,110.66848841800646,1.1711454239055805,7.42739168513452,610.7102990001749,10.525390625,0.6094980079999459,19232,false,dcb2c10e4ac97b1d1289825869826fdec84593f7,6ac98672d6a5ec3f,true,2026-09-20T14:13:24+00:00
20260920T140330Z-gpu,electricity_hourly,T161,transformer,deep,168,24,120008,83.47262062831705,105.178198423652,1.0449497844455928,7.851584187927166,593.1432740001128,10.525390625,0.592035259999875,19232,false,dcb2c10e4ac97b1d1289825869826fdec84593f7,6ac98672d6a5ec3f,true,2026-09-20T14:13:24+00:00
20260920T140330Z-gpu,electricity_hourly,T161,transformer,deep,168,24,120009,430.8131859521507,475.0513500859175,4.925924946570566,30.574945519010218,596.8366330000663,10.525390625,0.595695749000015,19232,false,dcb2c10e4ac97b1d1289825869826fdec84593f7,6ac98672d6a5ec3f,true,2026-09-20T14:13:24+00:00
20260920T140330Z-gpu,electricity_hourly,T161,transformer,deep,168,24,120010,137.53590303344117,181.4194081964612,1.0584773682227315,11.359498907929282,598.9674089998971,10.525390625,0.5978089509999336,19232,false,dcb2c10e4ac97b1d1289825869826fdec84593f7,6ac98672d6a5ec3f,true,2026-09-20T14:13:24+00:00
20260920T140330Z-gpu,electricity_hourly,T161,transformer,deep,168,24,120011,159.4045195257717,195.9533770075033,1.3511243046507224,13.692475998618518,606.1771570000474,10.525390625,0.6049805629997991,19232,false,dcb2c10e4ac97b1d1289825869826fdec84593f7,6ac98672d6a5ec3f,true,2026-09-20T14:13:24+00:00
20260920T140330Z-gpu,electricity_hourly,T161,transformer,deep,168,24,120012,153.44306774302055,188.43008958756806,2.9223385471491814,14.311067813964955,597.3345580000569,10.525390625,0.5961916109999947,19232,false,dcb2c10e4ac97b1d1289825869826fdec84593f7,6ac98672d6a5ec3f,true,2026-09-20T14:13:24+00:00
20260920T140330Z-gpu,electricity_hourly,T161,transformer,deep,168,24,120013,65.2912894923681,75.0136379552921,0.7761223119449402,5.995995462132878,598.9200720000554,10.525390625,0.5976722440000231,19232,false,dcb2c10e4ac97b1d1289825869826fdec84593f7,6ac98672d6a5ec3f,true,2026-09-20T14:13:24+00:00
20260920T140330Z-gpu,electricity_hourly,T161,transformer,deep,168,24,120014,156.57506033652476,175.5034499640528,2.1896483139224596,13.235695284386853,603.7145699999655,10.525390625,0.6025528069999382,19232,false,dcb2c10e4ac97b1d1289825869826fdec84593f7,6ac98672d6a5ec3f,true,2026-09-20T14:13:24+00:00
20260920T140330Z-gpu,electricity_hourly,T161,transformer,deep,168,24,120015,74.4010747413444,94.11104469690052,1.0041948413865962,6.962141078590777,610.8598399998755,10.525390625,0.6096334709998246,19232,false,dcb2c10e4ac97b1d1289825869826fdec84593f7,6ac98672d6a5ec3f,true,2026-09-20T14:13:24+00:00
20260920T140330Z-gpu,electricity_hourly,T161,transformer,deep,168,24,120016,68.642718549074,87.37037242528612,1.0033040470022996,7.603739334350214,612.7338639998925,10.525390625,0.6115251490000446,19232,false,dcb2c10e4ac97b1d1289825869826fdec84593f7,6ac98672d6a5ec3f,true,2026-09-20T14:13:24+00:00
20260920T140330Z-gpu,electricity_hourly,T161,transformer,deep,168,24,120017,39.58879528562618,46.65867185031637,0.703366628146844,3.835317565192331,598.7944609998976,10.525390625,0.5975821880001604,19232,false,dcb2c10e4ac97b1d1289825869826fdec84593f7,6ac98672d6a5ec3f,true,2026-09-20T14:13:24+00:00
20260920T140330Z-gpu,electricity_hourly,T161,transformer,deep,168,24,120018,60.52659169736409,82.49589645530926,1.319780315629986,6.049433019148244,604.3535520000205,10.525390625,0.6032092699999794,19232,false,dcb2c10e4ac97b1d1289825869826fdec84593f7,6ac98672d6a5ec3f,true,2026-09-20T14:13:24+00:00
20260920T140330Z-gpu,electricity_hourly,T161,transformer,deep,168,24,120019,88.91203427829089,106.80581234238772,1.6569603903292207,9.149746725971118,641.1652750000485,10.525390625,0.639974797999912,19232,false,dcb2c10e4ac97b1d1289825869826fdec84593f7,6ac98672d6a5ec3f,true,2026-09-20T14:13:24+00:00
20260920T140330Z-gpu,electricity_hourly,T161,transformer,deep,168,24,120020,128.9940478961477,152.2103640550162,1.8504824563703197,12.82381670043832,614.0381749999051,10.525390625,0.6128734789999726,19232,false,dcb2c10e4ac97b1d1289825869826fdec84593f7,6ac98672d6a5ec3f,true,2026-09-20T14:13:24+00:00
20260920T140330Z-gpu,electricity_hourly,T161,transformer,deep,168,24,120021,106.27847922176586,132.14330823621833,0.4244183423814938,10.554893120280651,640.1657420001357,10.525390625,0.6389146530000289,19232,false,dcb2c10e4ac97b1d1289825869826fdec84593f7,6ac98672d6a5ec3f,true,2026-09-20T14:13:24+00:00
20260920T140330Z-gpu,electricity_hourly,T161,timesfm25,tsfm,168,24,120000,48.42532857259115,62.46459579805713,0.8043888931195208,4.945633223950337,123.32840899989606,11.94287109375,,231289280,true,dcb2c10e4ac97b1d1289825869826fdec84593f7,6ac98672d6a5ec3f,true,2026-09-20T14:13:31+00:00
20260920T140330Z-gpu,electricity_hourly,T161,timesfm25,tsfm,168,24,120001,110.10285186767578,214.75362336373416,1.8303868239373484,7.960980478856136,117.64710100010234,11.94287109375,,231289280,true,dcb2c10e4ac97b1d1289825869826fdec84593f7,6ac98672d6a5ec3f,true,2026-09-20T14:13:31+00:00
20260920T140330Z-gpu,electricity_hourly,T161,timesfm25,tsfm,168,24,120002,126.28401438395183,156.21623560472995,1.3328128167171698,10.109819984345647,127.12246099999902,11.94287109375,,231289280,true,dcb2c10e4ac97b1d1289825869826fdec84593f7,6ac98672d6a5ec3f,true,2026-09-20T14:13:31+00:00
20260920T140330Z-gpu,electricity_hourly,T161,timesfm25,tsfm,168,24,120003,43.20624796549479,56.34122995447154,0.6272507013843381,3.5911620645647258,126.86234099987814,11.94287109375,,231289280,true,dcb2c10e4ac97b1d1289825869826fdec84593f7,6ac98672d6a5ec3f,true,2026-09-20T14:13:31+00:00
20260920T140330Z-gpu,electricity_hourly,T161,timesfm25,tsfm,168,24,120004,60.33097585042318,73.77898753147106,0.7559746364828522,4.627991776981875,116.23185700000249,11.94287109375,,231289280,true,dcb2c10e4ac97b1d1289825869826fdec84593f7,6ac98672d6a5ec3f,true,2026-09-20T14:13:31+00:00
20260920T140330Z-gpu,electricity_hourly,T161,timesfm25,tsfm,168,24,120005,37.927825927734375,54.01802128969797,0.5159760919786254,2.9071390990611694,125.98260599997957,11.94287109375,,231289280,true,dcb2c10e4ac97b1d1289825869826fdec84593f7,6ac98672d6a5ec3f,true,2026-09-20T14:13:31+00:00
20260920T140330Z-gpu,electricity_hourly,T161,timesfm25,tsfm,168,24,120006,98.93615214029948,131.79057099928963,0.937659991325729,6.2038912726014885,127.06113500007632,11.94287109375,,231289280,true,dcb2c10e4ac97b1d1289825869826fdec84593f7,6ac98672d6a5ec3f,true,2026-09-20T14:13:31+00:00
20260920T140330Z-gpu,electricity_hourly,T161,timesfm25,tsfm,168,24,120007,62.85319264729818,75.92966796787717,0.7830140791773457,4.488529761392788,114.76837000009255,11.94287109375,,231289280,true,dcb2c10e4ac97b1d1289825869826fdec84593f7,6ac98672d6a5ec3f,true,2026-09-20T14:13:31+00:00
20260920T140330Z-gpu,electricity_hourly,T161,timesfm25,tsfm,168,24,120008,35.92693328857422,48.834322809550194,0.4497503602151341,3.1016445217650364,124.92657499979032,11.94287109375,,231289280,true,dcb2c10e4ac97b1d1289825869826fdec84593f7,6ac98672d6a5ec3f,true,2026-09-20T14:13:31+00:00
20260920T140330Z-gpu,electricity_hourly,T161,timesfm25,tsfm,168,24,120009,327.3372980753581,411.6656016737669,3.7427799684652667,20.87669683676531,122.07164399978865,11.94287109375,,231289280,true,dcb2c10e4ac97b1d1289825869826fdec84593f7,6ac98672d6a5ec3f,true,2026-09-20T14:13:31+00:00
20260920T140330Z-gpu,electricity_hourly,T161,timesfm25,tsfm,168,24,120010,169.2897694905599,232.75929960066102,1.302855368854718,11.388673161195799,122.36575700012509,11.94287109375,,231289280,true,dcb2c10e4ac97b1d1289825869826fdec84593f7,6ac98672d6a5ec3f,true,2026-09-20T14:13:31+00:00
20260920T140330Z-gpu,electricity_hourly,T161,timesfm25,tsfm,168,24,120011,71.52480570475261,90.96709993575233,0.6062494567946539,5.745189910996915,126.02917799995339,11.94287109375,,231289280,true,dcb2c10e4ac97b1d1289825869826fdec84593f7,6ac98672d6a5ec3f,true,2026-09-20T14:13:31+00:00
20260920T140330Z-gpu,electricity_hourly,T161,timesfm25,tsfm,168,24,120012,35.96644592285156,47.40485052031338,0.6849845540127795,3.25809059123593,120.54561100012506,11.94287109375,,231289280,true,dcb2c10e4ac97b1d1289825869826fdec84593f7,6ac98672d6a5ec3f,true,2026-09-20T14:13:31+00:00
20260920T140330Z-gpu,electricity_hourly,T161,timesfm25,tsfm,168,24,120013,42.97961171468099,52.08387234835013,0.510901773725777,4.158116924903882,119.79796400009946,11.94287109375,,231289280,true,dcb2c10e4ac97b1d1289825869826fdec84593f7,6ac98672d6a5ec3f,true,2026-09-20T14:13:31+00:00
20260920T140330Z-gpu,electricity_hourly,T161,timesfm25,tsfm,168,24,120014,165.57746124267578,192.16867132964208,2.3155437912931256,13.365527527577168,124.7023949999857,11.94287109375,,231289280,true,dcb2c10e4ac97b1d1289825869826fdec84593f7,6ac98672d6a5ec3f,true,2026-09-20T14:13:31+00:00
20260920T140330Z-gpu,electricity_hourly,T161,timesfm25,tsfm,168,24,120015,31.99390157063802,38.964048918805204,0.43182320987645284,2.63379151605653,122.13124699997024,11.94287109375,,231289280,true,dcb2c10e4ac97b1d1289825869826fdec84593f7,6ac98672d6a5ec3f,true,2026-09-20T14:13:31+00:00
20260920T140330Z-gpu,electricity_hourly,T161,timesfm25,tsfm,168,24,120016,75.705810546875,100.98311444857463,1.1065404708434834,8.798840007607923,120.50435800006198,11.94287109375,,231289280,true,dcb2c10e4ac97b1d1289825869826fdec84593f7,6ac98672d6a5ec3f,true,2026-09-20T14:13:31+00:00
20260920T140330Z-gpu,electricity_hourly,T161,timesfm25,tsfm,168,24,120017,25.487210591634113,32.4774084123137,0.4528264435774599,2.3273505300290043,129.62911199997507,11.94287109375,,231289280,true,dcb2c10e4ac97b1d1289825869826fdec84593f7,6ac98672d6a5ec3f,true,2026-09-20T14:13:31+00:00
20260920T140330Z-gpu,electricity_hourly,T161,timesfm25,tsfm,168,24,120018,44.41165669759115,55.285399144257624,0.9683946947990801,4.464557319487581,114.30848200006949,11.94287109375,,231289280,true,dcb2c10e4ac97b1d1289825869826fdec84593f7,6ac98672d6a5ec3f,true,2026-09-20T14:13:31+00:00
20260920T140330Z-gpu,electricity_hourly,T161,timesfm25,tsfm,168,24,120019,33.40772247314453,45.41126228503064,0.6225847076656934,3.317063381098052,122.19699800016315,11.94287109375,,231289280,true,dcb2c10e4ac97b1d1289825869826fdec84593f7,6ac98672d6a5ec3f,true,2026-09-20T14:13:31+00:00
20260920T140330Z-gpu,electricity_hourly,T161,timesfm25,tsfm,168,24,120020,98.90004984537761,115.27010480102763,1.4187693940759492,10.739386316364152,122.64442600007897,11.94287109375,,231289280,true,dcb2c10e4ac97b1d1289825869826fdec84593f7,6ac98672d6a5ec3f,true,2026-09-20T14:13:31+00:00
20260920T140330Z-gpu,electricity_hourly,T161,timesfm25,tsfm,168,24,120021,86.01901753743489,111.71451218314482,0.3435130903627561,8.220993406492061,121.50502200006486,11.94287109375,,231289280,true,dcb2c10e4ac97b1d1289825869826fdec84593f7,6ac98672d6a5ec3f,true,2026-09-20T14:13:31+00:00
20260920T140330Z-gpu,electricity_hourly,T161,chronos_bolt,tsfm,168,24,120000,61.43595631917318,77.36757909769213,1.0205072914939368,5.7664827593544885,31.61299700013842,1.0751953125,,205292928,true,dcb2c10e4ac97b1d1289825869826fdec84593f7,6ac98672d6a5ec3f,true,2026-09-20T14:13:36+00:00
20260920T140330Z-gpu,electricity_hourly,T161,chronos_bolt,tsfm,168,24,120001,100.66822814941406,208.71850172199657,1.6735424675035355,7.2351032586608115,34.42139399999178,1.0751953125,,205292928,true,dcb2c10e4ac97b1d1289825869826fdec84593f7,6ac98672d6a5ec3f,true,2026-09-20T14:13:36+00:00
20260920T140330Z-gpu,electricity_hourly,T161,chronos_bolt,tsfm,168,24,120002,108.52239990234375,130.1055419500869,1.1453551440880607,8.774395010665593,36.74199200008843,1.0751953125,,205292928,true,dcb2c10e4ac97b1d1289825869826fdec84593f7,6ac98672d6a5ec3f,true,2026-09-20T14:13:36+00:00
20260920T140330Z-gpu,electricity_hourly,T161,chronos_bolt,tsfm,168,24,120003,38.12040710449219,49.4875885103377,0.5534165362482988,3.2315971959516703,49.35467099994639,1.0751953125,,205292928,true,dcb2c10e4ac97b1d1289825869826fdec84593f7,6ac98672d6a5ec3f,true,2026-09-20T14:13:36+00:00
20260920T140330Z-gpu,electricity_hourly,T161,chronos_bolt,tsfm,168,24,120004,59.128519694010414,79.56639057793609,0.7409073125598242,4.483900649947102,35.706144999949174,1.0751953125,,205292928,true,dcb2c10e4ac97b1d1289825869826fdec84593f7,6ac98672d6a5ec3f,true,2026-09-20T14:13:36+00:00
20260920T140330Z-gpu,electricity_hourly,T161,chronos_bolt,tsfm,168,24,120005,39.11849721272787,54.674656743452125,0.5321741708675307,3.0216358719912244,36.354710000068735,1.0751953125,,205292928,true,dcb2c10e4ac97b1d1289825869826fdec84593f7,6ac98672d6a5ec3f,true,2026-09-20T14:13:36+00:00
20260920T140330Z-gpu,electricity_hourly,T161,chronos_bolt,tsfm,168,24,120006,101.99446105957031,137.1413546295025,0.9666448856507914,6.299655622140428,35.16908400001739,1.0751953125,,205292928,true,dcb2c10e4ac97b1d1289825869826fdec84593f7,6ac98672d6a5ec3f,true,2026-09-20T14:13:36+00:00
20260920T140330Z-gpu,electricity_hourly,T161,chronos_bolt,tsfm,168,24,120007,53.27160135904948,64.85978128029586,0.6636482910029523,3.7816638006724954,33.325594000189085,1.0751953125,,205292928,true,dcb2c10e4ac97b1d1289825869826fdec84593f7,6ac98672d6a5ec3f,true,2026-09-20T14:13:36+00:00
20260920T140330Z-gpu,electricity_hourly,T161,chronos_bolt,tsfm,168,24,120008,36.88908386230469,53.10833337086724,0.46179501661930583,3.1523204787971126,36.403977999952986,1.0751953125,,205292928,true,dcb2c10e4ac97b1d1289825869826fdec84593f7,6ac98672d6a5ec3f,true,2026-09-20T14:13:36+00:00
20260920T140330Z-gpu,electricity_hourly,T161,chronos_bolt,tsfm,168,24,120009,318.3957748413086,409.0520146311409,3.640542446970656,19.83692579967266,36.64480099996581,1.0751953125,,205292928,true,dcb2c10e4ac97b1d1289825869826fdec84593f7,6ac98672d6a5ec3f,true,2026-09-20T14:13:36+00:00
20260920T140330Z-gpu,electricity_hourly,T161,chronos_bolt,tsfm,168,24,120010,144.39127349853516,185.89800965080582,1.1112363520810786,10.08445258673863,35.90293299998848,1.0751953125,,205292928,true,dcb2c10e4ac97b1d1289825869826fdec84593f7,6ac98672d6a5ec3f,true,2026-09-20T14:13:36+00:00
20260920T140330Z-gpu,electricity_hourly,T161,chronos_bolt,tsfm,168,24,120011,76.73119862874348,96.39073957462377,0.6503792219988852,6.50384161565263,36.021832999949766,1.0751953125,,205292928,true,dcb2c10e4ac97b1d1289825869826fdec84593f7,6ac98672d6a5ec3f,true,2026-09-20T14:13:36+00:00
20260920T140330Z-gpu,electricity_hourly,T161,chronos_bolt,tsfm,168,24,120012,30.358139038085938,39.63734518159567,0.5781737893776452,2.5828428660916547,32.14222199994765,1.0751953125,,205292928,true,dcb2c10e4ac97b1d1289825869826fdec84593f7,6ac98672d6a5ec3f,true,2026-09-20T14:13:36+00:00
20260920T140330Z-gpu,electricity_hourly,T161,chronos_bolt,tsfm,168,24,120013,61.71338907877604,73.16781248198124,0.7335915492276498,5.626627456949889,35.704499999837935,1.0751953125,,205292928,true,dcb2c10e4ac97b1d1289825869826fdec84593f7,6ac98672d6a5ec3f,true,2026-09-20T14:13:36+00:00
20260920T140330Z-gpu,electricity_hourly,T161,chronos_bolt,tsfm,168,24,120014,149.2730255126953,174.60914384134207,2.087531870819474,12.19377451156877,36.51512999999795,1.0751953125,,205292928,true,dcb2c10e4ac97b1d1289825869826fdec84593f7,6ac98672d6a5ec3f,true,2026-09-20T14:13:36+00:00
20260920T140330Z-gpu,electricity_hourly,T161,chronos_bolt,tsfm,168,24,120015,32.62085978190104,37.97851967810745,0.4402852946474599,2.7732725627440344,34.151115999975445,1.0751953125,,205292928,true,dcb2c10e4ac97b1d1289825869826fdec84593f7,6ac98672d6a5ec3f,true,2026-09-20T14:13:36+00:00
20260920T140330Z-gpu,electricity_hourly,T161,chronos_bolt,tsfm,168,24,120016,70.00741831461589,86.50701731796464,1.023250937607053,7.9180647671442905,32.97149299987723,1.0751953125,,205292928,true,dcb2c10e4ac97b1d1289825869826fdec84593f7,6ac98672d6a5ec3f,true,2026-09-20T14:13:36+00:00
20260920T140330Z-gpu,electricity_hourly,T161,chronos_bolt,tsfm,168,24,120017,22.97364552815755,26.999178721257813,0.40816840913691393,2.0678578954892486,32.633197999984986,1.0751953125,,205292928,true,dcb2c10e4ac97b1d1289825869826fdec84593f7,6ac98672d6a5ec3f,true,2026-09-20T14:13:36+00:00
20260920T140330Z-gpu,electricity_hourly,T161,chronos_bolt,tsfm,168,24,120018,40.00326283772787,53.489579348423646,0.8722698135422188,4.0600790715982535,34.60580099999788,1.0751953125,,205292928,true,dcb2c10e4ac97b1d1289825869826fdec84593f7,6ac98672d6a5ec3f,true,2026-09-20T14:13:36+00:00
20260920T140330Z-gpu,electricity_hourly,T161,chronos_bolt,tsfm,168,24,120019,33.359352111816406,41.76265427497901,0.6216832799406707,3.3090668363875726,34.49871099996926,1.0751953125,,205292928,true,dcb2c10e4ac97b1d1289825869826fdec84593f7,6ac98672d6a5ec3f,true,2026-09-20T14:13:36+00:00
20260920T140330Z-gpu,electricity_hourly,T161,chronos_bolt,tsfm,168,24,120020,91.95735677083333,109.57316396856284,1.3191730797967722,9.793023506413112,32.95055900002808,1.0751953125,,205292928,true,dcb2c10e4ac97b1d1289825869826fdec84593f7,6ac98672d6a5ec3f,true,2026-09-20T14:13:36+00:00
20260920T140330Z-gpu,electricity_hourly,T161,chronos_bolt,tsfm,168,24,120021,89.48031870524089,108.61328482952057,0.3573356414086549,8.76613327767262,32.78733599995576,1.0751953125,,205292928,true,dcb2c10e4ac97b1d1289825869826fdec84593f7,6ac98672d6a5ec3f,true,2026-09-20T14:13:36+00:00
20260920T140330Z-gpu,electricity_hourly,T174,lstm,deep,168,24,130000,245.67027454317508,325.3490172456587,4.615934177220408,18.750598847068346,347.0557910000025,16.14599609375,0.33830241500004377,4513,false,dcb2c10e4ac97b1d1289825869826fdec84593f7,6ac98672d6a5ec3f,true,2026-09-20T14:13:49+00:00
20260920T140330Z-gpu,electricity_hourly,T174,lstm,deep,168,24,130001,1117.8952254970643,1265.309807210678,11.437893453998669,58.18492407546715,342.81053099994097,16.10986328125,0.333444370000052,4513,false,dcb2c10e4ac97b1d1289825869826fdec84593f7,6ac98672d6a5ec3f,true,2026-09-20T14:13:49+00:00
20260920T140330Z-gpu,electricity_hourly,T174,lstm,deep,168,24,130002,154.67991730152326,193.93242845380556,1.0887627378736606,9.438839633545793,349.4152609998764,16.10986328125,0.3404934249999769,4513,false,dcb2c10e4ac97b1d1289825869826fdec84593f7,6ac98672d6a5ec3f,true,2026-09-20T14:13:49+00:00
20260920T140330Z-gpu,electricity_hourly,T174,lstm,deep,168,24,130003,206.02872307805492,257.3673783631503,1.5775049781060195,11.73915039828507,346.13554000020486,16.10986328125,0.33628022799985047,4513,false,dcb2c10e4ac97b1d1289825869826fdec84593f7,6ac98672d6a5ec3f,true,2026-09-20T14:13:49+00:00
20260920T140330Z-gpu,electricity_hourly,T174,lstm,deep,168,24,130004,212.74098643100396,273.9252872569203,1.9327887726223705,12.152954016180999,337.6307360001647,16.10986328125,0.32852613299996847,4513,false,dcb2c10e4ac97b1d1289825869826fdec84593f7,6ac98672d6a5ec3f,true,2026-09-20T14:13:49+00:00
20260920T140330Z-gpu,electricity_hourly,T174,lstm,deep,168,24,130005,184.2704022927301,234.34466127137284,1.1608600021941173,10.953261439291772,329.8565249999683,16.10986328125,0.32078190499987613,4513,false,dcb2c10e4ac97b1d1289825869826fdec84593f7,6ac98672d6a5ec3f,true,2026-09-20T14:13:49+00:00
20260920T140330Z-gpu,electricity_hourly,T174,lstm,deep,168,24,130006,335.16356377071475,395.29486756223855,1.8070822668482447,16.747877609205876,329.6808489999421,16.10986328125,0.3203230120000171,4513,false,dcb2c10e4ac97b1d1289825869826fdec84593f7,6ac98672d6a5ec3f,true,2026-09-20T14:13:49+00:00
20260920T140330Z-gpu,electricity_hourly,T174,lstm,deep,168,24,130007,159.32747159043606,195.24335804820652,1.6521319153901342,9.417754700803235,326.36823200004983,16.10986328125,0.3172191930000281,4513,false,dcb2c10e4ac97b1d1289825869826fdec84593f7,6ac98672d6a5ec3f,true,2026-09-20T14:13:49+00:00
20260920T140330Z-gpu,electricity_hourly,T174,lstm,deep,168,24,130008,82.95153428785646,110.8707614765335,0.7815887546588582,4.410860310443733,331.4453190000677,16.10986328125,0.3224324440000146,4513,false,dcb2c10e4ac97b1d1289825869826fdec84593f7,6ac98672d6a5ec3f,true,2026-09-20T14:13:49+00:00
20260920T140330Z-gpu,electricity_hourly,T174,lstm,deep,168,24,130009,194.51765584392797,216.223427876191,1.6785846731902456,12.038244762042934,343.38989799994124,16.10986328125,0.33335248699995645,4513,false,dcb2c10e4ac97b1d1289825869826fdec84593f7,6ac98672d6a5ec3f,true,2026-09-20T14:13:49+00:00
20260920T140330Z-gpu,electricity_hourly,T174,lstm,deep,168,24,130010,259.7524338180776,324.30772271601506,2.61422633979614,17.103979698690964,351.69164500007355,16.10986328125,0.34290639400001055,4513,false,dcb2c10e4ac97b1d1289825869826fdec84593f7,6ac98672d6a5ec3f,true,2026-09-20T14:13:49+00:00
20260920T140330Z-gpu,electricity_hourly,T174,lstm,deep,168,24,130011,204.23687837421753,256.75329262022325,1.9128527145292569,13.969591952252555,339.7058890000153,16.10986328125,0.3302801460001774,4513,false,dcb2c10e4ac97b1d1289825869826fdec84593f7,6ac98672d6a5ec3f,true,2026-09-20T14:13:49+00:00
20260920T140330Z-gpu,electricity_hourly,T174,lstm,deep,168,24,130012,372.8287087930915,467.7952047785543,5.890644510226594,26.99953140574288,334.0240699999413,16.10986328125,0.3253003480001553,4513,false,dcb2c10e4ac97b1d1289825869826fdec84593f7,6ac98672d6a5ec3f,true,2026-09-20T14:13:49+00:00
20260920T140330Z-gpu,electricity_hourly,T174,lstm,deep,168,24,130013,101.60492066325712,114.1992311758381,1.1255564716908244,7.8968901186011475,344.16053300014937,16.10986328125,0.33496740800001135,4513,false,dcb2c10e4ac97b1d1289825869826fdec84593f7,6ac98672d6a5ec3f,true,2026-09-20T14:13:49+00:00
20260920T140330Z-gpu,electricity_hourly,T174,lstm,deep,168,24,130014,171.54937874264792,237.49336482766313,2.6049889843869343,13.083444101904046,331.7359060001763,16.10986328125,0.3229290750000473,4513,false,dcb2c10e4ac97b1d1289825869826fdec84593f7,6ac98672d6a5ec3f,true,2026-09-20T14:13:49+00:00
20260920T140330Z-gpu,electricity_hourly,T174,lstm,deep,168,24,130015,251.6738392288436,307.66830966446093,2.7894883658369363,19.170981616858107,363.45156400011547,16.10986328125,0.3543023390000144,4513,false,dcb2c10e4ac97b1d1289825869826fdec84593f7,6ac98672d6a5ec3f,true,2026-09-20T14:13:49+00:00
20260920T140330Z-gpu,electricity_hourly,T174,lstm,deep,168,24,130016,189.63721930172645,284.4448715078302,2.896453073764171,17.130190279259647,359.80888899985075,16.10986328125,0.3504686420001235,4513,false,dcb2c10e4ac97b1d1289825869826fdec84593f7,6ac98672d6a5ec3f,true,2026-09-20T14:13:49+00:00
20260920T140330Z-gpu,electricity_hourly,T174,lstm,deep,168,24,130017,158.37044610989355,232.58507051977648,1.8628773272197903,12.976864731868206,354.5527789999596,16.10986328125,0.3452760089999174,4513,false,dcb2c10e4ac97b1d1289825869826fdec84593f7,6ac98672d6a5ec3f,true,2026-09-20T14:13:49+00:00
20260920T140330Z-gpu,electricity_hourly,T174,lstm,deep,168,24,130018,133.14610072561842,167.4728832147338,2.726541311787408,10.386762752290297,373.8791929999934,16.10986328125,0.36470792099999017,4513,false,dcb2c10e4ac97b1d1289825869826fdec84593f7,6ac98672d6a5ec3f,true,2026-09-20T14:13:49+00:00
20260920T140330Z-gpu,electricity_hourly,T174,lstm,deep,168,24,130019,165.7736914752552,219.2425616727345,3.5370294224976657,15.099593986136977,347.2376270001405,16.10986328125,0.3384395489999861,4513,false,dcb2c10e4ac97b1d1289825869826fdec84593f7,6ac98672d6a5ec3f,true,2026-09-20T14:13:49+00:00
20260920T140330Z-gpu,electricity_hourly,T174,lstm,deep,168,24,130020,147.20860804837022,204.49360807163654,2.651743752685178,12.579185656029065,348.7230409998574,16.10986328125,0.3379655180001464,4513,false,dcb2c10e4ac97b1d1289825869826fdec84593f7,6ac98672d6a5ec3f,true,2026-09-20T14:13:49+00:00
20260920T140330Z-gpu,electricity_hourly,T174,lstm,deep,168,24,130021,342.8777190865506,421.0593297247072,1.1974484405321777,28.027460645389397,337.03989200012074,16.10986328125,0.32836794099989675,4513,false,dcb2c10e4ac97b1d1289825869826fdec84593f7,6ac98672d6a5ec3f,true,2026-09-20T14:13:49+00:00
20260920T140330Z-gpu,electricity_hourly,T174,transformer,deep,168,24,130000,75.86197183514889,89.3089082125503,1.4253815167355741,5.821847299145919,576.8838070000584,10.6845703125,0.5758079429999725,19232,false,dcb2c10e4ac97b1d1289825869826fdec84593f7,6ac98672d6a5ec3f,true,2026-09-20T14:14:07+00:00
20260920T140330Z-gpu,electricity_hourly,T174,transformer,deep,168,24,130001,740.7405716326822,835.4969974474645,7.578985527576115,39.30840930651524,603.2037909999417,10.525390625,0.6019816769999125,19232,false,dcb2c10e4ac97b1d1289825869826fdec84593f7,6ac98672d6a5ec3f,true,2026-09-20T14:14:07+00:00
20260920T140330Z-gpu,electricity_hourly,T174,transformer,deep,168,24,130002,124.70739315699444,150.0804516284695,0.8777917985437089,8.052995761484198,593.9322199999424,10.525390625,0.5928555890000098,19232,false,dcb2c10e4ac97b1d1289825869826fdec84593f7,6ac98672d6a5ec3f,true,2026-09-20T14:14:07+00:00
20260920T140330Z-gpu,electricity_hourly,T174,transformer,deep,168,24,130003,159.78394304583279,202.31140409945738,1.2234214812888777,9.224606213411795,640.1285100000678,10.525390625,0.6389488690001599,19232,false,dcb2c10e4ac97b1d1289825869826fdec84593f7,6ac98672d6a5ec3f,true,2026-09-20T14:14:07+00:00
20260920T140330Z-gpu,electricity_hourly,T174,transformer,deep,168,24,130004,164.14061284808682,219.4164507195829,1.4912459463800947,8.810491551506116,636.9241410000086,10.525390625,0.6357268959998237,19232,false,dcb2c10e4ac97b1d1289825869826fdec84593f7,6ac98672d6a5ec3f,true,2026-09-20T14:14:07+00:00
20260920T140330Z-gpu,electricity_hourly,T174,transformer,deep,168,24,130005,267.4794474899238,329.8843170799096,1.6850573295366624,14.208956411789872,611.1858920000941,10.525390625,0.6098824759999388,19232,false,dcb2c10e4ac97b1d1289825869826fdec84593f7,6ac98672d6a5ec3f,true,2026-09-20T14:14:07+00:00
20260920T140330Z-gpu,electricity_hourly,T174,transformer,deep,168,24,130006,404.3317016989832,466.80608620454313,2.180012170310528,22.35504791770707,613.521738000145,10.525390625,0.6122621050001271,19232,false,dcb2c10e4ac97b1d1289825869826fdec84593f7,6ac98672d6a5ec3f,true,2026-09-20T14:14:07+00:00
20260920T140330Z-gpu,electricity_hourly,T174,transformer,deep,168,24,130007,160.24768070045292,179.79864978361854,1.6616739411582935,9.721859320075605,630.676891000121,10.525390625,0.6294494329999907,19232,false,dcb2c10e4ac97b1d1289825869826fdec84593f7,6ac98672d6a5ec3f,true,2026-09-20T14:14:07+00:00
20260920T140330Z-gpu,electricity_hourly,T174,transformer,deep,168,24,130008,133.8973524888993,162.56046923925305,1.2616121676635148,7.272444855773301,635.341027000095,10.525390625,0.634136183999999,19232,false,dcb2c10e4ac97b1d1289825869826fdec84593f7,6ac98672d6a5ec3f,true,2026-09-20T14:14:07+00:00
20260920T140330Z-gpu,electricity_hourly,T174,transformer,deep,168,24,130009,302.7158443322102,345.79759651461904,2.6122779159728093,17.35644392426449,625.4581400000916,10.525390625,0.6241857049999453,19232,false,dcb2c10e4ac97b1d1289825869826fdec84593f7,6ac98672d6a5ec3f,true,2026-09-20T14:14:07+00:00
20260920T140330Z-gpu,electricity_hourly,T174,transformer,deep,168,24,130010,111.16734957170115,145.8438633340761,1.1188215221082587,6.7298132710090925,628.6351230000946,10.525390625,0.6268367029999808,19232,false,dcb2c10e4ac97b1d1289825869826fdec84593f7,6ac98672d6a5ec3f,true,2026-09-20T14:14:07+00:00
20260920T140330Z-gpu,electricity_hourly,T174,transformer,deep,168,24,130011,102.30525359318108,150.49051372088894,0.9581760336532081,6.856196933350947,611.8484589999298,10.525390625,0.6106449519998023,19232,false,dcb2c10e4ac97b1d1289825869826fdec84593f7,6ac98672d6a5ec3f,true,2026-09-20T14:14:07+00:00
20260920T140330Z-gpu,electricity_hourly,T174,transformer,deep,168,24,130012,104.08693262601662,135.3925637586233,1.6445598308258058,7.152913586018088,618.1098669999301,10.525390625,0.6169062940000458,19232,false,dcb2c10e4ac97b1d1289825869826fdec84593f7,6ac98672d6a5ec3f,true,2026-09-20T14:14:07+00:00
20260920T140330Z-gpu,electricity_hourly,T174,transformer,deep,168,24,130013,101.12827594721166,144.15899171881384,1.1202763086697807,8.941439003389469,621.0687089999283,10.525390625,0.6198631710001337,19232,false,dcb2c10e4ac97b1d1289825869826fdec84593f7,6ac98672d6a5ec3f,true,2026-09-20T14:14:07+00:00
20260920T140330Z-gpu,electricity_hourly,T174,transformer,deep,168,24,130014,118.14336499147629,151.55487197922034,1.794015033087903,9.40026014710658,612.7864860000045,10.525390625,0.611654843999986,19232,false,dcb2c10e4ac97b1d1289825869826fdec84593f7,6ac98672d6a5ec3f,true,2026-09-20T14:14:07+00:00
20260920T140330Z-gpu,electricity_hourly,T174,transformer,deep,168,24,130015,96.81759606635048,130.4526932266576,1.0731014342329486,8.221300374832035,655.7053310000356,10.525390625,0.6546355479999875,19232,false,dcb2c10e4ac97b1d1289825869826fdec84593f7,6ac98672d6a5ec3f,true,2026-09-20T14:14:07+00:00
20260920T140330Z-gpu,electricity_hourly,T174,transformer,deep,168,24,130016,113.39333438263253,177.5377805271468,1.7319304360520877,11.330954375124112,609.159795999858,10.525390625,0.607982500000162,19232,false,dcb2c10e4ac97b1d1289825869826fdec84593f7,6ac98672d6a5ec3f,true,2026-09-20T14:14:07+00:00
20260920T140330Z-gpu,electricity_hourly,T174,transformer,deep,168,24,130017,94.80155700639163,113.38721114881152,1.1151302245483088,7.1041075010055295,638.1420540001272,10.525390625,0.6369601609999336,19232,false,dcb2c10e4ac97b1d1289825869826fdec84593f7,6ac98672d6a5ec3f,true,2026-09-20T14:14:07+00:00
20260920T140330Z-gpu,electricity_hourly,T174,transformer,deep,168,24,130018,85.17492175706711,104.05729815114003,1.7441963499740705,6.89351197297058,589.2446860000291,10.525390625,0.5881884140001148,19232,false,dcb2c10e4ac97b1d1289825869826fdec84593f7,6ac98672d6a5ec3f,true,2026-09-20T14:14:07+00:00
20260920T140330Z-gpu,electricity_hourly,T174,transformer,deep,168,24,130019,54.09853961702785,72.94720357413958,1.1542731819309544,4.68216446368964,598.9832210000259,10.525390625,0.5978235610000411,19232,false,dcb2c10e4ac97b1d1289825869826fdec84593f7,6ac98672d6a5ec3f,true,2026-09-20T14:14:07+00:00
20260920T140330Z-gpu,electricity_hourly,T174,transformer,deep,168,24,130020,78.74121461583344,118.5264988793098,1.4184056673355037,6.497492000006239,601.0686390000046,10.525390625,0.5998623830000724,19232,false,dcb2c10e4ac97b1d1289825869826fdec84593f7,6ac98672d6a5ec3f,true,2026-09-20T14:14:07+00:00
20260920T140330Z-gpu,electricity_hourly,T174,transformer,deep,168,24,130021,83.66206095178578,96.40275351123019,0.2921770615055211,6.871059052320863,591.5564819999872,10.525390625,0.590375172999984,19232,false,dcb2c10e4ac97b1d1289825869826fdec84593f7,6ac98672d6a5ec3f,true,2026-09-20T14:14:07+00:00
20260920T140330Z-gpu,electricity_hourly,T174,timesfm25,tsfm,168,24,130000,60.60439809163412,78.4011035826175,1.1387047658135847,4.643108514679537,121.09999299991614,11.94287109375,,231289280,true,dcb2c10e4ac97b1d1289825869826fdec84593f7,6ac98672d6a5ec3f,true,2026-09-20T14:14:14+00:00
20260920T140330Z-gpu,electricity_hourly,T174,timesfm25,tsfm,168,24,130001,437.3450978597005,622.2136143529834,4.47475444733529,19.629073288492283,122.53943999985495,11.94287109375,,231289280,true,dcb2c10e4ac97b1d1289825869826fdec84593f7,6ac98672d6a5ec3f,true,2026-09-20T14:14:14+00:00
20260920T140330Z-gpu,electricity_hourly,T174,timesfm25,tsfm,168,24,130002,110.84950256347656,143.1586942883996,0.7802487227070399,6.479179998570599,117.41047499981505,11.94287109375,,231289280,true,dcb2c10e4ac97b1d1289825869826fdec84593f7,6ac98672d6a5ec3f,true,2026-09-20T14:14:14+00:00
20260920T140330Z-gpu,electricity_hourly,T174,timesfm25,tsfm,168,24,130003,113.42951202392578,154.82363620919165,0.8684984171555971,6.41943927382505,119.11171599990666,11.94287109375,,231289280,true,dcb2c10e4ac97b1d1289825869826fdec84593f7,6ac98672d6a5ec3f,true,2026-09-20T14:14:14+00:00
20260920T140330Z-gpu,electricity_hourly,T174,timesfm25,tsfm,168,24,130004,136.56572469075522,200.27143916731683,1.2407233031841485,7.006265459611302,122.43217099990034,11.94287109375,,231289280,true,dcb2c10e4ac97b1d1289825869826fdec84593f7,6ac98672d6a5ec3f,true,2026-09-20T14:14:14+00:00
20260920T140330Z-gpu,electricity_hourly,T174,timesfm25,tsfm,168,24,130005,125.20974222819011,153.39488709443273,0.7887917963452348,6.648421611962287,123.45961899995928,11.94287109375,,231289280,true,dcb2c10e4ac97b1d1289825869826fdec84593f7,6ac98672d6a5ec3f,true,2026-09-20T14:14:14+00:00
20260920T140330Z-gpu,electricity_hourly,T174,timesfm25,tsfm,168,24,130006,192.70148213704428,245.80239534894906,1.038977588278208,9.473079644317096,118.65731900002174,11.94287109375,,231289280,true,dcb2c10e4ac97b1d1289825869826fdec84593f7,6ac98672d6a5ec3f,true,2026-09-20T14:14:14+00:00
20260920T140330Z-gpu,electricity_hourly,T174,timesfm25,tsfm,168,24,130007,130.66988372802734,173.7602241581112,1.3549696303619168,6.900740396371609,119.99292499990588,11.94287109375,,231289280,true,dcb2c10e4ac97b1d1289825869826fdec84593f7,6ac98672d6a5ec3f,true,2026-09-20T14:14:14+00:00
20260920T140330Z-gpu,electricity_hourly,T174,timesfm25,tsfm,168,24,130008,66.71470896402995,85.6661120311515,0.628601589401316,4.3448181565169675,124.95491200002107,11.94287109375,,231289280,true,dcb2c10e4ac97b1d1289825869826fdec84593f7,6ac98672d6a5ec3f,true,2026-09-20T14:14:14+00:00
20260920T140330Z-gpu,electricity_hourly,T174,timesfm25,tsfm,168,24,130009,114.18628946940105,154.50474040102904,0.9853673927964134,7.297944498093145,118.19012599994494,11.94287109375,,231289280,true,dcb2c10e4ac97b1d1289825869826fdec84593f7,6ac98672d6a5ec3f,true,2026-09-20T14:14:14+00:00
20260920T140330Z-gpu,electricity_hourly,T174,timesfm25,tsfm,168,24,130010,73.96858723958333,100.86458235448211,0.7444420298084987,3.882353051356793,119.27758600018024,11.94287109375,,231289280,true,dcb2c10e4ac97b1d1289825869826fdec84593f7,6ac98672d6a5ec3f,true,2026-09-20T14:14:14+00:00
20260920T140330Z-gpu,electricity_hourly,T174,timesfm25,tsfm,168,24,130011,55.9067637125651,67.29669919834318,0.5236145674542683,4.24575831069357,122.11773099988932,11.94287109375,,231289280,true,dcb2c10e4ac97b1d1289825869826fdec84593f7,6ac98672d6a5ec3f,true,2026-09-20T14:14:14+00:00
20260920T140330Z-gpu,electricity_hourly,T174,timesfm25,tsfm,168,24,130012,54.79749552408854,78.65970502747126,0.8657932143371462,3.441950069887211,117.53522799995153,11.94287109375,,231289280,true,dcb2c10e4ac97b1d1289825869826fdec84593f7,6ac98672d6a5ec3f,true,2026-09-20T14:14:14+00:00
20260920T140330Z-gpu,electricity_hourly,T174,timesfm25,tsfm,168,24,130013,40.337023417154946,48.88999674538863,0.4468444781960391,3.3234828835064643,120.96726499999022,11.94287109375,,231289280,true,dcb2c10e4ac97b1d1289825869826fdec84593f7,6ac98672d6a5ec3f,true,2026-09-20T14:14:14+00:00
20260920T140330Z-gpu,electricity_hourly,T174,timesfm25,tsfm,168,24,130014,121.65331013997395,150.644892433757,1.8473137889018505,9.72101749972648,115.74719500003994,11.94287109375,,231289280,true,dcb2c10e4ac97b1d1289825869826fdec84593f7,6ac98672d6a5ec3f,true,2026-09-20T14:14:14+00:00
20260920T140330Z-gpu,electricity_hourly,T174,timesfm25,tsfm,168,24,130015,31.170679728190105,40.906958591126056,0.345487829499644,2.721533986720834,143.32747899993592,11.94287109375,,231289280,true,dcb2c10e4ac97b1d1289825869826fdec84593f7,6ac98672d6a5ec3f,true,2026-09-20T14:14:14+00:00
20260920T140330Z-gpu,electricity_hourly,T174,timesfm25,tsfm,168,24,130016,82.52822875976562,127.05856321828256,1.2605075245445745,8.890062403602213,118.0218980000518,11.94287109375,,231289280,true,dcb2c10e4ac97b1d1289825869826fdec84593f7,6ac98672d6a5ec3f,true,2026-09-20T14:14:14+00:00
20260920T140330Z-gpu,electricity_hourly,T174,timesfm25,tsfm,168,24,130017,39.508087158203125,47.39232542326738,0.4647250899184161,3.1532562853935997,115.05989399984173,11.94287109375,,231289280,true,dcb2c10e4ac97b1d1289825869826fdec84593f7,6ac98672d6a5ec3f,true,2026-09-20T14:14:14+00:00
20260920T140330Z-gpu,electricity_hourly,T174,timesfm25,tsfm,168,24,130018,52.55048370361328,64.02683219699034,1.076119120210511,4.246836420382531,122.56741599981069,11.94287109375,,231289280,true,dcb2c10e4ac97b1d1289825869826fdec84593f7,6ac98672d6a5ec3f,true,2026-09-20T14:14:14+00:00
20260920T140330Z-gpu,electricity_hourly,T174,timesfm25,tsfm,168,24,130019,22.69849904378255,27.147497392035625,0.4843063953629704,1.9433443348692532,118.53801999995994,11.94287109375,,231289280,true,dcb2c10e4ac97b1d1289825869826fdec84593f7,6ac98672d6a5ec3f,true,2026-09-20T14:14:14+00:00
20260920T140330Z-gpu,electricity_hourly,T174,timesfm25,tsfm,168,24,130020,53.113199869791664,85.08232719486297,0.956755164029272,4.421654959795451,118.00193499993838,11.94287109375,,231289280,true,dcb2c10e4ac97b1d1289825869826fdec84593f7,6ac98672d6a5ec3f,true,2026-09-20T14:14:14+00:00
20260920T140330Z-gpu,electricity_hourly,T174,timesfm25,tsfm,168,24,130021,41.12964884440104,48.235167642489664,0.1436390617610591,3.5015735966058634,121.44069400005719,11.94287109375,,231289280,true,dcb2c10e4ac97b1d1289825869826fdec84593f7,6ac98672d6a5ec3f,true,2026-09-20T14:14:14+00:00
20260920T140330Z-gpu,electricity_hourly,T174,chronos_bolt,tsfm,168,24,130000,81.47937774658203,100.69494077877734,1.5309277655933993,5.165226775471816,34.58897099994829,1.0751953125,,205292928,true,dcb2c10e4ac97b1d1289825869826fdec84593f7,6ac98672d6a5ec3f,true,2026-09-20T14:14:19+00:00
20260920T140330Z-gpu,electricity_hourly,T174,chronos_bolt,tsfm,168,24,130001,339.4915720621745,449.2327806001041,3.4735531033787925,16.59242746823364,36.16985999997269,1.0751953125,,205292928,true,dcb2c10e4ac97b1d1289825869826fdec84593f7,6ac98672d6a5ec3f,true,2026-09-20T14:14:19+00:00
20260920T140330Z-gpu,electricity_hourly,T174,chronos_bolt,tsfm,168,24,130002,96.6743647257487,138.35124617206952,0.680472603407362,5.730153846065702,32.51285500004997,1.0751953125,,205292928,true,dcb2c10e4ac97b1d1289825869826fdec84593f7,6ac98672d6a5ec3f,true,2026-09-20T14:14:19+00:00
20260920T140330Z-gpu,electricity_hourly,T174,chronos_bolt,tsfm,168,24,130003,116.99936930338542,167.9249062004669,0.895831827494417,6.663351908475891,33.88217799988524,1.0751953125,,205292928,true,dcb2c10e4ac97b1d1289825869826fdec84593f7,6ac98672d6a5ec3f,true,2026-09-20T14:14:19+00:00
20260920T140330Z-gpu,electricity_hourly,T174,chronos_bolt,tsfm,168,24,130004,111.5057881673177,166.19054730000562,1.013049431930205,5.679346244052291,35.249442000122144,1.0751953125,,205292928,true,dcb2c10e4ac97b1d1289825869826fdec84593f7,6ac98672d6a5ec3f,true,2026-09-20T14:14:19+00:00
20260920T140330Z-gpu,electricity_hourly,T174,chronos_bolt,tsfm,168,24,130005,116.01981099446614,146.7795789660635,0.7308974006126137,6.18645715458088,34.80919899993751,1.0751953125,,205292928,true,dcb2c10e4ac97b1d1289825869826fdec84593f7,6ac98672d6a5ec3f,true,2026-09-20T14:14:19+00:00
20260920T140330Z-gpu,electricity_hourly,T174,chronos_bolt,tsfm,168,24,130006,176.34863789876303,241.21985018486203,0.950808890872468,8.204640541947882,32.80264099998931,1.0751953125,,205292928,true,dcb2c10e4ac97b1d1289825869826fdec84593f7,6ac98672d6a5ec3f,true,2026-09-20T14:14:19+00:00
20260920T140330Z-gpu,electricity_hourly,T174,chronos_bolt,tsfm,168,24,130007,115.82079060872395,143.57158502806223,1.200993292118978,6.292605619481457,33.09492800008229,1.0751953125,,205292928,true,dcb2c10e4ac97b1d1289825869826fdec84593f7,6ac98672d6a5ec3f,true,2026-09-20T14:14:19+00:00
20260920T140330Z-gpu,electricity_hourly,T174,chronos_bolt,tsfm,168,24,130008,53.270161946614586,72.68914625697377,0.5019239233339332,3.0030133125288865,33.92388299994309,1.0751953125,,205292928,true,dcb2c10e4ac97b1d1289825869826fdec84593f7,6ac98672d6a5ec3f,true,2026-09-20T14:14:19+00:00
20260920T140330Z-gpu,electricity_hourly,T174,chronos_bolt,tsfm,168,24,130009,116.1273193359375,152.24564846920342,1.002117455766465,7.825604941336099,33.70650100009698,1.0751953125,,205292928,true,dcb2c10e4ac97b1d1289825869826fdec84593f7,6ac98672d6a5ec3f,true,2026-09-20T14:14:19+00:00
20260920T140330Z-gpu,electricity_hourly,T174,chronos_bolt,tsfm,168,24,130010,69.72134653727214,97.0927223709853,0.7016965265143408,3.7612051771945523,34.060749999980544,1.0751953125,,205292928,true,dcb2c10e4ac97b1d1289825869826fdec84593f7,6ac98672d6a5ec3f,true,2026-09-20T14:14:19+00:00
20260920T140330Z-gpu,electricity_hourly,T174,chronos_bolt,tsfm,168,24,130011,52.9255625406901,66.04627397969108,0.4956930735518293,3.711822803484389,32.494287999952576,1.0751953125,,205292928,true,dcb2c10e4ac97b1d1289825869826fdec84593f7,6ac98672d6a5ec3f,true,2026-09-20T14:14:19+00:00
20260920T140330Z-gpu,electricity_hourly,T174,chronos_bolt,tsfm,168,24,130012,54.20493825276693,73.46904646492408,0.8564308874696552,3.826846531465384,32.84490900000492,1.0751953125,,205292928,true,dcb2c10e4ac97b1d1289825869826fdec84593f7,6ac98672d6a5ec3f,true,2026-09-20T14:14:19+00:00
20260920T140330Z-gpu,electricity_hourly,T174,chronos_bolt,tsfm,168,24,130013,51.433451334635414,58.40483493302159,0.5697682123384491,4.016445972046716,33.16317700000582,1.0751953125,,205292928,true,dcb2c10e4ac97b1d1289825869826fdec84593f7,6ac98672d6a5ec3f,true,2026-09-20T14:14:19+00:00
20260920T140330Z-gpu,electricity_hourly,T174,chronos_bolt,tsfm,168,24,130014,111.19264221191406,143.99962814533671,1.6884678349167588,9.170705412477275,32.38571199995022,1.0751953125,,205292928,true,dcb2c10e4ac97b1d1289825869826fdec84593f7,6ac98672d6a5ec3f,true,2026-09-20T14:14:19+00:00
20260920T140330Z-gpu,electricity_hourly,T174,chronos_bolt,tsfm,168,24,130015,27.914095560709637,35.574940739080695,0.30939268478619053,2.3094304326463293,37.43627300013941,1.0751953125,,205292928,true,dcb2c10e4ac97b1d1289825869826fdec84593f7,6ac98672d6a5ec3f,true,2026-09-20T14:14:19+00:00
20260920T140330Z-gpu,electricity_hourly,T174,chronos_bolt,tsfm,168,24,130016,72.82492574055989,118.74240508980544,1.112302641773507,7.553369008362563,32.77197200009141,1.0751953125,,205292928,true,dcb2c10e4ac97b1d1289825869826fdec84593f7,6ac98672d6a5ec3f,true,2026-09-20T14:14:19+00:00
20260920T140330Z-gpu,electricity_hourly,T174,chronos_bolt,tsfm,168,24,130017,45.84361775716146,54.95760166206114,0.539248566985072,3.595695644768944,32.04997600005299,1.0751953125,,205292928,true,dcb2c10e4ac97b1d1289825869826fdec84593f7,6ac98672d6a5ec3f,true,2026-09-20T14:14:19+00:00
20260920T140330Z-gpu,electricity_hourly,T174,chronos_bolt,tsfm,168,24,130018,46.13116709391276,61.105477147515174,0.9446655377593056,3.516994317790414,32.26854199988338,1.0751953125,,205292928,true,dcb2c10e4ac97b1d1289825869826fdec84593f7,6ac98672d6a5ec3f,true,2026-09-20T14:14:19+00:00
20260920T140330Z-gpu,electricity_hourly,T174,chronos_bolt,tsfm,168,24,130019,27.027725219726562,32.783745199018554,0.5766769049697177,2.4058846418185076,36.77318099994409,1.0751953125,,205292928,true,dcb2c10e4ac97b1d1289825869826fdec84593f7,6ac98672d6a5ec3f,true,2026-09-20T14:14:19+00:00
20260920T140330Z-gpu,electricity_hourly,T174,chronos_bolt,tsfm,168,24,130020,46.30352528889974,84.69048231092206,0.8340890219666705,3.75607826268196,34.922317999871666,1.0751953125,,205292928,true,dcb2c10e4ac97b1d1289825869826fdec84593f7,6ac98672d6a5ec3f,true,2026-09-20T14:14:19+00:00
20260920T140330Z-gpu,electricity_hourly,T174,chronos_bolt,tsfm,168,24,130021,29.686236063639324,42.95986759338957,0.10367467788334739,2.9521161565658387,34.67638899996928,1.0751953125,,205292928,true,dcb2c10e4ac97b1d1289825869826fdec84593f7,6ac98672d6a5ec3f,true,2026-09-20T14:14:19+00:00
20260920T140330Z-gpu,electricity_hourly,T188,lstm,deep,168,24,140000,247.1302668303218,306.4595728358557,1.882996900553804,7.784662642947439,325.14355000012074,16.14599609375,0.3164160730000276,4513,false,dcb2c10e4ac97b1d1289825869826fdec84593f7,6ac98672d6a5ec3f,true,2026-09-20T14:14:31+00:00
20260920T140330Z-gpu,electricity_hourly,T188,lstm,deep,168,24,140001,307.45775346732654,362.98181759487557,1.5553808712206225,7.481672854863987,332.17180799988455,16.10986328125,0.32324420899999495,4513,false,dcb2c10e4ac97b1d1289825869826fdec84593f7,6ac98672d6a5ec3f,true,2026-09-20T14:14:31+00:00
20260920T140330Z-gpu,electricity_hourly,T188,lstm,deep,168,24,140002,164.88497949152278,179.75408709163207,0.9111065635755672,4.4678428239337205,337.8874550001001,16.10986328125,0.3288533339998594,4513,false,dcb2c10e4ac97b1d1289825869826fdec84593f7,6ac98672d6a5ec3f,true,2026-09-20T14:14:31+00:00
20260920T140330Z-gpu,electricity_hourly,T188,lstm,deep,168,24,140003,413.6615738928321,502.6498796567141,3.550108268703011,11.97388275708743,347.3897360001956,16.10986328125,0.3385318399998596,4513,false,dcb2c10e4ac97b1d1289825869826fdec84593f7,6ac98672d6a5ec3f,true,2026-09-20T14:14:31+00:00
20260920T140330Z-gpu,electricity_hourly,T188,lstm,deep,168,24,140004,304.3232833038285,459.9200883088129,1.359428986094779,9.159282659622765,333.6694350000471,16.10986328125,0.3243678669998644,4513,false,dcb2c10e4ac97b1d1289825869826fdec84593f7,6ac98672d6a5ec3f,true,2026-09-20T14:14:31+00:00
20260920T140330Z-gpu,electricity_hourly,T188,lstm,deep,168,24,140005,300.28934180249985,435.7672440731382,2.4963436796882563,8.66888919668236,333.0424490000041,16.10986328125,0.32409308299997974,4513,false,dcb2c10e4ac97b1d1289825869826fdec84593f7,6ac98672d6a5ec3f,true,2026-09-20T14:14:31+00:00
20260920T140330Z-gpu,electricity_hourly,T188,lstm,deep,168,24,140006,117.4622036911061,144.53403218451885,0.7281028509973432,3.2181120759547435,330.8431360001123,16.10986328125,0.32250343400005477,4513,false,dcb2c10e4ac97b1d1289825869826fdec84593f7,6ac98672d6a5ec3f,true,2026-09-20T14:14:31+00:00
20260920T140330Z-gpu,electricity_hourly,T188,lstm,deep,168,24,140007,283.4340989888819,357.86528535318905,2.1902071507592695,7.493696682079892,317.6956170000267,16.10986328125,0.30893359900005635,4513,false,dcb2c10e4ac97b1d1289825869826fdec84593f7,6ac98672d6a5ec3f,true,2026-09-20T14:14:31+00:00
20260920T140330Z-gpu,electricity_hourly,T188,lstm,deep,168,24,140008,437.00606129052267,623.3587103692989,3.059106160412001,12.216286876613768,328.7667090000923,16.10986328125,0.31932268599985036,4513,false,dcb2c10e4ac97b1d1289825869826fdec84593f7,6ac98672d6a5ec3f,true,2026-09-20T14:14:31+00:00
20260920T140330Z-gpu,electricity_hourly,T188,lstm,deep,168,24,140009,243.99908320451289,351.8478688093694,1.2236493689994379,7.123696953464294,362.8237049999825,16.10986328125,0.35345972100003564,4513,false,dcb2c10e4ac97b1d1289825869826fdec84593f7,6ac98672d6a5ec3f,true,2026-09-20T14:14:31+00:00
20260920T140330Z-gpu,electricity_hourly,T188,lstm,deep,168,24,140010,153.2031427489481,205.3559805349083,1.1679417944755426,4.383285719133117,338.83708999997,16.10986328125,0.3294729499998539,4513,false,dcb2c10e4ac97b1d1289825869826fdec84593f7,6ac98672d6a5ec3f,true,2026-09-20T14:14:31+00:00
20260920T140330Z-gpu,electricity_hourly,T188,lstm,deep,168,24,140011,143.59901313379308,186.74664581427876,1.0715788926395917,4.2757312558727945,322.0904969998628,16.10986328125,0.3128757140000289,4513,false,dcb2c10e4ac97b1d1289825869826fdec84593f7,6ac98672d6a5ec3f,true,2026-09-20T14:14:31+00:00
20260920T140330Z-gpu,electricity_hourly,T188,lstm,deep,168,24,140012,278.93639369351075,401.26922322396445,2.3255465893854534,7.912714619345795,344.2420270000639,16.10986328125,0.33501810800021303,4513,false,dcb2c10e4ac97b1d1289825869826fdec84593f7,6ac98672d6a5ec3f,true,2026-09-20T14:14:31+00:00
20260920T140330Z-gpu,electricity_hourly,T188,lstm,deep,168,24,140013,689.6544853677063,959.0931037554532,3.915555963133293,19.85226104885246,329.03400500003954,16.10986328125,0.31979857700002867,4513,false,dcb2c10e4ac97b1d1289825869826fdec84593f7,6ac98672d6a5ec3f,true,2026-09-20T14:14:31+00:00
20260920T140330Z-gpu,electricity_hourly,T188,lstm,deep,168,24,140014,120.85127363446202,163.95924843932102,0.8056751575630802,3.38106973508333,335.4553159999796,16.10986328125,0.32591461500010155,4513,false,dcb2c10e4ac97b1d1289825869826fdec84593f7,6ac98672d6a5ec3f,true,2026-09-20T14:14:31+00:00
20260920T140330Z-gpu,electricity_hourly,T188,lstm,deep,168,24,140015,201.9096907378201,281.9774911895519,0.9836258150223652,5.542278837518257,325.99273599998924,16.10986328125,0.31709965999993983,4513,false,dcb2c10e4ac97b1d1289825869826fdec84593f7,6ac98672d6a5ec3f,true,2026-09-20T14:14:31+00:00
20260920T140330Z-gpu,electricity_hourly,T188,lstm,deep,168,24,140016,305.55928103468324,434.5765919323889,2.025807388075248,8.248670541383296,335.4358939998292,16.10986328125,0.3268457059998582,4513,false,dcb2c10e4ac97b1d1289825869826fdec84593f7,6ac98672d6a5ec3f,true,2026-09-20T14:14:31+00:00
20260920T140330Z-gpu,electricity_hourly,T188,lstm,deep,168,24,140017,216.76251673712753,288.60820883172977,1.2835150462661442,5.792867032951898,337.7971620000153,16.10986328125,0.3287138559999221,4513,false,dcb2c10e4ac97b1d1289825869826fdec84593f7,6ac98672d6a5ec3f,true,2026-09-20T14:14:31+00:00
20260920T140330Z-gpu,electricity_hourly,T188,lstm,deep,168,24,140018,353.1810787629347,439.7908300476615,2.823409501019408,10.755654373179711,374.89082100000815,16.10986328125,0.36516173500012883,4513,false,dcb2c10e4ac97b1d1289825869826fdec84593f7,6ac98672d6a5ec3f,true,2026-09-20T14:14:31+00:00
20260920T140330Z-gpu,electricity_hourly,T188,lstm,deep,168,24,140019,233.49155002470135,377.857739293629,1.4207210007418658,6.5259047918322235,347.86057799988157,16.10986328125,0.3389274450000812,4513,false,dcb2c10e4ac97b1d1289825869826fdec84593f7,6ac98672d6a5ec3f,true,2026-09-20T14:14:31+00:00
20260920T140330Z-gpu,electricity_hourly,T188,lstm,deep,168,24,140020,141.21221140976962,191.30287807949276,0.8528165762039434,3.753264806682578,334.6413719998509,16.10986328125,0.325730164000106,4513,false,dcb2c10e4ac97b1d1289825869826fdec84593f7,6ac98672d6a5ec3f,true,2026-09-20T14:14:31+00:00
20260920T140330Z-gpu,electricity_hourly,T188,lstm,deep,168,24,140021,320.9165172426041,384.82637007396835,0.22158810870795348,9.202431432666176,334.47166500013736,16.10986328125,0.32582394099995327,4513,false,dcb2c10e4ac97b1d1289825869826fdec84593f7,6ac98672d6a5ec3f,true,2026-09-20T14:14:31+00:00
20260920T140330Z-gpu,electricity_hourly,T188,transformer,deep,168,24,140000,187.65859392067514,230.28898209985184,1.4298554169309077,5.544626088518361,620.9461359999295,10.6845703125,0.6198156800001016,19232,false,dcb2c10e4ac97b1d1289825869826fdec84593f7,6ac98672d6a5ec3f,true,2026-09-20T14:14:49+00:00
20260920T140330Z-gpu,electricity_hourly,T188,transformer,deep,168,24,140001,462.8895189758625,523.3038726989294,2.3416859558237904,12.375854506185576,568.4961709998788,10.525390625,0.5673978479999278,19232,false,dcb2c10e4ac97b1d1289825869826fdec84593f7,6ac98672d6a5ec3f,true,2026-09-20T14:14:49+00:00
20260920T140330Z-gpu,electricity_hourly,T188,transformer,deep,168,24,140002,304.40116338483995,366.47869211995487,1.6820325221572123,8.268642849420656,564.6578090002095,10.525390625,0.5635552310000094,19232,false,dcb2c10e4ac97b1d1289825869826fdec84593f7,6ac98672d6a5ec3f,true,2026-09-20T14:14:49+00:00
20260920T140330Z-gpu,electricity_hourly,T188,transformer,deep,168,24,140003,401.7682834662155,457.78506351052454,3.4480381917358027,11.6622525584742,579.213516999971,10.525390625,0.5780112049999389,19232,false,dcb2c10e4ac97b1d1289825869826fdec84593f7,6ac98672d6a5ec3f,true,2026-09-20T14:14:49+00:00
20260920T140330Z-gpu,electricity_hourly,T188,transformer,deep,168,24,140004,418.19499130736614,530.3200263633508,1.8681002217477578,11.45615605444466,580.0004960001388,10.525390625,0.5788582629998018,19232,false,dcb2c10e4ac97b1d1289825869826fdec84593f7,6ac98672d6a5ec3f,true,2026-09-20T14:14:49+00:00
20260920T140330Z-gpu,electricity_hourly,T188,transformer,deep,168,24,140005,371.77247099846664,498.73050090522065,3.090592069263318,11.260480484777313,583.0515869999999,10.525390625,0.5819622369999706,19232,false,dcb2c10e4ac97b1d1289825869826fdec84593f7,6ac98672d6a5ec3f,true,2026-09-20T14:14:49+00:00
20260920T140330Z-gpu,electricity_hourly,T188,transformer,deep,168,24,140006,200.6593056279697,290.81864922940986,1.243809565254515,5.3855294485197245,575.8650400000533,10.525390625,0.5746775439999965,19232,false,dcb2c10e4ac97b1d1289825869826fdec84593f7,6ac98672d6a5ec3f,true,2026-09-20T14:14:49+00:00
20260920T140330Z-gpu,electricity_hourly,T188,transformer,deep,168,24,140007,220.18143794343518,272.70423400439506,1.7014288738317502,5.761779639226678,583.0616629998531,10.525390625,0.5819419460001427,19232,false,dcb2c10e4ac97b1d1289825869826fdec84593f7,6ac98672d6a5ec3f,true,2026-09-20T14:14:49+00:00
20260920T140330Z-gpu,electricity_hourly,T188,transformer,deep,168,24,140008,339.06299792671194,478.20127765291295,2.373490433204342,9.836480749712168,572.5654019997819,10.525390625,0.5710772659999748,19232,false,dcb2c10e4ac97b1d1289825869826fdec84593f7,6ac98672d6a5ec3f,true,2026-09-20T14:14:49+00:00
20260920T140330Z-gpu,electricity_hourly,T188,transformer,deep,168,24,140009,259.30310634329953,332.9299155183347,1.300398666623777,7.54880207994023,579.6627279999029,10.525390625,0.578518423000105,19232,false,dcb2c10e4ac97b1d1289825869826fdec84593f7,6ac98672d6a5ec3f,true,2026-09-20T14:14:49+00:00
20260920T140330Z-gpu,electricity_hourly,T188,transformer,deep,168,24,140010,196.16667520505317,251.22110662738433,1.4954736211301634,5.40097084437359,584.6494929999153,10.525390625,0.583405128999857,19232,false,dcb2c10e4ac97b1d1289825869826fdec84593f7,6ac98672d6a5ec3f,true,2026-09-20T14:14:49+00:00
20260920T140330Z-gpu,electricity_hourly,T188,transformer,deep,168,24,140011,269.68712261407876,374.32741193970855,2.0124861717586846,7.8009656524073945,584.0645319999567,10.525390625,0.582901215999982,19232,false,dcb2c10e4ac97b1d1289825869826fdec84593f7,6ac98672d6a5ec3f,true,2026-09-20T14:14:49+00:00
20260920T140330Z-gpu,electricity_hourly,T188,transformer,deep,168,24,140012,147.45788054098844,179.9915782373245,1.2293848308188013,4.253063587155894,583.6084969998865,10.525390625,0.5825226649999422,19232,false,dcb2c10e4ac97b1d1289825869826fdec84593f7,6ac98672d6a5ec3f,true,2026-09-20T14:14:49+00:00
20260920T140330Z-gpu,electricity_hourly,T188,transformer,deep,168,24,140013,308.34165145641833,421.86302896002275,1.7506287824675408,9.719870029369682,672.4423349999142,10.525390625,0.6712885750000623,19232,false,dcb2c10e4ac97b1d1289825869826fdec84593f7,6ac98672d6a5ec3f,true,2026-09-20T14:14:49+00:00
20260920T140330Z-gpu,electricity_hourly,T188,transformer,deep,168,24,140014,204.05580710674406,258.52868819423304,1.3603720473782936,5.723394440651814,626.8382729999757,10.525390625,0.6256766880001123,19232,false,dcb2c10e4ac97b1d1289825869826fdec84593f7,6ac98672d6a5ec3f,true,2026-09-20T14:14:49+00:00
20260920T140330Z-gpu,electricity_hourly,T188,transformer,deep,168,24,140015,166.09702063011096,201.78903783647874,0.8091603562615778,4.720243214388796,616.4203939999879,10.525390625,0.615277745000185,19232,false,dcb2c10e4ac97b1d1289825869826fdec84593f7,6ac98672d6a5ec3f,true,2026-09-20T14:14:49+00:00
20260920T140330Z-gpu,electricity_hourly,T188,transformer,deep,168,24,140016,206.13263140897206,271.4197945509196,1.3666251806119694,5.571298238350053,615.3232340000159,10.525390625,0.614172329999974,19232,false,dcb2c10e4ac97b1d1289825869826fdec84593f7,6ac98672d6a5ec3f,true,2026-09-20T14:14:49+00:00
20260920T140330Z-gpu,electricity_hourly,T188,transformer,deep,168,24,140017,152.22267563637135,185.75601442619447,0.9013555364791921,4.209949147971366,629.2850160000398,10.525390625,0.6280544369999461,19232,false,dcb2c10e4ac97b1d1289825869826fdec84593f7,6ac98672d6a5ec3f,true,2026-09-20T14:14:49+00:00
20260920T140330Z-gpu,electricity_hourly,T188,transformer,deep,168,24,140018,309.32583588518827,380.6518581180108,2.4728207609763566,9.459904951855732,626.9206739998481,10.525390625,0.6257057860000259,19232,false,dcb2c10e4ac97b1d1289825869826fdec84593f7,6ac98672d6a5ec3f,true,2026-09-20T14:14:49+00:00
20260920T140330Z-gpu,electricity_hourly,T188,transformer,deep,168,24,140019,156.4821245211769,219.03132234795578,0.952143409577008,4.549740866643659,626.4186169998993,10.525390625,0.6252131990001999,19232,false,dcb2c10e4ac97b1d1289825869826fdec84593f7,6ac98672d6a5ec3f,true,2026-09-20T14:14:49+00:00
20260920T140330Z-gpu,electricity_hourly,T188,transformer,deep,168,24,140020,300.94799905091276,429.3212107961857,1.8175017557176412,8.347430451413866,624.5866609999666,10.525390625,0.6234309310000299,19232,false,dcb2c10e4ac97b1d1289825869826fdec84593f7,6ac98672d6a5ec3f,true,2026-09-20T14:14:49+00:00
20260920T140330Z-gpu,electricity_hourly,T188,transformer,deep,168,24,140021,952.5040298662907,1201.8153201880566,0.65768994481271,27.48994618525767,616.2575000000743,10.525390625,0.6151094159999957,19232,false,dcb2c10e4ac97b1d1289825869826fdec84593f7,6ac98672d6a5ec3f,true,2026-09-20T14:14:49+00:00
20260920T140330Z-gpu,electricity_hourly,T188,timesfm25,tsfm,168,24,140000,156.14885965983072,211.49984443064716,1.1897685481250662,5.388726245897024,127.58992500016575,11.94287109375,,231289280,true,dcb2c10e4ac97b1d1289825869826fdec84593f7,6ac98672d6a5ec3f,true,2026-09-20T14:14:57+00:00
20260920T140330Z-gpu,electricity_hourly,T188,timesfm25,tsfm,168,24,140001,178.41045125325522,244.16587674972965,0.9025506755829528,3.9686423265164077,125.41525300002832,11.94287109375,,231289280,true,dcb2c10e4ac97b1d1289825869826fdec84593f7,6ac98672d6a5ec3f,true,2026-09-20T14:14:57+00:00
20260920T140330Z-gpu,electricity_hourly,T188,timesfm25,tsfm,168,24,140002,136.98880004882812,158.61750090358024,0.75696036865047,3.635347298164198,130.9130530000857,11.94287109375,,231289280,true,dcb2c10e4ac97b1d1289825869826fdec84593f7,6ac98672d6a5ec3f,true,2026-09-20T14:14:57+00:00
20260920T140330Z-gpu,electricity_hourly,T188,timesfm25,tsfm,168,24,140003,172.66329956054688,204.54960635522977,1.481823418363356,5.098807754603996,129.13477799997963,11.94287109375,,231289280,true,dcb2c10e4ac97b1d1289825869826fdec84593f7,6ac98672d6a5ec3f,true,2026-09-20T14:14:57+00:00
20260920T140330Z-gpu,electricity_hourly,T188,timesfm25,tsfm,168,24,140004,97.29603068033855,161.7684003383376,0.43462676566474595,2.7566755279562636,127.48568299980434,11.94287109375,,231289280,true,dcb2c10e4ac97b1d1289825869826fdec84593f7,6ac98672d6a5ec3f,true,2026-09-20T14:14:57+00:00
20260920T140330Z-gpu,electricity_hourly,T188,timesfm25,tsfm,168,24,140005,65.47092692057292,87.6426305776597,0.5442681836140457,1.9346709839787024,125.25059299991881,11.94287109375,,231289280,true,dcb2c10e4ac97b1d1289825869826fdec84593f7,6ac98672d6a5ec3f,true,2026-09-20T14:14:57+00:00
20260920T140330Z-gpu,electricity_hourly,T188,timesfm25,tsfm,168,24,140006,84.1156005859375,100.62865050641355,0.5214001327697904,2.0889449877385955,129.0226349999557,11.94287109375,,231289280,true,dcb2c10e4ac97b1d1289825869826fdec84593f7,6ac98672d6a5ec3f,true,2026-09-20T14:14:57+00:00
20260920T140330Z-gpu,electricity_hourly,T188,timesfm25,tsfm,168,24,140007,251.75436401367188,306.84990608071587,1.9454053350130802,7.374419962701502,125.34585599996717,11.94287109375,,231289280,true,dcb2c10e4ac97b1d1289825869826fdec84593f7,6ac98672d6a5ec3f,true,2026-09-20T14:14:57+00:00
20260920T140330Z-gpu,electricity_hourly,T188,timesfm25,tsfm,168,24,140008,94.71486409505208,120.69992210885471,0.66301786153748,2.9901065308517967,129.6511890000147,11.94287109375,,231289280,true,dcb2c10e4ac97b1d1289825869826fdec84593f7,6ac98672d6a5ec3f,true,2026-09-20T14:14:57+00:00
20260920T140330Z-gpu,electricity_hourly,T188,timesfm25,tsfm,168,24,140009,144.22783406575522,155.76044015157524,0.7232990215737533,3.6065508375728306,118.7121880000177,11.94287109375,,231289280,true,dcb2c10e4ac97b1d1289825869826fdec84593f7,6ac98672d6a5ec3f,true,2026-09-20T14:14:57+00:00
20260920T140330Z-gpu,electricity_hourly,T188,timesfm25,tsfm,168,24,140010,130.938232421875,150.21659526148534,0.9982055941950341,3.4307108703749902,133.16886600000544,11.94287109375,,231289280,true,dcb2c10e4ac97b1d1289825869826fdec84593f7,6ac98672d6a5ec3f,true,2026-09-20T14:14:57+00:00
20260920T140330Z-gpu,electricity_hourly,T188,timesfm25,tsfm,168,24,140011,103.87640380859375,128.81827923716293,0.7751568714534642,3.149685336401594,130.40876099989873,11.94287109375,,231289280,true,dcb2c10e4ac97b1d1289825869826fdec84593f7,6ac98672d6a5ec3f,true,2026-09-20T14:14:57+00:00
20260920T140330Z-gpu,electricity_hourly,T188,timesfm25,tsfm,168,24,140012,87.5919189453125,100.98597887157888,0.7302707461860236,2.2271196542048854,121.06927800004996,11.94287109375,,231289280,true,dcb2c10e4ac97b1d1289825869826fdec84593f7,6ac98672d6a5ec3f,true,2026-09-20T14:14:57+00:00
20260920T140330Z-gpu,electricity_hourly,T188,timesfm25,tsfm,168,24,140013,195.24665323893228,217.4147332955989,1.108524940519901,5.559399015111046,129.49950200004423,11.94287109375,,231289280,true,dcb2c10e4ac97b1d1289825869826fdec84593f7,6ac98672d6a5ec3f,true,2026-09-20T14:14:57+00:00
20260920T140330Z-gpu,electricity_hourly,T188,timesfm25,tsfm,168,24,140014,92.73605346679688,113.42119966811843,0.6182403564453125,2.445524587303526,128.12515700011318,11.94287109375,,231289280,true,dcb2c10e4ac97b1d1289825869826fdec84593f7,6ac98672d6a5ec3f,true,2026-09-20T14:14:57+00:00
20260920T140330Z-gpu,electricity_hourly,T188,timesfm25,tsfm,168,24,140015,94.27423095703125,132.08420318051097,0.4592675414531107,2.846015646760223,121.84169100009967,11.94287109375,,231289280,true,dcb2c10e4ac97b1d1289825869826fdec84593f7,6ac98672d6a5ec3f,true,2026-09-20T14:14:57+00:00
20260920T140330Z-gpu,electricity_hourly,T188,timesfm25,tsfm,168,24,140016,119.95501708984375,155.9254274536211,0.7952818812586325,3.9697755828317893,134.82270899999094,11.94287109375,,231289280,true,dcb2c10e4ac97b1d1289825869826fdec84593f7,6ac98672d6a5ec3f,true,2026-09-20T14:14:57+00:00
20260920T140330Z-gpu,electricity_hourly,T188,timesfm25,tsfm,168,24,140017,69.53219604492188,83.24143410159299,0.41172072167723794,1.9115642590061248,131.7105860000538,11.94287109375,,231289280,true,dcb2c10e4ac97b1d1289825869826fdec84593f7,6ac98672d6a5ec3f,true,2026-09-20T14:14:57+00:00
20260920T140330Z-gpu,electricity_hourly,T188,timesfm25,tsfm,168,24,140018,357.06545003255206,416.21040559718875,2.854462044339505,10.91430109924341,120.49744599994483,11.94287109375,,231289280,true,dcb2c10e4ac97b1d1289825869826fdec84593f7,6ac98672d6a5ec3f,true,2026-09-20T14:14:57+00:00
20260920T140330Z-gpu,electricity_hourly,T188,timesfm25,tsfm,168,24,140019,72.0601806640625,88.34090261137524,0.4384630277877546,1.8768907333076155,134.01683900019634,11.94287109375,,231289280,true,dcb2c10e4ac97b1d1289825869826fdec84593f7,6ac98672d6a5ec3f,true,2026-09-20T14:14:57+00:00
20260920T140330Z-gpu,electricity_hourly,T188,timesfm25,tsfm,168,24,140020,73.636474609375,91.5828352818496,0.4447094591406643,2.053136839544661,129.54698399994413,11.94287109375,,231289280,true,dcb2c10e4ac97b1d1289825869826fdec84593f7,6ac98672d6a5ec3f,true,2026-09-20T14:14:57+00:00
20260920T140330Z-gpu,electricity_hourly,T188,timesfm25,tsfm,168,24,140021,123.85482788085938,159.70045531220356,0.08551992680302352,3.671933567579142,131.1308890001328,11.94287109375,,231289280,true,dcb2c10e4ac97b1d1289825869826fdec84593f7,6ac98672d6a5ec3f,true,2026-09-20T14:14:57+00:00
20260920T140330Z-gpu,electricity_hourly,T188,chronos_bolt,tsfm,168,24,140000,141.84825642903647,182.93765859415225,1.0808058059040824,4.543587319025474,34.63268700011213,1.0751953125,,205292928,true,dcb2c10e4ac97b1d1289825869826fdec84593f7,6ac98672d6a5ec3f,true,2026-09-20T14:15:02+00:00
20260920T140330Z-gpu,electricity_hourly,T188,chronos_bolt,tsfm,168,24,140001,196.16444396972656,230.55582236250297,0.9923653585680879,4.938695151877403,37.54043399999318,1.0751953125,,205292928,true,dcb2c10e4ac97b1d1289825869826fdec84593f7,6ac98672d6a5ec3f,true,2026-09-20T14:15:02+00:00
20260920T140330Z-gpu,electricity_hourly,T188,chronos_bolt,tsfm,168,24,140002,106.29208374023438,128.6895023863866,0.5873392194395146,3.1903409025484657,36.30434700016849,1.0751953125,,205292928,true,dcb2c10e4ac97b1d1289825869826fdec84593f7,6ac98672d6a5ec3f,true,2026-09-20T14:15:02+00:00
20260920T140330Z-gpu,electricity_hourly,T188,chronos_bolt,tsfm,168,24,140003,168.13713582356772,202.1216066647436,1.4429791738836493,4.907485246316946,36.37611600015589,1.0751953125,,205292928,true,dcb2c10e4ac97b1d1289825869826fdec84593f7,6ac98672d6a5ec3f,true,2026-09-20T14:15:02+00:00
20260920T140330Z-gpu,electricity_hourly,T188,chronos_bolt,tsfm,168,24,140004,105.94469197591145,158.98792606270595,0.4732608153781874,2.8636975053239837,38.971690999915154,1.0751953125,,205292928,true,dcb2c10e4ac97b1d1289825869826fdec84593f7,6ac98672d6a5ec3f,true,2026-09-20T14:15:02+00:00
20260920T140330Z-gpu,electricity_hourly,T188,chronos_bolt,tsfm,168,24,140005,84.7898457845052,112.41309353409741,0.7048688253647817,2.5744652010670057,37.939070999982505,1.0751953125,,205292928,true,dcb2c10e4ac97b1d1289825869826fdec84593f7,6ac98672d6a5ec3f,true,2026-09-20T14:15:02+00:00
20260920T140330Z-gpu,electricity_hourly,T188,chronos_bolt,tsfm,168,24,140006,72.46512858072917,86.93188371821246,0.4491833548114589,1.8480149673552215,38.1206290001046,1.0751953125,,205292928,true,dcb2c10e4ac97b1d1289825869826fdec84593f7,6ac98672d6a5ec3f,true,2026-09-20T14:15:02+00:00
20260920T140330Z-gpu,electricity_hourly,T188,chronos_bolt,tsfm,168,24,140007,128.17402140299478,186.86205961056538,0.9904512520542661,3.428016976925765,35.65331499999047,1.0751953125,,205292928,true,dcb2c10e4ac97b1d1289825869826fdec84593f7,6ac98672d6a5ec3f,true,2026-09-20T14:15:02+00:00
20260920T140330Z-gpu,electricity_hourly,T188,chronos_bolt,tsfm,168,24,140008,86.4820556640625,116.15811120424853,0.6053870018776433,2.4939771841082625,41.04616500012526,1.0751953125,,205292928,true,dcb2c10e4ac97b1d1289825869826fdec84593f7,6ac98672d6a5ec3f,true,2026-09-20T14:15:02+00:00
20260920T140330Z-gpu,electricity_hourly,T188,chronos_bolt,tsfm,168,24,140009,130.01220703125,150.16313388999365,0.6520080035000348,3.3871137092078145,36.75306900004216,1.0751953125,,205292928,true,dcb2c10e4ac97b1d1289825869826fdec84593f7,6ac98672d6a5ec3f,true,2026-09-20T14:15:02+00:00
20260920T140330Z-gpu,electricity_hourly,T188,chronos_bolt,tsfm,168,24,140010,182.96351114908853,208.2428352696809,1.3948195037042062,5.064570467408255,33.74184999984209,1.0751953125,,205292928,true,dcb2c10e4ac97b1d1289825869826fdec84593f7,6ac98672d6a5ec3f,true,2026-09-20T14:15:02+00:00
20260920T140330Z-gpu,electricity_hourly,T188,chronos_bolt,tsfm,168,24,140011,66.64520263671875,86.77679287491414,0.49732648492965226,1.8365341862460687,35.07990299999619,1.0751953125,,205292928,true,dcb2c10e4ac97b1d1289825869826fdec84593f7,6ac98672d6a5ec3f,true,2026-09-20T14:15:02+00:00
20260920T140330Z-gpu,electricity_hourly,T188,chronos_bolt,tsfm,168,24,140012,89.62222290039062,103.55233906660305,0.7471977824025157,2.3850621888151498,38.59202900002856,1.0751953125,,205292928,true,dcb2c10e4ac97b1d1289825869826fdec84593f7,6ac98672d6a5ec3f,true,2026-09-20T14:15:02+00:00
20260920T140330Z-gpu,electricity_hourly,T188,chronos_bolt,tsfm,168,24,140013,144.8258260091146,172.31740974538087,0.8222575777830895,3.878599365808942,38.526233000084176,1.0751953125,,205292928,true,dcb2c10e4ac97b1d1289825869826fdec84593f7,6ac98672d6a5ec3f,true,2026-09-20T14:15:02+00:00
20260920T140330Z-gpu,electricity_hourly,T188,chronos_bolt,tsfm,168,24,140014,115.47501627604167,143.26216459626605,0.7698334418402778,3.274927899095458,37.46780699998453,1.0751953125,,205292928,true,dcb2c10e4ac97b1d1289825869826fdec84593f7,6ac98672d6a5ec3f,true,2026-09-20T14:15:02+00:00
20260920T140330Z-gpu,electricity_hourly,T188,chronos_bolt,tsfm,168,24,140015,117.05668131510417,164.34787058391464,0.5702548161093068,3.6364890465492983,37.15885100018568,1.0751953125,,205292928,true,dcb2c10e4ac97b1d1289825869826fdec84593f7,6ac98672d6a5ec3f,true,2026-09-20T14:15:02+00:00
20260920T140330Z-gpu,electricity_hourly,T188,chronos_bolt,tsfm,168,24,140016,102.12267049153645,124.04541283808773,0.677056378949413,3.2198646837774034,38.67122399992695,1.0751953125,,205292928,true,dcb2c10e4ac97b1d1289825869826fdec84593f7,6ac98672d6a5ec3f,true,2026-09-20T14:15:02+00:00
20260920T140330Z-gpu,electricity_hourly,T188,chronos_bolt,tsfm,168,24,140017,68.4072265625,81.69782309863425,0.4050594442616884,1.9134404946062216,38.73170699989714,1.0751953125,,205292928,true,dcb2c10e4ac97b1d1289825869826fdec84593f7,6ac98672d6a5ec3f,true,2026-09-20T14:15:02+00:00
20260920T140330Z-gpu,electricity_hourly,T188,chronos_bolt,tsfm,168,24,140018,347.35814412434894,390.23012678030585,2.776859643252443,10.511901789916166,38.05751100003363,1.0751953125,,205292928,true,dcb2c10e4ac97b1d1289825869826fdec84593f7,6ac98672d6a5ec3f,true,2026-09-20T14:15:02+00:00
20260920T140330Z-gpu,electricity_hourly,T188,chronos_bolt,tsfm,168,24,140019,78.51788330078125,95.69611124490723,0.47775607180395924,2.143856672675079,38.497356999869226,1.0751953125,,205292928,true,dcb2c10e4ac97b1d1289825869826fdec84593f7,6ac98672d6a5ec3f,true,2026-09-20T14:15:02+00:00
20260920T140330Z-gpu,electricity_hourly,T188,chronos_bolt,tsfm,168,24,140020,96.21626790364583,115.84739588471031,0.5810745922716406,2.769441930728482,36.63840499984872,1.0751953125,,205292928,true,dcb2c10e4ac97b1d1289825869826fdec84593f7,6ac98672d6a5ec3f,true,2026-09-20T14:15:02+00:00
20260920T140330Z-gpu,electricity_hourly,T188,chronos_bolt,tsfm,168,24,140021,79.07774861653645,107.17142068766667,0.054602015836955585,2.159438733795654,35.64669100001083,1.0751953125,,205292928,true,dcb2c10e4ac97b1d1289825869826fdec84593f7,6ac98672d6a5ec3f,true,2026-09-20T14:15:02+00:00
20260920T140330Z-gpu,electricity_hourly,T201,lstm,deep,168,24,150000,25.306384530884056,37.05595518891347,0.46617876070708764,4.64691169314401,335.6069569999818,16.14599609375,0.32655275499996606,4513,false,dcb2c10e4ac97b1d1289825869826fdec84593f7,6ac98672d6a5ec3f,true,2026-09-20T14:15:15+00:00
20260920T140330Z-gpu,electricity_hourly,T201,lstm,deep,168,24,150001,53.962767217621966,83.3198032526597,2.0486787448820363,8.26895671727334,354.0656670002136,16.10986328125,0.34440254700007245,4513,false,dcb2c10e4ac97b1d1289825869826fdec84593f7,6ac98672d6a5ec3f,true,2026-09-20T14:15:15+00:00
20260920T140330Z-gpu,electricity_hourly,T201,lstm,deep,168,24,150002,89.81387342939313,117.42529437328702,2.187988119410017,14.137822851768847,374.9990500000422,16.10986328125,0.3651987430000645,4513,false,dcb2c10e4ac97b1d1289825869826fdec84593f7,6ac98672d6a5ec3f,true,2026-09-20T14:15:15+00:00
20260920T140330Z-gpu,electricity_hourly,T201,lstm,deep,168,24,150003,30.50362978245147,41.07066358557119,1.1208274275766807,5.009064388697974,345.8883019998211,16.10986328125,0.336959945999979,4513,false,dcb2c10e4ac97b1d1289825869826fdec84593f7,6ac98672d6a5ec3f,true,2026-09-20T14:15:15+00:00
20260920T140330Z-gpu,electricity_hourly,T201,lstm,deep,168,24,150004,54.58719018997272,69.93095723522885,1.3917413929454803,8.343339647352403,355.78507500008527,16.10986328125,0.34613738099983493,4513,false,dcb2c10e4ac97b1d1289825869826fdec84593f7,6ac98672d6a5ec3f,true,2026-09-20T14:15:15+00:00
20260920T140330Z-gpu,electricity_hourly,T201,lstm,deep,168,24,150005,36.180901255410504,45.273939943418796,1.1503753103950347,5.380214783648837,355.1554269999997,16.10986328125,0.3446730830000888,4513,false,dcb2c10e4ac97b1d1289825869826fdec84593f7,6ac98672d6a5ec3f,true,2026-09-20T14:15:15+00:00
20260920T140330Z-gpu,electricity_hourly,T201,lstm,deep,168,24,150006,92.41017482004649,118.15076700741322,1.1945300874404574,12.579943073339484,342.41192699983003,16.10986328125,0.3331379080000261,4513,false,dcb2c10e4ac97b1d1289825869826fdec84593f7,6ac98672d6a5ec3f,true,2026-09-20T14:15:15+00:00
20260920T140330Z-gpu,electricity_hourly,T201,lstm,deep,168,24,150007,83.82454152513607,103.63487422447012,1.295004181913914,11.360001634739596,339.1967200000181,16.10986328125,0.32955481399994824,4513,false,dcb2c10e4ac97b1d1289825869826fdec84593f7,6ac98672d6a5ec3f,true,2026-09-20T14:15:15+00:00
20260920T140330Z-gpu,electricity_hourly,T201,lstm,deep,168,24,150008,64.64559753853969,89.83454367649787,0.8758906704506695,8.903631905460486,336.7266870000094,16.10986328125,0.32735740800012536,4513,false,dcb2c10e4ac97b1d1289825869826fdec84593f7,6ac98672d6a5ec3f,true,2026-09-20T14:15:15+00:00
20260920T140330Z-gpu,electricity_hourly,T201,lstm,deep,168,24,150009,140.41741231765778,171.29897235255908,2.199272065884568,18.851775785574887,333.0201159999433,16.10986328125,0.3238319590000174,4513,false,dcb2c10e4ac97b1d1289825869826fdec84593f7,6ac98672d6a5ec3f,true,2026-09-20T14:15:15+00:00
20260920T140330Z-gpu,electricity_hourly,T201,lstm,deep,168,24,150010,53.77174854619128,73.46981693808026,1.2553715613896796,7.324994687942382,346.7223490001743,16.10986328125,0.33723792000000685,4513,false,dcb2c10e4ac97b1d1289825869826fdec84593f7,6ac98672d6a5ec3f,true,2026-09-20T14:15:15+00:00
20260920T140330Z-gpu,electricity_hourly,T201,lstm,deep,168,24,150011,51.77021591369837,64.62855532312221,1.1357268573389039,7.494546483983859,331.11041099982685,16.10986328125,0.32170300300003873,4513,false,dcb2c10e4ac97b1d1289825869826fdec84593f7,6ac98672d6a5ec3f,true,2026-09-20T14:15:15+00:00
20260920T140330Z-gpu,electricity_hourly,T201,lstm,deep,168,24,150012,58.89046502056332,71.7448663224918,1.635530754669454,8.240966645567577,349.50751499991384,16.10986328125,0.33904083599986734,4513,false,dcb2c10e4ac97b1d1289825869826fdec84593f7,6ac98672d6a5ec3f,true,2026-09-20T14:15:15+00:00
20260920T140330Z-gpu,electricity_hourly,T201,lstm,deep,168,24,150013,73.07471942806514,102.47264049269509,1.0745184925601328,10.352033462772871,342.2602980001557,16.10986328125,0.33320861799984414,4513,false,dcb2c10e4ac97b1d1289825869826fdec84593f7,6ac98672d6a5ec3f,true,2026-09-20T14:15:15+00:00
20260920T140330Z-gpu,electricity_hourly,T201,lstm,deep,168,24,150014,120.96216838722457,171.02294375463035,1.8853287420457123,18.595322963164453,329.05714999992597,16.10986328125,0.3198473129998547,4513,false,dcb2c10e4ac97b1d1289825869826fdec84593f7,6ac98672d6a5ec3f,true,2026-09-20T14:15:15+00:00
20260920T140330Z-gpu,electricity_hourly,T201,lstm,deep,168,24,150015,49.4994984015917,67.23432520422583,1.504099550502048,7.620891068932754,337.66860199989424,16.10986328125,0.32837742599986086,4513,false,dcb2c10e4ac97b1d1289825869826fdec84593f7,6ac98672d6a5ec3f,true,2026-09-20T14:15:15+00:00
20260920T140330Z-gpu,electricity_hourly,T201,lstm,deep,168,24,150016,44.463947576715064,58.84915243256192,1.112951234320697,7.259635576339838,348.2757389999733,16.10986328125,0.3391442160000224,4513,false,dcb2c10e4ac97b1d1289825869826fdec84593f7,6ac98672d6a5ec3f,true,2026-09-20T14:15:15+00:00
20260920T140330Z-gpu,electricity_hourly,T201,lstm,deep,168,24,150017,65.18914902370021,99.60401074556441,1.6477510021788362,11.415221104898388,378.75975399992967,16.10986328125,0.369847517999915,4513,false,dcb2c10e4ac97b1d1289825869826fdec84593f7,6ac98672d6a5ec3f,true,2026-09-20T14:15:15+00:00
20260920T140330Z-gpu,electricity_hourly,T201,lstm,deep,168,24,150018,68.36650553997669,99.58630539252371,1.1343215575246737,11.60482460998047,351.9972050000888,16.10986328125,0.34259471299992583,4513,false,dcb2c10e4ac97b1d1289825869826fdec84593f7,6ac98672d6a5ec3f,true,2026-09-20T14:15:15+00:00
20260920T140330Z-gpu,electricity_hourly,T201,lstm,deep,168,24,150019,72.6330491900254,100.67912767128358,1.8240598331642237,10.940487927950427,353.4739660001378,16.10986328125,0.34392641900012677,4513,false,dcb2c10e4ac97b1d1289825869826fdec84593f7,6ac98672d6a5ec3f,true,2026-09-20T14:15:15+00:00
20260920T140330Z-gpu,electricity_hourly,T201,lstm,deep,168,24,150020,66.90326338972879,91.07232645306262,1.168049215339591,11.800148471712452,348.8025500000731,16.10986328125,0.3396985730000779,4513,false,dcb2c10e4ac97b1d1289825869826fdec84593f7,6ac98672d6a5ec3f,true,2026-09-20T14:15:15+00:00
20260920T140330Z-gpu,electricity_hourly,T201,lstm,deep,168,24,150021,135.04104443095403,186.0734388267942,1.0969656680801816,17.721949403448946,340.27513299997736,16.10986328125,0.33125425000002906,4513,false,dcb2c10e4ac97b1d1289825869826fdec84593f7,6ac98672d6a5ec3f,true,2026-09-20T14:15:15+00:00
20260920T140330Z-gpu,electricity_hourly,T201,transformer,deep,168,24,150000,37.30616517018654,55.592843542069275,0.6872313911355842,6.379638439596998,588.9116240000476,10.6845703125,0.5877479900000253,19232,false,dcb2c10e4ac97b1d1289825869826fdec84593f7,6ac98672d6a5ec3f,true,2026-09-20T14:15:33+00:00
20260920T140330Z-gpu,electricity_hourly,T201,transformer,deep,168,24,150001,64.39149647986837,85.78042435370847,2.4446020282365,10.098996663437608,605.8890019999126,10.525390625,0.604735822000066,19232,false,dcb2c10e4ac97b1d1289825869826fdec84593f7,6ac98672d6a5ec3f,true,2026-09-20T14:15:33+00:00
20260920T140330Z-gpu,electricity_hourly,T201,transformer,deep,168,24,150002,36.887834310080166,41.75440098737605,0.8986378177383765,5.28799660797248,602.3322470000494,10.525390625,0.6012059050001426,19232,false,dcb2c10e4ac97b1d1289825869826fdec84593f7,6ac98672d6a5ec3f,true,2026-09-20T14:15:33+00:00
20260920T140330Z-gpu,electricity_hourly,T201,transformer,deep,168,24,150003,31.751435726634423,40.36256344298711,1.1666768932470928,4.817609960774857,602.2124380001515,10.525390625,0.6006942320000235,19232,false,dcb2c10e4ac97b1d1289825869826fdec84593f7,6ac98672d6a5ec3f,true,2026-09-20T14:15:33+00:00
20260920T140330Z-gpu,electricity_hourly,T201,transformer,deep,168,24,150004,56.07901554341837,69.88880438550942,1.4297766002571257,8.617808086634293,664.3863760000386,10.525390625,0.6630301609998241,19232,false,dcb2c10e4ac97b1d1289825869826fdec84593f7,6ac98672d6a5ec3f,true,2026-09-20T14:15:33+00:00
20260920T140330Z-gpu,electricity_hourly,T201,transformer,deep,168,24,150005,41.57201811863187,49.852967749707496,1.3217864007690414,6.387569912033237,651.1766529999932,10.525390625,0.6498950409998088,19232,false,dcb2c10e4ac97b1d1289825869826fdec84593f7,6ac98672d6a5ec3f,true,2026-09-20T14:15:33+00:00
20260920T140330Z-gpu,electricity_hourly,T201,transformer,deep,168,24,150006,105.15343694306075,133.8392561997128,1.3592544811311265,15.096397649294499,625.2206629999364,10.525390625,0.6240253659998416,19232,false,dcb2c10e4ac97b1d1289825869826fdec84593f7,6ac98672d6a5ec3f,true,2026-09-20T14:15:33+00:00
20260920T140330Z-gpu,electricity_hourly,T201,transformer,deep,168,24,150007,144.1039397179941,192.66305548986128,2.22625977034558,17.109636619074386,606.3809610000135,10.525390625,0.6052650130000075,19232,false,dcb2c10e4ac97b1d1289825869826fdec84593f7,6ac98672d6a5ec3f,true,2026-09-20T14:15:33+00:00
20260920T140330Z-gpu,electricity_hourly,T201,transformer,deep,168,24,150008,155.26730289603842,193.70649713846495,2.103734627119828,19.724085160158207,627.5969430000714,10.525390625,0.626431120999996,19232,false,dcb2c10e4ac97b1d1289825869826fdec84593f7,6ac98672d6a5ec3f,true,2026-09-20T14:15:33+00:00
20260920T140330Z-gpu,electricity_hourly,T201,transformer,deep,168,24,150009,107.82110448792662,146.7009090515579,1.688736028525281,13.353129242013631,596.852072000047,10.525390625,0.5957875999999942,19232,false,dcb2c10e4ac97b1d1289825869826fdec84593f7,6ac98672d6a5ec3f,true,2026-09-20T14:15:33+00:00
20260920T140330Z-gpu,electricity_hourly,T201,transformer,deep,168,24,150010,44.46004453190526,54.036452389300436,1.0379776933518738,5.843326790369146,584.2969309999262,10.525390625,0.5832072109999444,19232,false,dcb2c10e4ac97b1d1289825869826fdec84593f7,6ac98672d6a5ec3f,true,2026-09-20T14:15:33+00:00
20260920T140330Z-gpu,electricity_hourly,T201,transformer,deep,168,24,150011,51.495417645618254,59.92410447141632,1.1296983761378776,8.086567653404089,609.2254599998341,10.525390625,0.6080824059999941,19232,false,dcb2c10e4ac97b1d1289825869826fdec84593f7,6ac98672d6a5ec3f,true,2026-09-20T14:15:33+00:00
20260920T140330Z-gpu,electricity_hourly,T201,transformer,deep,168,24,150012,41.38988618299138,49.86612907111754,1.1494973211862602,5.772309047685809,603.8057010000557,10.525390625,0.6026658159998988,19232,false,dcb2c10e4ac97b1d1289825869826fdec84593f7,6ac98672d6a5ec3f,true,2026-09-20T14:15:33+00:00
20260920T140330Z-gpu,electricity_hourly,T201,transformer,deep,168,24,150013,126.34425036137736,158.71179065695156,1.8578139540527254,18.269186640079045,604.5152689998758,10.525390625,0.6033809299999575,19232,false,dcb2c10e4ac97b1d1289825869826fdec84593f7,6ac98672d6a5ec3f,true,2026-09-20T14:15:33+00:00
20260920T140330Z-gpu,electricity_hourly,T201,transformer,deep,168,24,150014,105.69484961923654,147.0115556334971,1.647370748476032,15.770823058157509,610.0529130001178,10.525390625,0.608908503000066,19232,false,dcb2c10e4ac97b1d1289825869826fdec84593f7,6ac98672d6a5ec3f,true,2026-09-20T14:15:33+00:00
20260920T140330Z-gpu,electricity_hourly,T201,transformer,deep,168,24,150015,40.782199043601345,54.67996188788881,1.2392143199575003,6.648429034708038,590.4727910001384,10.525390625,0.5893192989999534,19232,false,dcb2c10e4ac97b1d1289825869826fdec84593f7,6ac98672d6a5ec3f,true,2026-09-20T14:15:33+00:00
20260920T140330Z-gpu,electricity_hourly,T201,transformer,deep,168,24,150016,112.29962976247357,143.75156054327954,2.8109067766028497,19.023427951808923,606.244806000177,10.525390625,0.6050100440002097,19232,false,dcb2c10e4ac97b1d1289825869826fdec84593f7,6ac98672d6a5ec3f,true,2026-09-20T14:15:33+00:00
20260920T140330Z-gpu,electricity_hourly,T201,transformer,deep,168,24,150017,66.6386217465635,90.7185117039968,1.6843885433570553,11.514128597999933,589.1206320000038,10.525390625,0.5879905690001124,19232,false,dcb2c10e4ac97b1d1289825869826fdec84593f7,6ac98672d6a5ec3f,true,2026-09-20T14:15:33+00:00
20260920T140330Z-gpu,electricity_hourly,T201,transformer,deep,168,24,150018,76.49447897075254,89.21559516844576,1.2691790496357145,12.814854223237319,608.1556359999922,10.525390625,0.6069804430001113,19232,false,dcb2c10e4ac97b1d1289825869826fdec84593f7,6ac98672d6a5ec3f,true,2026-09-20T14:15:33+00:00
20260920T140330Z-gpu,electricity_hourly,T201,transformer,deep,168,24,150019,82.0894220987055,104.88986143669342,2.061541120023298,12.095701504368524,608.2638129998941,10.525390625,0.6069257469998774,19232,false,dcb2c10e4ac97b1d1289825869826fdec84593f7,6ac98672d6a5ec3f,true,2026-09-20T14:15:33+00:00
20260920T140330Z-gpu,electricity_hourly,T201,transformer,deep,168,24,150020,81.34516408362474,101.57043380139822,1.420187151799462,12.382820995709228,604.5484759999908,10.525390625,0.6030751670000427,19232,false,dcb2c10e4ac97b1d1289825869826fdec84593f7,6ac98672d6a5ec3f,true,2026-09-20T14:15:33+00:00
20260920T140330Z-gpu,electricity_hourly,T201,transformer,deep,168,24,150021,153.31059566341182,194.57575561798535,1.2453729212800417,20.901733241937162,600.6995369998549,10.525390625,0.5995049990001462,19232,false,dcb2c10e4ac97b1d1289825869826fdec84593f7,6ac98672d6a5ec3f,true,2026-09-20T14:15:33+00:00
20260920T140330Z-gpu,electricity_hourly,T201,timesfm25,tsfm,168,24,150000,26.29846700032552,34.840169798239025,0.4844542980743092,4.511054714576448,120.61199599997963,11.94287109375,,231289280,true,dcb2c10e4ac97b1d1289825869826fdec84593f7,6ac98672d6a5ec3f,true,2026-09-20T14:15:40+00:00
20260920T140330Z-gpu,electricity_hourly,T201,timesfm25,tsfm,168,24,150001,58.00068918863932,94.68820089540311,2.201977127119447,9.253662309744985,122.06605500000478,11.94287109375,,231289280,true,dcb2c10e4ac97b1d1289825869826fdec84593f7,6ac98672d6a5ec3f,true,2026-09-20T14:15:40+00:00
20260920T140330Z-gpu,electricity_hourly,T201,timesfm25,tsfm,168,24,150002,30.45561981201172,35.533244948232884,0.7419403236220077,4.581951259002951,124.48060499991698,11.94287109375,,231289280,true,dcb2c10e4ac97b1d1289825869826fdec84593f7,6ac98672d6a5ec3f,true,2026-09-20T14:15:40+00:00
20260920T140330Z-gpu,electricity_hourly,T201,timesfm25,tsfm,168,24,150003,27.958301544189453,37.75217422562067,1.0273017153261754,4.57781998209106,122.92109700001674,11.94287109375,,231289280,true,dcb2c10e4ac97b1d1289825869826fdec84593f7,6ac98672d6a5ec3f,true,2026-09-20T14:15:40+00:00
20260920T140330Z-gpu,electricity_hourly,T201,timesfm25,tsfm,168,24,150004,25.10394541422526,37.619249412939425,0.640043934073732,3.7815779002930525,127.32933500001309,11.94287109375,,231289280,true,dcb2c10e4ac97b1d1289825869826fdec84593f7,6ac98672d6a5ec3f,true,2026-09-20T14:15:40+00:00
20260920T140330Z-gpu,electricity_hourly,T201,timesfm25,tsfm,168,24,150005,27.61424509684245,35.291514985405065,0.8779976361106895,3.933667424876831,123.94187399991097,11.94287109375,,231289280,true,dcb2c10e4ac97b1d1289825869826fdec84593f7,6ac98672d6a5ec3f,true,2026-09-20T14:15:40+00:00
20260920T140330Z-gpu,electricity_hourly,T201,timesfm25,tsfm,168,24,150006,60.439632415771484,71.99927017174808,0.7812663436149994,8.113952388890162,126.32003099997746,11.94287109375,,231289280,true,dcb2c10e4ac97b1d1289825869826fdec84593f7,6ac98672d6a5ec3f,true,2026-09-20T14:15:40+00:00
20260920T140330Z-gpu,electricity_hourly,T201,timesfm25,tsfm,168,24,150007,68.02366129557292,80.87832219172925,1.0508966019271,8.761019379659814,123.64523799988092,11.94287109375,,231289280,true,dcb2c10e4ac97b1d1289825869826fdec84593f7,6ac98672d6a5ec3f,true,2026-09-20T14:15:40+00:00
20260920T140330Z-gpu,electricity_hourly,T201,timesfm25,tsfm,168,24,150008,45.88386154174805,59.50215881919979,0.6216857416269965,5.64563749076267,123.29539000006662,11.94287109375,,231289280,true,dcb2c10e4ac97b1d1289825869826fdec84593f7,6ac98672d6a5ec3f,true,2026-09-20T14:15:40+00:00
20260920T140330Z-gpu,electricity_hourly,T201,timesfm25,tsfm,168,24,150009,88.64706420898438,135.56676274431115,1.3884247602886393,10.45705965453328,120.32016400007706,11.94287109375,,231289280,true,dcb2c10e4ac97b1d1289825869826fdec84593f7,6ac98672d6a5ec3f,true,2026-09-20T14:15:40+00:00
20260920T140330Z-gpu,electricity_hourly,T201,timesfm25,tsfm,168,24,150010,22.28016535441081,28.780354861775677,0.5201595024376064,2.9877182227414463,123.08178099988254,11.94287109375,,231289280,true,dcb2c10e4ac97b1d1289825869826fdec84593f7,6ac98672d6a5ec3f,true,2026-09-20T14:15:40+00:00
20260920T140330Z-gpu,electricity_hourly,T201,timesfm25,tsfm,168,24,150011,20.04806137084961,23.520012242016627,0.43981121837330034,3.1136330381980684,119.84508099999402,11.94287109375,,231289280,true,dcb2c10e4ac97b1d1289825869826fdec84593f7,6ac98672d6a5ec3f,true,2026-09-20T14:15:40+00:00
20260920T140330Z-gpu,electricity_hourly,T201,timesfm25,tsfm,168,24,150012,40.21085103352865,54.54812447221437,1.1167526612976135,5.574916526853929,116.28228199992918,11.94287109375,,231289280,true,dcb2c10e4ac97b1d1289825869826fdec84593f7,6ac98672d6a5ec3f,true,2026-09-20T14:15:40+00:00
20260920T140330Z-gpu,electricity_hourly,T201,timesfm25,tsfm,168,24,150013,27.069029490152996,35.91139076395235,0.39803331426345673,4.070027082649969,123.30686800009971,11.94287109375,,231289280,true,dcb2c10e4ac97b1d1289825869826fdec84593f7,6ac98672d6a5ec3f,true,2026-09-20T14:15:40+00:00
20260920T140330Z-gpu,electricity_hourly,T201,timesfm25,tsfm,168,24,150014,109.41792805989583,162.00087626934624,1.7053990302657211,17.09631111565465,116.31308899995929,11.94287109375,,231289280,true,dcb2c10e4ac97b1d1289825869826fdec84593f7,6ac98672d6a5ec3f,true,2026-09-20T14:15:40+00:00
20260920T140330Z-gpu,electricity_hourly,T201,timesfm25,tsfm,168,24,150015,20.02708562215169,25.177742437496743,0.6085461763219758,2.89640507643118,120.35796200007098,11.94287109375,,231289280,true,dcb2c10e4ac97b1d1289825869826fdec84593f7,6ac98672d6a5ec3f,true,2026-09-20T14:15:40+00:00
20260920T140330Z-gpu,electricity_hourly,T201,timesfm25,tsfm,168,24,150016,47.4520263671875,52.175045862659616,1.1877440981879022,8.378920937006924,123.67202299992641,11.94287109375,,231289280,true,dcb2c10e4ac97b1d1289825869826fdec84593f7,6ac98672d6a5ec3f,true,2026-09-20T14:15:40+00:00
20260920T140330Z-gpu,electricity_hourly,T201,timesfm25,tsfm,168,24,150017,25.21351496378581,31.42626041526986,0.6373084351035907,4.186617599347725,122.75829699979113,11.94287109375,,231289280,true,dcb2c10e4ac97b1d1289825869826fdec84593f7,6ac98672d6a5ec3f,true,2026-09-20T14:15:40+00:00
20260920T140330Z-gpu,electricity_hourly,T201,timesfm25,tsfm,168,24,150018,21.273568471272785,28.185218400222915,0.3529662242036273,3.615612833443855,125.66426099988348,11.94287109375,,231289280,true,dcb2c10e4ac97b1d1289825869826fdec84593f7,6ac98672d6a5ec3f,true,2026-09-20T14:15:40+00:00
20260920T140330Z-gpu,electricity_hourly,T201,timesfm25,tsfm,168,24,150019,17.98117446899414,21.496293304306118,0.4515676880947256,3.0605894051986096,126.71226400016167,11.94287109375,,231289280,true,dcb2c10e4ac97b1d1289825869826fdec84593f7,6ac98672d6a5ec3f,true,2026-09-20T14:15:40+00:00
20260920T140330Z-gpu,electricity_hourly,T201,timesfm25,tsfm,168,24,150020,30.516226450602215,42.38962850495666,0.5327760195061493,4.929666957202718,124.95535400012159,11.94287109375,,231289280,true,dcb2c10e4ac97b1d1289825869826fdec84593f7,6ac98672d6a5ec3f,true,2026-09-20T14:15:40+00:00
20260920T140330Z-gpu,electricity_hourly,T201,timesfm25,tsfm,168,24,150021,112.03605651855469,174.94798969243175,0.9100915066662083,13.545836115089783,119.81358799994268,11.94287109375,,231289280,true,dcb2c10e4ac97b1d1289825869826fdec84593f7,6ac98672d6a5ec3f,true,2026-09-20T14:15:40+00:00
20260920T140330Z-gpu,electricity_hourly,T201,chronos_bolt,tsfm,168,24,150000,20.715609232584637,25.908799866202738,0.38161030184113953,3.321668253395215,33.235608000040884,1.0751953125,,205292928,true,dcb2c10e4ac97b1d1289825869826fdec84593f7,6ac98672d6a5ec3f,true,2026-09-20T14:15:45+00:00
20260920T140330Z-gpu,electricity_hourly,T201,chronos_bolt,tsfm,168,24,150001,53.545369466145836,93.88485057247195,2.032832376252307,8.477435083320882,35.61774600007084,1.0751953125,,205292928,true,dcb2c10e4ac97b1d1289825869826fdec84593f7,6ac98672d6a5ec3f,true,2026-09-20T14:15:45+00:00
20260920T140330Z-gpu,electricity_hourly,T201,chronos_bolt,tsfm,168,24,150002,25.25295893351237,33.50816203072373,0.6151964280875962,3.7951788355165004,35.268338000150834,1.0751953125,,205292928,true,dcb2c10e4ac97b1d1289825869826fdec84593f7,6ac98672d6a5ec3f,true,2026-09-20T14:15:45+00:00
20260920T140330Z-gpu,electricity_hourly,T201,chronos_bolt,tsfm,168,24,150003,26.600672403971355,38.380276936674925,0.9774168987425045,4.461803296909369,34.16253499995037,1.0751953125,,205292928,true,dcb2c10e4ac97b1d1289825869826fdec84593f7,6ac98672d6a5ec3f,true,2026-09-20T14:15:45+00:00
20260920T140330Z-gpu,electricity_hourly,T201,chronos_bolt,tsfm,168,24,150004,26.820087432861328,40.49254336283074,0.6837982631607704,3.900682518629516,32.91267200006587,1.0751953125,,205292928,true,dcb2c10e4ac97b1d1289825869826fdec84593f7,6ac98672d6a5ec3f,true,2026-09-20T14:15:45+00:00
20260920T140330Z-gpu,electricity_hourly,T201,chronos_bolt,tsfm,168,24,150005,24.6836420694987,31.68967318005121,0.7848188249078853,3.382405094762126,35.85481899995102,1.0751953125,,205292928,true,dcb2c10e4ac97b1d1289825869826fdec84593f7,6ac98672d6a5ec3f,true,2026-09-20T14:15:45+00:00
20260920T140330Z-gpu,electricity_hourly,T201,chronos_bolt,tsfm,168,24,150006,35.7401008605957,43.14691895088764,0.4619905317707164,4.988398306855945,33.461588000136544,1.0751953125,,205292928,true,dcb2c10e4ac97b1d1289825869826fdec84593f7,6ac98672d6a5ec3f,true,2026-09-20T14:15:45+00:00
20260920T140330Z-gpu,electricity_hourly,T201,chronos_bolt,tsfm,168,24,150007,77.45910517374675,92.49419569968481,1.1966646438171367,9.970945498776194,33.309511000197745,1.0751953125,,205292928,true,dcb2c10e4ac97b1d1289825869826fdec84593f7,6ac98672d6a5ec3f,true,2026-09-20T14:15:45+00:00
20260920T140330Z-gpu,electricity_hourly,T201,chronos_bolt,tsfm,168,24,150008,43.37954839070638,56.155176400329225,0.5877545133855588,5.302546402019724,33.638397999993686,1.0751953125,,205292928,true,dcb2c10e4ac97b1d1289825869826fdec84593f7,6ac98672d6a5ec3f,true,2026-09-20T14:15:45+00:00
20260920T140330Z-gpu,electricity_hourly,T201,chronos_bolt,tsfm,168,24,150009,85.3354860941569,130.5194795483015,1.3365575372589291,9.629675387183907,34.63489999990088,1.0751953125,,205292928,true,dcb2c10e4ac97b1d1289825869826fdec84593f7,6ac98672d6a5ec3f,true,2026-09-20T14:15:45+00:00
20260920T140330Z-gpu,electricity_hourly,T201,chronos_bolt,tsfm,168,24,150010,25.3748296101888,27.885685968388298,0.5924084733896218,3.6284975087712565,33.69653599997946,1.0751953125,,205292928,true,dcb2c10e4ac97b1d1289825869826fdec84593f7,6ac98672d6a5ec3f,true,2026-09-20T14:15:45+00:00
20260920T140330Z-gpu,electricity_hourly,T201,chronos_bolt,tsfm,168,24,150011,14.837203979492188,19.40235839763692,0.32549624817898765,2.045071252605781,34.369654999864,1.0751953125,,205292928,true,dcb2c10e4ac97b1d1289825869826fdec84593f7,6ac98672d6a5ec3f,true,2026-09-20T14:15:45+00:00
20260920T140330Z-gpu,electricity_hourly,T201,chronos_bolt,tsfm,168,24,150012,39.2730344136556,53.897888417879585,1.0907072238315152,5.486789624427773,36.24044200000753,1.0751953125,,205292928,true,dcb2c10e4ac97b1d1289825869826fdec84593f7,6ac98672d6a5ec3f,true,2026-09-20T14:15:45+00:00
20260920T140330Z-gpu,electricity_hourly,T201,chronos_bolt,tsfm,168,24,150013,29.919091542561848,39.128568726422024,0.43994171164391976,4.53108690036619,37.26526999980706,1.0751953125,,205292928,true,dcb2c10e4ac97b1d1289825869826fdec84593f7,6ac98672d6a5ec3f,true,2026-09-20T14:15:45+00:00
20260920T140330Z-gpu,electricity_hourly,T201,chronos_bolt,tsfm,168,24,150014,112.57338841756184,167.6361437665276,1.7545803584943072,17.713990659750532,36.90360900009182,1.0751953125,,205292928,true,dcb2c10e4ac97b1d1289825869826fdec84593f7,6ac98672d6a5ec3f,true,2026-09-20T14:15:45+00:00
20260920T140330Z-gpu,electricity_hourly,T201,chronos_bolt,tsfm,168,24,150015,17.108328501383465,22.20058543217683,0.5198563629878074,2.4551774995457105,34.43302899995615,1.0751953125,,205292928,true,dcb2c10e4ac97b1d1289825869826fdec84593f7,6ac98672d6a5ec3f,true,2026-09-20T14:15:45+00:00
20260920T140330Z-gpu,electricity_hourly,T201,chronos_bolt,tsfm,168,24,150016,25.099206288655598,32.64756694060053,0.6282436477605434,3.692576608214007,34.06696100000772,1.0751953125,,205292928,true,dcb2c10e4ac97b1d1289825869826fdec84593f7,6ac98672d6a5ec3f,true,2026-09-20T14:15:45+00:00
20260920T140330Z-gpu,electricity_hourly,T201,chronos_bolt,tsfm,168,24,150017,22.825272878011067,28.063403955791134,0.5769421264584156,3.6511878871884855,34.20579699991322,1.0751953125,,205292928,true,dcb2c10e4ac97b1d1289825869826fdec84593f7,6ac98672d6a5ec3f,true,2026-09-20T14:15:45+00:00
20260920T140330Z-gpu,electricity_hourly,T201,chronos_bolt,tsfm,168,24,150018,20.260061899820965,26.706139479249263,0.3361503529870053,3.344526292878097,36.933476999820414,1.0751953125,,205292928,true,dcb2c10e4ac97b1d1289825869826fdec84593f7,6ac98672d6a5ec3f,true,2026-09-20T14:15:45+00:00
20260920T140330Z-gpu,electricity_hourly,T201,chronos_bolt,tsfm,168,24,150019,26.75806172688802,32.893889888777025,0.6719848079302189,4.2325876592853175,35.61148900007538,1.0751953125,,205292928,true,dcb2c10e4ac97b1d1289825869826fdec84593f7,6ac98672d6a5ec3f,true,2026-09-20T14:15:45+00:00
20260920T140330Z-gpu,electricity_hourly,T201,chronos_bolt,tsfm,168,24,150020,34.83754221598307,48.410415902907594,0.6082209116272504,5.8695796711018176,34.201085000177045,1.0751953125,,205292928,true,dcb2c10e4ac97b1d1289825869826fdec84593f7,6ac98672d6a5ec3f,true,2026-09-20T14:15:45+00:00
20260920T140330Z-gpu,electricity_hourly,T201,chronos_bolt,tsfm,168,24,150021,114.79346211751302,187.1465112828403,0.9324904690540912,13.366166679058397,33.5503730000255,1.0751953125,,205292928,true,dcb2c10e4ac97b1d1289825869826fdec84593f7,6ac98672d6a5ec3f,true,2026-09-20T14:15:45+00:00
20260920T140330Z-gpu,electricity_hourly,T215,lstm,deep,168,24,160000,41.34102342963635,60.152770034881456,1.3453349997440982,8.602251498362142,344.02284599991617,16.14599609375,0.33504512699983025,4513,false,dcb2c10e4ac97b1d1289825869826fdec84593f7,6ac98672d6a5ec3f,true,2026-09-20T14:15:57+00:00
20260920T140330Z-gpu,electricity_hourly,T215,lstm,deep,168,24,160001,74.20683474560752,88.12300397729322,2.369353481899664,11.885820579839585,336.2509350001801,16.10986328125,0.32689566500016554,4513,false,dcb2c10e4ac97b1d1289825869826fdec84593f7,6ac98672d6a5ec3f,true,2026-09-20T14:15:57+00:00
20260920T140330Z-gpu,electricity_hourly,T215,lstm,deep,168,24,160002,40.96230390523316,53.24394735573237,1.5167322608263245,7.110584512969294,336.6527670000323,16.10986328125,0.3273409079999965,4513,false,dcb2c10e4ac97b1d1289825869826fdec84593f7,6ac98672d6a5ec3f,true,2026-09-20T14:15:57+00:00
20260920T140330Z-gpu,electricity_hourly,T215,lstm,deep,168,24,160003,34.966163425588206,42.51915818759474,1.2841437218272638,6.333252146284822,341.64507699983915,16.10986328125,0.33220678200018483,4513,false,dcb2c10e4ac97b1d1289825869826fdec84593f7,6ac98672d6a5ec3f,true,2026-09-20T14:15:57+00:00
20260920T140330Z-gpu,electricity_hourly,T215,lstm,deep,168,24,160004,75.75136133771538,97.90513326659472,2.376513296869502,10.712928454180178,336.04038199996467,16.10986328125,0.32667583600004946,4513,false,dcb2c10e4ac97b1d1289825869826fdec84593f7,6ac98672d6a5ec3f,true,2026-09-20T14:15:57+00:00
20260920T140330Z-gpu,electricity_hourly,T215,lstm,deep,168,24,160005,40.04509628226025,60.34584489759368,1.9311767798544797,6.917618609930163,355.1485309999407,16.10986328125,0.344769099999894,4513,false,dcb2c10e4ac97b1d1289825869826fdec84593f7,6ac98672d6a5ec3f,true,2026-09-20T14:15:57+00:00
20260920T140330Z-gpu,electricity_hourly,T215,lstm,deep,168,24,160006,48.27082140160707,65.95830641124255,1.8263264009015812,7.9930694987363395,335.3774900001554,16.10986328125,0.32598825000013676,4513,false,dcb2c10e4ac97b1d1289825869826fdec84593f7,6ac98672d6a5ec3f,true,2026-09-20T14:15:57+00:00
20260920T140330Z-gpu,electricity_hourly,T215,lstm,deep,168,24,160007,38.01862875715107,54.55826761625544,1.578628183687934,6.9974088393354785,335.42241999998623,16.10986328125,0.32610094200003914,4513,false,dcb2c10e4ac97b1d1289825869826fdec84593f7,6ac98672d6a5ec3f,true,2026-09-20T14:15:57+00:00
20260920T140330Z-gpu,electricity_hourly,T215,lstm,deep,168,24,160008,63.74275480184932,83.97448249071935,2.799315855890913,12.77867373651104,342.0080450000569,16.10986328125,0.33233861500002604,4513,false,dcb2c10e4ac97b1d1289825869826fdec84593f7,6ac98672d6a5ec3f,true,2026-09-20T14:15:57+00:00
20260920T140330Z-gpu,electricity_hourly,T215,lstm,deep,168,24,160009,59.30053024562915,73.50724607712858,1.5943383785232632,8.96055789119506,345.60710499999914,16.10986328125,0.3357436209998923,4513,false,dcb2c10e4ac97b1d1289825869826fdec84593f7,6ac98672d6a5ec3f,true,2026-09-20T14:15:57+00:00
20260920T140330Z-gpu,electricity_hourly,T215,lstm,deep,168,24,160010,32.50862469113321,41.57240902184566,1.5095910853025418,6.12261693868563,340.3125279999131,16.10986328125,0.3301813680000123,4513,false,dcb2c10e4ac97b1d1289825869826fdec84593f7,6ac98672d6a5ec3f,true,2026-09-20T14:15:57+00:00
20260920T140330Z-gpu,electricity_hourly,T215,lstm,deep,168,24,160011,37.309958963270276,43.060959269114804,1.8243239696811273,6.609722450443406,337.80551499989997,16.10986328125,0.32853028199997425,4513,false,dcb2c10e4ac97b1d1289825869826fdec84593f7,6ac98672d6a5ec3f,true,2026-09-20T14:15:57+00:00
20260920T140330Z-gpu,electricity_hourly,T215,lstm,deep,168,24,160012,68.4993076554049,96.80768380640144,2.6891767454684588,13.036276129484037,383.36594799989143,16.10986328125,0.3743453080001018,4513,false,dcb2c10e4ac97b1d1289825869826fdec84593f7,6ac98672d6a5ec3f,true,2026-09-20T14:15:57+00:00
20260920T140330Z-gpu,electricity_hourly,T215,lstm,deep,168,24,160013,32.88737299183038,41.376232516393266,0.9997428141911705,6.954460325103589,338.10043000016776,16.10986328125,0.3288966560000972,4513,false,dcb2c10e4ac97b1d1289825869826fdec84593f7,6ac98672d6a5ec3f,true,2026-09-20T14:15:57+00:00
20260920T140330Z-gpu,electricity_hourly,T215,lstm,deep,168,24,160014,35.82727201528894,43.043353236995685,1.4660776272240998,6.379165219238013,350.7339079999383,16.10986328125,0.34069058499994753,4513,false,dcb2c10e4ac97b1d1289825869826fdec84593f7,6ac98672d6a5ec3f,true,2026-09-20T14:15:57+00:00
20260920T140330Z-gpu,electricity_hourly,T215,lstm,deep,168,24,160015,69.09330335027353,93.9779204262846,1.6434482461908473,13.205520740837922,341.1935930000709,16.10986328125,0.33183210400011376,4513,false,dcb2c10e4ac97b1d1289825869826fdec84593f7,6ac98672d6a5ec3f,true,2026-09-20T14:15:57+00:00
20260920T140330Z-gpu,electricity_hourly,T215,lstm,deep,168,24,160016,45.24176957480504,68.28053373961521,1.3284695796843242,10.197774274264411,334.8467220000657,16.10986328125,0.325844165000035,4513,false,dcb2c10e4ac97b1d1289825869826fdec84593f7,6ac98672d6a5ec3f,true,2026-09-20T14:15:57+00:00
20260920T140330Z-gpu,electricity_hourly,T215,lstm,deep,168,24,160017,96.27302353590244,113.84705240632316,2.71085557081931,17.796086538813757,334.36740199999804,16.10986328125,0.3251832920000197,4513,false,dcb2c10e4ac97b1d1289825869826fdec84593f7,6ac98672d6a5ec3f,true,2026-09-20T14:15:57+00:00
20260920T140330Z-gpu,electricity_hourly,T215,lstm,deep,168,24,160018,44.295687621000525,58.71737725978859,2.2563066916958174,9.29084195317086,345.99735699998746,16.10986328125,0.33658000199989146,4513,false,dcb2c10e4ac97b1d1289825869826fdec84593f7,6ac98672d6a5ec3f,true,2026-09-20T14:15:57+00:00
20260920T140330Z-gpu,electricity_hourly,T215,lstm,deep,168,24,160019,23.17272972093404,33.26594693123135,1.1614594778331018,5.129334539203318,331.65680899992367,16.10986328125,0.3225003939999169,4513,false,dcb2c10e4ac97b1d1289825869826fdec84593f7,6ac98672d6a5ec3f,true,2026-09-20T14:15:57+00:00
20260920T140330Z-gpu,electricity_hourly,T215,lstm,deep,168,24,160020,63.72169951119841,87.44194949042638,2.789882860934196,12.421548908688877,334.0585599999031,16.10986328125,0.3249065970001084,4513,false,dcb2c10e4ac97b1d1289825869826fdec84593f7,6ac98672d6a5ec3f,true,2026-09-20T14:15:57+00:00
20260920T140330Z-gpu,electricity_hourly,T215,lstm,deep,168,24,160021,30.321049625706337,38.94776093941555,0.46523507150790755,6.791868281125664,331.1775449999459,16.10986328125,0.3221573369999078,4513,false,dcb2c10e4ac97b1d1289825869826fdec84593f7,6ac98672d6a5ec3f,true,2026-09-20T14:15:57+00:00
20260920T140330Z-gpu,electricity_hourly,T215,transformer,deep,168,24,160000,38.48309940173506,51.81836896531185,1.2523313703615477,7.932347563264576,590.167862999806,10.6845703125,0.5889906309998878,19232,false,dcb2c10e4ac97b1d1289825869826fdec84593f7,6ac98672d6a5ec3f,true,2026-09-20T14:16:16+00:00
20260920T140330Z-gpu,electricity_hourly,T215,transformer,deep,168,24,160001,90.66049291092152,109.5578003800432,2.8947030995948335,14.545976541482538,592.3476959999334,10.525390625,0.5912552990000677,19232,false,dcb2c10e4ac97b1d1289825869826fdec84593f7,6ac98672d6a5ec3f,true,2026-09-20T14:16:16+00:00
20260920T140330Z-gpu,electricity_hourly,T215,transformer,deep,168,24,160002,45.32215004101854,57.88737678324592,1.6781665224753586,8.08065576875968,604.0144609999061,10.525390625,0.6029056820000278,19232,false,dcb2c10e4ac97b1d1289825869826fdec84593f7,6ac98672d6a5ec3f,true,2026-09-20T14:16:16+00:00
20260920T140330Z-gpu,electricity_hourly,T215,transformer,deep,168,24,160003,34.486994450738244,42.29834117866547,1.2665460854134933,6.476931921237955,587.9266969998298,10.525390625,0.5867706369999723,19232,false,dcb2c10e4ac97b1d1289825869826fdec84593f7,6ac98672d6a5ec3f,true,2026-09-20T14:16:16+00:00
20260920T140330Z-gpu,electricity_hourly,T215,transformer,deep,168,24,160004,123.69560249218422,145.9708457332415,3.8806463526959756,20.129422987081156,586.8233829999099,10.525390625,0.5857357920001505,19232,false,dcb2c10e4ac97b1d1289825869826fdec84593f7,6ac98672d6a5ec3f,true,2026-09-20T14:16:16+00:00
20260920T140330Z-gpu,electricity_hourly,T215,transformer,deep,168,24,160005,33.19178682882375,53.03989702510733,1.6006755871904288,5.7874678804735025,631.5861289999702,10.525390625,0.630380273000128,19232,false,dcb2c10e4ac97b1d1289825869826fdec84593f7,6ac98672d6a5ec3f,true,2026-09-20T14:16:16+00:00
20260920T140330Z-gpu,electricity_hourly,T215,transformer,deep,168,24,160006,56.45204327162663,68.36050848499886,2.13586290885818,8.886221952764567,589.6841399999175,10.525390625,0.5885797549999552,19232,false,dcb2c10e4ac97b1d1289825869826fdec84593f7,6ac98672d6a5ec3f,true,2026-09-20T14:16:16+00:00
20260920T140330Z-gpu,electricity_hourly,T215,transformer,deep,168,24,160007,42.9392570776425,51.84174969635401,1.7829449305595504,7.001028688812351,590.7990850000715,10.525390625,0.5897192659999746,19232,false,dcb2c10e4ac97b1d1289825869826fdec84593f7,6ac98672d6a5ec3f,true,2026-09-20T14:16:16+00:00
20260920T140330Z-gpu,electricity_hourly,T215,transformer,deep,168,24,160008,63.54104751558339,88.40475508817083,2.7904577134016493,13.28800334437799,586.1508149998826,10.525390625,0.5850308170001881,19232,false,dcb2c10e4ac97b1d1289825869826fdec84593f7,6ac98672d6a5ec3f,true,2026-09-20T14:16:16+00:00
20260920T140330Z-gpu,electricity_hourly,T215,transformer,deep,168,24,160009,90.09849096577932,100.51426791970296,2.422364208191229,14.94692418973876,596.4477499999248,10.525390625,0.5953518050000639,19232,false,dcb2c10e4ac97b1d1289825869826fdec84593f7,6ac98672d6a5ec3f,true,2026-09-20T14:16:16+00:00
20260920T140330Z-gpu,electricity_hourly,T215,transformer,deep,168,24,160010,32.53615711244337,39.99264867652342,1.5108695982559965,5.740135503167727,626.6227340001933,10.525390625,0.6254894149999473,19232,false,dcb2c10e4ac97b1d1289825869826fdec84593f7,6ac98672d6a5ec3f,true,2026-09-20T14:16:16+00:00
20260920T140330Z-gpu,electricity_hourly,T215,transformer,deep,168,24,160011,46.1940884018427,51.432004073456866,2.2587262240629364,8.669970661353448,599.9102680000306,10.525390625,0.598690212000065,19232,false,dcb2c10e4ac97b1d1289825869826fdec84593f7,6ac98672d6a5ec3f,true,2026-09-20T14:16:16+00:00
20260920T140330Z-gpu,electricity_hourly,T215,transformer,deep,168,24,160012,42.07062837921706,50.59998734414691,1.6516277226301137,7.94201034923301,592.4879799999871,10.525390625,0.591311492999921,19232,false,dcb2c10e4ac97b1d1289825869826fdec84593f7,6ac98672d6a5ec3f,true,2026-09-20T14:16:16+00:00
20260920T140330Z-gpu,electricity_hourly,T215,transformer,deep,168,24,160013,37.6437902361259,44.580658843030506,1.1443330787422692,7.365728768890727,612.108360000093,10.525390625,0.6109575610000775,19232,false,dcb2c10e4ac97b1d1289825869826fdec84593f7,6ac98672d6a5ec3f,true,2026-09-20T14:16:16+00:00
20260920T140330Z-gpu,electricity_hourly,T215,transformer,deep,168,24,160014,77.00233559999536,102.41635936094308,3.1509907150893244,15.870024804851566,630.8249630001228,10.525390625,0.6295892890000232,19232,false,dcb2c10e4ac97b1d1289825869826fdec84593f7,6ac98672d6a5ec3f,true,2026-09-20T14:16:16+00:00
20260920T140330Z-gpu,electricity_hourly,T215,transformer,deep,168,24,160015,60.193551392717886,76.92098418633518,1.431759398835708,11.757843062008662,611.3390749999326,10.525390625,0.6102113259998987,19232,false,dcb2c10e4ac97b1d1289825869826fdec84593f7,6ac98672d6a5ec3f,true,2026-09-20T14:16:16+00:00
20260920T140330Z-gpu,electricity_hourly,T215,transformer,deep,168,24,160016,38.395765793074865,51.88849104023362,1.127444998817859,8.616455070930918,601.130903000012,10.525390625,0.5999197049998202,19232,false,dcb2c10e4ac97b1d1289825869826fdec84593f7,6ac98672d6a5ec3f,true,2026-09-20T14:16:16+00:00
20260920T140330Z-gpu,electricity_hourly,T215,transformer,deep,168,24,160017,83.33414611844309,98.72100319613607,2.346522690859563,15.051377296166091,631.9310889998633,10.525390625,0.6308143060000475,19232,false,dcb2c10e4ac97b1d1289825869826fdec84593f7,6ac98672d6a5ec3f,true,2026-09-20T14:16:16+00:00
20260920T140330Z-gpu,electricity_hourly,T215,transformer,deep,168,24,160018,25.915106910933844,34.79199591139297,1.3200478935884237,5.782940251435034,615.8667209999749,10.525390625,0.6147331210001994,19232,false,dcb2c10e4ac97b1d1289825869826fdec84593f7,6ac98672d6a5ec3f,true,2026-09-20T14:16:16+00:00
20260920T140330Z-gpu,electricity_hourly,T215,transformer,deep,168,24,160019,26.810303315653528,34.72704456896321,1.3437813008890038,6.090969851502204,619.4180090001282,10.525390625,0.6181381719998171,19232,false,dcb2c10e4ac97b1d1289825869826fdec84593f7,6ac98672d6a5ec3f,true,2026-09-20T14:16:16+00:00
20260920T140330Z-gpu,electricity_hourly,T215,transformer,deep,168,24,160020,66.90191763995017,87.7595015031332,2.929120139906605,13.20199441353083,599.8901269999806,10.525390625,0.598859154000138,19232,false,dcb2c10e4ac97b1d1289825869826fdec84593f7,6ac98672d6a5ec3f,true,2026-09-20T14:16:16+00:00
20260920T140330Z-gpu,electricity_hourly,T215,transformer,deep,168,24,160021,40.23029846375697,52.24108097747632,0.6172789535195528,8.969179073037562,595.3279349998866,10.525390625,0.5941743850000876,19232,false,dcb2c10e4ac97b1d1289825869826fdec84593f7,6ac98672d6a5ec3f,true,2026-09-20T14:16:16+00:00
20260920T140330Z-gpu,electricity_hourly,T215,timesfm25,tsfm,168,24,160000,38.116956075032554,49.977773586192555,1.2404161976959747,7.568206872686391,120.85852599989266,11.94287109375,,231289280,true,dcb2c10e4ac97b1d1289825869826fdec84593f7,6ac98672d6a5ec3f,true,2026-09-20T14:16:23+00:00
20260920T140330Z-gpu,electricity_hourly,T215,timesfm25,tsfm,168,24,160001,58.317298889160156,69.83059278057327,1.8620157516716325,8.963790040801507,121.04298500003097,11.94287109375,,231289280,true,dcb2c10e4ac97b1d1289825869826fdec84593f7,6ac98672d6a5ec3f,true,2026-09-20T14:16:23+00:00
20260920T140330Z-gpu,electricity_hourly,T215,timesfm25,tsfm,168,24,160002,29.297622680664062,34.13149862735303,1.0848181193148947,5.247518423258359,122.81374300005155,11.94287109375,,231289280,true,dcb2c10e4ac97b1d1289825869826fdec84593f7,6ac98672d6a5ec3f,true,2026-09-20T14:16:23+00:00
20260920T140330Z-gpu,electricity_hourly,T215,timesfm25,tsfm,168,24,160003,26.556830088297527,29.532609697898035,0.9753082205342626,4.85515612711965,120.48318699999072,11.94287109375,,231289280,true,dcb2c10e4ac97b1d1289825869826fdec84593f7,6ac98672d6a5ec3f,true,2026-09-20T14:16:23+00:00
20260920T140330Z-gpu,electricity_hourly,T215,timesfm25,tsfm,168,24,160004,45.68368403116862,59.21689941601386,1.4332136166641134,6.458166207979405,119.8017520000576,11.94287109375,,231289280,true,dcb2c10e4ac97b1d1289825869826fdec84593f7,6ac98672d6a5ec3f,true,2026-09-20T14:16:23+00:00
20260920T140330Z-gpu,electricity_hourly,T215,timesfm25,tsfm,168,24,160005,25.81690851847331,31.53676517925666,1.2450217102009902,4.220598402475882,122.6472839998678,11.94287109375,,231289280,true,dcb2c10e4ac97b1d1289825869826fdec84593f7,6ac98672d6a5ec3f,true,2026-09-20T14:16:23+00:00
20260920T140330Z-gpu,electricity_hourly,T215,timesfm25,tsfm,168,24,160006,14.130907694498697,17.550548617488385,0.5346428554933821,2.4384919822063233,120.21656899992195,11.94287109375,,231289280,true,dcb2c10e4ac97b1d1289825869826fdec84593f7,6ac98672d6a5ec3f,true,2026-09-20T14:16:23+00:00
20260920T140330Z-gpu,electricity_hourly,T215,timesfm25,tsfm,168,24,160007,17.23999786376953,23.222328420818027,0.7158476621634408,3.085206685542863,123.32227799993234,11.94287109375,,231289280,true,dcb2c10e4ac97b1d1289825869826fdec84593f7,6ac98672d6a5ec3f,true,2026-09-20T14:16:23+00:00
20260920T140330Z-gpu,electricity_hourly,T215,timesfm25,tsfm,168,24,160008,45.2210578918457,67.87763917432476,1.9859202001908454,10.054163085409003,126.13780100014083,11.94287109375,,231289280,true,dcb2c10e4ac97b1d1289825869826fdec84593f7,6ac98672d6a5ec3f,true,2026-09-20T14:16:23+00:00
20260920T140330Z-gpu,electricity_hourly,T215,timesfm25,tsfm,168,24,160009,28.78485107421875,34.98555796787174,0.7739018959461352,5.046776957713713,122.88262299989583,11.94287109375,,231289280,true,dcb2c10e4ac97b1d1289825869826fdec84593f7,6ac98672d6a5ec3f,true,2026-09-20T14:16:23+00:00
20260920T140330Z-gpu,electricity_hourly,T215,timesfm25,tsfm,168,24,160010,16.739681243896484,21.64079074828332,0.7773344402196368,3.045994202900849,123.70520600006785,11.94287109375,,231289280,true,dcb2c10e4ac97b1d1289825869826fdec84593f7,6ac98672d6a5ec3f,true,2026-09-20T14:16:23+00:00
20260920T140330Z-gpu,electricity_hourly,T215,timesfm25,tsfm,168,24,160011,18.785257975260418,24.714876336900154,0.9185321386884551,3.4054402754488025,122.45856999993521,11.94287109375,,231289280,true,dcb2c10e4ac97b1d1289825869826fdec84593f7,6ac98672d6a5ec3f,true,2026-09-20T14:16:23+00:00
20260920T140330Z-gpu,electricity_hourly,T215,timesfm25,tsfm,168,24,160012,16.12005106608073,20.308307053999194,0.6328482425069861,3.055272584660251,124.7530050000023,11.94287109375,,231289280,true,dcb2c10e4ac97b1d1289825869826fdec84593f7,6ac98672d6a5ec3f,true,2026-09-20T14:16:23+00:00
20260920T140330Z-gpu,electricity_hourly,T215,timesfm25,tsfm,168,24,160013,24.318126678466797,29.22062495882871,0.7392464094784079,5.332426471127272,114.4177620001301,11.94287109375,,231289280,true,dcb2c10e4ac97b1d1289825869826fdec84593f7,6ac98672d6a5ec3f,true,2026-09-20T14:16:23+00:00
20260920T140330Z-gpu,electricity_hourly,T215,timesfm25,tsfm,168,24,160014,17.085105895996094,21.448647114689404,0.6991347681226023,3.164187673212677,122.42608399992605,11.94287109375,,231289280,true,dcb2c10e4ac97b1d1289825869826fdec84593f7,6ac98672d6a5ec3f,true,2026-09-20T14:16:23+00:00
20260920T140330Z-gpu,electricity_hourly,T215,timesfm25,tsfm,168,24,160015,40.102395375569664,43.698836679795484,0.953872635296008,7.2212920071953155,127.47789000013654,11.94287109375,,231289280,true,dcb2c10e4ac97b1d1289825869826fdec84593f7,6ac98672d6a5ec3f,true,2026-09-20T14:16:23+00:00
20260920T140330Z-gpu,electricity_hourly,T215,timesfm25,tsfm,168,24,160016,54.8071657816569,60.59900546064002,1.6093458141432693,12.393470809308889,122.62295099981202,11.94287109375,,231289280,true,dcb2c10e4ac97b1d1289825869826fdec84593f7,6ac98672d6a5ec3f,true,2026-09-20T14:16:23+00:00
20260920T140330Z-gpu,electricity_hourly,T215,timesfm25,tsfm,168,24,160017,74.54459126790364,91.67618159748098,2.0990264260027622,13.372604311029459,117.99483699996927,11.94287109375,,231289280,true,dcb2c10e4ac97b1d1289825869826fdec84593f7,6ac98672d6a5ec3f,true,2026-09-20T14:16:23+00:00
20260920T140330Z-gpu,electricity_hourly,T215,timesfm25,tsfm,168,24,160018,12.452349344889322,15.275870145912377,0.6342901682575389,2.670475659715058,119.55171800013886,11.94287109375,,231289280,true,dcb2c10e4ac97b1d1289825869826fdec84593f7,6ac98672d6a5ec3f,true,2026-09-20T14:16:23+00:00
20260920T140330Z-gpu,electricity_hourly,T215,timesfm25,tsfm,168,24,160019,14.335620880126953,17.451328982925006,0.7185274649280478,3.342566711409202,133.11676799980887,11.94287109375,,231289280,true,dcb2c10e4ac97b1d1289825869826fdec84593f7,6ac98672d6a5ec3f,true,2026-09-20T14:16:23+00:00
20260920T140330Z-gpu,electricity_hourly,T215,timesfm25,tsfm,168,24,160020,18.807912190755207,27.176263292908953,0.8234537414012617,3.459063168429424,132.85891499981517,11.94287109375,,231289280,true,dcb2c10e4ac97b1d1289825869826fdec84593f7,6ac98672d6a5ec3f,true,2026-09-20T14:16:23+00:00
20260920T140330Z-gpu,electricity_hourly,T215,timesfm25,tsfm,168,24,160021,19.58952458699544,25.154587671168674,0.3005744848723861,4.554796244527258,124.85718700008874,11.94287109375,,231289280,true,dcb2c10e4ac97b1d1289825869826fdec84593f7,6ac98672d6a5ec3f,true,2026-09-20T14:16:23+00:00
20260920T140330Z-gpu,electricity_hourly,T215,chronos_bolt,tsfm,168,24,160000,40.44220479329427,52.60299822568832,1.3160853085275424,7.846932759822797,32.678955999926984,1.0751953125,,205292928,true,dcb2c10e4ac97b1d1289825869826fdec84593f7,6ac98672d6a5ec3f,true,2026-09-20T14:16:28+00:00
20260920T140330Z-gpu,electricity_hourly,T215,chronos_bolt,tsfm,168,24,160001,38.213731129964195,47.49021104242657,1.220128000601961,6.063462796522287,33.460106999882555,1.0751953125,,205292928,true,dcb2c10e4ac97b1d1289825869826fdec84593f7,6ac98672d6a5ec3f,true,2026-09-20T14:16:28+00:00
20260920T140330Z-gpu,electricity_hourly,T215,chronos_bolt,tsfm,168,24,160002,23.052715301513672,28.473493867858803,0.8535847270295626,3.90283415016592,34.43892500013135,1.0751953125,,205292928,true,dcb2c10e4ac97b1d1289825869826fdec84593f7,6ac98672d6a5ec3f,true,2026-09-20T14:16:28+00:00
20260920T140330Z-gpu,electricity_hourly,T215,chronos_bolt,tsfm,168,24,160003,28.92920684814453,32.39963547878614,1.0624345284704955,5.17287592473073,35.86926000002677,1.0751953125,,205292928,true,dcb2c10e4ac97b1d1289825869826fdec84593f7,6ac98672d6a5ec3f,true,2026-09-20T14:16:28+00:00
20260920T140330Z-gpu,electricity_hourly,T215,chronos_bolt,tsfm,168,24,160004,38.40465799967448,51.63705452944865,1.204852015676062,6.052458115681706,38.15683000016179,1.0751953125,,205292928,true,dcb2c10e4ac97b1d1289825869826fdec84593f7,6ac98672d6a5ec3f,true,2026-09-20T14:16:28+00:00
20260920T140330Z-gpu,electricity_hourly,T215,chronos_bolt,tsfm,168,24,160005,28.416723887125652,33.4429564998648,1.3703979369544856,4.5070351260929655,32.26790300004723,1.0751953125,,205292928,true,dcb2c10e4ac97b1d1289825869826fdec84593f7,6ac98672d6a5ec3f,true,2026-09-20T14:16:28+00:00
20260920T140330Z-gpu,electricity_hourly,T215,chronos_bolt,tsfm,168,24,160006,11.842803955078125,15.179230906913629,0.448072456524238,1.8403309096267206,34.75905400000556,1.0751953125,,205292928,true,dcb2c10e4ac97b1d1289825869826fdec84593f7,6ac98672d6a5ec3f,true,2026-09-20T14:16:28+00:00
20260920T140330Z-gpu,electricity_hourly,T215,chronos_bolt,tsfm,168,24,160007,15.116072336832682,19.7871421078276,0.6276569828442636,2.5662973577508157,33.5606450000796,1.0751953125,,205292928,true,dcb2c10e4ac97b1d1289825869826fdec84593f7,6ac98672d6a5ec3f,true,2026-09-20T14:16:28+00:00
20260920T140330Z-gpu,electricity_hourly,T215,chronos_bolt,tsfm,168,24,160008,35.319802602132164,51.16354334499016,1.5510983759399304,7.860339304499261,38.26581199996326,1.0751953125,,205292928,true,dcb2c10e4ac97b1d1289825869826fdec84593f7,6ac98672d6a5ec3f,true,2026-09-20T14:16:28+00:00
20260920T140330Z-gpu,electricity_hourly,T215,chronos_bolt,tsfm,168,24,160009,23.96898015340169,29.799221397847013,0.6444236635716661,4.270189932360498,32.54040599995278,1.0751953125,,205292928,true,dcb2c10e4ac97b1d1289825869826fdec84593f7,6ac98672d6a5ec3f,true,2026-09-20T14:16:28+00:00
20260920T140330Z-gpu,electricity_hourly,T215,chronos_bolt,tsfm,168,24,160010,15.800824483235678,19.20240144381743,0.7337370930622179,2.8474786832918233,36.61866199990982,1.0751953125,,205292928,true,dcb2c10e4ac97b1d1289825869826fdec84593f7,6ac98672d6a5ec3f,true,2026-09-20T14:16:28+00:00
20260920T140330Z-gpu,electricity_hourly,T215,chronos_bolt,tsfm,168,24,160011,19.28373082478841,25.972559323909216,0.94290568379271,3.6158155640778005,35.37696600005802,1.0751953125,,205292928,true,dcb2c10e4ac97b1d1289825869826fdec84593f7,6ac98672d6a5ec3f,true,2026-09-20T14:16:28+00:00
20260920T140330Z-gpu,electricity_hourly,T215,chronos_bolt,tsfm,168,24,160012,12.124861399332682,15.390023868303867,0.4760032828527552,2.1012768553882797,35.48958499982291,1.0751953125,,205292928,true,dcb2c10e4ac97b1d1289825869826fdec84593f7,6ac98672d6a5ec3f,true,2026-09-20T14:16:28+00:00
20260920T140330Z-gpu,electricity_hourly,T215,chronos_bolt,tsfm,168,24,160013,26.021830240885418,30.100963338036934,0.7910372714138695,5.484236288673299,35.471099999995204,1.0751953125,,205292928,true,dcb2c10e4ac97b1d1289825869826fdec84593f7,6ac98672d6a5ec3f,true,2026-09-20T14:16:28+00:00
20260920T140330Z-gpu,electricity_hourly,T215,chronos_bolt,tsfm,168,24,160014,13.89828109741211,17.112808475954168,0.5687276152393702,2.4730102656791773,36.43350799984546,1.0751953125,,205292928,true,dcb2c10e4ac97b1d1289825869826fdec84593f7,6ac98672d6a5ec3f,true,2026-09-20T14:16:28+00:00
20260920T140330Z-gpu,electricity_hourly,T215,chronos_bolt,tsfm,168,24,160015,34.85634740193685,39.80555078762673,0.8290905229400243,6.100033972146216,34.25610499994036,1.0751953125,,205292928,true,dcb2c10e4ac97b1d1289825869826fdec84593f7,6ac98672d6a5ec3f,true,2026-09-20T14:16:28+00:00
20260920T140330Z-gpu,electricity_hourly,T215,chronos_bolt,tsfm,168,24,160016,20.22018305460612,24.42421929977024,0.593741101114046,4.423640866022369,34.23010400001658,1.0751953125,,205292928,true,dcb2c10e4ac97b1d1289825869826fdec84593f7,6ac98672d6a5ec3f,true,2026-09-20T14:16:28+00:00
20260920T140330Z-gpu,electricity_hourly,T215,chronos_bolt,tsfm,168,24,160017,71.19786071777344,89.56472308609749,2.0047891950252983,12.611819724647347,33.86520300000484,1.0751953125,,205292928,true,dcb2c10e4ac97b1d1289825869826fdec84593f7,6ac98672d6a5ec3f,true,2026-09-20T14:16:28+00:00
20260920T140330Z-gpu,electricity_hourly,T215,chronos_bolt,tsfm,168,24,160018,12.2521603902181,15.345384167896281,0.6240930655081027,2.6909077916404427,35.48465200015016,1.0751953125,,205292928,true,dcb2c10e4ac97b1d1289825869826fdec84593f7,6ac98672d6a5ec3f,true,2026-09-20T14:16:28+00:00
20260920T140330Z-gpu,electricity_hourly,T215,chronos_bolt,tsfm,168,24,160019,15.402359008789062,18.5776483401069,0.7719943255362426,3.415540992537864,35.1117449999947,1.0751953125,,205292928,true,dcb2c10e4ac97b1d1289825869826fdec84593f7,6ac98672d6a5ec3f,true,2026-09-20T14:16:28+00:00
20260920T140330Z-gpu,electricity_hourly,T215,chronos_bolt,tsfm,168,24,160020,19.74168523152669,26.665783968396834,0.8643364771480218,3.732814188534058,33.838521999996374,1.0751953125,,205292928,true,dcb2c10e4ac97b1d1289825869826fdec84593f7,6ac98672d6a5ec3f,true,2026-09-20T14:16:28+00:00
20260920T140330Z-gpu,electricity_hourly,T215,chronos_bolt,tsfm,168,24,160021,21.803877512613933,27.0381100782487,0.3345507045089405,4.982405431328121,34.76260499996897,1.0751953125,,205292928,true,dcb2c10e4ac97b1d1289825869826fdec84593f7,6ac98672d6a5ec3f,true,2026-09-20T14:16:28+00:00
20260920T140330Z-gpu,electricity_hourly,T228,lstm,deep,168,24,170000,40.198575829620616,45.03559122007846,2.3762704923913662,17.138200189127513,337.72041399993213,16.14599609375,0.3289098830000512,4513,false,dcb2c10e4ac97b1d1289825869826fdec84593f7,6ac98672d6a5ec3f,true,2026-09-20T14:16:40+00:00
20260920T140330Z-gpu,electricity_hourly,T228,lstm,deep,168,24,170001,54.322227368189836,71.75069556164263,2.8117903454418895,22.493850314927386,334.6183099999962,16.10986328125,0.32576045799987696,4513,false,dcb2c10e4ac97b1d1289825869826fdec84593f7,6ac98672d6a5ec3f,true,2026-09-20T14:16:40+00:00
20260920T140330Z-gpu,electricity_hourly,T228,lstm,deep,168,24,170002,33.21031091561037,46.39990721443981,2.514345305913719,14.14445156280704,349.82833300000493,16.10986328125,0.33980442699999003,4513,false,dcb2c10e4ac97b1d1289825869826fdec84593f7,6ac98672d6a5ec3f,true,2026-09-20T14:16:40+00:00
20260920T140330Z-gpu,electricity_hourly,T228,lstm,deep,168,24,170003,26.43939141052424,44.78178999267576,2.2976900199852084,10.945004356372817,338.491028999897,16.10986328125,0.3291562160000012,4513,false,dcb2c10e4ac97b1d1289825869826fdec84593f7,6ac98672d6a5ec3f,true,2026-09-20T14:16:40+00:00
20260920T140330Z-gpu,electricity_hourly,T228,lstm,deep,168,24,170004,50.21826136618697,68.22785997884557,3.622960739845152,20.000291877509724,351.578181999912,16.10986328125,0.3414196659998652,4513,false,dcb2c10e4ac97b1d1289825869826fdec84593f7,6ac98672d6a5ec3f,true,2026-09-20T14:16:40+00:00
20260920T140330Z-gpu,electricity_hourly,T228,lstm,deep,168,24,170005,25.66759248313041,35.025215257735034,1.4933871990184966,11.476756645113033,338.8506870001038,16.10986328125,0.33004226000002745,4513,false,dcb2c10e4ac97b1d1289825869826fdec84593f7,6ac98672d6a5ec3f,true,2026-09-20T14:16:40+00:00
20260920T140330Z-gpu,electricity_hourly,T228,lstm,deep,168,24,170006,40.19871552201759,57.789952399812,2.552299398223339,16.182427811246228,349.85957200001394,16.10986328125,0.34025254399989535,4513,false,dcb2c10e4ac97b1d1289825869826fdec84593f7,6ac98672d6a5ec3f,true,2026-09-20T14:16:40+00:00
20260920T140330Z-gpu,electricity_hourly,T228,lstm,deep,168,24,170007,24.983817017187835,29.78977682850422,1.741369627529065,10.512217231532684,377.79562400010036,16.10986328125,0.3682964810000158,4513,false,dcb2c10e4ac97b1d1289825869826fdec84593f7,6ac98672d6a5ec3f,true,2026-09-20T14:16:40+00:00
20260920T140330Z-gpu,electricity_hourly,T228,lstm,deep,168,24,170008,36.05193514425993,52.05400825270024,1.8019710728127143,15.38467975929983,358.02678999993987,16.10986328125,0.34900158999994346,4513,false,dcb2c10e4ac97b1d1289825869826fdec84593f7,6ac98672d6a5ec3f,true,2026-09-20T14:16:40+00:00
20260920T140330Z-gpu,electricity_hourly,T228,lstm,deep,168,24,170009,13.40471643761336,18.759567565822735,0.836342793334629,5.6471956804342245,354.688754000108,16.10986328125,0.3455491649999658,4513,false,dcb2c10e4ac97b1d1289825869826fdec84593f7,6ac98672d6a5ec3f,true,2026-09-20T14:16:40+00:00
20260920T140330Z-gpu,electricity_hourly,T228,lstm,deep,168,24,170010,14.718805656660999,18.478020775021886,1.0970538377635528,5.97210544209642,358.8480979999531,16.10986328125,0.3497195659999761,4513,false,dcb2c10e4ac97b1d1289825869826fdec84593f7,6ac98672d6a5ec3f,true,2026-09-20T14:16:40+00:00
20260920T140330Z-gpu,electricity_hourly,T228,lstm,deep,168,24,170011,23.697878906908244,34.58539621944041,1.7410686543850955,10.958244423701933,348.9791349998086,16.10986328125,0.3398348309999619,4513,false,dcb2c10e4ac97b1d1289825869826fdec84593f7,6ac98672d6a5ec3f,true,2026-09-20T14:16:40+00:00
20260920T140330Z-gpu,electricity_hourly,T228,lstm,deep,168,24,170012,42.2342722356809,55.74451895188201,2.43269408077522,17.97545675385185,349.4886549999592,16.10986328125,0.34018174600009843,4513,false,dcb2c10e4ac97b1d1289825869826fdec84593f7,6ac98672d6a5ec3f,true,2026-09-20T14:16:40+00:00
20260920T140330Z-gpu,electricity_hourly,T228,lstm,deep,168,24,170013,46.32352178331754,73.49369336018516,1.843722260032539,21.591539587912397,331.1841469999308,16.10986328125,0.32227008899985776,4513,false,dcb2c10e4ac97b1d1289825869826fdec84593f7,6ac98672d6a5ec3f,true,2026-09-20T14:16:40+00:00
20260920T140330Z-gpu,electricity_hourly,T228,lstm,deep,168,24,170014,27.87101571151521,42.190945488030216,1.291321191267114,12.44395394129758,334.1958200001045,16.10986328125,0.32506314300007944,4513,false,dcb2c10e4ac97b1d1289825869826fdec84593f7,6ac98672d6a5ec3f,true,2026-09-20T14:16:40+00:00
20260920T140330Z-gpu,electricity_hourly,T228,lstm,deep,168,24,170015,22.3224263860954,26.84989484095724,0.975251638227469,10.564101370823034,353.1576740001583,16.10986328125,0.34381549200020345,4513,false,dcb2c10e4ac97b1d1289825869826fdec84593f7,6ac98672d6a5ec3f,true,2026-09-20T14:16:40+00:00
20260920T140330Z-gpu,electricity_hourly,T228,lstm,deep,168,24,170016,31.643883123235156,46.74302761060169,2.3524621423571825,14.444515794866785,348.32313800006887,16.10986328125,0.3393446340000992,4513,false,dcb2c10e4ac97b1d1289825869826fdec84593f7,6ac98672d6a5ec3f,true,2026-09-20T14:16:40+00:00
20260920T140330Z-gpu,electricity_hourly,T228,lstm,deep,168,24,170017,15.719631183064516,18.257245011135193,1.3370507326410457,7.148546117516753,365.4259309998906,16.10986328125,0.3560319939999772,4513,false,dcb2c10e4ac97b1d1289825869826fdec84593f7,6ac98672d6a5ec3f,true,2026-09-20T14:16:40+00:00
20260920T140330Z-gpu,electricity_hourly,T228,lstm,deep,168,24,170018,35.49463798043797,49.55899926897333,2.405283703144973,15.453126553247426,342.9039049999574,16.10986328125,0.33342610600016087,4513,false,dcb2c10e4ac97b1d1289825869826fdec84593f7,6ac98672d6a5ec3f,true,2026-09-20T14:16:40+00:00
20260920T140330Z-gpu,electricity_hourly,T228,lstm,deep,168,24,170019,22.494757428397364,27.82980110390277,1.82801640501649,9.734906517661308,336.92151000013837,16.10986328125,0.3278705489999538,4513,false,dcb2c10e4ac97b1d1289825869826fdec84593f7,6ac98672d6a5ec3f,true,2026-09-20T14:16:40+00:00
20260920T140330Z-gpu,electricity_hourly,T228,lstm,deep,168,24,170020,41.25150618539008,49.7458602596858,3.244247346092939,19.049413749060495,335.8896059999097,16.10986328125,0.326438005,4513,false,dcb2c10e4ac97b1d1289825869826fdec84593f7,6ac98672d6a5ec3f,true,2026-09-20T14:16:40+00:00
20260920T140330Z-gpu,electricity_hourly,T228,lstm,deep,168,24,170021,29.814921933120626,39.17767588204539,0.6191734580861509,14.288599915312153,335.9600290000344,16.10986328125,0.32674913599998945,4513,false,dcb2c10e4ac97b1d1289825869826fdec84593f7,6ac98672d6a5ec3f,true,2026-09-20T14:16:40+00:00
20260920T140330Z-gpu,electricity_hourly,T228,transformer,deep,168,24,170000,37.36730198512523,44.88470022267526,2.2089045508448413,17.742318924559576,599.0550320000239,10.6845703125,0.5978854300001331,19232,false,dcb2c10e4ac97b1d1289825869826fdec84593f7,6ac98672d6a5ec3f,true,2026-09-20T14:16:58+00:00
20260920T140330Z-gpu,electricity_hourly,T228,transformer,deep,168,24,170001,26.067685273164898,35.3555953583696,1.349297871795739,10.660652765555644,607.9710399999385,10.525390625,0.6063247709998905,19232,false,dcb2c10e4ac97b1d1289825869826fdec84593f7,6ac98672d6a5ec3f,true,2026-09-20T14:16:58+00:00
20260920T140330Z-gpu,electricity_hourly,T228,transformer,deep,168,24,170002,17.983884307269474,24.801403224689373,1.3615559096986352,8.323025348085334,604.7382730000663,10.525390625,0.6036117880000802,19232,false,dcb2c10e4ac97b1d1289825869826fdec84593f7,6ac98672d6a5ec3f,true,2026-09-20T14:16:58+00:00
20260920T140330Z-gpu,electricity_hourly,T228,transformer,deep,168,24,170003,21.468921664755538,30.825846773666687,1.8657361012219658,9.691774041296947,599.6377350002149,10.525390625,0.598526401999834,19232,false,dcb2c10e4ac97b1d1289825869826fdec84593f7,6ac98672d6a5ec3f,true,2026-09-20T14:16:58+00:00
20260920T140330Z-gpu,electricity_hourly,T228,transformer,deep,168,24,170004,25.285078786612633,33.556969395834656,1.8241740206774646,10.303179008826312,607.2174119999545,10.525390625,0.6060165009998855,19232,false,dcb2c10e4ac97b1d1289825869826fdec84593f7,6ac98672d6a5ec3f,true,2026-09-20T14:16:58+00:00
20260920T140330Z-gpu,electricity_hourly,T228,transformer,deep,168,24,170005,35.19282021002824,47.73141515814126,2.0475822667652794,13.731400734817246,588.4941570000137,10.525390625,0.5873662179999428,19232,false,dcb2c10e4ac97b1d1289825869826fdec84593f7,6ac98672d6a5ec3f,true,2026-09-20T14:16:58+00:00
20260920T140330Z-gpu,electricity_hourly,T228,transformer,deep,168,24,170006,19.808397355901423,25.728998462426862,1.2576760225969157,8.476755624164714,606.2296129998686,10.525390625,0.6050621699998828,19232,false,dcb2c10e4ac97b1d1289825869826fdec84593f7,6ac98672d6a5ec3f,true,2026-09-20T14:16:58+00:00
20260920T140330Z-gpu,electricity_hourly,T228,transformer,deep,168,24,170007,28.58952393908709,36.97306402104263,1.9926870509334662,11.14909308491528,608.7043840000206,10.525390625,0.6073958059998859,19232,false,dcb2c10e4ac97b1d1289825869826fdec84593f7,6ac98672d6a5ec3f,true,2026-09-20T14:16:58+00:00
20260920T140330Z-gpu,electricity_hourly,T228,transformer,deep,168,24,170008,29.636598776455557,44.79385080395932,1.4813155931307187,13.227057062177842,593.6821610000607,10.525390625,0.5925218370000493,19232,false,dcb2c10e4ac97b1d1289825869826fdec84593f7,6ac98672d6a5ec3f,true,2026-09-20T14:16:58+00:00
20260920T140330Z-gpu,electricity_hourly,T228,transformer,deep,168,24,170009,23.100276965743998,30.93368954762607,1.4412651139805612,9.791349236505727,590.4576820000784,10.525390625,0.5892334220000066,19232,false,dcb2c10e4ac97b1d1289825869826fdec84593f7,6ac98672d6a5ec3f,true,2026-09-20T14:16:58+00:00
20260920T140330Z-gpu,electricity_hourly,T228,transformer,deep,168,24,170010,20.852155831809586,26.520099118156498,1.5541979501969878,8.703156298365307,617.1010860000479,10.525390625,0.6158189130001119,19232,false,dcb2c10e4ac97b1d1289825869826fdec84593f7,6ac98672d6a5ec3f,true,2026-09-20T14:16:58+00:00
20260920T140330Z-gpu,electricity_hourly,T228,transformer,deep,168,24,170011,24.216111340894983,37.24494273018881,1.7791428740249375,10.588599627318889,592.9001950000838,10.525390625,0.5917253069999333,19232,false,dcb2c10e4ac97b1d1289825869826fdec84593f7,6ac98672d6a5ec3f,true,2026-09-20T14:16:58+00:00
20260920T140330Z-gpu,electricity_hourly,T228,transformer,deep,168,24,170012,22.174935625759616,31.88410346805213,1.277276292043754,9.430726397030215,604.1912919999959,10.525390625,0.6030096939998657,19232,false,dcb2c10e4ac97b1d1289825869826fdec84593f7,6ac98672d6a5ec3f,true,2026-09-20T14:16:58+00:00
20260920T140330Z-gpu,electricity_hourly,T228,transformer,deep,168,24,170013,45.704189394491884,65.1118195374094,1.8190722147061447,21.24127345149951,632.346754000082,10.525390625,0.6311936139998124,19232,false,dcb2c10e4ac97b1d1289825869826fdec84593f7,6ac98672d6a5ec3f,true,2026-09-20T14:16:58+00:00
20260920T140330Z-gpu,electricity_hourly,T228,transformer,deep,168,24,170014,37.420845417812686,51.30727558063372,1.7337843436824412,16.812310141308874,633.7504360001276,10.525390625,0.6326398530000006,19232,false,dcb2c10e4ac97b1d1289825869826fdec84593f7,6ac98672d6a5ec3f,true,2026-09-20T14:16:58+00:00
20260920T140330Z-gpu,electricity_hourly,T228,transformer,deep,168,24,170015,39.379822358592044,57.10768175868774,1.7204776758608173,17.94125635537057,592.632015999925,10.525390625,0.5915110500000083,19232,false,dcb2c10e4ac97b1d1289825869826fdec84593f7,6ac98672d6a5ec3f,true,2026-09-20T14:16:58+00:00
20260920T140330Z-gpu,electricity_hourly,T228,transformer,deep,168,24,170016,14.498607266073344,18.46541996545904,1.0778520631463921,7.357102158493918,617.9536570000437,10.525390625,0.6167674250000346,19232,false,dcb2c10e4ac97b1d1289825869826fdec84593f7,6ac98672d6a5ec3f,true,2026-09-20T14:16:58+00:00
20260920T140330Z-gpu,electricity_hourly,T228,transformer,deep,168,24,170017,16.035777067740696,21.10052446210139,1.3639408728615832,7.990107104721124,595.966080999915,10.525390625,0.5948076560000572,19232,false,dcb2c10e4ac97b1d1289825869826fdec84593f7,6ac98672d6a5ec3f,true,2026-09-20T14:16:58+00:00
20260920T140330Z-gpu,electricity_hourly,T228,transformer,deep,168,24,170018,15.01500975024978,20.555998997782527,1.017487719546338,6.835040074231734,586.0150040000462,10.525390625,0.5847926300000381,19232,false,dcb2c10e4ac97b1d1289825869826fdec84593f7,6ac98672d6a5ec3f,true,2026-09-20T14:16:58+00:00
20260920T140330Z-gpu,electricity_hourly,T228,transformer,deep,168,24,170019,16.46613063867507,19.50624149232424,1.3381054243618569,8.131089265244512,593.8860639998893,10.525390625,0.5927492299999813,19232,false,dcb2c10e4ac97b1d1289825869826fdec84593f7,6ac98672d6a5ec3f,true,2026-09-20T14:16:58+00:00
20260920T140330Z-gpu,electricity_hourly,T228,transformer,deep,168,24,170020,29.06288722191122,41.628107987534655,2.2856667176161745,13.385595482915324,590.3195890000461,10.525390625,0.5891900900001019,19232,false,dcb2c10e4ac97b1d1289825869826fdec84593f7,6ac98672d6a5ec3f,true,2026-09-20T14:16:58+00:00
20260920T140330Z-gpu,electricity_hourly,T228,transformer,deep,168,24,170021,37.034224939402264,52.091123493522936,0.7690984123556283,18.23919160173074,591.846323000027,10.525390625,0.590672535000067,19232,false,dcb2c10e4ac97b1d1289825869826fdec84593f7,6ac98672d6a5ec3f,true,2026-09-20T14:16:58+00:00
20260920T140330Z-gpu,electricity_hourly,T228,timesfm25,tsfm,168,24,170000,34.89513301849365,40.278167650185445,2.0627664838518416,13.316985087713679,111.35422300003484,11.94287109375,,231289280,true,dcb2c10e4ac97b1d1289825869826fdec84593f7,6ac98672d6a5ec3f,true,2026-09-20T14:17:05+00:00
20260920T140330Z-gpu,electricity_hourly,T228,timesfm25,tsfm,168,24,170001,14.604511260986328,18.472679491473123,0.7559488215607589,5.662471814936885,113.41898700015918,11.94287109375,,231289280,true,dcb2c10e4ac97b1d1289825869826fdec84593f7,6ac98672d6a5ec3f,true,2026-09-20T14:17:05+00:00
20260920T140330Z-gpu,electricity_hourly,T228,timesfm25,tsfm,168,24,170002,10.464163462320963,13.3311663985759,0.7922395050337637,4.067682712713639,120.55301999998846,11.94287109375,,231289280,true,dcb2c10e4ac97b1d1289825869826fdec84593f7,6ac98672d6a5ec3f,true,2026-09-20T14:17:05+00:00
20260920T140330Z-gpu,electricity_hourly,T228,timesfm25,tsfm,168,24,170003,11.406122207641602,16.087524848009974,0.9912381399519558,4.999143432944965,117.90198900007454,11.94287109375,,231289280,true,dcb2c10e4ac97b1d1289825869826fdec84593f7,6ac98672d6a5ec3f,true,2026-09-20T14:17:05+00:00
20260920T140330Z-gpu,electricity_hourly,T228,timesfm25,tsfm,168,24,170004,14.431679407755533,18.510155753745238,1.0411632438460907,5.377470786076253,117.9027739999583,11.94287109375,,231289280,true,dcb2c10e4ac97b1d1289825869826fdec84593f7,6ac98672d6a5ec3f,true,2026-09-20T14:17:05+00:00
20260920T140330Z-gpu,electricity_hourly,T228,timesfm25,tsfm,168,24,170005,8.843524932861328,10.36929997565663,0.5145323597301137,3.6825172641037254,122.08539399989604,11.94287109375,,231289280,true,dcb2c10e4ac97b1d1289825869826fdec84593f7,6ac98672d6a5ec3f,true,2026-09-20T14:17:05+00:00
20260920T140330Z-gpu,electricity_hourly,T228,timesfm25,tsfm,168,24,170006,7.739437739054362,10.749344369800095,0.4913928723209119,3.118002796267071,122.76693699982388,11.94287109375,,231289280,true,dcb2c10e4ac97b1d1289825869826fdec84593f7,6ac98672d6a5ec3f,true,2026-09-20T14:17:05+00:00
20260920T140330Z-gpu,electricity_hourly,T228,timesfm25,tsfm,168,24,170007,11.23768679300944,16.72647493055056,0.7832656816037558,4.352389781419755,120.33660099996268,11.94287109375,,231289280,true,dcb2c10e4ac97b1d1289825869826fdec84593f7,6ac98672d6a5ec3f,true,2026-09-20T14:17:05+00:00
20260920T140330Z-gpu,electricity_hourly,T228,timesfm25,tsfm,168,24,170008,10.116580963134766,13.33973078961192,0.5056534740338099,4.15804461563761,121.83097799993448,11.94287109375,,231289280,true,dcb2c10e4ac97b1d1289825869826fdec84593f7,6ac98672d6a5ec3f,true,2026-09-20T14:17:05+00:00
20260920T140330Z-gpu,electricity_hourly,T228,timesfm25,tsfm,168,24,170009,10.037998835245768,12.226054365804366,0.6262876223030288,4.124282657300312,118.84228799999619,11.94287109375,,231289280,true,dcb2c10e4ac97b1d1289825869826fdec84593f7,6ac98672d6a5ec3f,true,2026-09-20T14:17:05+00:00
20260920T140330Z-gpu,electricity_hourly,T228,timesfm25,tsfm,168,24,170010,14.777089436848959,17.26172972487258,1.1013979704483696,6.205961438689775,121.51330899996537,11.94287109375,,231289280,true,dcb2c10e4ac97b1d1289825869826fdec84593f7,6ac98672d6a5ec3f,true,2026-09-20T14:17:05+00:00
20260920T140330Z-gpu,electricity_hourly,T228,timesfm25,tsfm,168,24,170011,11.197192509969076,14.470799318015501,0.8226508782834423,4.243776910604785,140.48798199996781,11.94287109375,,231289280,true,dcb2c10e4ac97b1d1289825869826fdec84593f7,6ac98672d6a5ec3f,true,2026-09-20T14:17:05+00:00
20260920T140330Z-gpu,electricity_hourly,T228,timesfm25,tsfm,168,24,170012,12.91641934712728,17.235552585524815,0.7439857543945313,5.091817952719046,121.08564899995145,11.94287109375,,231289280,true,dcb2c10e4ac97b1d1289825869826fdec84593f7,6ac98672d6a5ec3f,true,2026-09-20T14:17:05+00:00
20260920T140330Z-gpu,electricity_hourly,T228,timesfm25,tsfm,168,24,170013,12.27541987101237,14.704075359003571,0.48857392521442267,5.301748491189425,121.98698099996363,11.94287109375,,231289280,true,dcb2c10e4ac97b1d1289825869826fdec84593f7,6ac98672d6a5ec3f,true,2026-09-20T14:17:05+00:00
20260920T140330Z-gpu,electricity_hourly,T228,timesfm25,tsfm,168,24,170014,33.26612854003906,40.51791853155817,1.5412878088048987,13.317728747015808,123.24628600003962,11.94287109375,,231289280,true,dcb2c10e4ac97b1d1289825869826fdec84593f7,6ac98672d6a5ec3f,true,2026-09-20T14:17:05+00:00
20260920T140330Z-gpu,electricity_hourly,T228,timesfm25,tsfm,168,24,170015,20.951282501220703,26.319455373330324,0.9153472937426521,10.423810916134613,122.13751900003444,11.94287109375,,231289280,true,dcb2c10e4ac97b1d1289825869826fdec84593f7,6ac98672d6a5ec3f,true,2026-09-20T14:17:05+00:00
20260920T140330Z-gpu,electricity_hourly,T228,timesfm25,tsfm,168,24,170016,8.291355768839518,10.468449851861598,0.6163940272136761,3.96105289654907,123.193117000028,11.94287109375,,231289280,true,dcb2c10e4ac97b1d1289825869826fdec84593f7,6ac98672d6a5ec3f,true,2026-09-20T14:17:05+00:00
20260920T140330Z-gpu,electricity_hourly,T228,timesfm25,tsfm,168,24,170017,11.006990750630697,13.394994853347294,0.936211853568116,4.79935131143918,123.52810299989869,11.94287109375,,231289280,true,dcb2c10e4ac97b1d1289825869826fdec84593f7,6ac98672d6a5ec3f,true,2026-09-20T14:17:05+00:00
20260920T140330Z-gpu,electricity_hourly,T228,timesfm25,tsfm,168,24,170018,7.790314674377441,9.552746158956653,0.5279083826401655,3.198160610298554,119.5891610000217,11.94287109375,,231289280,true,dcb2c10e4ac97b1d1289825869826fdec84593f7,6ac98672d6a5ec3f,true,2026-09-20T14:17:05+00:00
20260920T140330Z-gpu,electricity_hourly,T228,timesfm25,tsfm,168,24,170019,11.738990783691406,14.385936449901386,0.9539586189907238,5.0764119228207205,122.8041670001403,11.94287109375,,231289280,true,dcb2c10e4ac97b1d1289825869826fdec84593f7,6ac98672d6a5ec3f,true,2026-09-20T14:17:05+00:00
20260920T140330Z-gpu,electricity_hourly,T228,timesfm25,tsfm,168,24,170020,13.308882077534994,17.615804892150237,1.0466843359721676,5.110038548108889,120.29555000003711,11.94287109375,,231289280,true,dcb2c10e4ac97b1d1289825869826fdec84593f7,6ac98672d6a5ec3f,true,2026-09-20T14:17:05+00:00
20260920T140330Z-gpu,electricity_hourly,T228,timesfm25,tsfm,168,24,170021,15.27359422047933,19.536830325747736,0.3171903039730348,6.883935955869081,118.23370299998714,11.94287109375,,231289280,true,dcb2c10e4ac97b1d1289825869826fdec84593f7,6ac98672d6a5ec3f,true,2026-09-20T14:17:05+00:00
20260920T140330Z-gpu,electricity_hourly,T228,chronos_bolt,tsfm,168,24,170000,33.179110844930015,40.035277070134576,1.961326749453991,14.007922709548524,34.504384000001664,1.0751953125,,205292928,true,dcb2c10e4ac97b1d1289825869826fdec84593f7,6ac98672d6a5ec3f,true,2026-09-20T14:17:10+00:00
20260920T140330Z-gpu,electricity_hourly,T228,chronos_bolt,tsfm,168,24,170001,17.229909896850586,23.257597294862478,0.8918429278024746,6.290454385786247,35.526019000144515,1.0751953125,,205292928,true,dcb2c10e4ac97b1d1289825869826fdec84593f7,6ac98672d6a5ec3f,true,2026-09-20T14:17:10+00:00
20260920T140330Z-gpu,electricity_hourly,T228,chronos_bolt,tsfm,168,24,170002,10.165894190470377,13.160407775497802,0.769657604325833,3.7264661550377878,32.61489600004097,1.0751953125,,205292928,true,dcb2c10e4ac97b1d1289825869826fdec84593f7,6ac98672d6a5ec3f,true,2026-09-20T14:17:10+00:00
20260920T140330Z-gpu,electricity_hourly,T228,chronos_bolt,tsfm,168,24,170003,9.660987854003906,14.561291768335014,0.8395789082538095,3.803857526958781,35.055364000072586,1.0751953125,,205292928,true,dcb2c10e4ac97b1d1289825869826fdec84593f7,6ac98672d6a5ec3f,true,2026-09-20T14:17:10+00:00
20260920T140330Z-gpu,electricity_hourly,T228,chronos_bolt,tsfm,168,24,170004,12.9878298441569,16.89555282927778,0.9369977442678326,4.647915306663031,35.15886600007434,1.0751953125,,205292928,true,dcb2c10e4ac97b1d1289825869826fdec84593f7,6ac98672d6a5ec3f,true,2026-09-20T14:17:10+00:00
20260920T140330Z-gpu,electricity_hourly,T228,chronos_bolt,tsfm,168,24,170005,8.264055887858072,10.147770092162341,0.4808177971117424,3.2476609956030025,37.0568580001418,1.0751953125,,205292928,true,dcb2c10e4ac97b1d1289825869826fdec84593f7,6ac98672d6a5ec3f,true,2026-09-20T14:17:10+00:00
20260920T140330Z-gpu,electricity_hourly,T228,chronos_bolt,tsfm,168,24,170006,7.313142776489258,9.908171435868617,0.4643265254913814,2.843641876933033,33.81918900004166,1.0751953125,,205292928,true,dcb2c10e4ac97b1d1289825869826fdec84593f7,6ac98672d6a5ec3f,true,2026-09-20T14:17:10+00:00
20260920T140330Z-gpu,electricity_hourly,T228,chronos_bolt,tsfm,168,24,170007,12.541386922200521,18.00670062316587,0.8741334544031342,5.026084365424232,33.283674999893265,1.0751953125,,205292928,true,dcb2c10e4ac97b1d1289825869826fdec84593f7,6ac98672d6a5ec3f,true,2026-09-20T14:17:10+00:00
20260920T140330Z-gpu,electricity_hourly,T228,chronos_bolt,tsfm,168,24,170008,8.36970329284668,10.78973678515059,0.4183399077299278,3.4654151849909423,35.38539799978935,1.0751953125,,205292928,true,dcb2c10e4ac97b1d1289825869826fdec84593f7,6ac98672d6a5ec3f,true,2026-09-20T14:17:10+00:00
20260920T140330Z-gpu,electricity_hourly,T228,chronos_bolt,tsfm,168,24,170009,10.025199890136719,13.728079156833942,0.625489074601251,3.8279849048905983,33.57461000018702,1.0751953125,,205292928,true,dcb2c10e4ac97b1d1289825869826fdec84593f7,6ac98672d6a5ec3f,true,2026-09-20T14:17:10+00:00
20260920T140330Z-gpu,electricity_hourly,T228,chronos_bolt,tsfm,168,24,170010,11.25368626912435,13.686124878817685,0.8387840697483988,4.675081038615093,35.99394200000461,1.0751953125,,205292928,true,dcb2c10e4ac97b1d1289825869826fdec84593f7,6ac98672d6a5ec3f,true,2026-09-20T14:17:10+00:00
20260920T140330Z-gpu,electricity_hourly,T228,chronos_bolt,tsfm,168,24,170011,11.170910517374674,15.175662775728338,0.8207199563785474,4.008645176755133,33.78916700012269,1.0751953125,,205292928,true,dcb2c10e4ac97b1d1289825869826fdec84593f7,6ac98672d6a5ec3f,true,2026-09-20T14:17:10+00:00
20260920T140330Z-gpu,electricity_hourly,T228,chronos_bolt,tsfm,168,24,170012,11.05031649271647,15.53055992778188,0.6364982299804687,3.826698824273795,33.13931700017747,1.0751953125,,205292928,true,dcb2c10e4ac97b1d1289825869826fdec84593f7,6ac98672d6a5ec3f,true,2026-09-20T14:17:10+00:00
20260920T140330Z-gpu,electricity_hourly,T228,chronos_bolt,tsfm,168,24,170013,13.471592585245768,15.379125257079815,0.5361827894625181,5.911585023948646,32.350386000189246,1.0751953125,,205292928,true,dcb2c10e4ac97b1d1289825869826fdec84593f7,6ac98672d6a5ec3f,true,2026-09-20T14:17:10+00:00
20260920T140330Z-gpu,electricity_hourly,T228,chronos_bolt,tsfm,168,24,170014,30.5017032623291,44.84781095798324,1.4132063287565608,13.053786919935234,36.22884099991097,1.0751953125,,205292928,true,dcb2c10e4ac97b1d1289825869826fdec84593f7,6ac98672d6a5ec3f,true,2026-09-20T14:17:10+00:00
20260920T140330Z-gpu,electricity_hourly,T228,chronos_bolt,tsfm,168,24,170015,18.25878969828288,22.071192789158196,0.7977141130317762,8.830871825948543,33.56259399993178,1.0751953125,,205292928,true,dcb2c10e4ac97b1d1289825869826fdec84593f7,6ac98672d6a5ec3f,true,2026-09-20T14:17:10+00:00
20260920T140330Z-gpu,electricity_hourly,T228,chronos_bolt,tsfm,168,24,170016,9.128347396850586,11.6703131506493,0.6786174626466104,4.193606472773941,32.190357999979824,1.0751953125,,205292928,true,dcb2c10e4ac97b1d1289825869826fdec84593f7,6ac98672d6a5ec3f,true,2026-09-20T14:17:10+00:00
20260920T140330Z-gpu,electricity_hourly,T228,chronos_bolt,tsfm,168,24,170017,10.892606099446615,13.685128528306384,0.9264827397048508,4.893754738746923,33.069651999994676,1.0751953125,,205292928,true,dcb2c10e4ac97b1d1289825869826fdec84593f7,6ac98672d6a5ec3f,true,2026-09-20T14:17:10+00:00
20260920T140330Z-gpu,electricity_hourly,T228,chronos_bolt,tsfm,168,24,170018,7.702188491821289,9.662259271406121,0.5219365377987132,3.1364716263068555,32.516172999976334,1.0751953125,,205292928,true,dcb2c10e4ac97b1d1289825869826fdec84593f7,6ac98672d6a5ec3f,true,2026-09-20T14:17:10+00:00
20260920T140330Z-gpu,electricity_hourly,T228,chronos_bolt,tsfm,168,24,170019,12.509298324584961,15.178817627376855,1.0165569744583716,5.5040029741046075,35.46037199998864,1.0751953125,,205292928,true,dcb2c10e4ac97b1d1289825869826fdec84593f7,6ac98672d6a5ec3f,true,2026-09-20T14:17:10+00:00
20260920T140330Z-gpu,electricity_hourly,T228,chronos_bolt,tsfm,168,24,170020,11.919441858927408,16.718864022319476,0.9374110473432805,4.5856559952655385,33.987047999971765,1.0751953125,,205292928,true,dcb2c10e4ac97b1d1289825869826fdec84593f7,6ac98672d6a5ec3f,true,2026-09-20T14:17:10+00:00
20260920T140330Z-gpu,electricity_hourly,T228,chronos_bolt,tsfm,168,24,170021,9.305114110310873,12.498951335522609,0.19324148137940086,4.014474734125835,33.80934500000876,1.0751953125,,205292928,true,dcb2c10e4ac97b1d1289825869826fdec84593f7,6ac98672d6a5ec3f,true,2026-09-20T14:17:10+00:00
20260920T140330Z-gpu,electricity_hourly,T241,lstm,deep,168,24,180000,53.91498432428079,75.2112382776262,1.4345450374531472,5.621993471775259,328.30949000003784,16.14599609375,0.31923429599987685,4513,false,dcb2c10e4ac97b1d1289825869826fdec84593f7,6ac98672d6a5ec3f,true,2026-09-20T14:17:22+00:00
20260920T140330Z-gpu,electricity_hourly,T241,lstm,deep,168,24,180001,135.08813868623534,163.8066447674006,3.4460038920846574,12.993418479738454,333.93533200001,16.10986328125,0.3251454549999835,4513,false,dcb2c10e4ac97b1d1289825869826fdec84593f7,6ac98672d6a5ec3f,true,2026-09-20T14:17:22+00:00
20260920T140330Z-gpu,electricity_hourly,T241,lstm,deep,168,24,180002,65.82886118034607,82.8691704638615,0.902967804340811,6.915713689668911,329.82546000016555,16.10986328125,0.31914416099994014,4513,false,dcb2c10e4ac97b1d1289825869826fdec84593f7,6ac98672d6a5ec3f,true,2026-09-20T14:17:22+00:00
20260920T140330Z-gpu,electricity_hourly,T241,lstm,deep,168,24,180003,94.31095824591847,119.21200126145239,2.781806224377767,9.617196045376842,356.4311280001675,16.10986328125,0.3473183680000602,4513,false,dcb2c10e4ac97b1d1289825869826fdec84593f7,6ac98672d6a5ec3f,true,2026-09-20T14:17:22+00:00
20260920T140330Z-gpu,electricity_hourly,T241,lstm,deep,168,24,180004,98.21813815939731,126.36583632876679,2.2614985441242745,9.947758419867341,348.230213999841,16.10986328125,0.3390342679999776,4513,false,dcb2c10e4ac97b1d1289825869826fdec84593f7,6ac98672d6a5ec3f,true,2026-09-20T14:17:22+00:00
20260920T140330Z-gpu,electricity_hourly,T241,lstm,deep,168,24,180005,93.18932898432458,134.37132565390633,2.551190755464399,9.543883783877133,327.734737000128,16.10986328125,0.31850908000001255,4513,false,dcb2c10e4ac97b1d1289825869826fdec84593f7,6ac98672d6a5ec3f,true,2026-09-20T14:17:22+00:00
20260920T140330Z-gpu,electricity_hourly,T241,lstm,deep,168,24,180006,79.64202938238311,114.40856170817332,2.0585984977675764,7.85743186565868,332.9477059999135,16.10986328125,0.32379271600007087,4513,false,dcb2c10e4ac97b1d1289825869826fdec84593f7,6ac98672d6a5ec3f,true,2026-09-20T14:17:22+00:00
20260920T140330Z-gpu,electricity_hourly,T241,lstm,deep,168,24,180007,123.80322275308504,162.3286848966655,2.8017702461801424,12.312758848215715,355.2430300001106,16.10986328125,0.34613779799997246,4513,false,dcb2c10e4ac97b1d1289825869826fdec84593f7,6ac98672d6a5ec3f,true,2026-09-20T14:17:22+00:00
20260920T140330Z-gpu,electricity_hourly,T241,lstm,deep,168,24,180008,39.73976924903456,49.554422332021836,1.4699529339483628,3.767968536931997,331.03293599992867,16.10986328125,0.3222292849998212,4513,false,dcb2c10e4ac97b1d1289825869826fdec84593f7,6ac98672d6a5ec3f,true,2026-09-20T14:17:22+00:00
20260920T140330Z-gpu,electricity_hourly,T241,lstm,deep,168,24,180009,88.82418699154869,118.414833470763,2.367768035317107,8.79550060931615,329.2424039998423,16.10986328125,0.32026232499993057,4513,false,dcb2c10e4ac97b1d1289825869826fdec84593f7,6ac98672d6a5ec3f,true,2026-09-20T14:17:22+00:00
20260920T140330Z-gpu,electricity_hourly,T241,lstm,deep,168,24,180010,113.99843147854392,137.0170582118529,2.9939402029747084,11.0563217427589,327.7398610000546,16.10986328125,0.3187016440001571,4513,false,dcb2c10e4ac97b1d1289825869826fdec84593f7,6ac98672d6a5ec3f,true,2026-09-20T14:17:22+00:00
20260920T140330Z-gpu,electricity_hourly,T241,lstm,deep,168,24,180011,104.48372824518033,128.6934828232542,2.54622725796344,9.926089288709267,333.7719300000117,16.10986328125,0.3249176899998929,4513,false,dcb2c10e4ac97b1d1289825869826fdec84593f7,6ac98672d6a5ec3f,true,2026-09-20T14:17:22+00:00
20260920T140330Z-gpu,electricity_hourly,T241,lstm,deep,168,24,180012,106.9231938057768,138.01565988875282,2.671224827902821,10.412004290059674,342.8041330000724,16.10986328125,0.3334280779999972,4513,false,dcb2c10e4ac97b1d1289825869826fdec84593f7,6ac98672d6a5ec3f,true,2026-09-20T14:17:22+00:00
20260920T140330Z-gpu,electricity_hourly,T241,lstm,deep,168,24,180013,59.869593600538174,82.29429479102346,1.206271369592486,6.378551584052482,336.7345999999998,16.10986328125,0.3276074090001657,4513,false,dcb2c10e4ac97b1d1289825869826fdec84593f7,6ac98672d6a5ec3f,true,2026-09-20T14:17:22+00:00
20260920T140330Z-gpu,electricity_hourly,T241,lstm,deep,168,24,180014,65.78862957290141,80.05561901778461,1.507328983054543,6.671598718264395,332.88245299991104,16.10986328125,0.3237840589999905,4513,false,dcb2c10e4ac97b1d1289825869826fdec84593f7,6ac98672d6a5ec3f,true,2026-09-20T14:17:22+00:00
20260920T140330Z-gpu,electricity_hourly,T241,lstm,deep,168,24,180015,133.28817947264406,179.43893842562395,2.4562961151856597,13.587153334118115,341.7545639999844,16.10986328125,0.33177956500003347,4513,false,dcb2c10e4ac97b1d1289825869826fdec84593f7,6ac98672d6a5ec3f,true,2026-09-20T14:17:22+00:00
20260920T140330Z-gpu,electricity_hourly,T241,lstm,deep,168,24,180016,77.5226482449581,101.23264959401261,1.8433390599857937,8.950970396047108,329.25592499987033,16.10986328125,0.32036797199998546,4513,false,dcb2c10e4ac97b1d1289825869826fdec84593f7,6ac98672d6a5ec3f,true,2026-09-20T14:17:22+00:00
20260920T140330Z-gpu,electricity_hourly,T241,lstm,deep,168,24,180017,146.00323375888033,198.50565381713588,2.7304500858803595,16.09440953956068,342.85326400004124,16.10986328125,0.33390594700017573,4513,false,dcb2c10e4ac97b1d1289825869826fdec84593f7,6ac98672d6a5ec3f,true,2026-09-20T14:17:22+00:00
20260920T140330Z-gpu,electricity_hourly,T241,lstm,deep,168,24,180018,94.68878275300774,127.79969953579669,2.463003019586907,10.906802227093905,336.68716000011045,16.10986328125,0.32776407799997287,4513,false,dcb2c10e4ac97b1d1289825869826fdec84593f7,6ac98672d6a5ec3f,true,2026-09-20T14:17:22+00:00
20260920T140330Z-gpu,electricity_hourly,T241,lstm,deep,168,24,180019,49.41247265018356,67.63605429445343,1.6773682370642227,6.19427073508034,336.3175079998655,16.10986328125,0.32705492099989897,4513,false,dcb2c10e4ac97b1d1289825869826fdec84593f7,6ac98672d6a5ec3f,true,2026-09-20T14:17:22+00:00
20260920T140330Z-gpu,electricity_hourly,T241,lstm,deep,168,24,180020,147.91395105851282,183.04233280498738,1.9156047263626088,17.776640069237338,333.41813299989553,16.10986328125,0.3240681319998657,4513,false,dcb2c10e4ac97b1d1289825869826fdec84593f7,6ac98672d6a5ec3f,true,2026-09-20T14:17:22+00:00
20260920T140330Z-gpu,electricity_hourly,T241,lstm,deep,168,24,180021,80.31925273803104,111.5984802661168,0.5619459913650992,10.782858014710845,340.7742889999099,16.10986328125,0.33127391199991507,4513,false,dcb2c10e4ac97b1d1289825869826fdec84593f7,6ac98672d6a5ec3f,true,2026-09-20T14:17:22+00:00
20260920T140330Z-gpu,electricity_hourly,T241,transformer,deep,168,24,180000,47.63595816894912,58.232527244300115,1.267475605382238,4.942225612518195,588.9286210001501,10.6845703125,0.5878242900000714,19232,false,dcb2c10e4ac97b1d1289825869826fdec84593f7,6ac98672d6a5ec3f,true,2026-09-20T14:17:40+00:00
20260920T140330Z-gpu,electricity_hourly,T241,transformer,deep,168,24,180001,69.41049148210645,86.21109202792478,1.7706130688083843,6.2937448750688745,592.398588000151,10.525390625,0.5912267730000167,19232,false,dcb2c10e4ac97b1d1289825869826fdec84593f7,6ac98672d6a5ec3f,true,2026-09-20T14:17:40+00:00
20260920T140330Z-gpu,electricity_hourly,T241,transformer,deep,168,24,180002,113.41496697962786,137.40234712545782,1.5557015855464291,11.734510178295277,597.7667960000872,10.525390625,0.5965640819999862,19232,false,dcb2c10e4ac97b1d1289825869826fdec84593f7,6ac98672d6a5ec3f,true,2026-09-20T14:17:40+00:00
20260920T140330Z-gpu,electricity_hourly,T241,transformer,deep,168,24,180003,52.54573466880746,63.988861882820544,1.5498946727382783,5.494835894640218,581.9262689999505,10.525390625,0.5807095269999536,19232,false,dcb2c10e4ac97b1d1289825869826fdec84593f7,6ac98672d6a5ec3f,true,2026-09-20T14:17:40+00:00
20260920T140330Z-gpu,electricity_hourly,T241,transformer,deep,168,24,180004,44.0355737743154,63.32932887799164,1.0139307041095966,3.933487236738914,592.4777379998432,10.525390625,0.5913380219999453,19232,false,dcb2c10e4ac97b1d1289825869826fdec84593f7,6ac98672d6a5ec3f,true,2026-09-20T14:17:40+00:00
20260920T140330Z-gpu,electricity_hourly,T241,transformer,deep,168,24,180005,31.190883513593306,39.46155956363821,0.8538949098778396,3.000817163745124,587.6983699999982,10.525390625,0.5865126270000474,19232,false,dcb2c10e4ac97b1d1289825869826fdec84593f7,6ac98672d6a5ec3f,true,2026-09-20T14:17:40+00:00
20260920T140330Z-gpu,electricity_hourly,T241,transformer,deep,168,24,180006,48.90346538645118,58.31501003823981,1.2640637256594813,4.752230738602537,587.915103999876,10.525390625,0.5867432239999744,19232,false,dcb2c10e4ac97b1d1289825869826fdec84593f7,6ac98672d6a5ec3f,true,2026-09-20T14:17:40+00:00
20260920T140330Z-gpu,electricity_hourly,T241,transformer,deep,168,24,180007,72.32258145831703,83.99260667466406,1.636720372465449,6.567824835937329,590.8080419999351,10.525390625,0.5895637739999984,19232,false,dcb2c10e4ac97b1d1289825869826fdec84593f7,6ac98672d6a5ec3f,true,2026-09-20T14:17:40+00:00
20260920T140330Z-gpu,electricity_hourly,T241,transformer,deep,168,24,180008,43.62638719206893,53.01789355050367,1.6137168650546947,4.337630079491495,589.4285189999664,10.525390625,0.5882340969999404,19232,false,dcb2c10e4ac97b1d1289825869826fdec84593f7,6ac98672d6a5ec3f,true,2026-09-20T14:17:40+00:00
20260920T140330Z-gpu,electricity_hourly,T241,transformer,deep,168,24,180009,36.271937577367396,43.75777810684032,0.96689356000387,3.301558697641237,594.7127110000565,10.525390625,0.5935337820001223,19232,false,dcb2c10e4ac97b1d1289825869826fdec84593f7,6ac98672d6a5ec3f,true,2026-09-20T14:17:40+00:00
20260920T140330Z-gpu,electricity_hourly,T241,transformer,deep,168,24,180010,54.0134337870654,73.22155122916517,1.418554525868579,5.06518621643125,575.9838579999723,10.525390625,0.5747904790000575,19232,false,dcb2c10e4ac97b1d1289825869826fdec84593f7,6ac98672d6a5ec3f,true,2026-09-20T14:17:40+00:00
20260920T140330Z-gpu,electricity_hourly,T241,transformer,deep,168,24,180011,82.23942249299533,92.96949866611223,2.0041422980185017,7.385964563658501,608.9062410001134,10.525390625,0.606982250000101,19232,false,dcb2c10e4ac97b1d1289825869826fdec84593f7,6ac98672d6a5ec3f,true,2026-09-20T14:17:40+00:00
20260920T140330Z-gpu,electricity_hourly,T241,transformer,deep,168,24,180012,46.53964217439943,61.31146356480615,1.1626836351688963,4.4536158090534625,591.4813379999941,10.525390625,0.5903099490001296,19232,false,dcb2c10e4ac97b1d1289825869826fdec84593f7,6ac98672d6a5ec3f,true,2026-09-20T14:17:40+00:00
20260920T140330Z-gpu,electricity_hourly,T241,transformer,deep,168,24,180013,63.63807976804429,73.38939482068855,1.2822000121167452,6.536497316943178,593.227349000017,10.525390625,0.5920888629998444,19232,false,dcb2c10e4ac97b1d1289825869826fdec84593f7,6ac98672d6a5ec3f,true,2026-09-20T14:17:40+00:00
20260920T140330Z-gpu,electricity_hourly,T241,transformer,deep,168,24,180014,58.79613181430073,75.04873039902844,1.347119010542451,6.105341470185068,587.6228179999998,10.525390625,0.5864597879999565,19232,false,dcb2c10e4ac97b1d1289825869826fdec84593f7,6ac98672d6a5ec3f,true,2026-09-20T14:17:40+00:00
20260920T140330Z-gpu,electricity_hourly,T241,transformer,deep,168,24,180015,52.201764788702484,76.56190232912377,0.9619982249261784,5.346576671089529,589.1521190001185,10.525390625,0.5879881230000592,19232,false,dcb2c10e4ac97b1d1289825869826fdec84593f7,6ac98672d6a5ec3f,true,2026-09-20T14:17:40+00:00
20260920T140330Z-gpu,electricity_hourly,T241,transformer,deep,168,24,180016,66.50454562099043,79.85627922426653,1.5813498298253998,7.679652481574255,605.623481000066,10.525390625,0.6044969729998684,19232,false,dcb2c10e4ac97b1d1289825869826fdec84593f7,6ac98672d6a5ec3f,true,2026-09-20T14:17:40+00:00
20260920T140330Z-gpu,electricity_hourly,T241,transformer,deep,168,24,180017,108.38873530089803,149.8475719870437,2.027010114718093,12.288067242307257,606.9976889998543,10.525390625,0.6058679620000476,19232,false,dcb2c10e4ac97b1d1289825869826fdec84593f7,6ac98672d6a5ec3f,true,2026-09-20T14:17:40+00:00
20260920T140330Z-gpu,electricity_hourly,T241,transformer,deep,168,24,180018,37.81986169315598,54.423903597000724,0.9837536278566584,4.233196788308397,582.0672709999144,10.525390625,0.5809690030000638,19232,false,dcb2c10e4ac97b1d1289825869826fdec84593f7,6ac98672d6a5ec3f,true,2026-09-20T14:17:40+00:00
20260920T140330Z-gpu,electricity_hourly,T241,transformer,deep,168,24,180019,52.645649331729665,70.21547678947809,1.7871224667065233,6.0772097674419605,585.7330540000021,10.525390625,0.5845555299999887,19232,false,dcb2c10e4ac97b1d1289825869826fdec84593f7,6ac98672d6a5ec3f,true,2026-09-20T14:17:40+00:00
20260920T140330Z-gpu,electricity_hourly,T241,transformer,deep,168,24,180020,85.30103649399751,106.00812803704507,1.1047170838326867,10.62871716928196,586.3524950000283,10.525390625,0.5851986089999173,19232,false,dcb2c10e4ac97b1d1289825869826fdec84593f7,6ac98672d6a5ec3f,true,2026-09-20T14:17:40+00:00
20260920T140330Z-gpu,electricity_hourly,T241,transformer,deep,168,24,180021,79.78143786675497,92.97209727654723,0.5581832209120939,9.415200066051204,586.8579320001572,10.525390625,0.5857416759999978,19232,false,dcb2c10e4ac97b1d1289825869826fdec84593f7,6ac98672d6a5ec3f,true,2026-09-20T14:17:40+00:00
20260920T140330Z-gpu,electricity_hourly,T241,timesfm25,tsfm,168,24,180000,29.280779520670574,37.117677750391636,0.7790894772683966,2.7888848324446576,120.28037900017807,11.94287109375,,231289280,true,dcb2c10e4ac97b1d1289825869826fdec84593f7,6ac98672d6a5ec3f,true,2026-09-20T14:17:47+00:00
20260920T140330Z-gpu,electricity_hourly,T241,timesfm25,tsfm,168,24,180001,37.94482676188151,49.79954272697761,0.9679459793996347,3.3014706171074026,123.12706600005185,11.94287109375,,231289280,true,dcb2c10e4ac97b1d1289825869826fdec84593f7,6ac98672d6a5ec3f,true,2026-09-20T14:17:47+00:00
20260920T140330Z-gpu,electricity_hourly,T241,timesfm25,tsfm,168,24,180002,42.94684855143229,50.530587781142756,0.5890975606216661,4.22610286619641,122.45730800009369,11.94287109375,,231289280,true,dcb2c10e4ac97b1d1289825869826fdec84593f7,6ac98672d6a5ec3f,true,2026-09-20T14:17:47+00:00
20260920T140330Z-gpu,electricity_hourly,T241,timesfm25,tsfm,168,24,180003,45.907206217447914,52.414089027836035,1.3540839195642154,4.501837038396739,118.32990699986112,11.94287109375,,231289280,true,dcb2c10e4ac97b1d1289825869826fdec84593f7,6ac98672d6a5ec3f,true,2026-09-20T14:17:47+00:00
20260920T140330Z-gpu,electricity_hourly,T241,timesfm25,tsfm,168,24,180004,23.87329864501953,30.631346745321487,0.5496889998213643,2.148474042131345,116.8457710000439,11.94287109375,,231289280,true,dcb2c10e4ac97b1d1289825869826fdec84593f7,6ac98672d6a5ec3f,true,2026-09-20T14:17:47+00:00
20260920T140330Z-gpu,electricity_hourly,T241,timesfm25,tsfm,168,24,180005,24.877527872721355,32.640611621778966,0.6810577972760219,2.3573183827009974,119.31115800007319,11.94287109375,,231289280,true,dcb2c10e4ac97b1d1289825869826fdec84593f7,6ac98672d6a5ec3f,true,2026-09-20T14:17:47+00:00
20260920T140330Z-gpu,electricity_hourly,T241,timesfm25,tsfm,168,24,180006,33.76116943359375,38.402141568709986,0.8726635071688207,3.2025431979858037,109.73345899992637,11.94287109375,,231289280,true,dcb2c10e4ac97b1d1289825869826fdec84593f7,6ac98672d6a5ec3f,true,2026-09-20T14:17:47+00:00
20260920T140330Z-gpu,electricity_hourly,T241,timesfm25,tsfm,168,24,180007,21.547459920247395,26.55491149291288,0.48763699960955914,2.1203023127765497,124.47662399995352,11.94287109375,,231289280,true,dcb2c10e4ac97b1d1289825869826fdec84593f7,6ac98672d6a5ec3f,true,2026-09-20T14:17:47+00:00
20260920T140330Z-gpu,electricity_hourly,T241,timesfm25,tsfm,168,24,180008,23.09192657470703,27.194893639630557,0.8541580854759344,2.3400636025496313,120.47102500014262,11.94287109375,,231289280,true,dcb2c10e4ac97b1d1289825869826fdec84593f7,6ac98672d6a5ec3f,true,2026-09-20T14:17:47+00:00
20260920T140330Z-gpu,electricity_hourly,T241,timesfm25,tsfm,168,24,180009,22.667635599772137,29.057035950029736,0.6042464876651589,2.0442349963302284,122.3555500000657,11.94287109375,,231289280,true,dcb2c10e4ac97b1d1289825869826fdec84593f7,6ac98672d6a5ec3f,true,2026-09-20T14:17:47+00:00
20260920T140330Z-gpu,electricity_hourly,T241,timesfm25,tsfm,168,24,180010,34.83608754475912,47.19038417850761,0.9148999829373178,3.0196732319135564,117.79537500001425,11.94287109375,,231289280,true,dcb2c10e4ac97b1d1289825869826fdec84593f7,6ac98672d6a5ec3f,true,2026-09-20T14:17:47+00:00
20260920T140330Z-gpu,electricity_hourly,T241,timesfm25,tsfm,168,24,180011,46.10528055826823,56.364111150623394,1.1235675072585252,3.9101510001224193,120.63273799981289,11.94287109375,,231289280,true,dcb2c10e4ac97b1d1289825869826fdec84593f7,6ac98672d6a5ec3f,true,2026-09-20T14:17:47+00:00
20260920T140330Z-gpu,electricity_hourly,T241,timesfm25,tsfm,168,24,180012,26.108505249023438,32.510461961852194,0.6522596731192531,2.4151665741723267,118.2708469998488,11.94287109375,,231289280,true,dcb2c10e4ac97b1d1289825869826fdec84593f7,6ac98672d6a5ec3f,true,2026-09-20T14:17:47+00:00
20260920T140330Z-gpu,electricity_hourly,T241,timesfm25,tsfm,168,24,180013,57.438916524251304,62.99603174668651,1.1572973246805915,5.617925728987801,118.48440500011748,11.94287109375,,231289280,true,dcb2c10e4ac97b1d1289825869826fdec84593f7,6ac98672d6a5ec3f,true,2026-09-20T14:17:47+00:00
20260920T140330Z-gpu,electricity_hourly,T241,timesfm25,tsfm,168,24,180014,56.62560780843099,66.6359124316503,1.2973886275917363,5.541631356835089,122.72442299990871,11.94287109375,,231289280,true,dcb2c10e4ac97b1d1289825869826fdec84593f7,6ac98672d6a5ec3f,true,2026-09-20T14:17:47+00:00
20260920T140330Z-gpu,electricity_hourly,T241,timesfm25,tsfm,168,24,180015,26.809605916341145,35.29023243643994,0.49405979676902034,2.5452114513981394,120.48114500021256,11.94287109375,,231289280,true,dcb2c10e4ac97b1d1289825869826fdec84593f7,6ac98672d6a5ec3f,true,2026-09-20T14:17:47+00:00
20260920T140330Z-gpu,electricity_hourly,T241,timesfm25,tsfm,168,24,180016,58.07116190592448,69.80675109220759,1.380820230259763,6.582968104261629,123.29446699982327,11.94287109375,,231289280,true,dcb2c10e4ac97b1d1289825869826fdec84593f7,6ac98672d6a5ec3f,true,2026-09-20T14:17:47+00:00
20260920T140330Z-gpu,electricity_hourly,T241,timesfm25,tsfm,168,24,180017,37.17210388183594,44.94921339372439,0.6951666180499189,3.7801717917857838,125.40205799996329,11.94287109375,,231289280,true,dcb2c10e4ac97b1d1289825869826fdec84593f7,6ac98672d6a5ec3f,true,2026-09-20T14:17:47+00:00
20260920T140330Z-gpu,electricity_hourly,T241,timesfm25,tsfm,168,24,180018,27.2185796101888,34.09968527876376,0.7079977355251422,2.803688982517971,119.49711900001603,11.94287109375,,231289280,true,dcb2c10e4ac97b1d1289825869826fdec84593f7,6ac98672d6a5ec3f,true,2026-09-20T14:17:47+00:00
20260920T140330Z-gpu,electricity_hourly,T241,timesfm25,tsfm,168,24,180019,25.75702412923177,33.2576595858575,0.874354425886227,2.7631523678919403,118.57426999995369,11.94287109375,,231289280,true,dcb2c10e4ac97b1d1289825869826fdec84593f7,6ac98672d6a5ec3f,true,2026-09-20T14:17:47+00:00
20260920T140330Z-gpu,electricity_hourly,T241,timesfm25,tsfm,168,24,180020,25.466990152994793,36.539034843765705,0.3298180215874854,3.2602748967400377,118.17191399995863,11.94287109375,,231289280,true,dcb2c10e4ac97b1d1289825869826fdec84593f7,6ac98672d6a5ec3f,true,2026-09-20T14:17:47+00:00
20260920T140330Z-gpu,electricity_hourly,T241,timesfm25,tsfm,168,24,180021,29.5276616414388,37.337092896661545,0.20658746848543327,3.4852568981880694,113.72024199999942,11.94287109375,,231289280,true,dcb2c10e4ac97b1d1289825869826fdec84593f7,6ac98672d6a5ec3f,true,2026-09-20T14:17:47+00:00
20260920T140330Z-gpu,electricity_hourly,T241,chronos_bolt,tsfm,168,24,180000,27.761021931966145,39.65903914254259,0.7386524682563054,2.554671677208262,32.03131099985512,1.0751953125,,205292928,true,dcb2c10e4ac97b1d1289825869826fdec84593f7,6ac98672d6a5ec3f,true,2026-09-20T14:17:52+00:00
20260920T140330Z-gpu,electricity_hourly,T241,chronos_bolt,tsfm,168,24,180001,23.747474670410156,31.970933743514696,0.6057814619201174,2.0403260300385537,39.02554400019653,1.0751953125,,205292928,true,dcb2c10e4ac97b1d1289825869826fdec84593f7,6ac98672d6a5ec3f,true,2026-09-20T14:17:52+00:00
20260920T140330Z-gpu,electricity_hourly,T241,chronos_bolt,tsfm,168,24,180002,45.5654296875,52.0648545197057,0.6250163721661269,4.557705688506167,34.617811000089205,1.0751953125,,205292928,true,dcb2c10e4ac97b1d1289825869826fdec84593f7,6ac98672d6a5ec3f,true,2026-09-20T14:17:52+00:00
20260920T140330Z-gpu,electricity_hourly,T241,chronos_bolt,tsfm,168,24,180003,37.789876302083336,45.67659584809476,1.1146542784719378,3.575376092514606,33.34559800009629,1.0751953125,,205292928,true,dcb2c10e4ac97b1d1289825869826fdec84593f7,6ac98672d6a5ec3f,true,2026-09-20T14:17:52+00:00
20260920T140330Z-gpu,electricity_hourly,T241,chronos_bolt,tsfm,168,24,180004,23.641634623209637,30.404406955828012,0.5443548745990067,2.0606398441622344,35.26197700011835,1.0751953125,,205292928,true,dcb2c10e4ac97b1d1289825869826fdec84593f7,6ac98672d6a5ec3f,true,2026-09-20T14:17:52+00:00
20260920T140330Z-gpu,electricity_hourly,T241,chronos_bolt,tsfm,168,24,180005,24.33191172281901,31.164961568132522,0.6661207772026497,2.1981688248971065,34.651452999924004,1.0751953125,,205292928,true,dcb2c10e4ac97b1d1289825869826fdec84593f7,6ac98672d6a5ec3f,true,2026-09-20T14:17:52+00:00
20260920T140330Z-gpu,electricity_hourly,T241,chronos_bolt,tsfm,168,24,180006,31.101715087890625,35.55407248529889,0.8039215531603393,2.9782568402815954,34.26486900002601,1.0751953125,,205292928,true,dcb2c10e4ac97b1d1289825869826fdec84593f7,6ac98672d6a5ec3f,true,2026-09-20T14:17:52+00:00
20260920T140330Z-gpu,electricity_hourly,T241,chronos_bolt,tsfm,168,24,180007,22.036471048990887,27.35840201514579,0.4987037295386905,2.190012032088654,34.24912599984964,1.0751953125,,205292928,true,dcb2c10e4ac97b1d1289825869826fdec84593f7,6ac98672d6a5ec3f,true,2026-09-20T14:17:52+00:00
20260920T140330Z-gpu,electricity_hourly,T241,chronos_bolt,tsfm,168,24,180008,20.4506352742513,23.107980513075148,0.756458124709013,2.136900185251822,33.36544099988714,1.0751953125,,205292928,true,dcb2c10e4ac97b1d1289825869826fdec84593f7,6ac98672d6a5ec3f,true,2026-09-20T14:17:52+00:00
20260920T140330Z-gpu,electricity_hourly,T241,chronos_bolt,tsfm,168,24,180009,23.560501098632812,31.01550531207592,0.6280474191416374,2.217938112627482,32.86208600002283,1.0751953125,,205292928,true,dcb2c10e4ac97b1d1289825869826fdec84593f7,6ac98672d6a5ec3f,true,2026-09-20T14:17:52+00:00
20260920T140330Z-gpu,electricity_hourly,T241,chronos_bolt,tsfm,168,24,180010,36.75660959879557,47.32687854049192,0.9653386434846913,3.24590232887638,36.543894000033106,1.0751953125,,205292928,true,dcb2c10e4ac97b1d1289825869826fdec84593f7,6ac98672d6a5ec3f,true,2026-09-20T14:17:52+00:00
20260920T140330Z-gpu,electricity_hourly,T241,chronos_bolt,tsfm,168,24,180011,43.31095886230469,50.13045159677007,1.0554709893673846,3.8186347258306954,34.434532999966905,1.0751953125,,205292928,true,dcb2c10e4ac97b1d1289825869826fdec84593f7,6ac98672d6a5ec3f,true,2026-09-20T14:17:52+00:00
20260920T140330Z-gpu,electricity_hourly,T241,chronos_bolt,tsfm,168,24,180012,24.99523671468099,32.015049278531556,0.6244472739267978,2.262230635634269,35.731351000094946,1.0751953125,,205292928,true,dcb2c10e4ac97b1d1289825869826fdec84593f7,6ac98672d6a5ec3f,true,2026-09-20T14:17:52+00:00
20260920T140330Z-gpu,electricity_hourly,T241,chronos_bolt,tsfm,168,24,180013,68.87007649739583,75.00728128109772,1.3876159249510283,6.465900717649036,37.14146199990864,1.0751953125,,205292928,true,dcb2c10e4ac97b1d1289825869826fdec84593f7,6ac98672d6a5ec3f,true,2026-09-20T14:17:52+00:00
20260920T140330Z-gpu,electricity_hourly,T241,chronos_bolt,tsfm,168,24,180014,53.06700897216797,67.42415207338554,1.2158550981690035,5.400390786660791,35.78224400007457,1.0751953125,,205292928,true,dcb2c10e4ac97b1d1289825869826fdec84593f7,6ac98672d6a5ec3f,true,2026-09-20T14:17:52+00:00
20260920T140330Z-gpu,electricity_hourly,T241,chronos_bolt,tsfm,168,24,180015,27.235198974609375,31.95037153757241,0.5019028221581456,2.741772245323855,37.50885499994183,1.0751953125,,205292928,true,dcb2c10e4ac97b1d1289825869826fdec84593f7,6ac98672d6a5ec3f,true,2026-09-20T14:17:52+00:00
20260920T140330Z-gpu,electricity_hourly,T241,chronos_bolt,tsfm,168,24,180016,58.93472544352213,71.76944903725307,1.4013541056583863,6.6867422138113515,35.01603200015779,1.0751953125,,205292928,true,dcb2c10e4ac97b1d1289825869826fdec84593f7,6ac98672d6a5ec3f,true,2026-09-20T14:17:52+00:00
20260920T140330Z-gpu,electricity_hourly,T241,chronos_bolt,tsfm,168,24,180017,30.705546061197918,39.08594887557399,0.5742335886769481,3.053945210730544,36.3075810000737,1.0751953125,,205292928,true,dcb2c10e4ac97b1d1289825869826fdec84593f7,6ac98672d6a5ec3f,true,2026-09-20T14:17:52+00:00
20260920T140330Z-gpu,electricity_hourly,T241,chronos_bolt,tsfm,168,24,180018,22.668004353841145,30.75256897255766,0.5896301710536714,2.1852000538791776,36.68664500014529,1.0751953125,,205292928,true,dcb2c10e4ac97b1d1289825869826fdec84593f7,6ac98672d6a5ec3f,true,2026-09-20T14:17:52+00:00
20260920T140330Z-gpu,electricity_hourly,T241,chronos_bolt,tsfm,168,24,180019,27.613118489583332,35.27038758058983,0.9373618723479491,2.8396513393728275,36.058432000118046,1.0751953125,,205292928,true,dcb2c10e4ac97b1d1289825869826fdec84593f7,6ac98672d6a5ec3f,true,2026-09-20T14:17:52+00:00
20260920T140330Z-gpu,electricity_hourly,T241,chronos_bolt,tsfm,168,24,180020,28.685765584309895,37.70354113138038,0.3715037543070982,3.4738628412062558,34.310169999798745,1.0751953125,,205292928,true,dcb2c10e4ac97b1d1289825869826fdec84593f7,6ac98672d6a5ec3f,true,2026-09-20T14:17:52+00:00
20260920T140330Z-gpu,electricity_hourly,T241,chronos_bolt,tsfm,168,24,180021,24.257975260416668,29.007914581825755,0.16971861031483823,3.0672307322199934,32.8270549998706,1.0751953125,,205292928,true,dcb2c10e4ac97b1d1289825869826fdec84593f7,6ac98672d6a5ec3f,true,2026-09-20T14:17:52+00:00
20260920T140330Z-gpu,electricity_hourly,T255,lstm,deep,168,24,190000,283.06969182875196,403.1219757271705,1.684172855569156,8.669855664428141,329.2653060000248,16.14599609375,0.32005859299988515,4513,false,dcb2c10e4ac97b1d1289825869826fdec84593f7,6ac98672d6a5ec3f,true,2026-09-20T14:18:04+00:00
20260920T140330Z-gpu,electricity_hourly,T255,lstm,deep,168,24,190001,356.68884559647876,410.7399710587236,1.7872918702029694,9.407364067165831,338.7624090000827,16.10986328125,0.32950883399985287,4513,false,dcb2c10e4ac97b1d1289825869826fdec84593f7,6ac98672d6a5ec3f,true,2026-09-20T14:18:04+00:00
20260920T140330Z-gpu,electricity_hourly,T255,lstm,deep,168,24,190002,291.8381540176986,402.577208530434,2.143898284794848,8.46598303980679,353.7026500000593,16.10986328125,0.34322956500000146,4513,false,dcb2c10e4ac97b1d1289825869826fdec84593f7,6ac98672d6a5ec3f,true,2026-09-20T14:18:04+00:00
20260920T140330Z-gpu,electricity_hourly,T255,lstm,deep,168,24,190003,158.21203172488077,208.98089893850081,0.8862729545002269,4.466918421301628,333.34349000006114,16.10986328125,0.3244481799999903,4513,false,dcb2c10e4ac97b1d1289825869826fdec84593f7,6ac98672d6a5ec3f,true,2026-09-20T14:18:04+00:00
20260920T140330Z-gpu,electricity_hourly,T255,lstm,deep,168,24,190004,285.0412963167494,351.42498583566174,1.3576986858167477,7.868362970566456,332.8141429999505,16.10986328125,0.323550639999894,4513,false,dcb2c10e4ac97b1d1289825869826fdec84593f7,6ac98672d6a5ec3f,true,2026-09-20T14:18:04+00:00
20260920T140330Z-gpu,electricity_hourly,T255,lstm,deep,168,24,190005,169.02275870117197,230.26868152461972,0.8589221601781686,4.706955484413298,328.13123500000074,16.10986328125,0.31894203600018045,4513,false,dcb2c10e4ac97b1d1289825869826fdec84593f7,6ac98672d6a5ec3f,true,2026-09-20T14:18:04+00:00
20260920T140330Z-gpu,electricity_hourly,T255,lstm,deep,168,24,190006,223.65619328580348,322.639255145228,1.304593179939065,5.80534618841421,337.90347400008613,16.10986328125,0.3289786789998743,4513,false,dcb2c10e4ac97b1d1289825869826fdec84593f7,6ac98672d6a5ec3f,true,2026-09-20T14:18:04+00:00
20260920T140330Z-gpu,electricity_hourly,T255,lstm,deep,168,24,190007,272.61791524198674,318.38223141132556,1.8867198440354733,7.568062002043313,330.7548840000436,16.10986328125,0.32182593299990003,4513,false,dcb2c10e4ac97b1d1289825869826fdec84593f7,6ac98672d6a5ec3f,true,2026-09-20T14:18:04+00:00
20260920T140330Z-gpu,electricity_hourly,T255,lstm,deep,168,24,190008,407.3063155403658,507.5852934961576,2.83644982289451,11.246255147581152,349.91009200007284,16.10986328125,0.3401714210001501,4513,false,dcb2c10e4ac97b1d1289825869826fdec84593f7,6ac98672d6a5ec3f,true,2026-09-20T14:18:04+00:00
20260920T140330Z-gpu,electricity_hourly,T255,lstm,deep,168,24,190009,501.83330446098154,652.35550686356,2.601295746665995,13.478311717275112,342.6219820000824,16.10986328125,0.3319460100001379,4513,false,dcb2c10e4ac97b1d1289825869826fdec84593f7,6ac98672d6a5ec3f,true,2026-09-20T14:18:04+00:00
20260920T140330Z-gpu,electricity_hourly,T255,lstm,deep,168,24,190010,218.46401290899394,312.99095008429805,1.3593819833590495,6.052673648040438,326.8549939998593,16.10986328125,0.31800026599989906,4513,false,dcb2c10e4ac97b1d1289825869826fdec84593f7,6ac98672d6a5ec3f,true,2026-09-20T14:18:04+00:00
20260920T140330Z-gpu,electricity_hourly,T255,lstm,deep,168,24,190011,243.16807503925506,326.84949047218714,1.311812190673687,6.116508033486646,368.26788200005467,16.10986328125,0.3596930490000432,4513,false,dcb2c10e4ac97b1d1289825869826fdec84593f7,6ac98672d6a5ec3f,true,2026-09-20T14:18:04+00:00
20260920T140330Z-gpu,electricity_hourly,T255,lstm,deep,168,24,190012,526.8919466752001,692.1919229945446,3.1391162731166244,14.74538854125701,344.0363649999654,16.10986328125,0.3347549719999279,4513,false,dcb2c10e4ac97b1d1289825869826fdec84593f7,6ac98672d6a5ec3f,true,2026-09-20T14:18:04+00:00
20260920T140330Z-gpu,electricity_hourly,T255,lstm,deep,168,24,190013,171.449929429966,200.85030415029712,0.8127729074899626,4.8395953769909905,348.0871929998557,16.10986328125,0.3390715600000931,4513,false,dcb2c10e4ac97b1d1289825869826fdec84593f7,6ac98672d6a5ec3f,true,2026-09-20T14:18:04+00:00
20260920T140330Z-gpu,electricity_hourly,T255,lstm,deep,168,24,190014,258.70446387476744,400.0799335863991,1.4984089292078882,7.301051362143841,358.16376899992974,16.10986328125,0.3490619939998396,4513,false,dcb2c10e4ac97b1d1289825869826fdec84593f7,6ac98672d6a5ec3f,true,2026-09-20T14:18:04+00:00
20260920T140330Z-gpu,electricity_hourly,T255,lstm,deep,168,24,190015,276.430847517536,382.3337702496229,1.2263105989687364,8.100127554644237,351.6646559999117,16.10986328125,0.3425720929999443,4513,false,dcb2c10e4ac97b1d1289825869826fdec84593f7,6ac98672d6a5ec3f,true,2026-09-20T14:18:04+00:00
20260920T140330Z-gpu,electricity_hourly,T255,lstm,deep,168,24,190016,281.42752007407097,392.04969213361306,1.4629638962732834,9.682974418102729,345.92817899988404,16.10986328125,0.3370979230001012,4513,false,dcb2c10e4ac97b1d1289825869826fdec84593f7,6ac98672d6a5ec3f,true,2026-09-20T14:18:04+00:00
20260920T140330Z-gpu,electricity_hourly,T255,lstm,deep,168,24,190017,270.01720525690916,339.4343823224418,1.723055816582244,8.48207651328684,364.68833200001427,16.10986328125,0.3557081080000444,4513,false,dcb2c10e4ac97b1d1289825869826fdec84593f7,6ac98672d6a5ec3f,true,2026-09-20T14:18:04+00:00
20260920T140330Z-gpu,electricity_hourly,T255,lstm,deep,168,24,190018,284.30914969826927,326.5363882956481,1.8505025111440416,8.43336472982154,328.04081799986307,16.10986328125,0.3189881650000643,4513,false,dcb2c10e4ac97b1d1289825869826fdec84593f7,6ac98672d6a5ec3f,true,2026-09-20T14:18:04+00:00
20260920T140330Z-gpu,electricity_hourly,T255,lstm,deep,168,24,190019,231.7767925693523,303.51631239092217,1.5458943089387094,8.995141123911337,344.99605799987876,16.10986328125,0.33550848300001235,4513,false,dcb2c10e4ac97b1d1289825869826fdec84593f7,6ac98672d6a5ec3f,true,2026-09-20T14:18:04+00:00
20260920T140330Z-gpu,electricity_hourly,T255,lstm,deep,168,24,190020,156.31006605603892,192.14296863593233,1.0259183916166639,5.268843216610015,322.72474999990663,16.10986328125,0.31375302700007524,4513,false,dcb2c10e4ac97b1d1289825869826fdec84593f7,6ac98672d6a5ec3f,true,2026-09-20T14:18:04+00:00
20260920T140330Z-gpu,electricity_hourly,T255,lstm,deep,168,24,190021,580.7693541148828,708.753583221622,0.9043708176627282,19.053554409221267,333.0827419999878,16.10986328125,0.3237168590001147,4513,false,dcb2c10e4ac97b1d1289825869826fdec84593f7,6ac98672d6a5ec3f,true,2026-09-20T14:18:04+00:00
20260920T140330Z-gpu,electricity_hourly,T255,transformer,deep,168,24,190000,268.5453152646857,344.77385081741556,1.5977575258486445,8.004876948645993,595.4703980000886,10.6845703125,0.5943401460001496,19232,false,dcb2c10e4ac97b1d1289825869826fdec84593f7,6ac98672d6a5ec3f,true,2026-09-20T14:18:22+00:00
20260920T140330Z-gpu,electricity_hourly,T255,transformer,deep,168,24,190001,384.0440951150968,436.623874885774,1.9243632019129353,9.965812459689333,586.4377119999062,10.525390625,0.5852499139998599,19232,false,dcb2c10e4ac97b1d1289825869826fdec84593f7,6ac98672d6a5ec3f,true,2026-09-20T14:18:22+00:00
20260920T140330Z-gpu,electricity_hourly,T255,transformer,deep,168,24,190002,220.7628350699284,287.8417033655061,1.6217655468865264,6.33486577320423,577.0613459999367,10.525390625,0.5759571579999374,19232,false,dcb2c10e4ac97b1d1289825869826fdec84593f7,6ac98672d6a5ec3f,true,2026-09-20T14:18:22+00:00
20260920T140330Z-gpu,electricity_hourly,T255,transformer,deep,168,24,190003,171.91647541292346,237.06424331401303,0.9630425760313148,4.705247413488128,578.7392169997929,10.525390625,0.5775727049999659,19232,false,dcb2c10e4ac97b1d1289825869826fdec84593f7,6ac98672d6a5ec3f,true,2026-09-20T14:18:22+00:00
20260920T140330Z-gpu,electricity_hourly,T255,transformer,deep,168,24,190004,263.57565575891,312.9858757604277,1.2554543010479966,6.799552095933889,587.1246789999987,10.525390625,0.5859829449998415,19232,false,dcb2c10e4ac97b1d1289825869826fdec84593f7,6ac98672d6a5ec3f,true,2026-09-20T14:18:22+00:00
20260920T140330Z-gpu,electricity_hourly,T255,transformer,deep,168,24,190005,181.33003375085477,255.34169835677093,0.9214639820772519,5.174524644583909,599.8181049999403,10.525390625,0.5986371270000745,19232,false,dcb2c10e4ac97b1d1289825869826fdec84593f7,6ac98672d6a5ec3f,true,2026-09-20T14:18:22+00:00
20260920T140330Z-gpu,electricity_hourly,T255,transformer,deep,168,24,190006,295.58851851680254,390.7261671828292,1.7241765571523298,7.834070470987259,602.6133230000141,10.525390625,0.6014794220000113,19232,false,dcb2c10e4ac97b1d1289825869826fdec84593f7,6ac98672d6a5ec3f,true,2026-09-20T14:18:22+00:00
20260920T140330Z-gpu,electricity_hourly,T255,transformer,deep,168,24,190007,350.9045951500836,436.1615791341292,2.428522213755565,9.380215013867376,587.593828000081,10.525390625,0.5863955489999171,19232,false,dcb2c10e4ac97b1d1289825869826fdec84593f7,6ac98672d6a5ec3f,true,2026-09-20T14:18:22+00:00
20260920T140330Z-gpu,electricity_hourly,T255,transformer,deep,168,24,190008,202.17916709053125,256.2795811397358,1.4079601538367588,5.728571496671462,589.4351900001311,10.525390625,0.5883523920001608,19232,false,dcb2c10e4ac97b1d1289825869826fdec84593f7,6ac98672d6a5ec3f,true,2026-09-20T14:18:22+00:00
20260920T140330Z-gpu,electricity_hourly,T255,transformer,deep,168,24,190009,453.3927626750962,578.3868359639935,2.3502000657024427,12.483402125991494,631.1472110000977,10.525390625,0.6299009409999599,19232,false,dcb2c10e4ac97b1d1289825869826fdec84593f7,6ac98672d6a5ec3f,true,2026-09-20T14:18:22+00:00
20260920T140330Z-gpu,electricity_hourly,T255,transformer,deep,168,24,190010,184.32522631858635,252.08716238438873,1.1469549991304309,5.094317828919218,598.4546140000475,10.525390625,0.5973073339998791,19232,false,dcb2c10e4ac97b1d1289825869826fdec84593f7,6ac98672d6a5ec3f,true,2026-09-20T14:18:22+00:00
20260920T140330Z-gpu,electricity_hourly,T255,transformer,deep,168,24,190011,342.9748136127659,412.6764101263082,1.8502368845854078,9.038580025013038,583.4436570000889,10.525390625,0.5823040899999796,19232,false,dcb2c10e4ac97b1d1289825869826fdec84593f7,6ac98672d6a5ec3f,true,2026-09-20T14:18:22+00:00
20260920T140330Z-gpu,electricity_hourly,T255,transformer,deep,168,24,190012,233.7668255701232,344.0844853725716,1.3927357419155042,6.372262737000136,590.2324020000833,10.525390625,0.5889102659998571,19232,false,dcb2c10e4ac97b1d1289825869826fdec84593f7,6ac98672d6a5ec3f,true,2026-09-20T14:18:22+00:00
20260920T140330Z-gpu,electricity_hourly,T255,transformer,deep,168,24,190013,283.28769267709487,345.1555294172878,1.3429492937023195,8.881333937964987,598.6880829998427,10.525390625,0.5974875800000063,19232,false,dcb2c10e4ac97b1d1289825869826fdec84593f7,6ac98672d6a5ec3f,true,2026-09-20T14:18:22+00:00
20260920T140330Z-gpu,electricity_hourly,T255,transformer,deep,168,24,190014,204.7395535233377,282.3245362981444,1.1858456965393223,6.104417526944431,594.7767780000959,10.525390625,0.5936070669999935,19232,false,dcb2c10e4ac97b1d1289825869826fdec84593f7,6ac98672d6a5ec3f,true,2026-09-20T14:18:22+00:00
20260920T140330Z-gpu,electricity_hourly,T255,transformer,deep,168,24,190015,357.6402780180124,496.39788295639653,1.586574246290628,10.773653860033805,591.0628930000712,10.525390625,0.5898617290001766,19232,false,dcb2c10e4ac97b1d1289825869826fdec84593f7,6ac98672d6a5ec3f,true,2026-09-20T14:18:22+00:00
20260920T140330Z-gpu,electricity_hourly,T255,transformer,deep,168,24,190016,377.42445239900525,492.85342764513666,1.9619913052040272,13.128432262319414,594.3599340000674,10.525390625,0.5932189879999896,19232,false,dcb2c10e4ac97b1d1289825869826fdec84593f7,6ac98672d6a5ec3f,true,2026-09-20T14:18:22+00:00
20260920T140330Z-gpu,electricity_hourly,T255,transformer,deep,168,24,190017,158.31771019839803,198.69387457144165,1.0102698869347388,4.808877090822062,596.4287409999542,10.525390625,0.5953459500001372,19232,false,dcb2c10e4ac97b1d1289825869826fdec84593f7,6ac98672d6a5ec3f,true,2026-09-20T14:18:22+00:00
20260920T140330Z-gpu,electricity_hourly,T255,transformer,deep,168,24,190018,289.52174498639596,348.6084663320414,1.8844300885030292,8.594181428694608,587.1603269999923,10.525390625,0.5860659770000893,19232,false,dcb2c10e4ac97b1d1289825869826fdec84593f7,6ac98672d6a5ec3f,true,2026-09-20T14:18:22+00:00
20260920T140330Z-gpu,electricity_hourly,T255,transformer,deep,168,24,190019,192.856708736179,239.89476646754704,1.2863069040300963,7.305691487218679,585.9108280001237,10.525390625,0.5847303609998562,19232,false,dcb2c10e4ac97b1d1289825869826fdec84593f7,6ac98672d6a5ec3f,true,2026-09-20T14:18:22+00:00
20260920T140330Z-gpu,electricity_hourly,T255,transformer,deep,168,24,190020,225.01639076325478,284.5473486190825,1.476862364170861,7.653379945838691,627.3975829999472,10.525390625,0.6262611360000392,19232,false,dcb2c10e4ac97b1d1289825869826fdec84593f7,6ac98672d6a5ec3f,true,2026-09-20T14:18:22+00:00
20260920T140330Z-gpu,electricity_hourly,T255,transformer,deep,168,24,190021,254.08259162273464,324.571848752027,0.395656002699935,8.554160094343503,624.1510439999729,10.525390625,0.6216533269998763,19232,false,dcb2c10e4ac97b1d1289825869826fdec84593f7,6ac98672d6a5ec3f,true,2026-09-20T14:18:22+00:00
20260920T140330Z-gpu,electricity_hourly,T255,timesfm25,tsfm,168,24,190000,109.0161844889323,148.40535986538092,0.6486109394044643,3.4617252798136064,118.97183900009622,11.94287109375,,231289280,true,dcb2c10e4ac97b1d1289825869826fdec84593f7,6ac98672d6a5ec3f,true,2026-09-20T14:18:29+00:00
20260920T140330Z-gpu,electricity_hourly,T255,timesfm25,tsfm,168,24,190001,192.18229166666666,247.48791214847736,0.9629845500730738,4.628767768260058,118.92041999999492,11.94287109375,,231289280,true,dcb2c10e4ac97b1d1289825869826fdec84593f7,6ac98672d6a5ec3f,true,2026-09-20T14:18:29+00:00
20260920T140330Z-gpu,electricity_hourly,T255,timesfm25,tsfm,168,24,190002,168.13579305013022,190.54790073403217,1.2351573410477885,4.8304678150663936,120.92923799991695,11.94287109375,,231289280,true,dcb2c10e4ac97b1d1289825869826fdec84593f7,6ac98672d6a5ec3f,true,2026-09-20T14:18:29+00:00
20260920T140330Z-gpu,electricity_hourly,T255,timesfm25,tsfm,168,24,190003,169.7410888671875,232.48781100795262,0.9508564847457792,4.43850478950343,123.3489759999884,11.94287109375,,231289280,true,dcb2c10e4ac97b1d1289825869826fdec84593f7,6ac98672d6a5ec3f,true,2026-09-20T14:18:29+00:00
20260920T140330Z-gpu,electricity_hourly,T255,timesfm25,tsfm,168,24,190004,119.0713399251302,159.3448239584034,0.5671564219773335,2.660841045641828,113.4631200000058,11.94287109375,,231289280,true,dcb2c10e4ac97b1d1289825869826fdec84593f7,6ac98672d6a5ec3f,true,2026-09-20T14:18:29+00:00
20260920T140330Z-gpu,electricity_hourly,T255,timesfm25,tsfm,168,24,190005,106.3537089029948,149.9274958017972,0.5404571437354431,2.812961860091137,122.46460900018974,11.94287109375,,231289280,true,dcb2c10e4ac97b1d1289825869826fdec84593f7,6ac98672d6a5ec3f,true,2026-09-20T14:18:29+00:00
20260920T140330Z-gpu,electricity_hourly,T255,timesfm25,tsfm,168,24,190006,160.72855631510416,201.51822213848584,0.9375344152539797,3.892097068844714,119.65872099995067,11.94287109375,,231289280,true,dcb2c10e4ac97b1d1289825869826fdec84593f7,6ac98672d6a5ec3f,true,2026-09-20T14:18:29+00:00
20260920T140330Z-gpu,electricity_hourly,T255,timesfm25,tsfm,168,24,190007,93.909912109375,119.60234493265723,0.6499268200004806,2.4025632188463755,116.60581000001002,11.94287109375,,231289280,true,dcb2c10e4ac97b1d1289825869826fdec84593f7,6ac98672d6a5ec3f,true,2026-09-20T14:18:29+00:00
20260920T140330Z-gpu,electricity_hourly,T255,timesfm25,tsfm,168,24,190008,104.4114481608073,138.6535631768507,0.7271132863505295,2.861033576959891,124.20370200015896,11.94287109375,,231289280,true,dcb2c10e4ac97b1d1289825869826fdec84593f7,6ac98672d6a5ec3f,true,2026-09-20T14:18:29+00:00
20260920T140330Z-gpu,electricity_hourly,T255,timesfm25,tsfm,168,24,190009,149.92345174153647,198.20704379534362,0.7771410025479213,3.9147461101876093,124.99735300002612,11.94287109375,,231289280,true,dcb2c10e4ac97b1d1289825869826fdec84593f7,6ac98672d6a5ec3f,true,2026-09-20T14:18:29+00:00
20260920T140330Z-gpu,electricity_hourly,T255,timesfm25,tsfm,168,24,190010,121.90163167317708,139.2117151180713,0.7585271351195877,3.184057056001313,122.49739999992926,11.94287109375,,231289280,true,dcb2c10e4ac97b1d1289825869826fdec84593f7,6ac98672d6a5ec3f,true,2026-09-20T14:18:29+00:00
20260920T140330Z-gpu,electricity_hourly,T255,timesfm25,tsfm,168,24,190011,175.5382283528646,214.0308201338175,0.946971298947758,4.7717401238091846,125.89086499997393,11.94287109375,,231289280,true,dcb2c10e4ac97b1d1289825869826fdec84593f7,6ac98672d6a5ec3f,true,2026-09-20T14:18:29+00:00
20260920T140330Z-gpu,electricity_hourly,T255,timesfm25,tsfm,168,24,190012,141.8712158203125,193.06084754388354,0.845240177001448,3.766737516746057,121.31999899997936,11.94287109375,,231289280,true,dcb2c10e4ac97b1d1289825869826fdec84593f7,6ac98672d6a5ec3f,true,2026-09-20T14:18:29+00:00
20260920T140330Z-gpu,electricity_hourly,T255,timesfm25,tsfm,168,24,190013,128.11121622721353,168.8392756706299,0.607322067972042,3.4423137546847506,123.02125500013972,11.94287109375,,231289280,true,dcb2c10e4ac97b1d1289825869826fdec84593f7,6ac98672d6a5ec3f,true,2026-09-20T14:18:29+00:00
20260920T140330Z-gpu,electricity_hourly,T255,timesfm25,tsfm,168,24,190014,147.2454833984375,237.99909716618012,0.8528416703955837,4.140386665063106,121.66073700018387,11.94287109375,,231289280,true,dcb2c10e4ac97b1d1289825869826fdec84593f7,6ac98672d6a5ec3f,true,2026-09-20T14:18:29+00:00
20260920T140330Z-gpu,electricity_hourly,T255,timesfm25,tsfm,168,24,190015,178.74732462565103,198.97411141208363,0.792964101851317,5.189572994454448,124.35030800020286,11.94287109375,,231289280,true,dcb2c10e4ac97b1d1289825869826fdec84593f7,6ac98672d6a5ec3f,true,2026-09-20T14:18:29+00:00
20260920T140330Z-gpu,electricity_hourly,T255,timesfm25,tsfm,168,24,190016,168.9833526611328,219.2123149605283,0.8784377020036507,5.864077214685614,124.51564100001633,11.94287109375,,231289280,true,dcb2c10e4ac97b1d1289825869826fdec84593f7,6ac98672d6a5ec3f,true,2026-09-20T14:18:29+00:00
20260920T140330Z-gpu,electricity_hourly,T255,timesfm25,tsfm,168,24,190017,128.5124308268229,164.91279206776457,0.8200740068715101,3.4965388460270828,122.86634200017943,11.94287109375,,231289280,true,dcb2c10e4ac97b1d1289825869826fdec84593f7,6ac98672d6a5ec3f,true,2026-09-20T14:18:29+00:00
20260920T140330Z-gpu,electricity_hourly,T255,timesfm25,tsfm,168,24,190018,228.9282989501953,268.0066467047746,1.4900413600085032,7.12540664852742,118.01798600004076,11.94287109375,,231289280,true,dcb2c10e4ac97b1d1289825869826fdec84593f7,6ac98672d6a5ec3f,true,2026-09-20T14:18:29+00:00
20260920T140330Z-gpu,electricity_hourly,T255,timesfm25,tsfm,168,24,190019,91.19857279459636,133.38012453539162,0.6082720927476553,3.576911385312312,118.24515900002552,11.94287109375,,231289280,true,dcb2c10e4ac97b1d1289825869826fdec84593f7,6ac98672d6a5ec3f,true,2026-09-20T14:18:29+00:00
20260920T140330Z-gpu,electricity_hourly,T255,timesfm25,tsfm,168,24,190020,152.28502909342447,205.4441898146314,0.9995006467389755,4.761912413693806,122.05841299987696,11.94287109375,,231289280,true,dcb2c10e4ac97b1d1289825869826fdec84593f7,6ac98672d6a5ec3f,true,2026-09-20T14:18:29+00:00
20260920T140330Z-gpu,electricity_hourly,T255,timesfm25,tsfm,168,24,190021,250.74774678548178,356.85311945622607,0.3904630008122216,7.688053751808247,119.93238300010489,11.94287109375,,231289280,true,dcb2c10e4ac97b1d1289825869826fdec84593f7,6ac98672d6a5ec3f,true,2026-09-20T14:18:29+00:00
20260920T140330Z-gpu,electricity_hourly,T255,chronos_bolt,tsfm,168,24,190000,74.64410400390625,112.81742948668587,0.44410820875769536,2.2571153740510197,31.742247000011048,1.0751953125,,205292928,true,dcb2c10e4ac97b1d1289825869826fdec84593f7,6ac98672d6a5ec3f,true,2026-09-20T14:18:34+00:00
20260920T140330Z-gpu,electricity_hourly,T255,chronos_bolt,tsfm,168,24,190001,182.91436767578125,235.29460826529612,0.9165449559925012,4.330018879858284,35.19068499986133,1.0751953125,,205292928,true,dcb2c10e4ac97b1d1289825869826fdec84593f7,6ac98672d6a5ec3f,true,2026-09-20T14:18:34+00:00
20260920T140330Z-gpu,electricity_hourly,T255,chronos_bolt,tsfm,168,24,190002,133.6717325846354,151.36502381056064,0.9819778334959443,3.7547731528065857,34.72188599994297,1.0751953125,,205292928,true,dcb2c10e4ac97b1d1289825869826fdec84593f7,6ac98672d6a5ec3f,true,2026-09-20T14:18:34+00:00
20260920T140330Z-gpu,electricity_hourly,T255,chronos_bolt,tsfm,168,24,190003,157.6728515625,211.00014872289367,0.8832525723566482,4.203100601820005,34.19929500000762,1.0751953125,,205292928,true,dcb2c10e4ac97b1d1289825869826fdec84593f7,6ac98672d6a5ec3f,true,2026-09-20T14:18:34+00:00
20260920T140330Z-gpu,electricity_hourly,T255,chronos_bolt,tsfm,168,24,190004,98.3934326171875,120.83812779813924,0.46866414054230615,2.328150663341215,39.53532399987125,1.0751953125,,205292928,true,dcb2c10e4ac97b1d1289825869826fdec84593f7,6ac98672d6a5ec3f,true,2026-09-20T14:18:34+00:00
20260920T140330Z-gpu,electricity_hourly,T255,chronos_bolt,tsfm,168,24,190005,127.20582071940105,163.4886216500055,0.6464212225568603,3.4185003171201136,33.80148099995495,1.0751953125,,205292928,true,dcb2c10e4ac97b1d1289825869826fdec84593f7,6ac98672d6a5ec3f,true,2026-09-20T14:18:34+00:00
20260920T140330Z-gpu,electricity_hourly,T255,chronos_bolt,tsfm,168,24,190006,149.63831583658853,187.61843931268427,0.8728447150511909,3.605963428413498,35.87555300009626,1.0751953125,,205292928,true,dcb2c10e4ac97b1d1289825869826fdec84593f7,6ac98672d6a5ec3f,true,2026-09-20T14:18:34+00:00
20260920T140330Z-gpu,electricity_hourly,T255,chronos_bolt,tsfm,168,24,190007,89.7000732421875,109.01196350806683,0.6207915868157351,2.4253449966999336,36.12511000005725,1.0751953125,,205292928,true,dcb2c10e4ac97b1d1289825869826fdec84593f7,6ac98672d6a5ec3f,true,2026-09-20T14:18:34+00:00
20260920T140330Z-gpu,electricity_hourly,T255,chronos_bolt,tsfm,168,24,190008,98.90122477213542,123.41886363867393,0.6887405149041251,2.690853030818676,33.78244100008487,1.0751953125,,205292928,true,dcb2c10e4ac97b1d1289825869826fdec84593f7,6ac98672d6a5ec3f,true,2026-09-20T14:18:34+00:00
20260920T140330Z-gpu,electricity_hourly,T255,chronos_bolt,tsfm,168,24,190009,152.77388509114584,201.38896482637819,0.7919164669951405,4.012167981454944,33.142022999982146,1.0751953125,,205292928,true,dcb2c10e4ac97b1d1289825869826fdec84593f7,6ac98672d6a5ec3f,true,2026-09-20T14:18:34+00:00
20260920T140330Z-gpu,electricity_hourly,T255,chronos_bolt,tsfm,168,24,190010,120.19966634114583,139.42340970073772,0.7479367363721804,3.1416739738651307,33.89085300000261,1.0751953125,,205292928,true,dcb2c10e4ac97b1d1289825869826fdec84593f7,6ac98672d6a5ec3f,true,2026-09-20T14:18:34+00:00
20260920T140330Z-gpu,electricity_hourly,T255,chronos_bolt,tsfm,168,24,190011,146.53373209635416,182.81379474541404,0.7905015330564192,3.8547487985694913,33.660606000012194,1.0751953125,,205292928,true,dcb2c10e4ac97b1d1289825869826fdec84593f7,6ac98672d6a5ec3f,true,2026-09-20T14:18:34+00:00
20260920T140330Z-gpu,electricity_hourly,T255,chronos_bolt,tsfm,168,24,190012,130.295166015625,174.97754552786498,0.7762723999275961,3.6129122630499415,38.361334999990504,1.0751953125,,205292928,true,dcb2c10e4ac97b1d1289825869826fdec84593f7,6ac98672d6a5ec3f,true,2026-09-20T14:18:34+00:00
20260920T140330Z-gpu,electricity_hourly,T255,chronos_bolt,tsfm,168,24,190013,127.22168986002605,159.09003872256523,0.6031051929103157,3.5767366322312513,33.3395699999528,1.0751953125,,205292928,true,dcb2c10e4ac97b1d1289825869826fdec84593f7,6ac98672d6a5ec3f,true,2026-09-20T14:18:34+00:00
20260920T140330Z-gpu,electricity_hourly,T255,chronos_bolt,tsfm,168,24,190014,139.38643391927084,244.56018305375463,0.8073222783515004,4.067743311918518,34.05751700006476,1.0751953125,,205292928,true,dcb2c10e4ac97b1d1289825869826fdec84593f7,6ac98672d6a5ec3f,true,2026-09-20T14:18:34+00:00
20260920T140330Z-gpu,electricity_hourly,T255,chronos_bolt,tsfm,168,24,190015,143.40432739257812,159.67194775124656,0.6361744653275185,4.1128390010853675,34.49987899989537,1.0751953125,,205292928,true,dcb2c10e4ac97b1d1289825869826fdec84593f7,6ac98672d6a5ec3f,true,2026-09-20T14:18:34+00:00
20260920T140330Z-gpu,electricity_hourly,T255,chronos_bolt,tsfm,168,24,190016,192.6004638671875,232.5370111628092,1.0012081439975091,6.39676937834245,33.62173899995469,1.0751953125,,205292928,true,dcb2c10e4ac97b1d1289825869826fdec84593f7,6ac98672d6a5ec3f,true,2026-09-20T14:18:34+00:00
20260920T140330Z-gpu,electricity_hourly,T255,chronos_bolt,tsfm,168,24,190017,122.92754618326823,156.23206910041446,0.7844352854024029,3.313902069950562,33.200444999920364,1.0751953125,,205292928,true,dcb2c10e4ac97b1d1289825869826fdec84593f7,6ac98672d6a5ec3f,true,2026-09-20T14:18:34+00:00
20260920T140330Z-gpu,electricity_hourly,T255,chronos_bolt,tsfm,168,24,190018,270.99695841471356,303.5046857328999,1.7638565364183127,8.333076934975423,33.72791700007838,1.0751953125,,205292928,true,dcb2c10e4ac97b1d1289825869826fdec84593f7,6ac98672d6a5ec3f,true,2026-09-20T14:18:34+00:00
20260920T140330Z-gpu,electricity_hourly,T255,chronos_bolt,tsfm,168,24,190019,97.82581583658855,139.52899519093268,0.6524741769554772,3.8682724179719714,33.309889000065596,1.0751953125,,205292928,true,dcb2c10e4ac97b1d1289825869826fdec84593f7,6ac98672d6a5ec3f,true,2026-09-20T14:18:34+00:00
20260920T140330Z-gpu,electricity_hourly,T255,chronos_bolt,tsfm,168,24,190020,134.33454386393228,185.38068583911272,0.8816852468735756,4.240887729504537,33.88295500008098,1.0751953125,,205292928,true,dcb2c10e4ac97b1d1289825869826fdec84593f7,6ac98672d6a5ec3f,true,2026-09-20T14:18:34+00:00
20260920T140330Z-gpu,electricity_hourly,T255,chronos_bolt,tsfm,168,24,190021,266.6919657389323,362.14982141767047,0.41529125015038015,8.075729499904307,35.115657999995165,1.0751953125,,205292928,true,dcb2c10e4ac97b1d1289825869826fdec84593f7,6ac98672d6a5ec3f,true,2026-09-20T14:18:34+00:00
20260920T140330Z-gpu,electricity_hourly,T268,lstm,deep,168,24,200000,49.66081246602835,70.46175508818557,1.4082625039598429,6.4078908863969035,341.94106200015995,16.14599609375,0.33256018999986736,4513,false,dcb2c10e4ac97b1d1289825869826fdec84593f7,6ac98672d6a5ec3f,true,2026-09-20T14:18:46+00:00
20260920T140330Z-gpu,electricity_hourly,T268,lstm,deep,168,24,200001,284.85671111302037,354.9773060601667,4.326481004142489,28.992073441483445,335.33012899988535,16.10986328125,0.3265587289999985,4513,false,dcb2c10e4ac97b1d1289825869826fdec84593f7,6ac98672d6a5ec3f,true,2026-09-20T14:18:46+00:00
20260920T140330Z-gpu,electricity_hourly,T268,lstm,deep,168,24,200002,122.09347233732831,188.60394894121396,1.839064855290301,14.133447798050739,327.4806939998598,16.10986328125,0.31888928199987276,4513,false,dcb2c10e4ac97b1d1289825869826fdec84593f7,6ac98672d6a5ec3f,true,2026-09-20T14:18:46+00:00
20260920T140330Z-gpu,electricity_hourly,T268,lstm,deep,168,24,200003,98.26513614239398,114.00512816667299,1.76084863172035,10.130048300124518,352.64115299992227,16.10986328125,0.34353016799991565,4513,false,dcb2c10e4ac97b1d1289825869826fdec84593f7,6ac98672d6a5ec3f,true,2026-09-20T14:18:46+00:00
20260920T140330Z-gpu,electricity_hourly,T268,lstm,deep,168,24,200004,61.783912519113095,76.93461360044168,1.3512884876598248,6.094409343858943,353.31244400003925,16.10986328125,0.34397468199995274,4513,false,dcb2c10e4ac97b1d1289825869826fdec84593f7,6ac98672d6a5ec3f,true,2026-09-20T14:18:46+00:00
20260920T140330Z-gpu,electricity_hourly,T268,lstm,deep,168,24,200005,163.55149604162128,214.6983409247907,3.193412261694029,17.341196211841083,320.9745099998145,16.10986328125,0.31219280599998456,4513,false,dcb2c10e4ac97b1d1289825869826fdec84593f7,6ac98672d6a5ec3f,true,2026-09-20T14:18:46+00:00
20260920T140330Z-gpu,electricity_hourly,T268,lstm,deep,168,24,200006,111.46374631054783,160.1059870341534,2.544108332337754,11.716021892333169,329.56749899994975,16.10986328125,0.3208762409999508,4513,false,dcb2c10e4ac97b1d1289825869826fdec84593f7,6ac98672d6a5ec3f,true,2026-09-20T14:18:46+00:00
20260920T140330Z-gpu,electricity_hourly,T268,lstm,deep,168,24,200007,118.76748644793311,171.088364140542,2.538595524491965,12.424758507350374,338.7181129999135,16.10986328125,0.3294937480000044,4513,false,dcb2c10e4ac97b1d1289825869826fdec84593f7,6ac98672d6a5ec3f,true,2026-09-20T14:18:46+00:00
20260920T140330Z-gpu,electricity_hourly,T268,lstm,deep,168,24,200008,126.26920999709223,172.3617922524497,2.7913365427665457,13.776753191029156,338.4631829999307,16.10986328125,0.3295955330002016,4513,false,dcb2c10e4ac97b1d1289825869826fdec84593f7,6ac98672d6a5ec3f,true,2026-09-20T14:18:46+00:00
20260920T140330Z-gpu,electricity_hourly,T268,lstm,deep,168,24,200009,61.148532284923135,79.18509547307326,1.0257908491413015,6.570700508406878,323.8894019998497,16.10986328125,0.31476356200005284,4513,false,dcb2c10e4ac97b1d1289825869826fdec84593f7,6ac98672d6a5ec3f,true,2026-09-20T14:18:46+00:00
20260920T140330Z-gpu,electricity_hourly,T268,lstm,deep,168,24,200010,70.8237684535881,94.06892449888518,1.749935253486048,6.892372737347939,349.493233999965,16.10986328125,0.33975285099995745,4513,false,dcb2c10e4ac97b1d1289825869826fdec84593f7,6ac98672d6a5ec3f,true,2026-09-20T14:18:46+00:00
20260920T140330Z-gpu,electricity_hourly,T268,lstm,deep,168,24,200011,62.05206176655787,78.74806746365374,1.0321701391225981,6.350649531901636,345.9473309999339,16.10986328125,0.3361956479998298,4513,false,dcb2c10e4ac97b1d1289825869826fdec84593f7,6ac98672d6a5ec3f,true,2026-09-20T14:18:46+00:00
20260920T140330Z-gpu,electricity_hourly,T268,lstm,deep,168,24,200012,69.61220363797527,104.54937411615055,1.2704888876892826,8.569999750284358,334.7183099999711,16.10986328125,0.3257299320000584,4513,false,dcb2c10e4ac97b1d1289825869826fdec84593f7,6ac98672d6a5ec3f,true,2026-09-20T14:18:46+00:00
20260920T140330Z-gpu,electricity_hourly,T268,lstm,deep,168,24,200013,95.75345414441269,133.92349933470888,1.736367887771745,11.71022333582618,351.0814930000379,16.10986328125,0.34143184899994594,4513,false,dcb2c10e4ac97b1d1289825869826fdec84593f7,6ac98672d6a5ec3f,true,2026-09-20T14:18:46+00:00
20260920T140330Z-gpu,electricity_hourly,T268,lstm,deep,168,24,200014,66.38713779481297,88.53238530368449,1.5592477316021969,7.099688993943208,334.7077600001285,16.10986328125,0.3259846500000094,4513,false,dcb2c10e4ac97b1d1289825869826fdec84593f7,6ac98672d6a5ec3f,true,2026-09-20T14:18:46+00:00
20260920T140330Z-gpu,electricity_hourly,T268,lstm,deep,168,24,200015,82.02258351655843,114.23751006846373,1.7895836403612746,9.695373030005648,355.2010859998518,16.10986328125,0.34572640100009266,4513,false,dcb2c10e4ac97b1d1289825869826fdec84593f7,6ac98672d6a5ec3f,true,2026-09-20T14:18:46+00:00
20260920T140330Z-gpu,electricity_hourly,T268,lstm,deep,168,24,200016,92.19634758435181,136.18011658201493,1.8416249205363657,12.162065037676314,333.0102200000056,16.10986328125,0.32396063000010145,4513,false,dcb2c10e4ac97b1d1289825869826fdec84593f7,6ac98672d6a5ec3f,true,2026-09-20T14:18:46+00:00
20260920T140330Z-gpu,electricity_hourly,T268,lstm,deep,168,24,200017,68.44839897863238,79.22871337965715,1.679715312359077,9.346067946818163,333.0220929999541,16.10986328125,0.323569986999928,4513,false,dcb2c10e4ac97b1d1289825869826fdec84593f7,6ac98672d6a5ec3f,true,2026-09-20T14:18:46+00:00
20260920T140330Z-gpu,electricity_hourly,T268,lstm,deep,168,24,200018,89.4802883494899,125.0900765569651,2.0246953994856294,12.429166628985488,328.06229799984976,16.10986328125,0.31902734100003727,4513,false,dcb2c10e4ac97b1d1289825869826fdec84593f7,6ac98672d6a5ec3f,true,2026-09-20T14:18:46+00:00
20260920T140330Z-gpu,electricity_hourly,T268,lstm,deep,168,24,200019,51.72209070979003,79.0841010304073,1.1807198893801147,7.366588643390477,333.5776179999357,16.10986328125,0.3241919219999545,4513,false,dcb2c10e4ac97b1d1289825869826fdec84593f7,6ac98672d6a5ec3f,true,2026-09-20T14:18:46+00:00
20260920T140330Z-gpu,electricity_hourly,T268,lstm,deep,168,24,200020,46.3982856672001,64.99818896244523,1.1324327349282737,7.020934586482158,339.84436400010054,16.10986328125,0.33005019200004426,4513,false,dcb2c10e4ac97b1d1289825869826fdec84593f7,6ac98672d6a5ec3f,true,2026-09-20T14:18:46+00:00
20260920T140330Z-gpu,electricity_hourly,T268,lstm,deep,168,24,200021,134.89633998277816,181.35648524985015,0.4647702585840425,20.761222670273206,358.8266179999664,16.10986328125,0.34928562100003546,4513,false,dcb2c10e4ac97b1d1289825869826fdec84593f7,6ac98672d6a5ec3f,true,2026-09-20T14:18:46+00:00
20260920T140330Z-gpu,electricity_hourly,T268,transformer,deep,168,24,200000,133.51307203439748,158.0725538860224,3.7861131100735013,15.629922692834079,599.9859280000237,10.6845703125,0.5988612329999796,19232,false,dcb2c10e4ac97b1d1289825869826fdec84593f7,6ac98672d6a5ec3f,true,2026-09-20T14:19:05+00:00
20260920T140330Z-gpu,electricity_hourly,T268,transformer,deep,168,24,200001,241.96450199471064,283.42182418104244,3.6750224962808073,21.982849660598426,594.6467190001385,10.525390625,0.5935378609999589,19232,false,dcb2c10e4ac97b1d1289825869826fdec84593f7,6ac98672d6a5ec3f,true,2026-09-20T14:19:05+00:00
20260920T140330Z-gpu,electricity_hourly,T268,transformer,deep,168,24,200002,108.56227135060051,135.48670080160107,1.6352476019337316,12.39506581914005,594.8811989999285,10.525390625,0.593684347999897,19232,false,dcb2c10e4ac97b1d1289825869826fdec84593f7,6ac98672d6a5ec3f,true,2026-09-20T14:19:05+00:00
20260920T140330Z-gpu,electricity_hourly,T268,transformer,deep,168,24,200003,110.49494021690607,118.36701500585278,1.9799989287250466,11.909467038405634,590.4197889999523,10.525390625,0.5893049389999305,19232,false,dcb2c10e4ac97b1d1289825869826fdec84593f7,6ac98672d6a5ec3f,true,2026-09-20T14:19:05+00:00
20260920T140330Z-gpu,electricity_hourly,T268,transformer,deep,168,24,200004,88.0908023676601,113.24622993068034,1.9266518136304762,10.02894197358873,608.1560049999553,10.525390625,0.6069778869998572,19232,false,dcb2c10e4ac97b1d1289825869826fdec84593f7,6ac98672d6a5ec3f,true,2026-09-20T14:19:05+00:00
20260920T140330Z-gpu,electricity_hourly,T268,transformer,deep,168,24,200005,61.48070260556886,86.71445194589988,1.2004367695189038,7.882062109483945,602.5713169999563,10.525390625,0.6014488129999336,19232,false,dcb2c10e4ac97b1d1289825869826fdec84593f7,6ac98672d6a5ec3f,true,2026-09-20T14:19:05+00:00
20260920T140330Z-gpu,electricity_hourly,T268,transformer,deep,168,24,200006,162.12122229656663,224.1118044613857,3.7003417357276263,17.581325015114835,625.8103669999855,10.525390625,0.6246465219999209,19232,false,dcb2c10e4ac97b1d1289825869826fdec84593f7,6ac98672d6a5ec3f,true,2026-09-20T14:19:05+00:00
20260920T140330Z-gpu,electricity_hourly,T268,transformer,deep,168,24,200007,65.54577737642335,82.92076063433747,1.4010081552924094,6.934068946354083,606.55465800005,10.525390625,0.6053768200001741,19232,false,dcb2c10e4ac97b1d1289825869826fdec84593f7,6ac98672d6a5ec3f,true,2026-09-20T14:19:05+00:00
20260920T140330Z-gpu,electricity_hourly,T268,transformer,deep,168,24,200008,72.65374636723624,90.89547644825055,1.606100625864602,9.106931940194329,590.7152449999558,10.525390625,0.5894688129999395,19232,false,dcb2c10e4ac97b1d1289825869826fdec84593f7,6ac98672d6a5ec3f,true,2026-09-20T14:19:05+00:00
20260920T140330Z-gpu,electricity_hourly,T268,transformer,deep,168,24,200009,106.2960175775209,143.05880778630652,1.7831577971997914,10.928016409885583,596.3088959999823,10.525390625,0.594679387000042,19232,false,dcb2c10e4ac97b1d1289825869826fdec84593f7,6ac98672d6a5ec3f,true,2026-09-20T14:19:05+00:00
20260920T140330Z-gpu,electricity_hourly,T268,transformer,deep,168,24,200010,72.87873439797094,94.10401840385293,1.8007099782614646,8.331126654505102,601.8132500000775,10.525390625,0.600621062999835,19232,false,dcb2c10e4ac97b1d1289825869826fdec84593f7,6ac98672d6a5ec3f,true,2026-09-20T14:19:05+00:00
20260920T140330Z-gpu,electricity_hourly,T268,transformer,deep,168,24,200011,92.21536547248776,112.87976310856637,1.5339046584311236,10.07512902861953,602.8924869999628,10.525390625,0.6016400480000357,19232,false,dcb2c10e4ac97b1d1289825869826fdec84593f7,6ac98672d6a5ec3f,true,2026-09-20T14:19:05+00:00
20260920T140330Z-gpu,electricity_hourly,T268,transformer,deep,168,24,200012,83.36156581306595,108.14100694734638,1.5214278171205953,10.415993331589464,608.8689579999027,10.525390625,0.6077101819998916,19232,false,dcb2c10e4ac97b1d1289825869826fdec84593f7,6ac98672d6a5ec3f,true,2026-09-20T14:19:05+00:00
20260920T140330Z-gpu,electricity_hourly,T268,transformer,deep,168,24,200013,89.46598702949802,115.56923659229389,1.6223526170819438,12.080253175834175,615.9550810000383,10.525390625,0.6147667540001294,19232,false,dcb2c10e4ac97b1d1289825869826fdec84593f7,6ac98672d6a5ec3f,true,2026-09-20T14:19:05+00:00
20260920T140330Z-gpu,electricity_hourly,T268,transformer,deep,168,24,200014,66.79853470322486,86.44078227601919,1.5689102915127027,7.021100127300868,599.7175519999018,10.525390625,0.5985936980000588,19232,false,dcb2c10e4ac97b1d1289825869826fdec84593f7,6ac98672d6a5ec3f,true,2026-09-20T14:19:05+00:00
20260920T140330Z-gpu,electricity_hourly,T268,transformer,deep,168,24,200015,68.46809847819793,89.19634275183228,1.4938494213425002,8.822530098261895,591.0596700000497,10.525390625,0.5898302699999931,19232,false,dcb2c10e4ac97b1d1289825869826fdec84593f7,6ac98672d6a5ec3f,true,2026-09-20T14:19:05+00:00
20260920T140330Z-gpu,electricity_hourly,T268,transformer,deep,168,24,200016,53.556459667509756,66.76897996448804,1.0697919534084346,7.943322496811084,608.6420100000396,10.525390625,0.6074426669999866,19232,false,dcb2c10e4ac97b1d1289825869826fdec84593f7,6ac98672d6a5ec3f,true,2026-09-20T14:19:05+00:00
20260920T140330Z-gpu,electricity_hourly,T268,transformer,deep,168,24,200017,62.43881068540045,79.49447116278121,1.5322407530159619,9.655782781913441,603.8956329998655,10.525390625,0.6027683910001542,19232,false,dcb2c10e4ac97b1d1289825869826fdec84593f7,6ac98672d6a5ec3f,true,2026-09-20T14:19:05+00:00
20260920T140330Z-gpu,electricity_hourly,T268,transformer,deep,168,24,200018,79.95743456197677,98.0162203059503,1.8092191352804299,11.748339406381573,616.0777610000423,10.525390625,0.614963151999973,19232,false,dcb2c10e4ac97b1d1289825869826fdec84593f7,6ac98672d6a5ec3f,true,2026-09-20T14:19:05+00:00
20260920T140330Z-gpu,electricity_hourly,T268,transformer,deep,168,24,200019,55.764428545411114,72.52421154165457,1.2729990029389981,8.941142140050047,602.2828499999378,10.525390625,0.6011017719999927,19232,false,dcb2c10e4ac97b1d1289825869826fdec84593f7,6ac98672d6a5ec3f,true,2026-09-20T14:19:05+00:00
20260920T140330Z-gpu,electricity_hourly,T268,transformer,deep,168,24,200020,60.382048276366994,81.03452065407288,1.4737313477621776,9.094045703437386,631.1609260001205,10.525390625,0.630022505999932,19232,false,dcb2c10e4ac97b1d1289825869826fdec84593f7,6ac98672d6a5ec3f,true,2026-09-20T14:19:05+00:00
20260920T140330Z-gpu,electricity_hourly,T268,transformer,deep,168,24,200021,119.57026678173759,145.06146523168044,0.411965986758469,17.802209348603007,598.4784839999975,10.525390625,0.5972303119999651,19232,false,dcb2c10e4ac97b1d1289825869826fdec84593f7,6ac98672d6a5ec3f,true,2026-09-20T14:19:05+00:00
20260920T140330Z-gpu,electricity_hourly,T268,timesfm25,tsfm,168,24,200000,36.373452504475914,43.04429930926371,1.031464584609006,5.035437592976355,113.83014700004424,11.94287109375,,231289280,true,dcb2c10e4ac97b1d1289825869826fdec84593f7,6ac98672d6a5ec3f,true,2026-09-20T14:19:12+00:00
20260920T140330Z-gpu,electricity_hourly,T268,timesfm25,tsfm,168,24,200001,96.16140238444011,118.95883700937547,1.4605254660225058,8.73830387280151,124.83858699988559,11.94287109375,,231289280,true,dcb2c10e4ac97b1d1289825869826fdec84593f7,6ac98672d6a5ec3f,true,2026-09-20T14:19:12+00:00
20260920T140330Z-gpu,electricity_hourly,T268,timesfm25,tsfm,168,24,200002,40.43216196695963,59.05356274815377,0.6090200128914423,3.9730323130310157,123.35323000002063,11.94287109375,,231289280,true,dcb2c10e4ac97b1d1289825869826fdec84593f7,6ac98672d6a5ec3f,true,2026-09-20T14:19:12+00:00
20260920T140330Z-gpu,electricity_hourly,T268,timesfm25,tsfm,168,24,200003,62.32766469319662,73.73539097270536,1.1168720402962062,5.789721261795223,128.38379200002237,11.94287109375,,231289280,true,dcb2c10e4ac97b1d1289825869826fdec84593f7,6ac98672d6a5ec3f,true,2026-09-20T14:19:12+00:00
20260920T140330Z-gpu,electricity_hourly,T268,timesfm25,tsfm,168,24,200004,33.93482971191406,44.416598997044176,0.742195546554621,3.0833886987359436,121.70446400000401,11.94287109375,,231289280,true,dcb2c10e4ac97b1d1289825869826fdec84593f7,6ac98672d6a5ec3f,true,2026-09-20T14:19:12+00:00
20260920T140330Z-gpu,electricity_hourly,T268,timesfm25,tsfm,168,24,200005,38.44573720296224,48.30519177883059,0.7506693094544492,3.859688164403067,123.76796600005946,11.94287109375,,231289280,true,dcb2c10e4ac97b1d1289825869826fdec84593f7,6ac98672d6a5ec3f,true,2026-09-20T14:19:12+00:00
20260920T140330Z-gpu,electricity_hourly,T268,timesfm25,tsfm,168,24,200006,36.395484924316406,48.04612068610675,0.8307100695992332,3.861719340016318,113.59803100003774,11.94287109375,,231289280,true,dcb2c10e4ac97b1d1289825869826fdec84593f7,6ac98672d6a5ec3f,true,2026-09-20T14:19:12+00:00
20260920T140330Z-gpu,electricity_hourly,T268,timesfm25,tsfm,168,24,200007,40.87328847249349,50.117331173801546,0.8736460650198995,4.735065207027535,118.60386800003653,11.94287109375,,231289280,true,dcb2c10e4ac97b1d1289825869826fdec84593f7,6ac98672d6a5ec3f,true,2026-09-20T14:19:12+00:00
20260920T140330Z-gpu,electricity_hourly,T268,timesfm25,tsfm,168,24,200008,31.503812154134113,40.51023702872847,0.6964306033459183,3.5464462400438963,119.90091899997424,11.94287109375,,231289280,true,dcb2c10e4ac97b1d1289825869826fdec84593f7,6ac98672d6a5ec3f,true,2026-09-20T14:19:12+00:00
20260920T140330Z-gpu,electricity_hourly,T268,timesfm25,tsfm,168,24,200009,43.6381581624349,51.146084160027435,0.7320473876270532,4.833707194593742,121.98987800002214,11.94287109375,,231289280,true,dcb2c10e4ac97b1d1289825869826fdec84593f7,6ac98672d6a5ec3f,true,2026-09-20T14:19:12+00:00
20260920T140330Z-gpu,electricity_hourly,T268,timesfm25,tsfm,168,24,200010,31.285268147786457,37.87625185746083,0.7730059391354238,3.402881489021261,117.55361800010178,11.94287109375,,231289280,true,dcb2c10e4ac97b1d1289825869826fdec84593f7,6ac98672d6a5ec3f,true,2026-09-20T14:19:12+00:00
20260920T140330Z-gpu,electricity_hourly,T268,timesfm25,tsfm,168,24,200011,43.36433410644531,53.88895041158609,0.7213196385962949,4.255192271943168,121.21693599988248,11.94287109375,,231289280,true,dcb2c10e4ac97b1d1289825869826fdec84593f7,6ac98672d6a5ec3f,true,2026-09-20T14:19:12+00:00
20260920T140330Z-gpu,electricity_hourly,T268,timesfm25,tsfm,168,24,200012,42.85629018147787,55.38208671444699,0.7821680337303946,4.018192416637346,119.14249200003724,11.94287109375,,231289280,true,dcb2c10e4ac97b1d1289825869826fdec84593f7,6ac98672d6a5ec3f,true,2026-09-20T14:19:12+00:00
20260920T140330Z-gpu,electricity_hourly,T268,timesfm25,tsfm,168,24,200013,73.3495585123698,83.47915502562859,1.3301015521699093,8.776841550950527,128.18314600008307,11.94287109375,,231289280,true,dcb2c10e4ac97b1d1289825869826fdec84593f7,6ac98672d6a5ec3f,true,2026-09-20T14:19:12+00:00
20260920T140330Z-gpu,electricity_hourly,T268,timesfm25,tsfm,168,24,200014,46.926554361979164,57.329587325911994,1.1021731900383298,4.85209954731709,122.74079899998469,11.94287109375,,231289280,true,dcb2c10e4ac97b1d1289825869826fdec84593f7,6ac98672d6a5ec3f,true,2026-09-20T14:19:12+00:00
20260920T140330Z-gpu,electricity_hourly,T268,timesfm25,tsfm,168,24,200015,26.105818430582683,36.81905537211949,0.5695814930308949,3.3508310041365204,121.33633199982796,11.94287109375,,231289280,true,dcb2c10e4ac97b1d1289825869826fdec84593f7,6ac98672d6a5ec3f,true,2026-09-20T14:19:12+00:00
20260920T140330Z-gpu,electricity_hourly,T268,timesfm25,tsfm,168,24,200016,28.93148676554362,33.2218536930873,0.57790735112197,3.9128167673652436,122.98719000000347,11.94287109375,,231289280,true,dcb2c10e4ac97b1d1289825869826fdec84593f7,6ac98672d6a5ec3f,true,2026-09-20T14:19:12+00:00
20260920T140330Z-gpu,electricity_hourly,T268,timesfm25,tsfm,168,24,200017,31.791302998860676,39.969002401589876,0.7801546748186668,3.936463457690589,123.36341200011702,11.94287109375,,231289280,true,dcb2c10e4ac97b1d1289825869826fdec84593f7,6ac98672d6a5ec3f,true,2026-09-20T14:19:12+00:00
20260920T140330Z-gpu,electricity_hourly,T268,timesfm25,tsfm,168,24,200018,24.729114532470703,29.225679940456757,0.5595525601313296,3.1419466231829536,123.4416230001898,11.94287109375,,231289280,true,dcb2c10e4ac97b1d1289825869826fdec84593f7,6ac98672d6a5ec3f,true,2026-09-20T14:19:12+00:00
20260920T140330Z-gpu,electricity_hourly,T268,timesfm25,tsfm,168,24,200019,16.134362538655598,20.28055974090203,0.3683177244081176,2.1320134950012513,131.3947900000585,11.94287109375,,231289280,true,dcb2c10e4ac97b1d1289825869826fdec84593f7,6ac98672d6a5ec3f,true,2026-09-20T14:19:12+00:00
20260920T140330Z-gpu,electricity_hourly,T268,timesfm25,tsfm,168,24,200020,22.534711201985676,27.18575804305327,0.5499997310315148,3.2199686122319915,124.83812299979036,11.94287109375,,231289280,true,dcb2c10e4ac97b1d1289825869826fdec84593f7,6ac98672d6a5ec3f,true,2026-09-20T14:19:12+00:00
20260920T140330Z-gpu,electricity_hourly,T268,timesfm25,tsfm,168,24,200021,38.561562856038414,45.9477929984167,0.13285955380475015,5.012221033468911,126.32449599982465,11.94287109375,,231289280,true,dcb2c10e4ac97b1d1289825869826fdec84593f7,6ac98672d6a5ec3f,true,2026-09-20T14:19:12+00:00
20260920T140330Z-gpu,electricity_hourly,T268,chronos_bolt,tsfm,168,24,200000,38.32868576049805,44.63681353631438,1.08691034846627,4.481991625758711,34.09244499994202,1.0751953125,,205292928,true,dcb2c10e4ac97b1d1289825869826fdec84593f7,6ac98672d6a5ec3f,true,2026-09-20T14:19:17+00:00
20260920T140330Z-gpu,electricity_hourly,T268,chronos_bolt,tsfm,168,24,200001,90.43499501546223,102.89623867184176,1.3735512374461094,9.109240950415735,39.90545999999995,1.0751953125,,205292928,true,dcb2c10e4ac97b1d1289825869826fdec84593f7,6ac98672d6a5ec3f,true,2026-09-20T14:19:17+00:00
20260920T140330Z-gpu,electricity_hourly,T268,chronos_bolt,tsfm,168,24,200002,39.773193359375,55.81057429153067,0.599094125915272,4.090896603940957,34.341037000103825,1.0751953125,,205292928,true,dcb2c10e4ac97b1d1289825869826fdec84593f7,6ac98672d6a5ec3f,true,2026-09-20T14:19:17+00:00
20260920T140330Z-gpu,electricity_hourly,T268,chronos_bolt,tsfm,168,24,200003,64.8990961710612,76.30607261063535,1.1629504540359399,6.081431861121143,35.86022500007857,1.0751953125,,205292928,true,dcb2c10e4ac97b1d1289825869826fdec84593f7,6ac98672d6a5ec3f,true,2026-09-20T14:19:17+00:00
20260920T140330Z-gpu,electricity_hourly,T268,chronos_bolt,tsfm,168,24,200004,31.965962727864582,39.34999825014338,0.6991340572315462,3.081736601094,34.321263000038016,1.0751953125,,205292928,true,dcb2c10e4ac97b1d1289825869826fdec84593f7,6ac98672d6a5ec3f,true,2026-09-20T14:19:17+00:00
20260920T140330Z-gpu,electricity_hourly,T268,chronos_bolt,tsfm,168,24,200005,32.29047139485677,40.65668039078973,0.6304851363877119,3.2021795229526995,37.637981000216314,1.0751953125,,205292928,true,dcb2c10e4ac97b1d1289825869826fdec84593f7,6ac98672d6a5ec3f,true,2026-09-20T14:19:17+00:00
20260920T140330Z-gpu,electricity_hourly,T268,chronos_bolt,tsfm,168,24,200006,24.32152557373047,36.55864968139809,0.5551275451921363,2.415744743027315,37.09881200006748,1.0751953125,,205292928,true,dcb2c10e4ac97b1d1289825869826fdec84593f7,6ac98672d6a5ec3f,true,2026-09-20T14:19:17+00:00
20260920T140330Z-gpu,electricity_hourly,T268,chronos_bolt,tsfm,168,24,200007,44.438743591308594,55.02421164204874,0.9498558820169865,5.211411485988502,33.88971999993373,1.0751953125,,205292928,true,dcb2c10e4ac97b1d1289825869826fdec84593f7,6ac98672d6a5ec3f,true,2026-09-20T14:19:17+00:00
20260920T140330Z-gpu,electricity_hourly,T268,chronos_bolt,tsfm,168,24,200008,27.663978576660156,33.90389271492424,0.6115463486397087,3.000024877820846,37.53938699992432,1.0751953125,,205292928,true,dcb2c10e4ac97b1d1289825869826fdec84593f7,6ac98672d6a5ec3f,true,2026-09-20T14:19:17+00:00
20260920T140330Z-gpu,electricity_hourly,T268,chronos_bolt,tsfm,168,24,200009,37.18110911051432,47.13596892066887,0.6237278322360277,3.536581754857119,34.07320199994501,1.0751953125,,205292928,true,dcb2c10e4ac97b1d1289825869826fdec84593f7,6ac98672d6a5ec3f,true,2026-09-20T14:19:17+00:00
20260920T140330Z-gpu,electricity_hourly,T268,chronos_bolt,tsfm,168,24,200010,33.57072194417318,42.60099973242353,0.8294756279960429,3.348016951413494,34.553614000060406,1.0751953125,,205292928,true,dcb2c10e4ac97b1d1289825869826fdec84593f7,6ac98672d6a5ec3f,true,2026-09-20T14:19:17+00:00
20260920T140330Z-gpu,electricity_hourly,T268,chronos_bolt,tsfm,168,24,200011,41.700828552246094,55.521136792018645,0.6936489905883606,3.8658318002636074,35.34168500004853,1.0751953125,,205292928,true,dcb2c10e4ac97b1d1289825869826fdec84593f7,6ac98672d6a5ec3f,true,2026-09-20T14:19:17+00:00
20260920T140330Z-gpu,electricity_hourly,T268,chronos_bolt,tsfm,168,24,200012,38.89203389485677,53.77305104236403,0.7098165881951046,3.497871462139749,32.95764000017698,1.0751953125,,205292928,true,dcb2c10e4ac97b1d1289825869826fdec84593f7,6ac98672d6a5ec3f,true,2026-09-20T14:19:17+00:00
20260920T140330Z-gpu,electricity_hourly,T268,chronos_bolt,tsfm,168,24,200013,73.45393625895183,82.93064797627021,1.3319943107025642,8.749196711804219,32.938280000053055,1.0751953125,,205292928,true,dcb2c10e4ac97b1d1289825869826fdec84593f7,6ac98672d6a5ec3f,true,2026-09-20T14:19:17+00:00
20260920T140330Z-gpu,electricity_hourly,T268,chronos_bolt,tsfm,168,24,200014,43.6689707438151,54.513365748096035,1.0256616844086406,4.724833653038776,35.13595200001873,1.0751953125,,205292928,true,dcb2c10e4ac97b1d1289825869826fdec84593f7,6ac98672d6a5ec3f,true,2026-09-20T14:19:17+00:00
20260920T140330Z-gpu,electricity_hourly,T268,chronos_bolt,tsfm,168,24,200015,22.79340998331706,32.173352435512406,0.49731076327237217,2.558878542477506,33.8370039999063,1.0751953125,,205292928,true,dcb2c10e4ac97b1d1289825869826fdec84593f7,6ac98672d6a5ec3f,true,2026-09-20T14:19:17+00:00
20260920T140330Z-gpu,electricity_hourly,T268,chronos_bolt,tsfm,168,24,200016,24.017242431640625,27.792406791948423,0.4797451671738452,3.105155279076278,35.35996100004013,1.0751953125,,205292928,true,dcb2c10e4ac97b1d1289825869826fdec84593f7,6ac98672d6a5ec3f,true,2026-09-20T14:19:17+00:00
20260920T140330Z-gpu,electricity_hourly,T268,chronos_bolt,tsfm,168,24,200017,53.996420542399086,59.17947413977941,1.3250655347827998,7.436285585070639,33.518791000005876,1.0751953125,,205292928,true,dcb2c10e4ac97b1d1289825869826fdec84593f7,6ac98672d6a5ec3f,true,2026-09-20T14:19:17+00:00
20260920T140330Z-gpu,electricity_hourly,T268,chronos_bolt,tsfm,168,24,200018,25.088465372721355,31.551888543740336,0.5676836916517717,3.0923522775661727,35.385378000000856,1.0751953125,,205292928,true,dcb2c10e4ac97b1d1289825869826fdec84593f7,6ac98672d6a5ec3f,true,2026-09-20T14:19:17+00:00
20260920T140330Z-gpu,electricity_hourly,T268,chronos_bolt,tsfm,168,24,200019,26.708215077718098,34.76643154172834,0.6096992662002862,4.303715301939376,33.53657200000271,1.0751953125,,205292928,true,dcb2c10e4ac97b1d1289825869826fdec84593f7,6ac98672d6a5ec3f,true,2026-09-20T14:19:17+00:00
20260920T140330Z-gpu,electricity_hourly,T268,chronos_bolt,tsfm,168,24,200020,25.14755376180013,30.420412743845304,0.6137708036778337,3.9161131088523904,36.39113899998847,1.0751953125,,205292928,true,dcb2c10e4ac97b1d1289825869826fdec84593f7,6ac98672d6a5ec3f,true,2026-09-20T14:19:17+00:00
20260920T140330Z-gpu,electricity_hourly,T268,chronos_bolt,tsfm,168,24,200021,43.913588205973305,53.07604579079898,0.1512993588146945,6.643148568966486,36.52877600006832,1.0751953125,,205292928,true,dcb2c10e4ac97b1d1289825869826fdec84593f7,6ac98672d6a5ec3f,true,2026-09-20T14:19:17+00:00
20260920T140330Z-gpu,electricity_hourly,T281,lstm,deep,168,24,210000,451.4751539985109,574.0402513790893,3.985069399030622,25.224121964431177,330.92674200020156,16.14599609375,0.3219440249999934,4513,false,dcb2c10e4ac97b1d1289825869826fdec84593f7,6ac98672d6a5ec3f,true,2026-09-20T14:19:29+00:00
20260920T140330Z-gpu,electricity_hourly,T281,lstm,deep,168,24,210001,447.21266112357006,548.7410806926121,3.601914156373068,20.30053526874393,333.3480050000617,16.10986328125,0.32396564800001215,4513,false,dcb2c10e4ac97b1d1289825869826fdec84593f7,6ac98672d6a5ec3f,true,2026-09-20T14:19:29+00:00
20260920T140330Z-gpu,electricity_hourly,T281,lstm,deep,168,24,210002,151.94784032446458,185.37825876885577,1.023744397451125,9.003758082971599,349.5773540000755,16.10986328125,0.34039443600022423,4513,false,dcb2c10e4ac97b1d1289825869826fdec84593f7,6ac98672d6a5ec3f,true,2026-09-20T14:19:29+00:00
20260920T140330Z-gpu,electricity_hourly,T281,lstm,deep,168,24,210003,284.1823540624495,424.56028424904173,3.23982732839781,15.674342711874425,350.3525169999193,16.10986328125,0.34113552799999525,4513,false,dcb2c10e4ac97b1d1289825869826fdec84593f7,6ac98672d6a5ec3f,true,2026-09-20T14:19:29+00:00
20260920T140330Z-gpu,electricity_hourly,T281,lstm,deep,168,24,210004,245.93969188417904,325.33003474187177,1.9906309724760711,12.757957798522526,339.3841179999981,16.10986328125,0.3307877219999682,4513,false,dcb2c10e4ac97b1d1289825869826fdec84593f7,6ac98672d6a5ec3f,true,2026-09-20T14:19:29+00:00
20260920T140330Z-gpu,electricity_hourly,T281,lstm,deep,168,24,210005,84.38500313127794,112.72088559416488,0.469639037292418,4.108718025232707,349.669275999986,16.10986328125,0.33983175700018364,4513,false,dcb2c10e4ac97b1d1289825869826fdec84593f7,6ac98672d6a5ec3f,true,2026-09-20T14:19:29+00:00
20260920T140330Z-gpu,electricity_hourly,T281,lstm,deep,168,24,210006,211.80062973616,257.59978503255184,1.5214651642226398,9.819257400374964,339.2030759998761,16.10986328125,0.32980632800013154,4513,false,dcb2c10e4ac97b1d1289825869826fdec84593f7,6ac98672d6a5ec3f,true,2026-09-20T14:19:29+00:00
20260920T140330Z-gpu,electricity_hourly,T281,lstm,deep,168,24,210007,214.00356215923105,254.6106303537316,1.4678024744429279,11.483990568875836,348.09697099990444,16.10986328125,0.33873713200000566,4513,false,dcb2c10e4ac97b1d1289825869826fdec84593f7,6ac98672d6a5ec3f,true,2026-09-20T14:19:29+00:00
20260920T140330Z-gpu,electricity_hourly,T281,lstm,deep,168,24,210008,266.0806155203805,366.08047753858335,3.149918500076849,13.846842477639509,330.2243359999011,16.10986328125,0.3215239839998958,4513,false,dcb2c10e4ac97b1d1289825869826fdec84593f7,6ac98672d6a5ec3f,true,2026-09-20T14:19:29+00:00
20260920T140330Z-gpu,electricity_hourly,T281,lstm,deep,168,24,210009,149.39695083674872,167.00471604516025,1.2124188976832628,6.703724741185728,368.99134000009326,16.10986328125,0.3602203800001007,4513,false,dcb2c10e4ac97b1d1289825869826fdec84593f7,6ac98672d6a5ec3f,true,2026-09-20T14:19:29+00:00
20260920T140330Z-gpu,electricity_hourly,T281,lstm,deep,168,24,210010,170.15706100722102,209.02232815852827,1.3595193244764925,8.587345866171734,319.71709499998724,16.10986328125,0.3105097260001912,4513,false,dcb2c10e4ac97b1d1289825869826fdec84593f7,6ac98672d6a5ec3f,true,2026-09-20T14:19:29+00:00
20260920T140330Z-gpu,electricity_hourly,T281,lstm,deep,168,24,210011,78.96939636738043,93.1665590922169,0.735073889909682,3.897300716250306,334.4626150001204,16.10986328125,0.32530048400008127,4513,false,dcb2c10e4ac97b1d1289825869826fdec84593f7,6ac98672d6a5ec3f,true,2026-09-20T14:19:29+00:00
20260920T140330Z-gpu,electricity_hourly,T281,lstm,deep,168,24,210012,503.1801238361681,577.5806442625995,1.4257199211445477,25.69525622564844,333.898832000159,16.10986328125,0.32478521000007277,4513,false,dcb2c10e4ac97b1d1289825869826fdec84593f7,6ac98672d6a5ec3f,true,2026-09-20T14:19:29+00:00
20260920T140330Z-gpu,electricity_hourly,T281,lstm,deep,168,24,210013,124.95150855409383,158.66522923289375,1.081181182056815,7.169941496664939,324.5042099999864,16.10986328125,0.3158249399998567,4513,false,dcb2c10e4ac97b1d1289825869826fdec84593f7,6ac98672d6a5ec3f,true,2026-09-20T14:19:29+00:00
20260920T140330Z-gpu,electricity_hourly,T281,lstm,deep,168,24,210014,157.71931412473364,184.8234588606342,1.3384160076587688,8.313281119397917,320.1735509999253,16.10986328125,0.31113383399997474,4513,false,dcb2c10e4ac97b1d1289825869826fdec84593f7,6ac98672d6a5ec3f,true,2026-09-20T14:19:29+00:00
20260920T140330Z-gpu,electricity_hourly,T281,lstm,deep,168,24,210015,111.95271725814915,142.35446828752524,0.86292641500768,6.3679275446491035,330.14119900008154,16.10986328125,0.32109022599979653,4513,false,dcb2c10e4ac97b1d1289825869826fdec84593f7,6ac98672d6a5ec3f,true,2026-09-20T14:19:29+00:00
20260920T140330Z-gpu,electricity_hourly,T281,lstm,deep,168,24,210016,142.15315064175635,189.45355687790735,1.4657062646722694,8.367194344949255,325.54374400001507,16.10986328125,0.3162216369998987,4513,false,dcb2c10e4ac97b1d1289825869826fdec84593f7,6ac98672d6a5ec3f,true,2026-09-20T14:19:29+00:00
20260920T140330Z-gpu,electricity_hourly,T281,lstm,deep,168,24,210017,85.4126609861659,109.4394731067356,0.9538133526179053,5.050362830762118,329.2321429998992,16.10986328125,0.32017763599992577,4513,false,dcb2c10e4ac97b1d1289825869826fdec84593f7,6ac98672d6a5ec3f,true,2026-09-20T14:19:29+00:00
20260920T140330Z-gpu,electricity_hourly,T281,lstm,deep,168,24,210018,257.3698075433544,328.11257340316837,3.071544197434364,16.477769385609918,331.1898279998786,16.10986328125,0.32202136199998677,4513,false,dcb2c10e4ac97b1d1289825869826fdec84593f7,6ac98672d6a5ec3f,true,2026-09-20T14:19:29+00:00
20260920T140330Z-gpu,electricity_hourly,T281,lstm,deep,168,24,210019,140.84417239880815,221.063555809522,1.6039194009828686,8.401672639526025,385.37247299996125,16.10986328125,0.37567380399991634,4513,false,dcb2c10e4ac97b1d1289825869826fdec84593f7,6ac98672d6a5ec3f,true,2026-09-20T14:19:29+00:00
20260920T140330Z-gpu,electricity_hourly,T281,lstm,deep,168,24,210020,613.2299037841968,793.2682116002452,4.439450311443585,33.674019551299644,338.1044119998933,16.10986328125,0.328968371999963,4513,false,dcb2c10e4ac97b1d1289825869826fdec84593f7,6ac98672d6a5ec3f,true,2026-09-20T14:19:29+00:00
20260920T140330Z-gpu,electricity_hourly,T281,lstm,deep,168,24,210021,419.0236083447041,512.1167520783338,0.8442737354886368,23.63824919849852,356.18332899980487,16.10986328125,0.34715183200000865,4513,false,dcb2c10e4ac97b1d1289825869826fdec84593f7,6ac98672d6a5ec3f,true,2026-09-20T14:19:29+00:00
20260920T140330Z-gpu,electricity_hourly,T281,transformer,deep,168,24,210000,178.3011016511238,250.22320994708753,1.5738236261960172,8.890620275320833,591.838105999841,10.6845703125,0.5905556350001007,19232,false,dcb2c10e4ac97b1d1289825869826fdec84593f7,6ac98672d6a5ec3f,true,2026-09-20T14:19:47+00:00
20260920T140330Z-gpu,electricity_hourly,T281,transformer,deep,168,24,210001,465.1761156131558,539.1607308444087,3.7465943648019704,20.92662137325627,587.9040779998377,10.525390625,0.5867872829999214,19232,false,dcb2c10e4ac97b1d1289825869826fdec84593f7,6ac98672d6a5ec3f,true,2026-09-20T14:19:47+00:00
20260920T140330Z-gpu,electricity_hourly,T281,transformer,deep,168,24,210002,184.88644250973073,226.6398341978655,1.2456673242596372,9.731426764665967,595.5201140000099,10.525390625,0.594443487000035,19232,false,dcb2c10e4ac97b1d1289825869826fdec84593f7,6ac98672d6a5ec3f,true,2026-09-20T14:19:47+00:00
20260920T140330Z-gpu,electricity_hourly,T281,transformer,deep,168,24,210003,253.08371403450295,342.47634402426837,2.885286582295022,13.96441705247906,636.945224000101,10.525390625,0.6357581350000601,19232,false,dcb2c10e4ac97b1d1289825869826fdec84593f7,6ac98672d6a5ec3f,true,2026-09-20T14:19:47+00:00
20260920T140330Z-gpu,electricity_hourly,T281,transformer,deep,168,24,210004,212.6920842907575,243.00010224350052,1.7215254981658747,9.269816062883214,609.9557769998682,10.525390625,0.6088495760000114,19232,false,dcb2c10e4ac97b1d1289825869826fdec84593f7,6ac98672d6a5ec3f,true,2026-09-20T14:19:47+00:00
20260920T140330Z-gpu,electricity_hourly,T281,transformer,deep,168,24,210005,129.05914583341982,170.49427640578932,0.7182699621246215,6.271244396723297,611.8733999999222,10.525390625,0.6107074239998838,19232,false,dcb2c10e4ac97b1d1289825869826fdec84593f7,6ac98672d6a5ec3f,true,2026-09-20T14:19:47+00:00
20260920T140330Z-gpu,electricity_hourly,T281,transformer,deep,168,24,210006,443.3792665005326,546.6557966714282,3.1850052068281296,19.388313676739575,588.4237200000371,10.525390625,0.5872678929999893,19232,false,dcb2c10e4ac97b1d1289825869826fdec84593f7,6ac98672d6a5ec3f,true,2026-09-20T14:19:47+00:00
20260920T140330Z-gpu,electricity_hourly,T281,transformer,deep,168,24,210007,152.16630154759605,205.12853417187935,1.0436745616982057,8.382846976069365,641.3176360001671,10.525390625,0.6402067960000295,19232,false,dcb2c10e4ac97b1d1289825869826fdec84593f7,6ac98672d6a5ec3f,true,2026-09-20T14:19:47+00:00
20260920T140330Z-gpu,electricity_hourly,T281,transformer,deep,168,24,210008,308.2513602815207,403.97154370811984,3.6491446794260916,16.25481196482469,596.1412520000522,10.525390625,0.5949809769999774,19232,false,dcb2c10e4ac97b1d1289825869826fdec84593f7,6ac98672d6a5ec3f,true,2026-09-20T14:19:47+00:00
20260920T140330Z-gpu,electricity_hourly,T281,transformer,deep,168,24,210009,156.14644280356842,198.00265509489128,1.2671938550334678,6.69005131906806,597.4740820001898,10.525390625,0.596315863999962,19232,false,dcb2c10e4ac97b1d1289825869826fdec84593f7,6ac98672d6a5ec3f,true,2026-09-20T14:19:47+00:00
20260920T140330Z-gpu,electricity_hourly,T281,transformer,deep,168,24,210010,102.58236078451813,127.69483295855495,0.8196116047811469,5.356604916752979,598.7918820001141,10.525390625,0.5976086079999732,19232,false,dcb2c10e4ac97b1d1289825869826fdec84593f7,6ac98672d6a5ec3f,true,2026-09-20T14:19:47+00:00
20260920T140330Z-gpu,electricity_hourly,T281,transformer,deep,168,24,210011,165.0476426021205,201.1740743774897,1.5363193622951101,8.569837652045404,585.045252999862,10.525390625,0.5839247349999823,19232,false,dcb2c10e4ac97b1d1289825869826fdec84593f7,6ac98672d6a5ec3f,true,2026-09-20T14:19:47+00:00
20260920T140330Z-gpu,electricity_hourly,T281,transformer,deep,168,24,210012,243.26972891536334,307.77377061126657,0.6892849742987746,12.15683755456541,587.4637150000126,10.525390625,0.5863193919999503,19232,false,dcb2c10e4ac97b1d1289825869826fdec84593f7,6ac98672d6a5ec3f,true,2026-09-20T14:19:47+00:00
20260920T140330Z-gpu,electricity_hourly,T281,transformer,deep,168,24,210013,98.64249758419153,125.63714269939274,0.8535344100542952,5.365211789742424,595.1687090000632,10.525390625,0.5940457770000194,19232,false,dcb2c10e4ac97b1d1289825869826fdec84593f7,6ac98672d6a5ec3f,true,2026-09-20T14:19:47+00:00
20260920T140330Z-gpu,electricity_hourly,T281,transformer,deep,168,24,210014,277.4198657332019,344.5066353878873,2.3542024082492237,15.100636890844783,598.2375119999688,10.525390625,0.5971186899998884,19232,false,dcb2c10e4ac97b1d1289825869826fdec84593f7,6ac98672d6a5ec3f,true,2026-09-20T14:19:47+00:00
20260920T140330Z-gpu,electricity_hourly,T281,transformer,deep,168,24,210015,173.85331786040584,210.83408986160424,1.3400534081949707,10.144826418722284,635.3034660000958,10.525390625,0.6341868140000315,19232,false,dcb2c10e4ac97b1d1289825869826fdec84593f7,6ac98672d6a5ec3f,true,2026-09-20T14:19:47+00:00
20260920T140330Z-gpu,electricity_hourly,T281,transformer,deep,168,24,210016,113.86940793876698,161.40347283070048,1.1740795319477622,6.852742213947513,602.2104229998604,10.525390625,0.6011281639998742,19232,false,dcb2c10e4ac97b1d1289825869826fdec84593f7,6ac98672d6a5ec3f,true,2026-09-20T14:19:47+00:00
20260920T140330Z-gpu,electricity_hourly,T281,transformer,deep,168,24,210017,147.2482604954292,199.73270887876666,1.6443388531478718,9.388977232540912,586.0017339998649,10.525390625,0.5848163470000145,19232,false,dcb2c10e4ac97b1d1289825869826fdec84593f7,6ac98672d6a5ec3f,true,2026-09-20T14:19:47+00:00
20260920T140330Z-gpu,electricity_hourly,T281,transformer,deep,168,24,210018,119.72124628468822,147.94448878031224,1.4287965742578403,7.69768087661149,583.4040409999943,10.525390625,0.5822972200001004,19232,false,dcb2c10e4ac97b1d1289825869826fdec84593f7,6ac98672d6a5ec3f,true,2026-09-20T14:19:47+00:00
20260920T140330Z-gpu,electricity_hourly,T281,transformer,deep,168,24,210019,166.6837557662627,237.96722821061448,1.8981780016086856,10.736487163447393,596.8673659999695,10.525390625,0.5957375800001046,19232,false,dcb2c10e4ac97b1d1289825869826fdec84593f7,6ac98672d6a5ec3f,true,2026-09-20T14:19:47+00:00
20260920T140330Z-gpu,electricity_hourly,T281,transformer,deep,168,24,210020,145.14405714214084,209.94889249792251,1.050763874539655,8.677957953034172,586.010460000125,10.525390625,0.5848148089999086,19232,false,dcb2c10e4ac97b1d1289825869826fdec84593f7,6ac98672d6a5ec3f,true,2026-09-20T14:19:47+00:00
20260920T140330Z-gpu,electricity_hourly,T281,transformer,deep,168,24,210021,648.4068816650658,740.4265760065847,1.3064488234027267,37.2747115961876,575.4966749998403,10.525390625,0.5743710159999864,19232,false,dcb2c10e4ac97b1d1289825869826fdec84593f7,6ac98672d6a5ec3f,true,2026-09-20T14:19:47+00:00
20260920T140330Z-gpu,electricity_hourly,T281,timesfm25,tsfm,168,24,210000,80.34624735514323,107.03576726748506,0.7091982112995356,4.05303415045226,115.32589100011137,11.94287109375,,231289280,true,dcb2c10e4ac97b1d1289825869826fdec84593f7,6ac98672d6a5ec3f,true,2026-09-20T14:19:54+00:00
20260920T140330Z-gpu,electricity_hourly,T281,timesfm25,tsfm,168,24,210001,272.9740854899089,361.17180012263304,2.1985719732953117,11.103559419228622,122.20894300003238,11.94287109375,,231289280,true,dcb2c10e4ac97b1d1289825869826fdec84593f7,6ac98672d6a5ec3f,true,2026-09-20T14:19:54+00:00
20260920T140330Z-gpu,electricity_hourly,T281,timesfm25,tsfm,168,24,210002,159.36682637532553,187.7715402620171,1.0737296120360678,8.256783560183703,118.34669199993186,11.94287109375,,231289280,true,dcb2c10e4ac97b1d1289825869826fdec84593f7,6ac98672d6a5ec3f,true,2026-09-20T14:19:54+00:00
20260920T140330Z-gpu,electricity_hourly,T281,timesfm25,tsfm,168,24,210003,77.9976298014323,97.61476034907506,0.8892137353658659,4.046018157569678,118.0875779998587,11.94287109375,,231289280,true,dcb2c10e4ac97b1d1289825869826fdec84593f7,6ac98672d6a5ec3f,true,2026-09-20T14:19:54+00:00
20260920T140330Z-gpu,electricity_hourly,T281,timesfm25,tsfm,168,24,210004,91.41965230305989,108.23381227332304,0.7399488467000519,4.30901308309737,121.75673399997322,11.94287109375,,231289280,true,dcb2c10e4ac97b1d1289825869826fdec84593f7,6ac98672d6a5ec3f,true,2026-09-20T14:19:54+00:00
20260920T140330Z-gpu,electricity_hourly,T281,timesfm25,tsfm,168,24,210005,92.68483988444011,118.41440006788349,0.5158312183411679,4.333844378124544,121.7677619999904,11.94287109375,,231289280,true,dcb2c10e4ac97b1d1289825869826fdec84593f7,6ac98672d6a5ec3f,true,2026-09-20T14:19:54+00:00
20260920T140330Z-gpu,electricity_hourly,T281,timesfm25,tsfm,168,24,210006,143.1432902018229,172.23853967549246,1.0282666760980992,6.4080713938014355,124.02637000013783,11.94287109375,,231289280,true,dcb2c10e4ac97b1d1289825869826fdec84593f7,6ac98672d6a5ec3f,true,2026-09-20T14:19:54+00:00
20260920T140330Z-gpu,electricity_hourly,T281,timesfm25,tsfm,168,24,210007,118.22275288899739,140.24136008672372,0.8108633682312752,5.362878882453224,124.70905899999707,11.94287109375,,231289280,true,dcb2c10e4ac97b1d1289825869826fdec84593f7,6ac98672d6a5ec3f,true,2026-09-20T14:19:54+00:00
20260920T140330Z-gpu,electricity_hourly,T281,timesfm25,tsfm,168,24,210008,61.750213623046875,72.29604353201422,0.7310120652514591,3.3953090602409857,124.37115299985635,11.94287109375,,231289280,true,dcb2c10e4ac97b1d1289825869826fdec84593f7,6ac98672d6a5ec3f,true,2026-09-20T14:19:54+00:00
20260920T140330Z-gpu,electricity_hourly,T281,timesfm25,tsfm,168,24,210009,137.26824951171875,199.29563785422835,1.1139894009066444,5.043380595893286,123.92020000015691,11.94287109375,,231289280,true,dcb2c10e4ac97b1d1289825869826fdec84593f7,6ac98672d6a5ec3f,true,2026-09-20T14:19:54+00:00
20260920T140330Z-gpu,electricity_hourly,T281,timesfm25,tsfm,168,24,210010,108.88076782226562,127.13841611518689,0.8699345595298368,5.046958932974595,121.5706840000621,11.94287109375,,231289280,true,dcb2c10e4ac97b1d1289825869826fdec84593f7,6ac98672d6a5ec3f,true,2026-09-20T14:19:54+00:00
20260920T140330Z-gpu,electricity_hourly,T281,timesfm25,tsfm,168,24,210011,96.01088460286458,119.97614992979045,0.8937018347002262,4.739769989337778,118.55551400003606,11.94287109375,,231289280,true,dcb2c10e4ac97b1d1289825869826fdec84593f7,6ac98672d6a5ec3f,true,2026-09-20T14:19:54+00:00
20260920T140330Z-gpu,electricity_hourly,T281,timesfm25,tsfm,168,24,210012,179.02826436360678,201.32116200116715,0.50726201385934,10.072258400548995,119.45468099997925,11.94287109375,,231289280,true,dcb2c10e4ac97b1d1289825869826fdec84593f7,6ac98672d6a5ec3f,true,2026-09-20T14:19:54+00:00
20260920T140330Z-gpu,electricity_hourly,T281,timesfm25,tsfm,168,24,210013,147.52714029947916,179.08636773153833,1.2765237473335536,8.249205124740813,119.58247300003677,11.94287109375,,231289280,true,dcb2c10e4ac97b1d1289825869826fdec84593f7,6ac98672d6a5ec3f,true,2026-09-20T14:19:54+00:00
20260920T140330Z-gpu,electricity_hourly,T281,timesfm25,tsfm,168,24,210014,104.47470601399739,122.70100142380004,0.8865789183814972,5.428543256823985,117.074908999939,11.94287109375,,231289280,true,dcb2c10e4ac97b1d1289825869826fdec84593f7,6ac98672d6a5ec3f,true,2026-09-20T14:19:54+00:00
20260920T140330Z-gpu,electricity_hourly,T281,timesfm25,tsfm,168,24,210015,87.83511861165364,118.95540528657335,0.6770290696969342,5.262434670117864,129.52982599995266,11.94287109375,,231289280,true,dcb2c10e4ac97b1d1289825869826fdec84593f7,6ac98672d6a5ec3f,true,2026-09-20T14:19:54+00:00
20260920T140330Z-gpu,electricity_hourly,T281,timesfm25,tsfm,168,24,210016,77.90750122070312,99.56883097929398,0.8032851335945331,4.183530147055806,136.96729100001903,11.94287109375,,231289280,true,dcb2c10e4ac97b1d1289825869826fdec84593f7,6ac98672d6a5ec3f,true,2026-09-20T14:19:54+00:00
20260920T140330Z-gpu,electricity_hourly,T281,timesfm25,tsfm,168,24,210017,67.14220937093098,87.62000086304064,0.7497850445454876,3.969155368086018,125.12840500016864,11.94287109375,,231289280,true,dcb2c10e4ac97b1d1289825869826fdec84593f7,6ac98672d6a5ec3f,true,2026-09-20T14:19:54+00:00
20260920T140330Z-gpu,electricity_hourly,T281,timesfm25,tsfm,168,24,210018,78.95192209879558,113.86247244818425,0.9422407411094449,4.649448109788403,124.69906100000117,11.94287109375,,231289280,true,dcb2c10e4ac97b1d1289825869826fdec84593f7,6ac98672d6a5ec3f,true,2026-09-20T14:19:54+00:00
20260920T140330Z-gpu,electricity_hourly,T281,timesfm25,tsfm,168,24,210019,70.19027455647786,114.4495690714856,0.7993198526004596,4.159079668779419,124.28410500001519,11.94287109375,,231289280,true,dcb2c10e4ac97b1d1289825869826fdec84593f7,6ac98672d6a5ec3f,true,2026-09-20T14:19:54+00:00
20260920T140330Z-gpu,electricity_hourly,T281,timesfm25,tsfm,168,24,210020,112.51582845052083,139.12107210527768,0.8145532802209541,5.703021466668909,120.98591500011935,11.94287109375,,231289280,true,dcb2c10e4ac97b1d1289825869826fdec84593f7,6ac98672d6a5ec3f,true,2026-09-20T14:19:54+00:00
20260920T140330Z-gpu,electricity_hourly,T281,timesfm25,tsfm,168,24,210021,107.30919138590495,134.40857918980407,0.21621295330241522,6.351352173798405,117.17184999997698,11.94287109375,,231289280,true,dcb2c10e4ac97b1d1289825869826fdec84593f7,6ac98672d6a5ec3f,true,2026-09-20T14:19:54+00:00
20260920T140330Z-gpu,electricity_hourly,T281,chronos_bolt,tsfm,168,24,210000,71.16413879394531,104.2083587486469,0.6281498091411134,3.4691649618954967,32.891148999851794,1.0751953125,,205292928,true,dcb2c10e4ac97b1d1289825869826fdec84593f7,6ac98672d6a5ec3f,true,2026-09-20T14:19:59+00:00
20260920T140330Z-gpu,electricity_hourly,T281,chronos_bolt,tsfm,168,24,210001,225.55387115478516,273.47412407818655,1.8166428461485016,9.882297730040426,34.141315999931976,1.0751953125,,205292928,true,dcb2c10e4ac97b1d1289825869826fdec84593f7,6ac98672d6a5ec3f,true,2026-09-20T14:19:59+00:00
20260920T140330Z-gpu,electricity_hourly,T281,chronos_bolt,tsfm,168,24,210002,126.30256652832031,149.80385006417504,0.8509600701856607,6.384345733789226,33.25217399992653,1.0751953125,,205292928,true,dcb2c10e4ac97b1d1289825869826fdec84593f7,6ac98672d6a5ec3f,true,2026-09-20T14:19:59+00:00
20260920T140330Z-gpu,electricity_hourly,T281,chronos_bolt,tsfm,168,24,210003,61.45129903157552,84.59201182069204,0.7005769187354031,2.8841617340898638,33.099087999971744,1.0751953125,,205292928,true,dcb2c10e4ac97b1d1289825869826fdec84593f7,6ac98672d6a5ec3f,true,2026-09-20T14:19:59+00:00
20260920T140330Z-gpu,electricity_hourly,T281,chronos_bolt,tsfm,168,24,210004,74.19571431477864,88.57310806226785,0.6005386353396731,3.4506696799156287,34.641036000039094,1.0751953125,,205292928,true,dcb2c10e4ac97b1d1289825869826fdec84593f7,6ac98672d6a5ec3f,true,2026-09-20T14:19:59+00:00
20260920T140330Z-gpu,electricity_hourly,T281,chronos_bolt,tsfm,168,24,210005,90.5643310546875,114.38511813337497,0.504029669624913,4.137794956242359,33.91246000001047,1.0751953125,,205292928,true,dcb2c10e4ac97b1d1289825869826fdec84593f7,6ac98672d6a5ec3f,true,2026-09-20T14:19:59+00:00
20260920T140330Z-gpu,electricity_hourly,T281,chronos_bolt,tsfm,168,24,210006,107.36244710286458,133.2895608767067,0.771235776853861,4.693067199840756,34.00787600003241,1.0751953125,,205292928,true,dcb2c10e4ac97b1d1289825869826fdec84593f7,6ac98672d6a5ec3f,true,2026-09-20T14:19:59+00:00
20260920T140330Z-gpu,electricity_hourly,T281,chronos_bolt,tsfm,168,24,210007,65.4541727701823,80.79166910000295,0.4489355026866516,3.3180499469350506,32.525600999861126,1.0751953125,,205292928,true,dcb2c10e4ac97b1d1289825869826fdec84593f7,6ac98672d6a5ec3f,true,2026-09-20T14:19:59+00:00
20260920T140330Z-gpu,electricity_hourly,T281,chronos_bolt,tsfm,168,24,210008,54.84736124674479,63.86007921566624,0.6492946415267387,3.051177173044178,32.968813000024966,1.0751953125,,205292928,true,dcb2c10e4ac97b1d1289825869826fdec84593f7,6ac98672d6a5ec3f,true,2026-09-20T14:19:59+00:00
20260920T140330Z-gpu,electricity_hourly,T281,chronos_bolt,tsfm,168,24,210009,130.04281616210938,184.9493738472457,1.0553519796744675,4.884925417354054,34.75380700001551,1.0751953125,,205292928,true,dcb2c10e4ac97b1d1289825869826fdec84593f7,6ac98672d6a5ec3f,true,2026-09-20T14:19:59+00:00
20260920T140330Z-gpu,electricity_hourly,T281,chronos_bolt,tsfm,168,24,210010,95.32848612467448,110.96368369399026,0.7616546635939148,4.630931042014647,35.300592000112374,1.0751953125,,205292928,true,dcb2c10e4ac97b1d1289825869826fdec84593f7,6ac98672d6a5ec3f,true,2026-09-20T14:19:59+00:00
20260920T140330Z-gpu,electricity_hourly,T281,chronos_bolt,tsfm,168,24,210011,105.4254659016927,132.46521480773492,0.9813359463376696,4.848997616506004,32.90645499987477,1.0751953125,,205292928,true,dcb2c10e4ac97b1d1289825869826fdec84593f7,6ac98672d6a5ec3f,true,2026-09-20T14:19:59+00:00
20260920T140330Z-gpu,electricity_hourly,T281,chronos_bolt,tsfm,168,24,210012,171.48979695638022,190.10757948035635,0.48590238010544157,9.272767750706585,34.46834600003967,1.0751953125,,205292928,true,dcb2c10e4ac97b1d1289825869826fdec84593f7,6ac98672d6a5ec3f,true,2026-09-20T14:19:59+00:00
20260920T140330Z-gpu,electricity_hourly,T281,chronos_bolt,tsfm,168,24,210013,172.02544148763022,202.13793480319748,1.4885027985950459,9.570006344075054,34.76964300011787,1.0751953125,,205292928,true,dcb2c10e4ac97b1d1289825869826fdec84593f7,6ac98672d6a5ec3f,true,2026-09-20T14:19:59+00:00
20260920T140330Z-gpu,electricity_hourly,T281,chronos_bolt,tsfm,168,24,210014,93.7241923014323,121.48883883220527,0.7953493836646974,5.064621409941731,33.49855100009336,1.0751953125,,205292928,true,dcb2c10e4ac97b1d1289825869826fdec84593f7,6ac98672d6a5ec3f,true,2026-09-20T14:19:59+00:00
20260920T140330Z-gpu,electricity_hourly,T281,chronos_bolt,tsfm,168,24,210015,93.59865824381511,134.73259739260243,0.7214541690990994,5.799367783309345,35.062418000052276,1.0751953125,,205292928,true,dcb2c10e4ac97b1d1289825869826fdec84593f7,6ac98672d6a5ec3f,true,2026-09-20T14:19:59+00:00
20260920T140330Z-gpu,electricity_hourly,T281,chronos_bolt,tsfm,168,24,210016,71.88229115804036,87.59621567749286,0.7411606706829308,4.247424856451474,31.665985000017827,1.0751953125,,205292928,true,dcb2c10e4ac97b1d1289825869826fdec84593f7,6ac98672d6a5ec3f,true,2026-09-20T14:19:59+00:00
20260920T140330Z-gpu,electricity_hourly,T281,chronos_bolt,tsfm,168,24,210017,67.98240407307942,90.07576801832963,0.7591675987998012,4.081124633947449,33.906304999845815,1.0751953125,,205292928,true,dcb2c10e4ac97b1d1289825869826fdec84593f7,6ac98672d6a5ec3f,true,2026-09-20T14:19:59+00:00
20260920T140330Z-gpu,electricity_hourly,T281,chronos_bolt,tsfm,168,24,210018,90.76641845703125,126.23943879816888,1.0832392058521878,5.293416737367096,38.025157999982184,1.0751953125,,205292928,true,dcb2c10e4ac97b1d1289825869826fdec84593f7,6ac98672d6a5ec3f,true,2026-09-20T14:19:59+00:00
20260920T140330Z-gpu,electricity_hourly,T281,chronos_bolt,tsfm,168,24,210019,76.39645894368489,124.33334405580032,0.8699952619921411,4.46942564735424,32.94607399993765,1.0751953125,,205292928,true,dcb2c10e4ac97b1d1289825869826fdec84593f7,6ac98672d6a5ec3f,true,2026-09-20T14:19:59+00:00
20260920T140330Z-gpu,electricity_hourly,T281,chronos_bolt,tsfm,168,24,210020,94.43229166666667,126.12302624411222,0.6836383288924639,4.649850654487736,35.07337800010646,1.0751953125,,205292928,true,dcb2c10e4ac97b1d1289825869826fdec84593f7,6ac98672d6a5ec3f,true,2026-09-20T14:19:59+00:00
20260920T140330Z-gpu,electricity_hourly,T281,chronos_bolt,tsfm,168,24,210021,99.62947591145833,130.35897243423827,0.20073940493430717,5.634758912360758,33.710035000012795,1.0751953125,,205292928,true,dcb2c10e4ac97b1d1289825869826fdec84593f7,6ac98672d6a5ec3f,true,2026-09-20T14:19:59+00:00
20260920T140330Z-gpu,electricity_hourly,T295,lstm,deep,168,24,220000,128.37020269012478,229.95314515097837,2.538842080398018,30.506009662415362,325.0427310001669,16.14599609375,0.31625817500002995,4513,false,dcb2c10e4ac97b1d1289825869826fdec84593f7,6ac98672d6a5ec3f,true,2026-09-20T14:20:11+00:00
20260920T140330Z-gpu,electricity_hourly,T295,lstm,deep,168,24,220001,148.06742507572935,216.49896127974228,1.438323611097209,18.984892008808117,329.57194000005074,16.10986328125,0.32051715000011427,4513,false,dcb2c10e4ac97b1d1289825869826fdec84593f7,6ac98672d6a5ec3f,true,2026-09-20T14:20:11+00:00
20260920T140330Z-gpu,electricity_hourly,T295,lstm,deep,168,24,220002,156.8751317140992,200.23624836733467,2.3632198940088176,27.5872241095221,343.3098240000163,16.10986328125,0.33371885699989434,4513,false,dcb2c10e4ac97b1d1289825869826fdec84593f7,6ac98672d6a5ec3f,true,2026-09-20T14:20:11+00:00
20260920T140330Z-gpu,electricity_hourly,T295,lstm,deep,168,24,220003,220.89562509548554,328.8501905648957,2.489938944324847,40.59456203224841,351.0728989999734,16.10986328125,0.342106855999873,4513,false,dcb2c10e4ac97b1d1289825869826fdec84593f7,6ac98672d6a5ec3f,true,2026-09-20T14:20:11+00:00
20260920T140330Z-gpu,electricity_hourly,T295,lstm,deep,168,24,220004,273.12720640811045,399.78667165838004,3.668188558362983,31.026112675537306,386.07616199988115,16.10986328125,0.3765847790000407,4513,false,dcb2c10e4ac97b1d1289825869826fdec84593f7,6ac98672d6a5ec3f,true,2026-09-20T14:20:11+00:00
20260920T140330Z-gpu,electricity_hourly,T295,lstm,deep,168,24,220005,194.95694107105405,241.07768325835792,1.8762146303703657,32.069468591009226,401.9172759999492,16.10986328125,0.39212306400008856,4513,false,dcb2c10e4ac97b1d1289825869826fdec84593f7,6ac98672d6a5ec3f,true,2026-09-20T14:20:11+00:00
20260920T140330Z-gpu,electricity_hourly,T295,lstm,deep,168,24,220006,266.00355314725863,328.43678479163134,2.828989043811318,35.096163066675004,387.22953000001326,16.10986328125,0.37661044900005436,4513,false,dcb2c10e4ac97b1d1289825869826fdec84593f7,6ac98672d6a5ec3f,true,2026-09-20T14:20:11+00:00
20260920T140330Z-gpu,electricity_hourly,T295,lstm,deep,168,24,220007,63.284427517711116,88.88330172014409,1.2062154285308273,16.85899672253557,364.0938650000862,16.10986328125,0.3544478320000053,4513,false,dcb2c10e4ac97b1d1289825869826fdec84593f7,6ac98672d6a5ec3f,true,2026-09-20T14:20:11+00:00
20260920T140330Z-gpu,electricity_hourly,T295,lstm,deep,168,24,220008,116.08226613479621,157.54990395562467,2.4215335829944453,21.42352032830557,339.48727099982534,16.10986328125,0.3308132550000664,4513,false,dcb2c10e4ac97b1d1289825869826fdec84593f7,6ac98672d6a5ec3f,true,2026-09-20T14:20:11+00:00
20260920T140330Z-gpu,electricity_hourly,T295,lstm,deep,168,24,220009,160.30397624626806,214.67070466294595,2.4773312491374333,27.31695385374217,333.1666890001088,16.10986328125,0.3242038319999665,4513,false,dcb2c10e4ac97b1d1289825869826fdec84593f7,6ac98672d6a5ec3f,true,2026-09-20T14:20:11+00:00
20260920T140330Z-gpu,electricity_hourly,T295,lstm,deep,168,24,220010,239.05289526411778,334.080647142276,2.837656987720135,39.72658072202795,326.97241400001076,16.10986328125,0.3180271249998441,4513,false,dcb2c10e4ac97b1d1289825869826fdec84593f7,6ac98672d6a5ec3f,true,2026-09-20T14:20:11+00:00
20260920T140330Z-gpu,electricity_hourly,T295,lstm,deep,168,24,220011,139.89276386532947,210.90280848113179,3.3067232430412745,26.889975661689675,336.36497199995574,16.10986328125,0.3274193289998948,4513,false,dcb2c10e4ac97b1d1289825869826fdec84593f7,6ac98672d6a5ec3f,true,2026-09-20T14:20:11+00:00
20260920T140330Z-gpu,electricity_hourly,T295,lstm,deep,168,24,220012,100.74527839342636,128.9995945859453,1.3310689135382507,19.08908181061181,345.1740670000163,16.10986328125,0.3360277449999103,4513,false,dcb2c10e4ac97b1d1289825869826fdec84593f7,6ac98672d6a5ec3f,true,2026-09-20T14:20:11+00:00
20260920T140330Z-gpu,electricity_hourly,T295,lstm,deep,168,24,220013,129.9316540808065,197.6439744401264,2.0742969165893723,36.410778382627925,345.51626000006763,16.10986328125,0.33613170099988565,4513,false,dcb2c10e4ac97b1d1289825869826fdec84593f7,6ac98672d6a5ec3f,true,2026-09-20T14:20:11+00:00
20260920T140330Z-gpu,electricity_hourly,T295,lstm,deep,168,24,220014,121.06284475282246,152.935571420614,3.1952070462621767,25.31685879550043,343.85121700006493,16.10986328125,0.33455247699998836,4513,false,dcb2c10e4ac97b1d1289825869826fdec84593f7,6ac98672d6a5ec3f,true,2026-09-20T14:20:11+00:00
20260920T140330Z-gpu,electricity_hourly,T295,lstm,deep,168,24,220015,54.23424898282165,79.98994449280708,1.4500059141341102,14.254860068616965,356.48371899992526,16.10986328125,0.3473190129998329,4513,false,dcb2c10e4ac97b1d1289825869826fdec84593f7,6ac98672d6a5ec3f,true,2026-09-20T14:20:11+00:00
20260920T140330Z-gpu,electricity_hourly,T295,lstm,deep,168,24,220016,69.75290412749484,106.46895685816065,3.157629108569399,16.423693202936818,369.81563099993764,16.10986328125,0.3603391340000144,4513,false,dcb2c10e4ac97b1d1289825869826fdec84593f7,6ac98672d6a5ec3f,true,2026-09-20T14:20:11+00:00
20260920T140330Z-gpu,electricity_hourly,T295,lstm,deep,168,24,220017,59.021286588794965,90.93384702864255,1.6448742536842413,14.469920897425336,356.9310630000473,16.10986328125,0.34801885500019125,4513,false,dcb2c10e4ac97b1d1289825869826fdec84593f7,6ac98672d6a5ec3f,true,2026-09-20T14:20:11+00:00
20260920T140330Z-gpu,electricity_hourly,T295,lstm,deep,168,24,220018,55.81051137222217,87.03873322088624,1.1316127341030686,11.88359811806492,380.96215299992764,16.10986328125,0.3708976049999819,4513,false,dcb2c10e4ac97b1d1289825869826fdec84593f7,6ac98672d6a5ec3f,true,2026-09-20T14:20:11+00:00
20260920T140330Z-gpu,electricity_hourly,T295,lstm,deep,168,24,220019,62.132590778619544,86.77960463927919,1.7734574969516779,16.98496049677647,331.11048700016,16.10986328125,0.322140096999874,4513,false,dcb2c10e4ac97b1d1289825869826fdec84593f7,6ac98672d6a5ec3f,true,2026-09-20T14:20:11+00:00
20260920T140330Z-gpu,electricity_hourly,T295,lstm,deep,168,24,220020,39.926183590581765,50.808125817051014,1.6113706381849142,11.851090732638186,335.7293760000175,16.10986328125,0.3268716879999829,4513,false,dcb2c10e4ac97b1d1289825869826fdec84593f7,6ac98672d6a5ec3f,true,2026-09-20T14:20:11+00:00
20260920T140330Z-gpu,electricity_hourly,T295,lstm,deep,168,24,220021,109.57965011326638,135.2413970566155,0.8826687708402058,29.021998527736,336.1918330001572,16.10986328125,0.3273047459999816,4513,false,dcb2c10e4ac97b1d1289825869826fdec84593f7,6ac98672d6a5ec3f,true,2026-09-20T14:20:11+00:00
20260920T140330Z-gpu,electricity_hourly,T295,transformer,deep,168,24,220000,137.12223933614837,186.69900028302806,2.711935512210598,31.8931952397893,630.9222900001714,10.6845703125,0.6297320599999239,19232,false,dcb2c10e4ac97b1d1289825869826fdec84593f7,6ac98672d6a5ec3f,true,2026-09-20T14:20:29+00:00
20260920T140330Z-gpu,electricity_hourly,T295,transformer,deep,168,24,220001,238.795402421547,298.41206124941476,2.3196531265989457,47.42712332017218,581.5668239999923,10.525390625,0.5804825579998578,19232,false,dcb2c10e4ac97b1d1289825869826fdec84593f7,6ac98672d6a5ec3f,true,2026-09-20T14:20:29+00:00
20260920T140330Z-gpu,electricity_hourly,T295,transformer,deep,168,24,220002,89.26725685521511,130.97673203046526,1.3447520647715216,15.649398713566084,589.5497619999333,10.525390625,0.588361248999945,19232,false,dcb2c10e4ac97b1d1289825869826fdec84593f7,6ac98672d6a5ec3f,true,2026-09-20T14:20:29+00:00
20260920T140330Z-gpu,electricity_hourly,T295,transformer,deep,168,24,220003,125.58960563741901,141.45032632667437,1.4156480009227663,29.757442958102935,591.1369259999901,10.525390625,0.590014907000068,19232,false,dcb2c10e4ac97b1d1289825869826fdec84593f7,6ac98672d6a5ec3f,true,2026-09-20T14:20:29+00:00
20260920T140330Z-gpu,electricity_hourly,T295,transformer,deep,168,24,220004,175.30167622695717,231.26649821932193,2.3543593897296993,25.344346479323733,634.1403789999731,10.525390625,0.6330124250000608,19232,false,dcb2c10e4ac97b1d1289825869826fdec84593f7,6ac98672d6a5ec3f,true,2026-09-20T14:20:29+00:00
20260920T140330Z-gpu,electricity_hourly,T295,transformer,deep,168,24,220005,210.6334904277422,259.6047041536874,2.0270816428252942,37.05343161823991,588.7224840000727,10.525390625,0.5875781029999416,19232,false,dcb2c10e4ac97b1d1289825869826fdec84593f7,6ac98672d6a5ec3f,true,2026-09-20T14:20:29+00:00
20260920T140330Z-gpu,electricity_hourly,T295,transformer,deep,168,24,220006,236.6980687549965,304.893782796293,2.5173206721358565,33.84035597260173,583.849366999857,10.525390625,0.5826458179999463,19232,false,dcb2c10e4ac97b1d1289825869826fdec84593f7,6ac98672d6a5ec3f,true,2026-09-20T14:20:29+00:00
20260920T140330Z-gpu,electricity_hourly,T295,transformer,deep,168,24,220007,79.07828076738029,103.53531976684296,1.5072498253478175,20.06803582581219,579.5180510001501,10.525390625,0.5783388549998563,19232,false,dcb2c10e4ac97b1d1289825869826fdec84593f7,6ac98672d6a5ec3f,true,2026-09-20T14:20:29+00:00
20260920T140330Z-gpu,electricity_hourly,T295,transformer,deep,168,24,220008,139.84447744072034,184.19075849275228,2.9172250835091598,25.193696354509758,576.5935290000925,10.525390625,0.5753557840000667,19232,false,dcb2c10e4ac97b1d1289825869826fdec84593f7,6ac98672d6a5ec3f,true,2026-09-20T14:20:29+00:00
20260920T140330Z-gpu,electricity_hourly,T295,transformer,deep,168,24,220009,160.92899046235357,205.88253286378327,2.4869901938805445,31.47764010093131,586.5913029999774,10.525390625,0.5854085450000639,19232,false,dcb2c10e4ac97b1d1289825869826fdec84593f7,6ac98672d6a5ec3f,true,2026-09-20T14:20:29+00:00
20260920T140330Z-gpu,electricity_hourly,T295,transformer,deep,168,24,220010,109.70382697414077,141.36729482165754,1.302229913797401,23.289358575380902,579.4914799998878,10.525390625,0.5783382980000624,19232,false,dcb2c10e4ac97b1d1289825869826fdec84593f7,6ac98672d6a5ec3f,true,2026-09-20T14:20:29+00:00
20260920T140330Z-gpu,electricity_hourly,T295,transformer,deep,168,24,220011,115.65256674457963,151.40935303216733,2.7337441909421316,26.05760237662087,596.9431299999997,10.525390625,0.5957480760000635,19232,false,dcb2c10e4ac97b1d1289825869826fdec84593f7,6ac98672d6a5ec3f,true,2026-09-20T14:20:29+00:00
20260920T140330Z-gpu,electricity_hourly,T295,transformer,deep,168,24,220012,138.06940963914258,179.48679325998785,1.8242035955625775,23.351471037087034,592.8451300001143,10.525390625,0.5914578919998803,19232,false,dcb2c10e4ac97b1d1289825869826fdec84593f7,6ac98672d6a5ec3f,true,2026-09-20T14:20:29+00:00
20260920T140330Z-gpu,electricity_hourly,T295,transformer,deep,168,24,220013,79.05609777643203,114.24592270906925,1.2620929135040146,18.631513024617586,623.0471110000053,10.525390625,0.6216695600001003,19232,false,dcb2c10e4ac97b1d1289825869826fdec84593f7,6ac98672d6a5ec3f,true,2026-09-20T14:20:29+00:00
20260920T140330Z-gpu,electricity_hourly,T295,transformer,deep,168,24,220014,161.68060384688363,207.4179053573241,4.267230013554114,33.58150960978364,590.3561570000875,10.525390625,0.5891758039999786,19232,false,dcb2c10e4ac97b1d1289825869826fdec84593f7,6ac98672d6a5ec3f,true,2026-09-20T14:20:29+00:00
20260920T140330Z-gpu,electricity_hourly,T295,transformer,deep,168,24,220015,64.16419259329268,86.45816958630002,1.7154927095124668,17.85480903280469,604.6502670001246,10.525390625,0.6035069760000624,19232,false,dcb2c10e4ac97b1d1289825869826fdec84593f7,6ac98672d6a5ec3f,true,2026-09-20T14:20:29+00:00
20260920T140330Z-gpu,electricity_hourly,T295,transformer,deep,168,24,220016,55.44141635647549,72.3820816228662,2.5097654685106794,13.753121236381185,594.7167249998984,10.525390625,0.5935157179999351,19232,false,dcb2c10e4ac97b1d1289825869826fdec84593f7,6ac98672d6a5ec3f,true,2026-09-20T14:20:29+00:00
20260920T140330Z-gpu,electricity_hourly,T295,transformer,deep,168,24,220017,52.65583511759803,71.09040261140143,1.4674744062191052,13.98924654113444,590.5015980001735,10.525390625,0.5893737680000868,19232,false,dcb2c10e4ac97b1d1289825869826fdec84593f7,6ac98672d6a5ec3f,true,2026-09-20T14:20:29+00:00
20260920T140330Z-gpu,electricity_hourly,T295,transformer,deep,168,24,220018,66.64833095534696,109.79330404544596,1.3513601320149202,17.27002877473059,585.2274740000212,10.525390625,0.584039465999922,19232,false,dcb2c10e4ac97b1d1289825869826fdec84593f7,6ac98672d6a5ec3f,true,2026-09-20T14:20:29+00:00
20260920T140330Z-gpu,electricity_hourly,T295,transformer,deep,168,24,220019,40.187056690019176,45.973144187912546,1.147063659734938,13.66082289275147,586.5868260000298,10.525390625,0.5854863259999092,19232,false,dcb2c10e4ac97b1d1289825869826fdec84593f7,6ac98672d6a5ec3f,true,2026-09-20T14:20:29+00:00
20260920T140330Z-gpu,electricity_hourly,T295,transformer,deep,168,24,220020,66.65810228570164,90.90817377800188,2.69023731197899,18.644016960298405,602.6170889999776,10.525390625,0.6014494660000764,19232,false,dcb2c10e4ac97b1d1289825869826fdec84593f7,6ac98672d6a5ec3f,true,2026-09-20T14:20:29+00:00
20260920T140330Z-gpu,electricity_hourly,T295,transformer,deep,168,24,220021,88.07320004780557,107.9037538654409,0.7094333952499862,30.26902461339987,596.5805690000252,10.525390625,0.5954097459998593,19232,false,dcb2c10e4ac97b1d1289825869826fdec84593f7,6ac98672d6a5ec3f,true,2026-09-20T14:20:29+00:00
20260920T140330Z-gpu,electricity_hourly,T295,timesfm25,tsfm,168,24,220000,78.25584475199382,122.4120663548666,1.547705211411497,14.408526017451237,120.94275300000845,11.94287109375,,231289280,true,dcb2c10e4ac97b1d1289825869826fdec84593f7,6ac98672d6a5ec3f,true,2026-09-20T14:20:36+00:00
20260920T140330Z-gpu,electricity_hourly,T295,timesfm25,tsfm,168,24,220001,132.6046584447225,206.13066126207534,1.2881186465218593,16.48209078764092,115.5907140000636,11.94287109375,,231289280,true,dcb2c10e4ac97b1d1289825869826fdec84593f7,6ac98672d6a5ec3f,true,2026-09-20T14:20:36+00:00
20260920T140330Z-gpu,electricity_hourly,T295,timesfm25,tsfm,168,24,220002,96.37154769897461,145.97081025932448,1.4517734981328951,14.210573784470851,114.83253300002616,11.94287109375,,231289280,true,dcb2c10e4ac97b1d1289825869826fdec84593f7,6ac98672d6a5ec3f,true,2026-09-20T14:20:36+00:00
20260920T140330Z-gpu,electricity_hourly,T295,timesfm25,tsfm,168,24,220003,72.86793835957845,95.06580809688973,0.8213685419788099,12.8838909021148,122.55556499985687,11.94287109375,,231289280,true,dcb2c10e4ac97b1d1289825869826fdec84593f7,6ac98672d6a5ec3f,true,2026-09-20T14:20:36+00:00
20260920T140330Z-gpu,electricity_hourly,T295,timesfm25,tsfm,168,24,220004,101.1692460378011,136.37923836770253,1.3587363765569258,12.616732795913386,120.73008199990909,11.94287109375,,231289280,true,dcb2c10e4ac97b1d1289825869826fdec84593f7,6ac98672d6a5ec3f,true,2026-09-20T14:20:36+00:00
20260920T140330Z-gpu,electricity_hourly,T295,timesfm25,tsfm,168,24,220005,44.31065305074056,65.71577614955554,0.42643414016618597,10.580315064776846,119.27818499998466,11.94287109375,,231289280,true,dcb2c10e4ac97b1d1289825869826fdec84593f7,6ac98672d6a5ec3f,true,2026-09-20T14:20:36+00:00
20260920T140330Z-gpu,electricity_hourly,T295,timesfm25,tsfm,168,24,220006,151.65080960591635,208.4889983743663,1.6128298805946792,17.192297215878952,120.56007099999988,11.94287109375,,231289280,true,dcb2c10e4ac97b1d1289825869826fdec84593f7,6ac98672d6a5ec3f,true,2026-09-20T14:20:36+00:00
20260920T140330Z-gpu,electricity_hourly,T295,timesfm25,tsfm,168,24,220007,36.69815444946289,50.089695084091375,0.6994750814986971,7.070517090120694,122.3100339998382,11.94287109375,,231289280,true,dcb2c10e4ac97b1d1289825869826fdec84593f7,6ac98672d6a5ec3f,true,2026-09-20T14:20:36+00:00
20260920T140330Z-gpu,electricity_hourly,T295,timesfm25,tsfm,168,24,220008,37.86752573649088,53.39637013385544,0.7899353478277107,5.684144601922999,126.17757600014556,11.94287109375,,231289280,true,dcb2c10e4ac97b1d1289825869826fdec84593f7,6ac98672d6a5ec3f,true,2026-09-20T14:20:36+00:00
20260920T140330Z-gpu,electricity_hourly,T295,timesfm25,tsfm,168,24,220009,109.88008944193523,151.41887178702518,1.6980825155225021,16.085407776494872,129.2634620001536,11.94287109375,,231289280,true,dcb2c10e4ac97b1d1289825869826fdec84593f7,6ac98672d6a5ec3f,true,2026-09-20T14:20:36+00:00
20260920T140330Z-gpu,electricity_hourly,T295,timesfm25,tsfm,168,24,220010,81.05310503641765,106.87539823812477,0.9621339646561817,15.48981266459104,123.03617199995642,11.94287109375,,231289280,true,dcb2c10e4ac97b1d1289825869826fdec84593f7,6ac98672d6a5ec3f,true,2026-09-20T14:20:36+00:00
20260920T140330Z-gpu,electricity_hourly,T295,timesfm25,tsfm,168,24,220011,40.03495788574219,57.01513132413473,0.9463286171285087,6.548359863781872,118.57912599998599,11.94287109375,,231289280,true,dcb2c10e4ac97b1d1289825869826fdec84593f7,6ac98672d6a5ec3f,true,2026-09-20T14:20:36+00:00
20260920T140330Z-gpu,electricity_hourly,T295,timesfm25,tsfm,168,24,220012,73.14446862538655,113.52519040410593,0.9664009066937942,10.493135192205509,120.23298799999793,11.94287109375,,231289280,true,dcb2c10e4ac97b1d1289825869826fdec84593f7,6ac98672d6a5ec3f,true,2026-09-20T14:20:36+00:00
20260920T140330Z-gpu,electricity_hourly,T295,timesfm25,tsfm,168,24,220013,56.6327756245931,83.78608905503569,0.9041152649602446,10.149269245942705,120.84385900016059,11.94287109375,,231289280,true,dcb2c10e4ac97b1d1289825869826fdec84593f7,6ac98672d6a5ec3f,true,2026-09-20T14:20:36+00:00
20260920T140330Z-gpu,electricity_hourly,T295,timesfm25,tsfm,168,24,220014,92.93081982930501,146.55642112793257,2.452719584937669,12.140560133089728,115.72098700003153,11.94287109375,,231289280,true,dcb2c10e4ac97b1d1289825869826fdec84593f7,6ac98672d6a5ec3f,true,2026-09-20T14:20:36+00:00
20260920T140330Z-gpu,electricity_hourly,T295,timesfm25,tsfm,168,24,220015,42.108225186665855,59.27349077817529,1.125804758054193,7.7102373099291635,117.42884000000231,11.94287109375,,231289280,true,dcb2c10e4ac97b1d1289825869826fdec84593f7,6ac98672d6a5ec3f,true,2026-09-20T14:20:36+00:00
20260920T140330Z-gpu,electricity_hourly,T295,timesfm25,tsfm,168,24,220016,42.0716552734375,60.88346215426073,1.904532649913549,8.220888898463363,118.14924599980259,11.94287109375,,231289280,true,dcb2c10e4ac97b1d1289825869826fdec84593f7,6ac98672d6a5ec3f,true,2026-09-20T14:20:36+00:00
20260920T140330Z-gpu,electricity_hourly,T295,timesfm25,tsfm,168,24,220017,17.54026730855306,26.39466276112548,0.4888326867489144,4.120659619722955,115.27782500002104,11.94287109375,,231289280,true,dcb2c10e4ac97b1d1289825869826fdec84593f7,6ac98672d6a5ec3f,true,2026-09-20T14:20:36+00:00
20260920T140330Z-gpu,electricity_hourly,T295,timesfm25,tsfm,168,24,220018,32.76570065816244,54.58512125595911,0.6643566452795538,7.041038186722239,120.77211399991938,11.94287109375,,231289280,true,dcb2c10e4ac97b1d1289825869826fdec84593f7,6ac98672d6a5ec3f,true,2026-09-20T14:20:36+00:00
20260920T140330Z-gpu,electricity_hourly,T295,timesfm25,tsfm,168,24,220019,24.68085225423177,31.449420486976276,0.7044683299523042,6.899780646327482,119.0630810001494,11.94287109375,,231289280,true,dcb2c10e4ac97b1d1289825869826fdec84593f7,6ac98672d6a5ec3f,true,2026-09-20T14:20:36+00:00
20260920T140330Z-gpu,electricity_hourly,T295,timesfm25,tsfm,168,24,220020,31.912131627400715,41.832090252272764,1.287933563437697,8.3931564252405,120.02557300002081,11.94287109375,,231289280,true,dcb2c10e4ac97b1d1289825869826fdec84593f7,6ac98672d6a5ec3f,true,2026-09-20T14:20:36+00:00
20260920T140330Z-gpu,electricity_hourly,T295,timesfm25,tsfm,168,24,220021,40.540740966796875,58.226857037191856,0.326557403323754,8.60837880704266,120.95225400003073,11.94287109375,,231289280,true,dcb2c10e4ac97b1d1289825869826fdec84593f7,6ac98672d6a5ec3f,true,2026-09-20T14:20:36+00:00
20260920T140330Z-gpu,electricity_hourly,T295,chronos_bolt,tsfm,168,24,220000,73.49991226196289,126.49230073637915,1.453644741892962,14.43898525736328,30.630414999905042,1.0751953125,,205292928,true,dcb2c10e4ac97b1d1289825869826fdec84593f7,6ac98672d6a5ec3f,true,2026-09-20T14:20:41+00:00
20260920T140330Z-gpu,electricity_hourly,T295,chronos_bolt,tsfm,168,24,220001,85.38766860961914,147.5227416491463,0.8294538774814596,14.498492359677185,33.38836800003264,1.0751953125,,205292928,true,dcb2c10e4ac97b1d1289825869826fdec84593f7,6ac98672d6a5ec3f,true,2026-09-20T14:20:41+00:00
20260920T140330Z-gpu,electricity_hourly,T295,chronos_bolt,tsfm,168,24,220002,93.33234024047852,147.53692332302188,1.4059898519331422,12.010957708142014,32.1006839999427,1.0751953125,,205292928,true,dcb2c10e4ac97b1d1289825869826fdec84593f7,6ac98672d6a5ec3f,true,2026-09-20T14:20:41+00:00
20260920T140330Z-gpu,electricity_hourly,T295,chronos_bolt,tsfm,168,24,220003,80.12216822306316,103.3999651608676,0.9031383345691659,11.813673806747095,33.051656999987244,1.0751953125,,205292928,true,dcb2c10e4ac97b1d1289825869826fdec84593f7,6ac98672d6a5ec3f,true,2026-09-20T14:20:41+00:00
20260920T140330Z-gpu,electricity_hourly,T295,chronos_bolt,tsfm,168,24,220004,63.75774637858073,93.47017562848195,0.8562875842674524,9.641741924999858,32.6009340001292,1.0751953125,,205292928,true,dcb2c10e4ac97b1d1289825869826fdec84593f7,6ac98672d6a5ec3f,true,2026-09-20T14:20:41+00:00
20260920T140330Z-gpu,electricity_hourly,T295,chronos_bolt,tsfm,168,24,220005,37.77953084309896,58.613172586944216,0.3635803275684188,6.802051979434435,33.32589499996175,1.0751953125,,205292928,true,dcb2c10e4ac97b1d1289825869826fdec84593f7,6ac98672d6a5ec3f,true,2026-09-20T14:20:41+00:00
20260920T140330Z-gpu,electricity_hourly,T295,chronos_bolt,tsfm,168,24,220006,142.3230412801107,202.0468087311681,1.5136276177500694,14.289385461691143,34.32891500006008,1.0751953125,,205292928,true,dcb2c10e4ac97b1d1289825869826fdec84593f7,6ac98672d6a5ec3f,true,2026-09-20T14:20:41+00:00
20260920T140330Z-gpu,electricity_hourly,T295,chronos_bolt,tsfm,168,24,220007,32.21625264485677,42.70702438063092,0.6140490246008439,5.833403987674092,33.99121299980834,1.0751953125,,205292928,true,dcb2c10e4ac97b1d1289825869826fdec84593f7,6ac98672d6a5ec3f,true,2026-09-20T14:20:41+00:00
20260920T140330Z-gpu,electricity_hourly,T295,chronos_bolt,tsfm,168,24,220008,44.94537099202474,62.813674956613326,0.9375827064829151,6.805252309707642,33.106178000025466,1.0751953125,,205292928,true,dcb2c10e4ac97b1d1289825869826fdec84593f7,6ac98672d6a5ec3f,true,2026-09-20T14:20:41+00:00
20260920T140330Z-gpu,electricity_hourly,T295,chronos_bolt,tsfm,168,24,220009,94.76863098144531,141.18267445356165,1.4645506397647698,10.76541211163059,34.583708999889495,1.0751953125,,205292928,true,dcb2c10e4ac97b1d1289825869826fdec84593f7,6ac98672d6a5ec3f,true,2026-09-20T14:20:41+00:00
20260920T140330Z-gpu,electricity_hourly,T295,chronos_bolt,tsfm,168,24,220010,73.44905598958333,99.3580102720671,0.8718707495260076,9.658188104922623,32.09391600012168,1.0751953125,,205292928,true,dcb2c10e4ac97b1d1289825869826fdec84593f7,6ac98672d6a5ec3f,true,2026-09-20T14:20:41+00:00
20260920T140330Z-gpu,electricity_hourly,T295,chronos_bolt,tsfm,168,24,220011,51.28302129109701,72.06874792895438,1.212205362100783,9.4480419567938,32.579033000047275,1.0751953125,,205292928,true,dcb2c10e4ac97b1d1289825869826fdec84593f7,6ac98672d6a5ec3f,true,2026-09-20T14:20:41+00:00
20260920T140330Z-gpu,electricity_hourly,T295,chronos_bolt,tsfm,168,24,220012,42.642659505208336,61.267764660643735,0.5634042544040738,6.997715673207101,32.37475500009168,1.0751953125,,205292928,true,dcb2c10e4ac97b1d1289825869826fdec84593f7,6ac98672d6a5ec3f,true,2026-09-20T14:20:41+00:00
20260920T140330Z-gpu,electricity_hourly,T295,chronos_bolt,tsfm,168,24,220013,63.91996765136719,90.28326101398511,1.0204518117291437,11.042082310611246,32.513129000108165,1.0751953125,,205292928,true,dcb2c10e4ac97b1d1289825869826fdec84593f7,6ac98672d6a5ec3f,true,2026-09-20T14:20:41+00:00
20260920T140330Z-gpu,electricity_hourly,T295,chronos_bolt,tsfm,168,24,220014,82.39332071940105,123.00513234885835,2.1746037726528136,12.044769306961951,32.831586000156676,1.0751953125,,205292928,true,dcb2c10e4ac97b1d1289825869826fdec84593f7,6ac98672d6a5ec3f,true,2026-09-20T14:20:41+00:00
20260920T140330Z-gpu,electricity_hourly,T295,chronos_bolt,tsfm,168,24,220015,40.065842946370445,59.42146493521668,1.0711996628810516,8.061780242589442,32.64096199995947,1.0751953125,,205292928,true,dcb2c10e4ac97b1d1289825869826fdec84593f7,6ac98672d6a5ec3f,true,2026-09-20T14:20:41+00:00
20260920T140330Z-gpu,electricity_hourly,T295,chronos_bolt,tsfm,168,24,220016,45.04918924967448,66.74139128562398,2.039321990554267,8.370295669665932,33.240675000115516,1.0751953125,,205292928,true,dcb2c10e4ac97b1d1289825869826fdec84593f7,6ac98672d6a5ec3f,true,2026-09-20T14:20:41+00:00
20260920T140330Z-gpu,electricity_hourly,T295,chronos_bolt,tsfm,168,24,220017,18.337565104166668,24.805933009734495,0.5110527143410103,3.930905046542547,34.207263999860515,1.0751953125,,205292928,true,dcb2c10e4ac97b1d1289825869826fdec84593f7,6ac98672d6a5ec3f,true,2026-09-20T14:20:41+00:00
20260920T140330Z-gpu,electricity_hourly,T295,chronos_bolt,tsfm,168,24,220018,25.78156026204427,48.02454298042698,0.5227463640853809,5.301779928178289,32.89253799994185,1.0751953125,,205292928,true,dcb2c10e4ac97b1d1289825869826fdec84593f7,6ac98672d6a5ec3f,true,2026-09-20T14:20:41+00:00
20260920T140330Z-gpu,electricity_hourly,T295,chronos_bolt,tsfm,168,24,220019,24.823137919108074,35.34391504761975,0.7085296056197349,6.2328583157029325,32.87467600011951,1.0751953125,,205292928,true,dcb2c10e4ac97b1d1289825869826fdec84593f7,6ac98672d6a5ec3f,true,2026-09-20T14:20:41+00:00
20260920T140330Z-gpu,electricity_hourly,T295,chronos_bolt,tsfm,168,24,220020,30.189895629882812,40.9636280726825,1.2184262810266606,6.649549747512873,36.10004000006484,1.0751953125,,205292928,true,dcb2c10e4ac97b1d1289825869826fdec84593f7,6ac98672d6a5ec3f,true,2026-09-20T14:20:41+00:00
20260920T140330Z-gpu,electricity_hourly,T295,chronos_bolt,tsfm,168,24,220021,27.619022369384766,37.38524642770265,0.22247240707005686,6.252789380371185,32.619248999935735,1.0751953125,,205292928,true,dcb2c10e4ac97b1d1289825869826fdec84593f7,6ac98672d6a5ec3f,true,2026-09-20T14:20:41+00:00
20260920T140330Z-gpu,electricity_hourly,T308,lstm,deep,168,24,230000,99.12019824069164,138.35962059669424,0.944001888006587,24.88363000820739,329.7334400001546,16.14599609375,0.3204784560000462,4513,false,dcb2c10e4ac97b1d1289825869826fdec84593f7,6ac98672d6a5ec3f,true,2026-09-20T14:20:53+00:00
20260920T140330Z-gpu,electricity_hourly,T308,lstm,deep,168,24,230001,367.9109849816122,518.6675192578375,3.0880847422098485,58.05893341864598,381.4143150000291,16.10986328125,0.37173754500008727,4513,false,dcb2c10e4ac97b1d1289825869826fdec84593f7,6ac98672d6a5ec3f,true,2026-09-20T14:20:53+00:00
20260920T140330Z-gpu,electricity_hourly,T308,lstm,deep,168,24,230002,151.59416719136337,207.54253917299377,1.2267933053589033,46.37470944881739,372.2024969999893,16.10986328125,0.3629972700000508,4513,false,dcb2c10e4ac97b1d1289825869826fdec84593f7,6ac98672d6a5ec3f,true,2026-09-20T14:20:53+00:00
20260920T140330Z-gpu,electricity_hourly,T308,lstm,deep,168,24,230003,164.39875585928442,214.1428718983427,2.084478369616708,29.354318854888223,346.44757399996706,16.10986328125,0.3374139580000701,4513,false,dcb2c10e4ac97b1d1289825869826fdec84593f7,6ac98672d6a5ec3f,true,2026-09-20T14:20:53+00:00
20260920T140330Z-gpu,electricity_hourly,T308,lstm,deep,168,24,230004,559.814746526138,802.1558575014895,5.145750255314941,105.81176789697587,340.90765199994166,16.10986328125,0.3317366310000125,4513,false,dcb2c10e4ac97b1d1289825869826fdec84593f7,6ac98672d6a5ec3f,true,2026-09-20T14:20:53+00:00
20260920T140330Z-gpu,electricity_hourly,T308,lstm,deep,168,24,230005,204.9327547139932,307.9015330152334,1.0326597151140786,44.11173715645232,337.02888500010886,16.10986328125,0.32801724499995544,4513,false,dcb2c10e4ac97b1d1289825869826fdec84593f7,6ac98672d6a5ec3f,true,2026-09-20T14:20:53+00:00
20260920T140330Z-gpu,electricity_hourly,T308,lstm,deep,168,24,230006,200.4391282699016,323.15204046379114,1.9165494336564297,39.7736614213094,328.13750400009667,16.10986328125,0.3189922839999326,4513,false,dcb2c10e4ac97b1d1289825869826fdec84593f7,6ac98672d6a5ec3f,true,2026-09-20T14:20:53+00:00
20260920T140330Z-gpu,electricity_hourly,T308,lstm,deep,168,24,230007,287.508567934663,414.1327257146526,4.151748273424737,53.94462901206967,351.4789779999319,16.10986328125,0.3423521580000397,4513,false,dcb2c10e4ac97b1d1289825869826fdec84593f7,6ac98672d6a5ec3f,true,2026-09-20T14:20:53+00:00
20260920T140330Z-gpu,electricity_hourly,T308,lstm,deep,168,24,230008,173.0028765008551,261.66614586989834,1.223115387672974,36.080336011465526,329.51594299993303,16.10986328125,0.3201377559998946,4513,false,dcb2c10e4ac97b1d1289825869826fdec84593f7,6ac98672d6a5ec3f,true,2026-09-20T14:20:53+00:00
20260920T140330Z-gpu,electricity_hourly,T308,lstm,deep,168,24,230009,362.6301542342646,547.3844838349385,3.789183819006901,46.93297009043009,334.2480730000261,16.10986328125,0.3251889509999728,4513,false,dcb2c10e4ac97b1d1289825869826fdec84593f7,6ac98672d6a5ec3f,true,2026-09-20T14:20:53+00:00
20260920T140330Z-gpu,electricity_hourly,T308,lstm,deep,168,24,230010,63.61793744833691,82.01586280617654,0.4086258527392174,41.43110480446187,353.6402810000254,16.10986328125,0.3445921459999681,4513,false,dcb2c10e4ac97b1d1289825869826fdec84593f7,6ac98672d6a5ec3f,true,2026-09-20T14:20:53+00:00
20260920T140330Z-gpu,electricity_hourly,T308,lstm,deep,168,24,230011,25.88347489052897,32.625884940355334,2.374025722443421,18.53300451100933,339.6159720000469,16.10986328125,0.3306209569998373,4513,false,dcb2c10e4ac97b1d1289825869826fdec84593f7,6ac98672d6a5ec3f,true,2026-09-20T14:20:53+00:00
20260920T140330Z-gpu,electricity_hourly,T308,lstm,deep,168,24,230012,18.435566424233794,23.43518078929032,1.6040613686342395,13.328047711110772,341.5451410000969,16.10986328125,0.3324957639999866,4513,false,dcb2c10e4ac97b1d1289825869826fdec84593f7,6ac98672d6a5ec3f,true,2026-09-20T14:20:53+00:00
20260920T140330Z-gpu,electricity_hourly,T308,lstm,deep,168,24,230013,17.34765477024828,20.156919365527283,1.6936015504513575,13.68401848416746,321.5904949997821,16.10986328125,0.3128089419999469,4513,false,dcb2c10e4ac97b1d1289825869826fdec84593f7,6ac98672d6a5ec3f,true,2026-09-20T14:20:53+00:00
20260920T140330Z-gpu,electricity_hourly,T308,lstm,deep,168,24,230014,33.413494952911115,51.42938580327417,3.0128636651341267,29.08477227912295,371.8702870000925,16.10986328125,0.3630504679999831,4513,false,dcb2c10e4ac97b1d1289825869826fdec84593f7,6ac98672d6a5ec3f,true,2026-09-20T14:20:53+00:00
20260920T140330Z-gpu,electricity_hourly,T308,lstm,deep,168,24,230015,17.06176095920048,22.523259258392923,1.9090082192112425,12.85301834596957,327.5481050000053,16.10986328125,0.3184389180000835,4513,false,dcb2c10e4ac97b1d1289825869826fdec84593f7,6ac98672d6a5ec3f,true,2026-09-20T14:20:53+00:00
20260920T140330Z-gpu,electricity_hourly,T308,lstm,deep,168,24,230016,24.152160300492426,29.80031664451294,1.8973873885820565,16.429707383884427,347.6064999999835,16.10986328125,0.33829938500002754,4513,false,dcb2c10e4ac97b1d1289825869826fdec84593f7,6ac98672d6a5ec3f,true,2026-09-20T14:20:53+00:00
20260920T140330Z-gpu,electricity_hourly,T308,lstm,deep,168,24,230017,22.811031351503306,30.094351511219493,2.6575958856120354,16.50631883416044,349.03581399998984,16.10986328125,0.3391025430000809,4513,false,dcb2c10e4ac97b1d1289825869826fdec84593f7,6ac98672d6a5ec3f,true,2026-09-20T14:20:53+00:00
20260920T140330Z-gpu,electricity_hourly,T308,lstm,deep,168,24,230018,17.11333278773507,21.066359585512604,1.5919379337427975,11.081730845308131,343.418647000135,16.10986328125,0.33425471199984713,4513,false,dcb2c10e4ac97b1d1289825869826fdec84593f7,6ac98672d6a5ec3f,true,2026-09-20T14:20:53+00:00
20260920T140330Z-gpu,electricity_hourly,T308,lstm,deep,168,24,230019,12.189311001026994,16.15072427111091,1.2655088566314976,8.84813263649357,351.59260599994013,16.10986328125,0.3390434059999734,4513,false,dcb2c10e4ac97b1d1289825869826fdec84593f7,6ac98672d6a5ec3f,true,2026-09-20T14:20:53+00:00
20260920T140330Z-gpu,electricity_hourly,T308,lstm,deep,168,24,230020,20.41077049966488,25.728757088920055,2.05535031605017,13.284841952903733,355.0035299999763,16.10986328125,0.346142570000211,4513,false,dcb2c10e4ac97b1d1289825869826fdec84593f7,6ac98672d6a5ec3f,true,2026-09-20T14:20:53+00:00
20260920T140330Z-gpu,electricity_hourly,T308,lstm,deep,168,24,230021,27.214441722067033,33.42299312248241,0.7896191029574154,18.145664558499433,338.61051300004874,16.10986328125,0.32955980800011275,4513,false,dcb2c10e4ac97b1d1289825869826fdec84593f7,6ac98672d6a5ec3f,true,2026-09-20T14:20:53+00:00
20260920T140330Z-gpu,electricity_hourly,T308,transformer,deep,168,24,230000,220.44407362945995,256.1324669955326,2.0994673678996185,54.28088108148127,583.3887870001035,10.6845703125,0.5822612399999798,19232,false,dcb2c10e4ac97b1d1289825869826fdec84593f7,6ac98672d6a5ec3f,true,2026-09-20T14:21:11+00:00
20260920T140330Z-gpu,electricity_hourly,T308,transformer,deep,168,24,230001,454.4852353280464,544.4548074147607,3.814751334066139,81.34308391418726,628.5338180000508,10.525390625,0.6274287180001465,19232,false,dcb2c10e4ac97b1d1289825869826fdec84593f7,6ac98672d6a5ec3f,true,2026-09-20T14:21:11+00:00
20260920T140330Z-gpu,electricity_hourly,T308,transformer,deep,168,24,230002,178.46424845131506,308.90971127470533,1.4442425411368647,35.29319044125871,626.2622179999653,10.525390625,0.6250689260000399,19232,false,dcb2c10e4ac97b1d1289825869826fdec84593f7,6ac98672d6a5ec3f,true,2026-09-20T14:21:11+00:00
20260920T140330Z-gpu,electricity_hourly,T308,transformer,deep,168,24,230003,221.63260393543547,312.9669689189415,2.8101694960555346,44.16401984684563,600.2471970000443,10.525390625,0.5991133289999198,19232,false,dcb2c10e4ac97b1d1289825869826fdec84593f7,6ac98672d6a5ec3f,true,2026-09-20T14:21:11+00:00
20260920T140330Z-gpu,electricity_hourly,T308,transformer,deep,168,24,230004,223.7391365418706,277.10156314717574,2.056583407508577,42.11825055404728,584.4215069998882,10.525390625,0.583321930000011,19232,false,dcb2c10e4ac97b1d1289825869826fdec84593f7,6ac98672d6a5ec3f,true,2026-09-20T14:21:11+00:00
20260920T140330Z-gpu,electricity_hourly,T308,transformer,deep,168,24,230005,170.3875205151907,243.8571474522516,0.8585856791891192,53.64907989189665,590.4347099999541,10.525390625,0.5893395260000034,19232,false,dcb2c10e4ac97b1d1289825869826fdec84593f7,6ac98672d6a5ec3f,true,2026-09-20T14:21:11+00:00
20260920T140330Z-gpu,electricity_hourly,T308,transformer,deep,168,24,230006,308.1629227595951,475.42110342172845,2.9465777475021047,60.10319302123612,594.480257999976,10.525390625,0.5933027920000313,19232,false,dcb2c10e4ac97b1d1289825869826fdec84593f7,6ac98672d6a5ec3f,true,2026-09-20T14:21:11+00:00
20260920T140330Z-gpu,electricity_hourly,T308,transformer,deep,168,24,230007,158.11716612626842,237.3581224997195,2.283280377274634,37.26264186898764,578.2937869998932,10.525390625,0.5772639639999397,19232,false,dcb2c10e4ac97b1d1289825869826fdec84593f7,6ac98672d6a5ec3f,true,2026-09-20T14:21:11+00:00
20260920T140330Z-gpu,electricity_hourly,T308,transformer,deep,168,24,230008,173.41196203883297,253.77813196930563,1.2260075870773737,44.64682821857515,586.3162629998442,10.525390625,0.5851694220000354,19232,false,dcb2c10e4ac97b1d1289825869826fdec84593f7,6ac98672d6a5ec3f,true,2026-09-20T14:21:11+00:00
20260920T140330Z-gpu,electricity_hourly,T308,transformer,deep,168,24,230009,321.4343222976069,400.19600447447385,3.358721602993643,63.56804736341767,594.0225040001224,10.525390625,0.5929076729998997,19232,false,dcb2c10e4ac97b1d1289825869826fdec84593f7,6ac98672d6a5ec3f,true,2026-09-20T14:21:11+00:00
20260920T140330Z-gpu,electricity_hourly,T308,transformer,deep,168,24,230010,48.80891619352465,58.37142604530124,0.3135056841013225,38.52692552699584,638.3878589999767,10.525390625,0.6372497459999522,19232,false,dcb2c10e4ac97b1d1289825869826fdec84593f7,6ac98672d6a5ec3f,true,2026-09-20T14:21:11+00:00
20260920T140330Z-gpu,electricity_hourly,T308,transformer,deep,168,24,230011,17.7245884452477,22.612140350191627,1.6256947363794068,12.327684674676307,643.7436449998586,10.525390625,0.6424920490001114,19232,false,dcb2c10e4ac97b1d1289825869826fdec84593f7,6ac98672d6a5ec3f,true,2026-09-20T14:21:11+00:00
20260920T140330Z-gpu,electricity_hourly,T308,transformer,deep,168,24,230012,11.34310826582489,14.755015126618883,0.9869532267545524,8.391170424858242,639.4967740000084,10.525390625,0.6383151830000315,19232,false,dcb2c10e4ac97b1d1289825869826fdec84593f7,6ac98672d6a5ec3f,true,2026-09-20T14:21:11+00:00
20260920T140330Z-gpu,electricity_hourly,T308,transformer,deep,168,24,230013,40.28494362298489,48.89129753287338,3.9329029706507286,30.189061858754407,576.3784959999612,10.525390625,0.5752559370000654,19232,false,dcb2c10e4ac97b1d1289825869826fdec84593f7,6ac98672d6a5ec3f,true,2026-09-20T14:21:11+00:00
20260920T140330Z-gpu,electricity_hourly,T308,transformer,deep,168,24,230014,28.274479547647605,50.96292596869685,2.5494834407396714,25.525830440416364,586.3758199998301,10.525390625,0.585276310999916,19232,false,dcb2c10e4ac97b1d1289825869826fdec84593f7,6ac98672d6a5ec3f,true,2026-09-20T14:21:11+00:00
20260920T140330Z-gpu,electricity_hourly,T308,transformer,deep,168,24,230015,24.168232737793318,28.90151528808794,2.7041379287041476,17.505211722732604,577.6646030001302,10.525390625,0.576571235000074,19232,false,dcb2c10e4ac97b1d1289825869826fdec84593f7,6ac98672d6a5ec3f,true,2026-09-20T14:21:11+00:00
20260920T140330Z-gpu,electricity_hourly,T308,transformer,deep,168,24,230016,21.837151530366324,29.839652833093147,1.7155209058225591,15.895957023741802,585.4584999999588,10.525390625,0.5843642370000453,19232,false,dcb2c10e4ac97b1d1289825869826fdec84593f7,6ac98672d6a5ec3f,true,2026-09-20T14:21:11+00:00
20260920T140330Z-gpu,electricity_hourly,T308,transformer,deep,168,24,230017,24.995463430639074,30.518223616969347,2.9120928268705715,17.675052721967287,574.3163780000486,10.525390625,0.5731697969999914,19232,false,dcb2c10e4ac97b1d1289825869826fdec84593f7,6ac98672d6a5ec3f,true,2026-09-20T14:21:11+00:00
20260920T140330Z-gpu,electricity_hourly,T308,transformer,deep,168,24,230018,17.127456492680484,22.974919097004157,1.5932517667609751,11.13189156035001,613.4681890000593,10.525390625,0.6122846529999606,19232,false,dcb2c10e4ac97b1d1289825869826fdec84593f7,6ac98672d6a5ec3f,true,2026-09-20T14:21:11+00:00
20260920T140330Z-gpu,electricity_hourly,T308,transformer,deep,168,24,230019,13.716762241519795,16.270768081606416,1.4240906725153932,10.203943638894097,592.2559839998485,10.525390625,0.5911560750000717,19232,false,dcb2c10e4ac97b1d1289825869826fdec84593f7,6ac98672d6a5ec3f,true,2026-09-20T14:21:11+00:00
20260920T140330Z-gpu,electricity_hourly,T308,transformer,deep,168,24,230020,17.172839040623597,21.068151316616543,1.729292882412446,11.540122216873677,586.4514770000824,10.525390625,0.5852371399998901,19232,false,dcb2c10e4ac97b1d1289825869826fdec84593f7,6ac98672d6a5ec3f,true,2026-09-20T14:21:11+00:00
20260920T140330Z-gpu,electricity_hourly,T308,transformer,deep,168,24,230021,33.47860991170036,42.14235921594255,0.971372119138596,27.394200584671026,582.3183459999655,10.525390625,0.5811668280000504,19232,false,dcb2c10e4ac97b1d1289825869826fdec84593f7,6ac98672d6a5ec3f,true,2026-09-20T14:21:11+00:00
20260920T140330Z-gpu,electricity_hourly,T308,timesfm25,tsfm,168,24,230000,51.70392036437988,72.0158204617886,0.4924182891845703,13.93926535822681,120.10897200002546,11.94287109375,,231289280,true,dcb2c10e4ac97b1d1289825869826fdec84593f7,6ac98672d6a5ec3f,true,2026-09-20T14:21:18+00:00
20260920T140330Z-gpu,electricity_hourly,T308,timesfm25,tsfm,168,24,230001,189.0357462565104,277.2667582435919,1.58668381096628,24.127913799358712,115.51135700005943,11.94287109375,,231289280,true,dcb2c10e4ac97b1d1289825869826fdec84593f7,6ac98672d6a5ec3f,true,2026-09-20T14:21:18+00:00
20260920T140330Z-gpu,electricity_hourly,T308,timesfm25,tsfm,168,24,230002,119.54306284586589,175.4594566567634,0.9674160419132679,28.39083576402402,119.19278599998506,11.94287109375,,231289280,true,dcb2c10e4ac97b1d1289825869826fdec84593f7,6ac98672d6a5ec3f,true,2026-09-20T14:21:18+00:00
20260920T140330Z-gpu,electricity_hourly,T308,timesfm25,tsfm,168,24,230003,119.55016231536865,168.34445752729314,1.5158248986011347,18.91106190862867,118.47342500004743,11.94287109375,,231289280,true,dcb2c10e4ac97b1d1289825869826fdec84593f7,6ac98672d6a5ec3f,true,2026-09-20T14:21:18+00:00
20260920T140330Z-gpu,electricity_hourly,T308,timesfm25,tsfm,168,24,230004,123.34220282236735,190.47146461819804,1.1337467896349354,21.44991035325344,120.93616899983317,11.94287109375,,231289280,true,dcb2c10e4ac97b1d1289825869826fdec84593f7,6ac98672d6a5ec3f,true,2026-09-20T14:21:18+00:00
20260920T140330Z-gpu,electricity_hourly,T308,timesfm25,tsfm,168,24,230005,152.83830865224203,235.81471402967648,0.7701548954026963,19.159334107727013,119.92100399993433,11.94287109375,,231289280,true,dcb2c10e4ac97b1d1289825869826fdec84593f7,6ac98672d6a5ec3f,true,2026-09-20T14:21:18+00:00
20260920T140330Z-gpu,electricity_hourly,T308,timesfm25,tsfm,168,24,230006,116.64422861735027,207.90001683951755,1.1153233015204806,35.00235571219459,125.01724999992803,11.94287109375,,231289280,true,dcb2c10e4ac97b1d1289825869826fdec84593f7,6ac98672d6a5ec3f,true,2026-09-20T14:21:18+00:00
20260920T140330Z-gpu,electricity_hourly,T308,timesfm25,tsfm,168,24,230007,79.56089083353679,147.09923298019706,1.1488937304481848,15.62307189570992,115.87818799989691,11.94287109375,,231289280,true,dcb2c10e4ac97b1d1289825869826fdec84593f7,6ac98672d6a5ec3f,true,2026-09-20T14:21:18+00:00
20260920T140330Z-gpu,electricity_hourly,T308,timesfm25,tsfm,168,24,230008,45.22515996297201,58.7070896700542,0.3197379730296528,9.935870129758829,121.17929400005778,11.94287109375,,231289280,true,dcb2c10e4ac97b1d1289825869826fdec84593f7,6ac98672d6a5ec3f,true,2026-09-20T14:21:18+00:00
20260920T140330Z-gpu,electricity_hourly,T308,timesfm25,tsfm,168,24,230009,174.86542193094888,240.82678243270902,1.827198371530124,32.25815035447584,115.24202700002206,11.94287109375,,231289280,true,dcb2c10e4ac97b1d1289825869826fdec84593f7,6ac98672d6a5ec3f,true,2026-09-20T14:21:18+00:00
20260920T140330Z-gpu,electricity_hourly,T308,timesfm25,tsfm,168,24,230010,72.01755174001057,96.17761446218151,0.46257761053399005,41.06070963058552,121.99529800000164,11.94287109375,,231289280,true,dcb2c10e4ac97b1d1289825869826fdec84593f7,6ac98672d6a5ec3f,true,2026-09-20T14:21:18+00:00
20260920T140330Z-gpu,electricity_hourly,T308,timesfm25,tsfm,168,24,230011,14.975768089294434,16.670663362490185,1.3735736336677695,10.255689198375357,119.89629400000013,11.94287109375,,231289280,true,dcb2c10e4ac97b1d1289825869826fdec84593f7,6ac98672d6a5ec3f,true,2026-09-20T14:21:18+00:00
20260920T140330Z-gpu,electricity_hourly,T308,timesfm25,tsfm,168,24,230012,6.791883150736491,8.054170449816855,0.5909553919674047,5.781637358503731,122.56719199990584,11.94287109375,,231289280,true,dcb2c10e4ac97b1d1289825869826fdec84593f7,6ac98672d6a5ec3f,true,2026-09-20T14:21:18+00:00
20260920T140330Z-gpu,electricity_hourly,T308,timesfm25,tsfm,168,24,230013,11.610660552978516,14.739425920483622,1.1335153353416314,8.035063119721606,117.79309000007743,11.94287109375,,231289280,true,dcb2c10e4ac97b1d1289825869826fdec84593f7,6ac98672d6a5ec3f,true,2026-09-20T14:21:18+00:00
20260920T140330Z-gpu,electricity_hourly,T308,timesfm25,tsfm,168,24,230014,18.63482125600179,31.136684500671997,1.680284446377118,22.237797835591238,118.72097900004519,11.94287109375,,231289280,true,dcb2c10e4ac97b1d1289825869826fdec84593f7,6ac98672d6a5ec3f,true,2026-09-20T14:21:18+00:00
20260920T140330Z-gpu,electricity_hourly,T308,timesfm25,tsfm,168,24,230015,18.750093777974445,25.173479427194188,2.0979125905425953,14.559758578022027,124.02432199996838,11.94287109375,,231289280,true,dcb2c10e4ac97b1d1289825869826fdec84593f7,6ac98672d6a5ec3f,true,2026-09-20T14:21:18+00:00
20260920T140330Z-gpu,electricity_hourly,T308,timesfm25,tsfm,168,24,230016,7.865922292073567,9.558202926017143,0.6179447954493147,5.913418763622922,118.9606579998781,11.94287109375,,231289280,true,dcb2c10e4ac97b1d1289825869826fdec84593f7,6ac98672d6a5ec3f,true,2026-09-20T14:21:18+00:00
20260920T140330Z-gpu,electricity_hourly,T308,timesfm25,tsfm,168,24,230017,6.5660858154296875,7.519636927780091,0.7649808717005461,4.56730200932518,116.78777199995238,11.94287109375,,231289280,true,dcb2c10e4ac97b1d1289825869826fdec84593f7,6ac98672d6a5ec3f,true,2026-09-20T14:21:18+00:00
20260920T140330Z-gpu,electricity_hourly,T308,timesfm25,tsfm,168,24,230018,11.740492820739746,14.907818385555773,1.0921388670455578,7.490854664797782,116.77889799989316,11.94287109375,,231289280,true,dcb2c10e4ac97b1d1289825869826fdec84593f7,6ac98672d6a5ec3f,true,2026-09-20T14:21:18+00:00
20260920T140330Z-gpu,electricity_hourly,T308,timesfm25,tsfm,168,24,230019,5.771121978759766,7.591578546684016,0.5991647908734004,4.036627228173778,125.24474199994984,11.94287109375,,231289280,true,dcb2c10e4ac97b1d1289825869826fdec84593f7,6ac98672d6a5ec3f,true,2026-09-20T14:21:18+00:00
20260920T140330Z-gpu,electricity_hourly,T308,timesfm25,tsfm,168,24,230020,13.205829620361328,14.287905841543907,1.3298178079244973,9.206829484633213,115.82052800008569,11.94287109375,,231289280,true,dcb2c10e4ac97b1d1289825869826fdec84593f7,6ac98672d6a5ec3f,true,2026-09-20T14:21:18+00:00
20260920T140330Z-gpu,electricity_hourly,T308,timesfm25,tsfm,168,24,230021,19.46024481455485,24.523297030152612,0.5646333373556113,13.473660744691522,115.56957699986015,11.94287109375,,231289280,true,dcb2c10e4ac97b1d1289825869826fdec84593f7,6ac98672d6a5ec3f,true,2026-09-20T14:21:18+00:00
20260920T140330Z-gpu,electricity_hourly,T308,chronos_bolt,tsfm,168,24,230000,76.50760269165039,97.77560077572635,0.7286438351585751,15.832886926296968,30.842536000136533,1.0751953125,,205292928,true,dcb2c10e4ac97b1d1289825869826fdec84593f7,6ac98672d6a5ec3f,true,2026-09-20T14:21:23+00:00
20260920T140330Z-gpu,electricity_hourly,T308,chronos_bolt,tsfm,168,24,230001,98.99145762125652,143.45797430918947,0.8308912274108731,13.889339894129948,35.16351300004317,1.0751953125,,205292928,true,dcb2c10e4ac97b1d1289825869826fdec84593f7,6ac98672d6a5ec3f,true,2026-09-20T14:21:23+00:00
20260920T140330Z-gpu,electricity_hourly,T308,chronos_bolt,tsfm,168,24,230002,121.1619987487793,205.37024060809404,0.9805174676758581,25.609853461053927,35.77505600014774,1.0751953125,,205292928,true,dcb2c10e4ac97b1d1289825869826fdec84593f7,6ac98672d6a5ec3f,true,2026-09-20T14:21:23+00:00
20260920T140330Z-gpu,electricity_hourly,T308,chronos_bolt,tsfm,168,24,230003,115.72703297932942,167.99180185605132,1.4673498942523058,16.102409340968613,35.45182700008809,1.0751953125,,205292928,true,dcb2c10e4ac97b1d1289825869826fdec84593f7,6ac98672d6a5ec3f,true,2026-09-20T14:21:23+00:00
20260920T140330Z-gpu,electricity_hourly,T308,chronos_bolt,tsfm,168,24,230004,81.31551361083984,144.5655256304393,0.7474424843585431,14.578706991280347,32.87065800009259,1.0751953125,,205292928,true,dcb2c10e4ac97b1d1289825869826fdec84593f7,6ac98672d6a5ec3f,true,2026-09-20T14:21:23+00:00
20260920T140330Z-gpu,electricity_hourly,T308,chronos_bolt,tsfm,168,24,230005,176.00553131103516,272.2694113105821,0.8868949332956245,18.137884574331213,33.97917999996025,1.0751953125,,205292928,true,dcb2c10e4ac97b1d1289825869826fdec84593f7,6ac98672d6a5ec3f,true,2026-09-20T14:21:23+00:00
20260920T140330Z-gpu,electricity_hourly,T308,chronos_bolt,tsfm,168,24,230006,108.86758931477864,227.55573878452068,1.0409649974321464,17.98404251474319,31.61357599992698,1.0751953125,,205292928,true,dcb2c10e4ac97b1d1289825869826fdec84593f7,6ac98672d6a5ec3f,true,2026-09-20T14:21:23+00:00
20260920T140330Z-gpu,electricity_hourly,T308,chronos_bolt,tsfm,168,24,230007,79.06988016764323,149.16334841676567,1.1418033237204799,9.834322939188194,32.38902899988716,1.0751953125,,205292928,true,dcb2c10e4ac97b1d1289825869826fdec84593f7,6ac98672d6a5ec3f,true,2026-09-20T14:21:23+00:00
20260920T140330Z-gpu,electricity_hourly,T308,chronos_bolt,tsfm,168,24,230008,41.58972676595052,55.81484586461365,0.29403577446469337,8.942972975036856,33.0889679999018,1.0751953125,,205292928,true,dcb2c10e4ac97b1d1289825869826fdec84593f7,6ac98672d6a5ec3f,true,2026-09-20T14:21:23+00:00
20260920T140330Z-gpu,electricity_hourly,T308,chronos_bolt,tsfm,168,24,230009,155.88092422485352,259.5230512546694,1.628826143848698,18.160295355497148,35.14890299993567,1.0751953125,,205292928,true,dcb2c10e4ac97b1d1289825869826fdec84593f7,6ac98672d6a5ec3f,true,2026-09-20T14:21:23+00:00
20260920T140330Z-gpu,electricity_hourly,T308,chronos_bolt,tsfm,168,24,230010,43.521522521972656,48.48504697052276,0.279544102911105,29.97955048243302,33.24746799989953,1.0751953125,,205292928,true,dcb2c10e4ac97b1d1289825869826fdec84593f7,6ac98672d6a5ec3f,true,2026-09-20T14:21:23+00:00
20260920T140330Z-gpu,electricity_hourly,T308,chronos_bolt,tsfm,168,24,230011,14.747042020161947,16.683432713285335,1.3525949368810957,10.046009973474858,35.33013000014762,1.0751953125,,205292928,true,dcb2c10e4ac97b1d1289825869826fdec84593f7,6ac98672d6a5ec3f,true,2026-09-20T14:21:23+00:00
20260920T140330Z-gpu,electricity_hourly,T308,chronos_bolt,tsfm,168,24,230012,6.636857350667317,8.506314886203137,0.5774667422937122,5.326395284801762,32.95953999986523,1.0751953125,,205292928,true,dcb2c10e4ac97b1d1289825869826fdec84593f7,6ac98672d6a5ec3f,true,2026-09-20T14:21:23+00:00
20260920T140330Z-gpu,electricity_hourly,T308,chronos_bolt,tsfm,168,24,230013,9.644588788350424,12.237849383496778,0.9415734139135329,6.8140949551600025,33.26548400013962,1.0751953125,,205292928,true,dcb2c10e4ac97b1d1289825869826fdec84593f7,6ac98672d6a5ec3f,true,2026-09-20T14:21:23+00:00
20260920T140330Z-gpu,electricity_hourly,T308,chronos_bolt,tsfm,168,24,230014,20.23595968882243,31.475572215323716,1.8246576050033998,23.078510853590583,32.10896500013405,1.0751953125,,205292928,true,dcb2c10e4ac97b1d1289825869826fdec84593f7,6ac98672d6a5ec3f,true,2026-09-20T14:21:23+00:00
20260920T140330Z-gpu,electricity_hourly,T308,chronos_bolt,tsfm,168,24,230015,18.915693283081055,26.683377900575714,2.1164412064985796,15.00432505382299,35.7803370000056,1.0751953125,,205292928,true,dcb2c10e4ac97b1d1289825869826fdec84593f7,6ac98672d6a5ec3f,true,2026-09-20T14:21:23+00:00
20260920T140330Z-gpu,electricity_hourly,T308,chronos_bolt,tsfm,168,24,230016,6.462964693705241,8.517605293380507,0.5077288139081041,4.46266973692282,37.58711999989828,1.0751953125,,205292928,true,dcb2c10e4ac97b1d1289825869826fdec84593f7,6ac98672d6a5ec3f,true,2026-09-20T14:21:23+00:00
20260920T140330Z-gpu,electricity_hourly,T308,chronos_bolt,tsfm,168,24,230017,6.069277445475261,7.727012693254218,0.7071002849097391,3.7484087551840126,39.18794900005196,1.0751953125,,205292928,true,dcb2c10e4ac97b1d1289825869826fdec84593f7,6ac98672d6a5ec3f,true,2026-09-20T14:21:23+00:00
20260920T140330Z-gpu,electricity_hourly,T308,chronos_bolt,tsfm,168,24,230018,12.96894613901774,17.440852113924418,1.2064135943272316,7.879408691127783,50.97736299990174,1.0751953125,,205292928,true,dcb2c10e4ac97b1d1289825869826fdec84593f7,6ac98672d6a5ec3f,true,2026-09-20T14:21:23+00:00
20260920T140330Z-gpu,electricity_hourly,T308,chronos_bolt,tsfm,168,24,230019,5.038934071858724,6.417736431831009,0.5231481660761761,3.4641057273994544,31.993440999940503,1.0751953125,,205292928,true,dcb2c10e4ac97b1d1289825869826fdec84593f7,6ac98672d6a5ec3f,true,2026-09-20T14:21:23+00:00
20260920T140330Z-gpu,electricity_hourly,T308,chronos_bolt,tsfm,168,24,230020,12.405140240987143,13.668966792565802,1.2491889473441598,8.529852486576939,33.27480200005084,1.0751953125,,205292928,true,dcb2c10e4ac97b1d1289825869826fdec84593f7,6ac98672d6a5ec3f,true,2026-09-20T14:21:23+00:00
20260920T140330Z-gpu,electricity_hourly,T308,chronos_bolt,tsfm,168,24,230021,17.601996103922527,22.006772976621182,0.5107167920541696,12.499313571858153,32.06009099994844,1.0751953125,,205292928,true,dcb2c10e4ac97b1d1289825869826fdec84593f7,6ac98672d6a5ec3f,true,2026-09-20T14:21:23+00:00
